example,config,seed,runtime,n_delivered,HV_id,HV_val,HV_pop,sel_J,sel_C,sel_val,sel_p1,sel_sumd,sel_terms,recovered,sel_extra,best_val,front_has_truth,runtime_K,n_delivered_K,HV_id_K,HV_val_K,HV_pop_K,sel_J_K,sel_C_K,sel_val_K,sel_p1_K,sel_sumd_K,sel_terms_K,recovered_K,sel_extra_K,best_val_K,front_has_truth_K,ops,ops_K,kar,kar_K,same_sel
E1,Green,0,1.9169567079807166,5,0.8958844959629519,0.8933346292606131,0.8958844959629519,6.768457252518019e-16,7.0,7.142928451732104e-16,3,4,u(k) + u(k)*y(k-1) + y(k-1),True,0,3.286243507600122e-16,True,2.2905651250039227,4,0.9290917306551836,0.9267834457864882,0.9290917306551836,6.76845725251802e-16,48.5625,7.142928451732104e-16,3,4,u(k) + u(k)*y(k-1) + y(k-1),True,0,2.4149382677767686e-16,True,7,7,48.5625,48.5625,True
E1,Green,1,1.9221514170058072,5,0.8958844959629518,0.8933346292606129,0.8958844959629518,3.024054466081862e-15,7.0,3.0443950575286657e-15,3,4,u(k) + u(k)*y(k-1) + y(k-1),True,0,3.261738145574276e-16,True,1.866963417007355,7,0.9290917306551834,0.926783445786488,0.9290917306551834,3.024054466081862e-15,48.5625,3.0443950575286657e-15,3,4,u(k) + u(k)*y(k-1) + y(k-1),True,0,3.207588230161238e-16,True,7,7,48.5625,48.5625,True
E1,Green,2,1.912813292001374,6,0.8958844959629518,0.893334629260613,0.8958844959629518,3.054836096530013e-15,7.0,3.133304983038018e-15,3,4,u(k) + u(k)*y(k-1) + y(k-1),True,0,4.193260024797457e-16,True,1.841576791019179,4,0.9290917306551832,0.926783445786488,0.9290917306551832,3.0548360965300128e-15,48.5625,3.133304983038018e-15,3,4,u(k) + u(k)*y(k-1) + y(k-1),True,0,3.5452483226411033e-16,True,7,7,48.5625,48.5625,True
E1,Green,3,1.9215369580197148,7,0.895884495962952,0.893334629260613,0.895884495962952,6.768457252518019e-16,7.0,7.142928451732104e-16,3,4,u(k) + u(k)*y(k-1) + y(k-1),True,0,4.660693475868845e-16,True,2.2795539160142653,6,0.9290917306551836,0.9267834457864884,0.9290917306551836,6.76845725251802e-16,48.5625,7.142928451732104e-16,3,4,u(k) + u(k)*y(k-1) + y(k-1),True,0,3.4594786729631944e-16,True,7,7,48.5625,48.5625,True
E1,Green,4,1.8807456250069663,6,0.8958844959629519,0.8933346292606131,0.8958844959629519,1.2099055571065075e-15,7.0,1.2648814273871748e-15,3,4,u(k) + u(k)*y(k-1) + y(k-1),True,0,2.8818155732804646e-16,True,1.9083369589934591,5,0.9290917306551836,0.9267834457864884,0.9290917306551836,1.2099055571065077e-15,48.5625,1.2648814273871748e-15,3,4,u(k) + u(k)*y(k-1) + y(k-1),True,0,2.0897448572302635e-16,True,7,7,48.5625,48.5625,True
E1,Green,5,1.9522628330159932,7,0.8958844959629518,0.893334629260613,0.8958844959629518,2.0169348444324206e-15,7.0,2.1233430408575456e-15,3,4,u(k) + u(k)*y(k-1) + y(k-1),True,0,2.009785686235709e-16,True,1.8998649580171332,5,0.9290917306551832,0.9267834457864882,0.9290917306551832,2.016934844432421e-15,48.5625,2.1233430408575456e-15,3,4,u(k) + u(k)*y(k-1) + y(k-1),True,0,3.257332914211755e-16,True,7,7,48.5625,48.5625,True
E1,Green,6,1.9204232080082875,4,0.8958844959629519,0.8933346292606131,0.8958844959629519,8.606086938606811e-16,7.0,9.267039282010344e-16,3,4,u(k) + u(k)*y(k-1) + y(k-1),True,0,3.938023092612115e-16,True,2.248816540988628,6,0.9308179177399764,0.9299747948310566,0.9308179177399764,8.606086938606812e-16,48.5625,9.267039282010344e-16,3,4,u(k) + u(k)*y(k-1) + y(k-1),True,0,2.4149382677767686e-16,True,7,7,48.5625,48.5625,True
E1,Green,7,1.8218312920071185,4,0.895884495962952,0.8933346292606132,0.895884495962952,3.490881928969765e-16,7.0,3.4896201714327896e-16,3,4,u(k) + u(k)*y(k-1) + y(k-1),True,0,2.9300683409848185e-16,True,1.7964076669886708,7,0.9290917306551832,0.926783445786488,0.9290917306551832,2.020130349910471e-15,48.5625,1.9475806986425158e-15,3,4,u(k) + u(k)*y(k-1) + y(k-1),True,0,3.1244777018916134e-16,True,7,7,48.5625,48.5625,True
E1,Green,8,1.7924585420114454,6,0.895884495962952,0.8933346292606132,0.895884495962952,4.896605878591197e-16,7.0,5.29658930435707e-16,3,4,u(k) + u(k)*y(k-1) + y(k-1),True,0,3.261881259729261e-16,True,2.1295716669992544,4,0.9290917306551834,0.9267834457864882,0.9290917306551834,4.896605878591197e-16,48.5625,5.29658930435707e-16,3,4,u(k) + u(k)*y(k-1) + y(k-1),True,0,3.954720709948191e-16,True,7,7,48.5625,48.5625,True
E1,Green,9,1.946305083023617,7,0.895884495962952,0.8933346292606131,0.895884495962952,8.873801335102501e-16,7.0,9.03448256430443e-16,3,4,u(k) + u(k)*y(k-1) + y(k-1),True,0,3.3287660853113085e-16,True,2.3810283329803497,5,0.9290917306551834,0.926783445786488,0.9290917306551834,8.873801335102501e-16,48.5625,9.034482564304429e-16,3,4,u(k) + u(k)*y(k-1) + y(k-1),True,0,3.3892926602766675e-16,True,7,7,48.5625,48.5625,True
E1,Green,10,2.120170459005749,6,0.8958844959629519,0.893334629260613,0.8958844959629519,1.2099055571065075e-15,7.0,1.2648814273871748e-15,3,4,u(k) + u(k)*y(k-1) + y(k-1),True,0,4.1555544222799344e-16,True,1.8465707499999553,6,0.9290917306551832,0.926783445786488,0.9290917306551832,2.004998627794011e-15,48.5625,1.895154008727764e-15,3,4,u(k) + u(k)*y(k-1) + y(k-1),True,0,4.1021427628247093e-16,True,7,7,48.5625,48.5625,True
E1,Green,11,2.1599134580173995,7,0.8984792185418586,0.8981317138269754,0.8984792185418586,9.907981336323497e-16,7.0,8.878886681264161e-16,3,4,u(k) + u(k)*y(k-1) + y(k-1),True,0,5.57346253709728e-16,True,1.802642791008111,6,0.9290917306551834,0.9267834457864882,0.9290917306551834,9.907981336323497e-16,48.5625,8.878886681264162e-16,3,4,u(k) + u(k)*y(k-1) + y(k-1),True,0,3.5762630408133606e-16,True,7,7,48.5625,48.5625,True
E1,Green,12,2.1115908329957165,6,0.8958844959629519,0.8933346292606131,0.8958844959629519,1.1248090589235064e-15,7.0,1.2031003816395871e-15,3,4,u(k) + u(k)*y(k-1) + y(k-1),True,0,3.355554905401848e-16,True,2.101567125006113,6,0.9290917306551836,0.9267834457864882,0.9290917306551836,1.1248090589235064e-15,48.5625,1.2031003816395873e-15,3,4,u(k) + u(k)*y(k-1) + y(k-1),True,0,3.434814559135967e-16,True,7,7,48.5625,48.5625,True
E1,Green,13,1.9460387080034707,6,0.8958844959629519,0.8933346292606132,0.8958844959629519,4.865896766657696e-16,7.0,4.084126682246382e-16,3,4,u(k) + u(k)*y(k-1) + y(k-1),True,0,2.8108112563943366e-16,True,1.7898333749908488,6,0.9290917306551836,0.9267834457864882,0.9290917306551836,4.865896766657696e-16,48.5625,4.0841266822463824e-16,3,4,u(k) + u(k)*y(k-1) + y(k-1),True,0,1.6264033704520774e-16,True,7,7,48.5625,48.5625,True
E1,Green,14,2.130558167002164,5,0.9060785292225141,0.9047374988546145,0.9060785292225141,3.4051014951578427e-16,7.0,3.252858957327326e-16,3,4,u(k) + u(k)*y(k-1) + y(k-1),True,0,2.8620923185033736e-16,True,1.822097207972547,6,0.935873499426016,0.9343981746446196,0.935873499426016,3.4051014951578427e-16,48.5625,3.252858957327326e-16,3,4,u(k) + u(k)*y(k-1) + y(k-1),True,0,2.8620923185033736e-16,True,7,7,48.5625,48.5625,True
E1,Green,15,2.0241191659879405,8,0.8958844959629518,0.893334629260613,0.8958844959629518,1.7443857662806324e-15,7.0,1.5944835719487724e-15,3,4,u(k) + u(k)*y(k-1) + y(k-1),True,0,3.6979924369335737e-16,True,1.7739801660063677,6,0.9290917306551834,0.926783445786488,0.9290917306551834,1.7443857662806326e-15,48.5625,1.5944835719487724e-15,3,4,u(k) + u(k)*y(k-1) + y(k-1),True,0,3.728270615497615e-16,True,7,7,48.5625,48.5625,True
E1,Green,16,1.9160874169901945,6,0.8958844959629519,0.8933346292606131,0.8958844959629519,2.020130349910471e-15,7.0,1.947580698642516e-15,3,4,u(k) + u(k)*y(k-1) + y(k-1),True,0,3.1693340053818505e-16,True,2.316986249992624,5,0.9290917306551834,0.926783445786488,0.9290917306551834,2.020130349910471e-15,48.5625,1.9475806986425158e-15,3,4,u(k) + u(k)*y(k-1) + y(k-1),True,0,2.57003679595249e-16,True,7,7,48.5625,48.5625,True
E1,Green,17,1.7708062500169035,6,0.8958844959629519,0.893334629260613,0.8958844959629519,2.1758476152762154e-15,7.0,2.1677456228804145e-15,3,4,u(k) + u(k)*y(k-1) + y(k-1),True,0,3.098534110517132e-16,True,2.057276332983747,7,0.933868457607376,0.9324610055729868,0.933868457607376,2.1758476152762154e-15,48.5625,2.1677456228804145e-15,3,4,u(k) + u(k)*y(k-1) + y(k-1),True,0,4.167451877058616e-16,True,7,7,48.5625,48.5625,True
E1,Green,18,1.8130087909812573,4,0.8958844959629519,0.8933346292606132,0.8958844959629519,3.2753740064883353e-16,7.0,3.2489343803753984e-16,3,4,u(k) + u(k)*y(k-1) + y(k-1),True,0,3.2489343803753984e-16,True,1.9365200420143085,4,0.9290917306551836,0.9267834457864884,0.9290917306551836,3.275374006488335e-16,48.5625,3.2489343803753984e-16,3,4,u(k) + u(k)*y(k-1) + y(k-1),True,0,3.2489343803753984e-16,True,7,7,48.5625,48.5625,True
E1,Green,19,1.8488347499805968,5,0.8958844959629519,0.893334629260613,0.8958844959629519,2.1356703940353487e-15,7.0,2.4083468322922223e-15,3,4,u(k) + u(k)*y(k-1) + y(k-1),True,0,3.325047538353563e-16,True,2.164558874996146,6,0.9290917306551832,0.926783445786488,0.9290917306551832,1.4299873370727189e-15,48.5625,1.4709222633268397e-15,3,4,u(k) + u(k)*y(k-1) + y(k-1),True,0,3.954720709948191e-16,True,7,7,48.5625,48.5625,True
E1,Green,20,1.8582462909980677,4,0.8958844959629519,0.8933346292606131,0.8958844959629519,3.490881928969765e-16,7.0,3.4896201714327896e-16,3,4,u(k) + u(k)*y(k-1) + y(k-1),True,0,3.4896201714327896e-16,True,1.8066192499827591,5,0.9290917306551834,0.9267834457864882,0.9290917306551834,3.490881928969765e-16,48.5625,3.4896201714327896e-16,3,4,u(k) + u(k)*y(k-1) + y(k-1),True,0,3.048215388922267e-16,True,7,7,48.5625,48.5625,True
E1,Green,21,1.8992314159986563,5,0.8958844959629519,0.8933346292606131,0.8958844959629519,8.873801335102501e-16,7.0,9.03448256430443e-16,3,4,u(k) + u(k)*y(k-1) + y(k-1),True,0,4.3433981754818087e-16,True,1.887993041978916,6,0.9290917306551834,0.926783445786488,0.9290917306551834,8.873801335102501e-16,48.5625,9.034482564304429e-16,3,4,u(k) + u(k)*y(k-1) + y(k-1),True,0,3.5374612724714936e-16,True,7,7,48.5625,48.5625,True
E1,Green,22,1.8272914999979548,5,0.895884495962952,0.8933346292606134,0.895884495962952,6.768457252518019e-16,7.0,7.142928451732104e-16,3,4,u(k) + u(k)*y(k-1) + y(k-1),True,0,2.3458695068017613e-16,True,2.4142926249769516,5,0.9308179177399764,0.9299747948310564,0.9308179177399764,6.76845725251802e-16,48.5625,7.142928451732104e-16,3,4,u(k) + u(k)*y(k-1) + y(k-1),True,0,2.3458695068017613e-16,True,7,7,48.5625,48.5625,True
E1,Green,23,1.8299331669986714,6,0.8984792185418586,0.8981317138269757,0.8984792185418586,8.873801335102501e-16,7.0,9.03448256430443e-16,3,4,u(k) + u(k)*y(k-1) + y(k-1),True,0,3.4348145591359677e-16,True,2.009868584020296,5,0.9290917306551836,0.926783445786488,0.9290917306551836,8.873801335102501e-16,48.5625,9.034482564304429e-16,3,4,u(k) + u(k)*y(k-1) + y(k-1),True,0,4.804147958415449e-16,True,7,7,48.5625,48.5625,True
E1,Green,24,1.8403855000215117,5,0.8984792185418587,0.8981317138269759,0.8984792185418587,4.0611483921104485e-16,7.0,4.732199139948951e-16,3,4,u(k) + u(k)*y(k-1) + y(k-1),True,0,2.1087021151122103e-16,True,1.8840676249819808,6,0.9308804510137866,0.9300710468408856,0.9308804510137866,3.024054466081862e-15,48.5625,3.0443950575286657e-15,3,4,u(k) + u(k)*y(k-1) + y(k-1),True,0,3.3236027817718043e-16,True,7,7,48.5625,48.5625,True
E1,Green,25,1.7988192919874564,5,0.895884495962952,0.8933346292606131,0.895884495962952,1.0937663509601051e-15,7.0,1.035053617371294e-15,3,4,u(k) + u(k)*y(k-1) + y(k-1),True,0,2.4149382677767686e-16,True,2.3169611250050366,7,0.9290917306551836,0.926783445786488,0.9290917306551836,1.0937663509601051e-15,48.5625,1.035053617371294e-15,3,4,u(k) + u(k)*y(k-1) + y(k-1),True,0,3.094898248666303e-16,True,7,7,48.5625,48.5625,True
E1,Green,26,1.77108729199972,7,0.8958844959629519,0.8933346292606129,0.8958844959629519,1.976928237796107e-15,7.0,1.9964913575063468e-15,3,4,u(k) + u(k)*y(k-1) + y(k-1),True,0,4.829092558581441e-16,True,2.4672383750148583,7,0.9290917306551836,0.9267834457864882,0.9290917306551836,1.976928237796107e-15,48.5625,1.9964913575063468e-15,3,4,u(k) + u(k)*y(k-1) + y(k-1),True,0,2.660400047422037e-16,True,7,7,48.5625,48.5625,True
E1,Green,27,1.8279699170088861,7,0.8958844959629519,0.8933346292606132,0.8958844959629519,1.357423596628099e-15,7.0,1.2862667904077988e-15,3,4,u(k) + u(k)*y(k-1) + y(k-1),True,0,3.124225240707639e-16,True,2.4361247920023743,5,0.9290917306551836,0.926783445786488,0.9290917306551836,1.3574235966280989e-15,48.5625,1.2862667904077988e-15,3,4,u(k) + u(k)*y(k-1) + y(k-1),True,0,3.6878830187383493e-16,True,7,7,48.5625,48.5625,True
E1,Green,28,1.8277390419971198,7,0.8958844959629522,0.8933346292606132,0.8958844959629522,9.907981336323497e-16,7.0,8.878886681264161e-16,3,4,u(k) + u(k)*y(k-1) + y(k-1),True,0,2.447383694622078e-16,True,3.050469542009523,6,0.9290917306551836,0.9267834457864884,0.9290917306551836,9.907981336323497e-16,48.5625,8.878886681264162e-16,3,4,u(k) + u(k)*y(k-1) + y(k-1),True,0,2.616578955285392e-16,True,7,7,48.5625,48.5625,True
E1,Green,29,1.8184059590275865,5,0.8958844959629519,0.8933346292606132,0.8958844959629519,1.1132574055758986e-15,7.0,1.044925924616553e-15,3,4,u(k) + u(k)*y(k-1) + y(k-1),True,0,2.899724871423293e-16,True,2.0649105419870466,5,0.9290917306551836,0.926783445786488,0.9290917306551836,1.1132574055758986e-15,48.5625,1.044925924616553e-15,3,4,u(k) + u(k)*y(k-1) + y(k-1),True,0,3.3909577841225744e-16,True,7,7,48.5625,48.5625,True
E1,MO-lex,0,1.021254916995531,4,0.8291572289498511,0.8273496390707659,0.8291572289498511,3.1896338069289863e-16,7.0,3.25075120964195e-16,3,4,u(k) + u(k)*y(k-1) + y(k-1),True,0,2.821447395164707e-16,True,0.7445735830115154,4,0.8844404859198701,0.8827886748689627,0.8844404859198701,3.1896338069289863e-16,48.5625,3.25075120964195e-16,3,4,u(k) + u(k)*y(k-1) + y(k-1),True,0,2.821447395164707e-16,True,7,7,48.5625,48.5625,True
E1,MO-lex,1,1.075408333010273,3,0.82885303893022,0.8273496390707659,0.82885303893022,3.1896338069289863e-16,7.0,3.25075120964195e-16,3,4,u(k) + u(k)*y(k-1) + y(k-1),True,0,3.207588230161238e-16,True,0.8660042919800617,3,0.884068414570355,0.8827886748689628,0.884068414570355,3.1896338069289863e-16,48.5625,3.25075120964195e-16,3,4,u(k) + u(k)*y(k-1) + y(k-1),True,0,3.207588230161238e-16,True,7,7,48.5625,48.5625,True
E1,MO-lex,2,1.0299193749960978,4,0.829157228949851,0.827349639070766,0.829157228949851,2.349402361078631e-16,7.0,2.700813343538282e-16,3,4,u(k) + u(k)*y(k-1) + y(k-1),True,0,2.1438683212081093e-16,True,0.7993930839875247,4,0.8844404859198702,0.8827886748689628,0.8844404859198702,2.3494023610786313e-16,48.5625,2.700813343538282e-16,3,4,u(k) + u(k)*y(k-1) + y(k-1),True,0,2.143868321208109e-16,True,7,7,48.5625,48.5625,True
E1,MO-lex,3,1.0051201250171289,5,0.82885303893022,0.8273496390707659,0.82885303893022,3.239019308365303e-16,7.0,3.3132865428115775e-16,3,4,u(k) + u(k)*y(k-1) + y(k-1),True,0,2.2017324783380109e-16,True,0.8079937919974327,5,0.884068414570355,0.8827886748689628,0.884068414570355,3.2390193083653034e-16,48.5625,3.3132865428115775e-16,3,4,u(k) + u(k)*y(k-1) + y(k-1),True,0,2.2017324783380106e-16,True,7,7,48.5625,48.5625,True
E1,MO-lex,4,1.1265309159934986,3,0.7558436061159891,0.7555961905939577,0.7558436061159891,3.4186048971347606e-16,7.0,3.26099261257318e-16,3,4,u(k) + u(k)*y(k-1) + y(k-1),True,0,2.6508865607196936e-16,True,0.8841899579856545,3,0.8352516591586511,0.8349490317835488,0.8352516591586511,3.4186048971347606e-16,48.5625,3.26099261257318e-16,3,4,u(k) + u(k)*y(k-1) + y(k-1),True,0,2.6508865607196936e-16,True,7,7,48.5625,48.5625,True
E1,MO-lex,5,1.0204946669982746,4,0.7563608963413919,0.7493231884995794,0.7563608963413919,2.349402361078631e-16,7.0,2.700813343538282e-16,3,4,u(k) + u(k)*y(k-1) + y(k-1),True,0,2.4491431876450457e-16,True,0.7714008750044741,4,0.8328192170977589,0.8272761819063648,0.8328192170977589,2.3494023610786313e-16,48.5625,2.700813343538282e-16,3,4,u(k) + u(k)*y(k-1) + y(k-1),True,0,2.4491431876450457e-16,True,7,7,48.5625,48.5625,True
E1,MO-lex,6,0.9397329580096994,2,0.8288530389302201,0.827349639070766,0.8288530389302201,2.349402361078631e-16,7.0,2.700813343538282e-16,3,4,u(k) + u(k)*y(k-1) + y(k-1),True,0,2.700813343538282e-16,True,0.9545297090080568,2,0.884068414570355,0.8827886748689628,0.884068414570355,2.3494023610786313e-16,48.5625,2.700813343538282e-16,3,4,u(k) + u(k)*y(k-1) + y(k-1),True,0,2.700813343538282e-16,True,7,7,48.5625,48.5625,True
E1,MO-lex,7,0.957064416987123,3,0.82885303893022,0.8273496390707659,0.82885303893022,3.1896338069289863e-16,7.0,3.25075120964195e-16,3,4,u(k) + u(k)*y(k-1) + y(k-1),True,0,3.25075120964195e-16,True,0.7880070419923868,3,0.884068414570355,0.8827886748689628,0.884068414570355,3.1896338069289863e-16,48.5625,3.25075120964195e-16,3,4,u(k) + u(k)*y(k-1) + y(k-1),True,0,3.25075120964195e-16,True,7,7,48.5625,48.5625,True
E1,MO-lex,8,0.9043192499957513,4,0.82885303893022,0.827349639070766,0.82885303893022,3.1896338069289863e-16,7.0,3.25075120964195e-16,3,4,u(k) + u(k)*y(k-1) + y(k-1),True,0,2.582002893023232e-16,True,0.8114456250041258,4,0.884068414570355,0.8827886748689628,0.884068414570355,3.1896338069289863e-16,48.5625,3.25075120964195e-16,3,4,u(k) + u(k)*y(k-1) + y(k-1),True,0,2.582002893023232e-16,True,7,7,48.5625,48.5625,True
E1,MO-lex,9,0.9826448750100099,2,0.82885303893022,0.827349639070766,0.82885303893022,2.349402361078631e-16,7.0,2.700813343538282e-16,3,4,u(k) + u(k)*y(k-1) + y(k-1),True,0,2.700813343538282e-16,True,0.7478338750079274,2,0.884068414570355,0.882788674868963,0.884068414570355,2.3494023610786313e-16,48.5625,2.700813343538282e-16,3,4,u(k) + u(k)*y(k-1) + y(k-1),True,0,2.700813343538282e-16,True,7,7,48.5625,48.5625,True
E1,MO-lex,10,1.0116937080165371,2,0.82885303893022,0.827349639070766,0.82885303893022,2.349402361078631e-16,7.0,2.700813343538282e-16,3,4,u(k) + u(k)*y(k-1) + y(k-1),True,0,2.700813343538282e-16,True,0.7434668749920093,2,0.884068414570355,0.8827886748689628,0.884068414570355,2.3494023610786313e-16,48.5625,2.700813343538282e-16,3,4,u(k) + u(k)*y(k-1) + y(k-1),True,0,2.700813343538282e-16,True,7,7,48.5625,48.5625,True
E1,MO-lex,11,0.9927656250074506,2,0.7331026329827768,0.7199999999999999,0.7331026329827768,2.349402361078631e-16,7.0,2.700813343538282e-16,3,4,u(k) + u(k)*y(k-1) + y(k-1),True,0,2.700813343538282e-16,True,0.7841761250165291,2,0.8001261643920653,0.7914093959731541,0.8001261643920653,2.3494023610786313e-16,48.5625,2.700813343538282e-16,3,4,u(k) + u(k)*y(k-1) + y(k-1),True,0,2.700813343538282e-16,True,7,7,48.5625,48.5625,True
E1,MO-lex,12,0.8944233329966664,4,0.82885303893022,0.827349639070766,0.82885303893022,2.349402361078631e-16,7.0,2.700813343538282e-16,3,4,u(k) + u(k)*y(k-1) + y(k-1),True,0,2.043428099927965e-16,True,0.9077908750041388,4,0.884068414570355,0.8827886748689628,0.884068414570355,2.3494023610786313e-16,48.5625,2.700813343538282e-16,3,4,u(k) + u(k)*y(k-1) + y(k-1),True,0,2.043428099927965e-16,True,7,7,48.5625,48.5625,True
E1,MO-lex,13,0.9597275830165017,2,0.8288530389302201,0.8273496390707659,0.8288530389302201,2.349402361078631e-16,7.0,2.700813343538282e-16,3,4,u(k) + u(k)*y(k-1) + y(k-1),True,0,2.700813343538282e-16,True,0.801293833006639,2,0.884068414570355,0.8827886748689628,0.884068414570355,2.3494023610786313e-16,48.5625,2.700813343538282e-16,3,4,u(k) + u(k)*y(k-1) + y(k-1),True,0,2.700813343538282e-16,True,7,7,48.5625,48.5625,True
E1,MO-lex,14,1.0765014170028735,3,0.8288530389302201,0.8273496390707659,0.8288530389302201,2.349402361078631e-16,7.0,2.700813343538282e-16,3,4,u(k) + u(k)*y(k-1) + y(k-1),True,0,2.3458695068017613e-16,True,0.7987697090138681,3,0.884068414570355,0.8827886748689628,0.884068414570355,2.3494023610786313e-16,48.5625,2.700813343538282e-16,3,4,u(k) + u(k)*y(k-1) + y(k-1),True,0,2.3458695068017613e-16,True,7,7,48.5625,48.5625,True
E1,MO-lex,15,0.9425195420044474,4,0.8291572289498511,0.8273496390707659,0.8291572289498511,3.1896338069289863e-16,7.0,3.25075120964195e-16,3,4,u(k) + u(k)*y(k-1) + y(k-1),True,0,2.7227928526362325e-16,True,0.7753680419991724,4,0.8844404859198701,0.8827886748689628,0.8844404859198701,3.1896338069289863e-16,48.5625,3.25075120964195e-16,3,4,u(k) + u(k)*y(k-1) + y(k-1),True,0,2.722792852636232e-16,True,7,7,48.5625,48.5625,True
E1,MO-lex,16,1.0484589589759707,3,0.82885303893022,0.827349639070766,0.82885303893022,2.349402361078631e-16,7.0,2.700813343538282e-16,3,4,u(k) + u(k)*y(k-1) + y(k-1),True,0,2.3458695068017613e-16,True,0.8254565419920254,3,0.884068414570355,0.882788674868963,0.884068414570355,2.3494023610786313e-16,48.5625,2.700813343538282e-16,3,4,u(k) + u(k)*y(k-1) + y(k-1),True,0,2.3458695068017613e-16,True,7,7,48.5625,48.5625,True
E1,MO-lex,17,0.9412272500048857,3,0.830519214273044,0.8279102567333724,0.830519214273044,3.239019308365303e-16,7.0,3.3132865428115775e-16,3,4,u(k) + u(k)*y(k-1) + y(k-1),True,0,3.3132865428115775e-16,True,0.790576916973805,3,0.8854867137156447,0.883265889680197,0.8854867137156447,3.2390193083653034e-16,48.5625,3.3132865428115775e-16,3,4,u(k) + u(k)*y(k-1) + y(k-1),True,0,3.3132865428115775e-16,True,7,7,48.5625,48.5625,True
E1,MO-lex,18,0.9573982919973787,5,0.7938722239011774,0.7668981274524346,0.7938722239011774,6.131187590078749e-16,7.0,6.156117865385776e-16,3,4,u(k) + u(k)*y(k-1) + y(k-1),True,0,2.4149382677767686e-16,True,0.8345298750209622,5,0.8610517120630219,0.8425524494901206,0.8610517120630219,6.131187590078749e-16,48.5625,6.156117865385776e-16,3,4,u(k) + u(k)*y(k-1) + y(k-1),True,0,2.4149382677767686e-16,True,7,7,48.5625,48.5625,True
E1,MO-lex,19,1.1592295829905197,2,0.7557304298418553,0.7529535691465912,0.7557304298418553,2.349402361078631e-16,7.0,2.700813343538282e-16,3,4,u(k) + u(k)*y(k-1) + y(k-1),True,0,2.700813343538282e-16,True,1.155446958990069,2,0.8351132271052223,0.8317166978319881,0.8351132271052223,2.3494023610786313e-16,48.5625,2.700813343538282e-16,3,4,u(k) + u(k)*y(k-1) + y(k-1),True,0,2.700813343538282e-16,True,7,7,48.5625,48.5625,True
E1,MO-lex,20,1.0536230409925338,2,0.830519214273044,0.8279102567333724,0.830519214273044,2.349402361078631e-16,7.0,2.700813343538282e-16,3,4,u(k) + u(k)*y(k-1) + y(k-1),True,0,2.700813343538282e-16,True,0.8399874170136172,2,0.8854867137156447,0.8832658896801971,0.8854867137156447,2.3494023610786313e-16,48.5625,2.700813343538282e-16,3,4,u(k) + u(k)*y(k-1) + y(k-1),True,0,2.700813343538282e-16,True,7,7,48.5625,48.5625,True
E1,MO-lex,21,0.9856449159851763,4,0.788787502554325,0.788684761443684,0.788787502554325,3.1896338069289863e-16,7.0,3.25075120964195e-16,3,4,u(k) + u(k)*y(k-1) + y(k-1),True,0,3.048215388922267e-16,True,0.8692881670140196,4,0.8385684399890074,0.8382241813987888,0.8385684399890074,3.1896338069289863e-16,48.5625,3.25075120964195e-16,3,4,u(k) + u(k)*y(k-1) + y(k-1),True,0,3.048215388922267e-16,True,7,7,48.5625,48.5625,True
E1,MO-lex,22,0.984919540991541,5,0.82885303893022,0.8273496390707659,0.82885303893022,3.1896338069289863e-16,7.0,3.25075120964195e-16,3,4,u(k) + u(k)*y(k-1) + y(k-1),True,0,2.746656849876153e-16,True,0.8274538329860661,5,0.884068414570355,0.8827886748689628,0.884068414570355,3.1896338069289863e-16,48.5625,3.25075120964195e-16,3,4,u(k) + u(k)*y(k-1) + y(k-1),True,0,2.746656849876153e-16,True,7,7,48.5625,48.5625,True
E1,MO-lex,23,1.0161555000231601,6,0.7556653770760219,0.755365669716099,0.7556653770760219,7.758954475392311e-16,7.0,7.495765931930908e-16,3,4,u(k) + u(k)*y(k-1) + y(k-1),True,0,2.4491431876450457e-16,True,0.8332346249953844,6,0.835033657530906,0.8346670691661681,0.835033657530906,7.758954475392311e-16,48.5625,7.495765931930908e-16,3,4,u(k) + u(k)*y(k-1) + y(k-1),True,0,2.4491431876450457e-16,True,7,7,48.5625,48.5625,True
E1,MO-lex,24,0.9589637499884702,3,0.82885303893022,0.827349639070766,0.82885303893022,2.349402361078631e-16,7.0,2.700813343538282e-16,3,4,u(k) + u(k)*y(k-1) + y(k-1),True,0,2.1087021151122103e-16,True,0.7942201669793576,3,0.884068414570355,0.882788674868963,0.884068414570355,2.3494023610786313e-16,48.5625,2.700813343538282e-16,3,4,u(k) + u(k)*y(k-1) + y(k-1),True,0,2.1087021151122103e-16,True,7,7,48.5625,48.5625,True
E1,MO-lex,25,1.0257562920160126,3,0.82885303893022,0.827349639070766,0.82885303893022,2.349402361078631e-16,7.0,2.700813343538282e-16,3,4,u(k) + u(k)*y(k-1) + y(k-1),True,0,2.4491431876450457e-16,True,1.1241870829835534,3,0.884068414570355,0.882788674868963,0.884068414570355,2.3494023610786313e-16,48.5625,2.700813343538282e-16,3,4,u(k) + u(k)*y(k-1) + y(k-1),True,0,2.4491431876450457e-16,True,7,7,48.5625,48.5625,True
E1,MO-lex,26,0.8998945830098819,3,0.830519214273044,0.8279102567333724,0.830519214273044,2.349402361078631e-16,7.0,2.700813343538282e-16,3,4,u(k) + u(k)*y(k-1) + y(k-1),True,0,2.3458695068017613e-16,True,0.9852973330125678,3,0.8854867137156448,0.8832658896801971,0.8854867137156448,2.3494023610786313e-16,48.5625,2.700813343538282e-16,3,4,u(k) + u(k)*y(k-1) + y(k-1),True,0,2.3458695068017613e-16,True,7,7,48.5625,48.5625,True
E1,MO-lex,27,0.9195559580111876,3,0.82885303893022,0.827349639070766,0.82885303893022,2.349402361078631e-16,7.0,2.700813343538282e-16,3,4,u(k) + u(k)*y(k-1) + y(k-1),True,0,2.3458695068017613e-16,True,1.0337847910122946,3,0.884068414570355,0.882788674868963,0.884068414570355,2.3494023610786313e-16,48.5625,2.700813343538282e-16,3,4,u(k) + u(k)*y(k-1) + y(k-1),True,0,2.3458695068017613e-16,True,7,7,48.5625,48.5625,True
E1,MO-lex,28,0.9975742079841439,3,0.8288530389302201,0.827349639070766,0.8288530389302201,5.241363920448137e-16,7.0,5.369700045505021e-16,3,4,u(k) + u(k)*y(k-1) + y(k-1),True,0,2.3458695068017613e-16,True,1.0448388749791775,3,0.884068414570355,0.882788674868963,0.884068414570355,5.241363920448137e-16,48.5625,5.369700045505022e-16,3,4,u(k) + u(k)*y(k-1) + y(k-1),True,0,2.3458695068017613e-16,True,7,7,48.5625,48.5625,True
E1,MO-lex,29,1.0118237500137184,3,0.7555692504066853,0.7554308635527273,0.7555692504066853,2.349402361078631e-16,7.0,2.700813343538282e-16,3,4,u(k) + u(k)*y(k-1) + y(k-1),True,0,2.3458695068017613e-16,True,1.0338938750210218,3,0.8349160797759625,0.8347468112918427,0.8349160797759625,2.3494023610786313e-16,48.5625,2.700813343538282e-16,3,4,u(k) + u(k)*y(k-1) + y(k-1),True,0,2.3458695068017613e-16,True,7,7,48.5625,48.5625,True
E1,SO,0,0.8176389579894021,1,0.6399999999999999,0.6399999999999998,0.8291572289498511,2.4424632637870403e-16,9.0,2.821447395164707e-16,4,5,u(k) + u(k)*y(k-1) + y(k-1) + y(k-3),True,1,2.821447395164707e-16,True,0.77069925001706,1,0.7381879194630871,0.738187919463087,0.8844404859198701,2.4424632637870403e-16,60.953125,2.821447395164707e-16,4,5,u(k) + u(k)*y(k-1) + y(k-1) + y(k-3),True,1,2.821447395164707e-16,True,9,9,60.953125,60.953125,True
E1,SO,1,0.9403063750069123,1,0.5599999999999999,0.5599999999999998,0.82885303893022,2.7169025749607555e-16,11.0,3.207588230161238e-16,4,7,u(k) + u(k)*u(k)*y(k-1) + u(k)*y(k-1) + y(k-1),True,1,3.207588230161238e-16,True,1.0613057080190629,1,0.6403355704697985,0.6403355704697984,0.884068414570355,2.7169025749607555e-16,83.734375,3.207588230161238e-16,4,7,u(k) + u(k)*u(k)*y(k-1) + u(k)*y(k-1) + y(k-1),True,1,3.207588230161238e-16,True,11,11,83.734375,83.734375,True
E1,SO,2,0.8459004159958567,1,0.5999999999999999,0.5999999999999999,0.829157228949851,1.6776539490399681e-16,10.0,2.1438683212081093e-16,4,6,u(k) + u(k)*y(k-1) + y(k-1) + y(k-1)*y(k-3),True,1,2.1438683212081093e-16,True,0.7771565830043983,1,0.6892617449664428,0.6892617449664428,0.8844404859198702,1.677653949039968e-16,72.34375,2.143868321208109e-16,4,6,u(k) + u(k)*y(k-1) + y(k-1) + y(k-1)*y(k-3),True,1,2.143868321208109e-16,True,10,10,72.34375,72.34375,True
E1,SO,3,0.8717603330151178,1,0.43999999999999984,0.4399999999999998,0.82885303893022,2.112281740538708e-16,14.0,2.8354989479731118e-16,5,9,u(k) + u(k)*u(k)*y(k-1)*y(k-1) + u(k)*y(k-1) + u(k-2) + y(k-1),True,2,2.8354989479731118e-16,True,0.8405732499959413,1,0.5381879194630871,0.538187919463087,0.884068414570355,2.1122817405387081e-16,107.515625,2.8354989479731118e-16,5,9,u(k) + u(k)*u(k)*y(k-1)*y(k-1) + u(k)*y(k-1) + u(k-2) + y(k-1),True,2,2.8354989479731118e-16,True,14,14,107.515625,107.515625,True
E1,SO,4,0.8585735420056153,1,0.6399999999999999,0.6399999999999999,0.7558436061159891,2.49086259130927e-16,9.0,2.6508865607196936e-16,4,5,u(k) + u(k)*y(k-1) + u(k-2) + y(k-1),True,1,2.6508865607196936e-16,True,1.0189280839986168,1,0.7381879194630871,0.7381879194630871,0.8352516591586511,2.49086259130927e-16,60.953125,2.6508865607196936e-16,4,5,u(k) + u(k)*y(k-1) + u(k-2) + y(k-1),True,1,2.6508865607196936e-16,True,9,9,60.953125,60.953125,True
E1,SO,5,0.8280972079955973,1,0.5599999999999999,0.5599999999999999,0.7563608963413919,2.304756423240201e-16,11.0,2.4491431876450457e-16,5,6,u(k) + u(k)*y(k-1) + u(k-2) + y(k-1) + y(k-2),True,2,2.4491431876450457e-16,True,1.1861058750073423,1,0.68496644295302,0.68496644295302,0.8328192170977589,2.304756423240201e-16,73.34375,2.4491431876450457e-16,5,6,u(k) + u(k)*y(k-1) + u(k-2) + y(k-1) + y(k-2),True,2,2.4491431876450457e-16,True,11,11,73.34375,73.34375,True
E1,SO,6,0.8938966660061851,1,0.7199999999999999,0.7199999999999999,0.8288530389302201,2.349402361078631e-16,7.0,2.700813343538282e-16,3,4,u(k) + u(k)*y(k-1) + y(k-1),True,0,2.700813343538282e-16,True,0.8015580829815008,1,0.7914093959731541,0.7914093959731541,0.884068414570355,2.3494023610786313e-16,48.5625,2.700813343538282e-16,3,4,u(k) + u(k)*y(k-1) + y(k-1),True,0,2.700813343538282e-16,True,7,7,48.5625,48.5625,True
E1,SO,7,0.862765958008822,1,0.6399999999999998,0.6399999999999998,0.82885303893022,3.0792180024640667e-16,9.0,3.785052985690101e-16,4,5,u(k) + u(k)*y(k-1) + y(k-1) + y(k-2),True,1,3.785052985690101e-16,True,0.8152469590131659,1,0.738187919463087,0.738187919463087,0.884068414570355,3.0792180024640667e-16,60.953125,3.7850529856901013e-16,4,5,u(k) + u(k)*y(k-1) + y(k-1) + y(k-2),True,1,3.7850529856901013e-16,True,9,9,60.953125,60.953125,True
E1,SO,8,0.8700870829925407,1,0.4799999999999998,0.47999999999999987,0.82885303893022,2.8685003378216606e-16,13.0,2.582002893023232e-16,5,8,u(k) + u(k)*y(k-1) + u(k-1)*y(k-1)*y(k-1) + u(k-2) + y(k-1),True,2,2.582002893023232e-16,True,0.839574374986114,1,0.5871140939597312,0.5871140939597314,0.884068414570355,2.8685003378216606e-16,96.125,2.582002893023232e-16,5,8,u(k) + u(k)*y(k-1) + u(k-1)*y(k-1)*y(k-1) + u(k-2) + y(k-1),True,2,2.582002893023232e-16,True,13,13,96.125,96.125,True
E1,SO,9,0.8287172080017626,1,0.7199999999999999,0.7199999999999999,0.82885303893022,2.349402361078631e-16,7.0,2.700813343538282e-16,3,4,u(k) + u(k)*y(k-1) + y(k-1),True,0,2.700813343538282e-16,True,1.018483958003344,1,0.7914093959731541,0.7914093959731541,0.884068414570355,2.3494023610786313e-16,48.5625,2.700813343538282e-16,3,4,u(k) + u(k)*y(k-1) + y(k-1),True,0,2.700813343538282e-16,True,7,7,48.5625,48.5625,True
E1,SO,10,0.8095383750041947,1,0.7199999999999999,0.7199999999999999,0.82885303893022,2.349402361078631e-16,7.0,2.700813343538282e-16,3,4,u(k) + u(k)*y(k-1) + y(k-1),True,0,2.700813343538282e-16,True,0.7750493750208989,1,0.7914093959731541,0.7914093959731541,0.884068414570355,2.3494023610786313e-16,48.5625,2.700813343538282e-16,3,4,u(k) + u(k)*y(k-1) + y(k-1),True,0,2.700813343538282e-16,True,7,7,48.5625,48.5625,True
E1,SO,11,0.8741039580199867,1,0.7199999999999999,0.7199999999999999,0.7331026329827768,2.349402361078631e-16,7.0,2.700813343538282e-16,3,4,u(k) + u(k)*y(k-1) + y(k-1),True,0,2.700813343538282e-16,True,0.8062671659863554,1,0.7914093959731541,0.7914093959731541,0.8001261643920653,2.3494023610786313e-16,48.5625,2.700813343538282e-16,3,4,u(k) + u(k)*y(k-1) + y(k-1),True,0,2.700813343538282e-16,True,7,7,48.5625,48.5625,True
E1,SO,12,0.7838629999896511,1,0.5599999999999999,0.5599999999999999,0.82885303893022,1.8201049135225711e-16,11.0,2.043428099927965e-16,4,7,u(k) + u(k)*y(k-1) + y(k-1) + y(k-1)*y(k-1)*y(k-1),True,1,2.043428099927965e-16,True,0.7393632500024978,1,0.6403355704697985,0.6403355704697985,0.884068414570355,1.8201049135225711e-16,83.734375,2.043428099927965e-16,4,7,u(k) + u(k)*y(k-1) + y(k-1) + y(k-1)*y(k-1)*y(k-1),True,1,2.043428099927965e-16,True,11,11,83.734375,83.734375,True
E1,SO,13,0.8012603750103153,1,0.7199999999999999,0.7199999999999999,0.8288530389302201,2.349402361078631e-16,7.0,2.700813343538282e-16,3,4,u(k) + u(k)*y(k-1) + y(k-1),True,0,2.700813343538282e-16,True,0.7550962920067832,1,0.7914093959731541,0.7914093959731541,0.884068414570355,2.3494023610786313e-16,48.5625,2.700813343538282e-16,3,4,u(k) + u(k)*y(k-1) + y(k-1),True,0,2.700813343538282e-16,True,7,7,48.5625,48.5625,True
E1,SO,14,0.9094926660181955,1,0.6399999999999999,0.6399999999999999,0.8288530389302201,2.0223972475018847e-16,9.0,2.3458695068017613e-16,4,5,u(k) + u(k)*y(k-1) + y(k-1) + y(k-3),True,1,2.3458695068017613e-16,True,0.8150369170180056,1,0.7381879194630871,0.7381879194630871,0.884068414570355,2.0223972475018847e-16,60.953125,2.3458695068017613e-16,4,5,u(k) + u(k)*y(k-1) + y(k-1) + y(k-3),True,1,2.3458695068017613e-16,True,9,9,60.953125,60.953125,True
E1,SO,15,0.9477017919998616,1,0.6399999999999999,0.6399999999999999,0.8291572289498511,2.66775679418883e-16,9.0,2.7227928526362325e-16,4,5,u(k) + u(k)*y(k-1) + u(k-1) + y(k-1),True,1,2.7227928526362325e-16,True,0.9815498329990078,1,0.7381879194630871,0.7381879194630871,0.8844404859198701,2.66775679418883e-16,60.953125,2.722792852636232e-16,4,5,u(k) + u(k)*y(k-1) + u(k-1) + y(k-1),True,1,2.722792852636232e-16,True,9,9,60.953125,60.953125,True
E1,SO,16,0.9916150830104016,1,0.6399999999999999,0.6399999999999999,0.82885303893022,2.0223972475018847e-16,9.0,2.3458695068017613e-16,4,5,u(k) + u(k)*y(k-1) + y(k-1) + y(k-3),True,1,2.3458695068017613e-16,True,0.8010558339883573,1,0.7381879194630871,0.7381879194630871,0.884068414570355,2.0223972475018847e-16,60.953125,2.3458695068017613e-16,4,5,u(k) + u(k)*y(k-1) + y(k-1) + y(k-3),True,1,2.3458695068017613e-16,True,9,9,60.953125,60.953125,True
E1,SO,17,0.877658833982423,1,0.6399999999999998,0.6399999999999998,0.830519214273044,2.8615980537508145e-16,9.0,3.323602781771804e-16,4,5,u(k) + u(k)*y(k-1) + u(k-2) + y(k-1),True,1,3.323602781771804e-16,True,0.7372096659964882,1,0.738187919463087,0.738187919463087,0.8854867137156447,2.861598053750814e-16,60.953125,3.3236027817718043e-16,4,5,u(k) + u(k)*y(k-1) + u(k-2) + y(k-1),True,1,3.3236027817718043e-16,True,9,9,60.953125,60.953125,True
E1,SO,18,1.1279836249887012,1,0.5999999999999999,0.5999999999999999,0.7938722239011774,1.8620101791436382e-16,10.0,2.4149382677767686e-16,4,6,u(k) + u(k)*y(k-1) + u(k-2)*y(k-3) + y(k-1),True,1,2.4149382677767686e-16,True,0.9569431249983608,1,0.6892617449664428,0.6892617449664428,0.8610517120630219,1.8620101791436382e-16,72.34375,2.4149382677767686e-16,4,6,u(k) + u(k)*y(k-1) + u(k-2)*y(k-3) + y(k-1),True,1,2.4149382677767686e-16,True,10,10,72.34375,72.34375,True
E1,SO,19,1.1599579589965288,1,0.7199999999999999,0.7199999999999999,0.7557304298418553,2.349402361078631e-16,7.0,2.700813343538282e-16,3,4,u(k) + u(k)*y(k-1) + y(k-1),True,0,2.700813343538282e-16,True,1.128200167004252,1,0.7914093959731541,0.7914093959731541,0.8351132271052223,2.3494023610786313e-16,48.5625,2.700813343538282e-16,3,4,u(k) + u(k)*y(k-1) + y(k-1),True,0,2.700813343538282e-16,True,7,7,48.5625,48.5625,True
E1,SO,20,1.0072810419951566,1,0.7199999999999999,0.7199999999999999,0.830519214273044,2.349402361078631e-16,7.0,2.700813343538282e-16,3,4,u(k) + u(k)*y(k-1) + y(k-1),True,0,2.700813343538282e-16,True,0.736215374985477,1,0.7914093959731541,0.7914093959731541,0.8854867137156447,2.3494023610786313e-16,48.5625,2.700813343538282e-16,3,4,u(k) + u(k)*y(k-1) + y(k-1),True,0,2.700813343538282e-16,True,7,7,48.5625,48.5625,True
E1,SO,21,1.0896004590031225,1,0.5599999999999998,0.5599999999999998,0.788787502554325,2.8384502344729033e-16,11.0,3.048215388922267e-16,4,7,u(k) + u(k)*u(k)*y(k-1) + u(k)*y(k-1) + y(k-1),True,1,3.048215388922267e-16,True,0.8095581250090618,1,0.6403355704697984,0.6403355704697984,0.8385684399890074,2.838450234472903e-16,83.734375,3.048215388922267e-16,4,7,u(k) + u(k)*u(k)*y(k-1) + u(k)*y(k-1) + y(k-1),True,1,3.048215388922267e-16,True,11,11,83.734375,83.734375,True
E1,SO,22,1.1069675000035204,1,0.5599999999999999,0.5599999999999998,0.82885303893022,2.691791236302312e-16,11.0,3.260402014746928e-16,5,6,u(k) + u(k)*y(k-1) + u(k-2) + y(k-1) + y(k-2),True,2,3.260402014746928e-16,True,0.7673070000018924,1,0.68496644295302,0.6849664429530199,0.884068414570355,2.691791236302312e-16,73.34375,3.260402014746928e-16,5,6,u(k) + u(k)*y(k-1) + u(k-2) + y(k-1) + y(k-2),True,2,3.260402014746928e-16,True,11,11,73.34375,73.34375,True
E1,SO,23,1.0573290410102345,1,0.43999999999999984,0.43999999999999984,0.7556653770760219,1.9180143101357917e-16,14.0,2.540337108856375e-16,5,9,u(k) + u(k)*u(k)*y(k-1) + u(k)*y(k-1) + y(k-1) + y(k-1)*y(k-1),True,2,2.540337108856375e-16,True,0.8842098749883007,1,0.5381879194630871,0.5381879194630871,0.835033657530906,1.9180143101357915e-16,107.515625,2.540337108856375e-16,5,9,u(k) + u(k)*u(k)*y(k-1) + u(k)*y(k-1) + y(k-1) + y(k-1)*y(k-1),True,2,2.540337108856375e-16,True,14,14,107.515625,107.515625,True
E1,SO,24,0.9802391249977518,1,0.6399999999999999,0.6399999999999999,0.82885303893022,1.8775131440216633e-16,9.0,2.1087021151122103e-16,4,5,u(k) + u(k)*y(k-1) + u(k-4) + y(k-1),True,1,2.1087021151122103e-16,True,0.9588373330188916,1,0.7381879194630871,0.7381879194630871,0.884068414570355,1.877513144021663e-16,60.953125,2.1087021151122103e-16,4,5,u(k) + u(k)*y(k-1) + u(k-4) + y(k-1),True,1,2.1087021151122103e-16,True,9,9,60.953125,60.953125,True
E1,SO,25,1.056727832998149,1,0.5599999999999999,0.5599999999999999,0.82885303893022,2.304756423240201e-16,11.0,2.4491431876450457e-16,5,6,u(k) + u(k)*y(k-1) + u(k-2) + y(k-1) + y(k-2),True,2,2.4491431876450457e-16,True,0.7973075409827288,1,0.68496644295302,0.68496644295302,0.884068414570355,2.304756423240201e-16,73.34375,2.4491431876450457e-16,5,6,u(k) + u(k)*y(k-1) + u(k-2) + y(k-1) + y(k-2),True,2,2.4491431876450457e-16,True,11,11,73.34375,73.34375,True
E1,SO,26,0.9266617920075078,1,0.6399999999999999,0.6399999999999999,0.830519214273044,2.0223972475018847e-16,9.0,2.3458695068017613e-16,4,5,u(k) + u(k)*y(k-1) + y(k-1) + y(k-3),True,1,2.3458695068017613e-16,True,0.8217635830224026,1,0.7381879194630871,0.7381879194630871,0.8854867137156448,2.0223972475018847e-16,60.953125,2.3458695068017613e-16,4,5,u(k) + u(k)*y(k-1) + y(k-1) + y(k-3),True,1,2.3458695068017613e-16,True,9,9,60.953125,60.953125,True
E1,SO,27,0.919593333004741,1,0.6399999999999999,0.6399999999999999,0.82885303893022,2.0223972475018847e-16,9.0,2.3458695068017613e-16,4,5,u(k) + u(k)*y(k-1) + y(k-1) + y(k-3),True,1,2.3458695068017613e-16,True,0.7734813749848399,1,0.7381879194630871,0.7381879194630871,0.884068414570355,2.0223972475018847e-16,60.953125,2.3458695068017613e-16,4,5,u(k) + u(k)*y(k-1) + y(k-1) + y(k-3),True,1,2.3458695068017613e-16,True,9,9,60.953125,60.953125,True
E1,SO,28,0.9886932079971302,1,0.6399999999999999,0.6399999999999999,0.8288530389302201,2.0223972475018847e-16,9.0,2.3458695068017613e-16,4,5,u(k) + u(k)*y(k-1) + y(k-1) + y(k-3),True,1,2.3458695068017613e-16,True,0.7900997920078225,1,0.7381879194630871,0.7381879194630871,0.884068414570355,2.0223972475018847e-16,60.953125,2.3458695068017613e-16,4,5,u(k) + u(k)*y(k-1) + y(k-1) + y(k-3),True,1,2.3458695068017613e-16,True,9,9,60.953125,60.953125,True
E1,SO,29,0.9935932079970371,1,0.6399999999999999,0.6399999999999999,0.7555692504066853,2.0223972475018847e-16,9.0,2.3458695068017613e-16,4,5,u(k) + u(k)*y(k-1) + y(k-1) + y(k-3),True,1,2.3458695068017613e-16,True,1.0011179170105606,1,0.7381879194630871,0.7381879194630871,0.8349160797759625,2.0223972475018847e-16,60.953125,2.3458695068017613e-16,4,5,u(k) + u(k)*y(k-1) + y(k-1) + y(k-3),True,1,2.3458695068017613e-16,True,9,9,60.953125,60.953125,True
E2,Green,0,1.9406222499965224,8,0.8783935779498324,0.8722376136624417,0.8783935779498324,0.02332534380345164,7.0,0.0283362316288928,3,4,u(k-1) + u(k-1)*y(k-2) + y(k-5),False,3,0.027974296687295605,False,2.484306500002276,7,0.91021965658829,0.9038571919849598,0.91021965658829,0.0233253438034516,48.5625,0.0283362316288927,3,4,u(k-1) + u(k-1)*y(k-2) + y(k-5),False,3,0.0279575978811176,False,7,7,48.5625,48.5625,True
E2,Green,1,1.9157850829942618,7,0.8782721384600225,0.8721468995023112,0.8782721384600225,0.023325343803451686,7.0,0.028336231628892785,3,4,u(k-1) + u(k-1)*y(k-2) + y(k-5),False,3,0.028034129279004835,False,2.139941292000003,8,0.9105986371790492,0.9052599193805668,0.9105986371790492,0.0233253438034516,48.5625,0.0283362316288927,3,4,u(k-1) + u(k-1)*y(k-2) + y(k-5),False,3,0.0279742966872955,False,7,7,48.5625,48.5625,True
E2,Green,2,1.96073558399803,8,0.8784094223502235,0.8721951911365975,0.8784094223502235,0.023325343803451734,7.0,0.028336231628892785,3,4,u(k-1) + u(k-1)*y(k-2) + y(k-5),False,3,0.028055878467765152,False,2.0681024579971563,8,0.9102876109606918,0.9039545988523774,0.9102876109606918,0.0233253438034517,48.5625,0.0283362316288927,3,4,u(k-1) + u(k-1)*y(k-2) + y(k-5),False,3,0.0279193554666203,False,7,7,48.5625,48.5625,True
E2,Green,3,2.06905883300351,8,0.8790808596557436,0.8743023423897742,0.8790808596557436,0.02332534380345166,7.0,0.028336231628892816,3,4,u(k-1) + u(k-1)*y(k-2) + y(k-5),False,3,0.027974296687295574,False,2.413757541013183,8,0.9151631258095188,0.9094966990327864,0.9151631258095188,0.0233253438034516,48.5625,0.0283362316288928,3,4,u(k-1) + u(k-1)*y(k-2) + y(k-5),False,3,0.0279425230488189,False,7,7,48.5625,48.5625,True
E2,Green,4,2.1809057079954073,8,0.878339300046615,0.8721778639251394,0.878339300046615,0.023325343803451786,7.0,0.028336231628892834,3,4,u(k-1) + u(k-1)*y(k-2) + y(k-5),False,3,0.027974296687295588,False,2.3809139159857295,8,0.9116587579358356,0.906296487260796,0.9116587579358356,0.0233253438034516,48.5625,0.0283362316288927,3,4,u(k-1) + u(k-1)*y(k-2) + y(k-5),False,3,0.0280558784677651,False,7,7,48.5625,48.5625,True
E2,Green,5,1.895266083010938,8,0.8783987019444232,0.8722462970416545,0.8783987019444232,0.02332534380345164,7.0,0.0283362316288928,3,4,u(k-1) + u(k-1)*y(k-2) + y(k-5),False,3,0.027957597881117516,False,2.176346749998629,8,0.9102890008321214,0.9038677647260788,0.9102890008321214,0.0233253438034516,48.5625,0.0283362316288928,3,4,u(k-1) + u(k-1)*y(k-2) + y(k-5),False,3,0.0280558784677652,False,7,7,48.5625,48.5625,True
E2,Green,6,1.9885037080093753,8,0.8779242117981937,0.872260142365837,0.8779242117981937,0.023325343803451557,7.0,0.02833623162889271,3,4,u(k-1) + u(k-1)*y(k-2) + y(k-5),False,3,0.027974296687295615,False,2.6592861250101123,8,0.9102375652393208,0.9037946815742444,0.9102375652393208,0.0233253438034515,48.5625,0.0283362316288927,3,4,u(k-1) + u(k-1)*y(k-2) + y(k-5),False,3,0.0280558784677651,False,7,7,48.5625,48.5625,True
E2,Green,7,2.2389976659906097,8,0.8861198259030785,0.8805716506308024,0.8861198259030785,0.023325343803451717,7.0,0.028336231628892785,3,4,u(k-1) + u(k-1)*y(k-2) + y(k-5),False,3,0.027974296687295508,False,2.226531874999637,8,0.915051951941912,0.9093899683947484,0.915051951941912,0.0233253438034516,48.5625,0.0283362316288928,3,4,u(k-1) + u(k-1)*y(k-2) + y(k-5),False,3,0.0280558784677651,False,7,7,48.5625,48.5625,True
E2,Green,8,2.011530624993611,7,0.8783916833781873,0.8722298680551664,0.8783916833781873,0.023325343803451734,7.0,0.028336231628892785,3,4,u(k-1) + u(k-1)*y(k-2) + y(k-5),False,3,0.027974296687295598,False,2.161102292011492,7,0.9102327336523632,0.9038677647260788,0.9102327336523632,0.0233253438034517,48.5625,0.0283362316288927,3,4,u(k-1) + u(k-1)*y(k-2) + y(k-5),False,3,0.0280558784677652,False,7,7,48.5625,48.5625,True
E2,Green,9,2.298280707997037,7,0.8816936726700675,0.8775101088673228,0.8816936726700675,0.02332534380345171,7.0,0.028336231628892785,3,4,u(k-1) + u(k-1)*y(k-2) + y(k-5),False,3,0.028055878467765197,False,2.3454370829858817,8,0.9100995939046272,0.9037331035798954,0.9100995939046272,0.0230261347457147,60.953125,0.0280558784677652,4,5,u(k-1) + u(k-1)*y(k-2) + y(k-4) + y(k-5),False,4,0.0280558784677652,False,7,9,48.5625,60.953125,False
E2,Green,10,2.1912581250071526,8,0.8783459825275386,0.8721052381459687,0.8783459825275386,0.023558696020809712,7.0,0.028713772295473443,3,4,u(k-1) + u(k-2)*y(k-2) + y(k-5),False,3,0.028055878467765263,False,1.8949985830113292,8,0.91029234221627,0.90391965402363,0.91029234221627,0.0233253438034516,48.5625,0.0283362316288927,3,4,u(k-1) + u(k-1)*y(k-2) + y(k-5),False,3,0.0279742966872955,False,7,7,48.5625,48.5625,False
E2,Green,11,2.0146077089884784,7,0.8783474256447522,0.8721354413992953,0.8783474256447522,0.02332534380345159,7.0,0.028336231628892834,3,4,u(k-1) + u(k-1)*y(k-2) + y(k-5),False,3,0.028055878467765152,False,1.6203293330036104,8,0.9117690417082336,0.9063936296984516,0.9117690417082336,0.0233253438034517,48.5625,0.0283362316288927,3,4,u(k-1) + u(k-1)*y(k-2) + y(k-5),False,3,0.0279575978811175,False,7,7,48.5625,48.5625,True
E2,Green,12,2.0251462910091504,8,0.8783981549020468,0.8721951911365975,0.8783981549020468,0.023325343803451703,7.0,0.028336231628892757,3,4,u(k-1) + u(k-1)*y(k-2) + y(k-5),False,3,0.028055878467765156,False,1.882651249994524,8,0.912339138805525,0.9074056434094108,0.912339138805525,0.0233253438034517,48.5625,0.0283362316288927,3,4,u(k-1) + u(k-1)*y(k-2) + y(k-5),False,3,0.0279428796131237,False,7,7,48.5625,48.5625,True
E2,Green,13,2.188641666987678,8,0.8790782066000564,0.8743309118245254,0.8790782066000564,0.023325343803451762,7.0,0.028336231628892816,3,4,u(k-1) + u(k-1)*y(k-2) + y(k-5),False,3,0.02791935546662031,False,1.6240987920027692,8,0.91030957972628,0.9038677647260788,0.91030957972628,0.0233253438034516,48.5625,0.0283362316288928,3,4,u(k-1) + u(k-1)*y(k-2) + y(k-5),False,3,0.0280558784677651,False,7,7,48.5625,48.5625,True
E2,Green,14,1.9851381249900442,8,0.8790717835266321,0.8743188646817822,0.8790717835266321,0.023325343803451713,7.0,0.02833623162889276,3,4,u(k-1) + u(k-1)*y(k-2) + y(k-5),False,3,0.027942523048818904,False,1.592358666996006,8,0.9123173039614876,0.9074058701986668,0.9123173039614876,0.0233253438034517,48.5625,0.0283362316288928,3,4,u(k-1) + u(k-1)*y(k-2) + y(k-5),False,3,0.027942523048819,False,7,7,48.5625,48.5625,True
E2,Green,15,2.206917417002842,8,0.8783065582168882,0.8721815814872793,0.8783065582168882,0.02332534380345166,7.0,0.028336231628892816,3,4,u(k-1) + u(k-1)*y(k-2) + y(k-5),False,3,0.02796714752933447,False,1.8718381670187227,8,0.9102924868561734,0.9039196540236298,0.9102924868561734,0.0233253438034516,48.5625,0.0283362316288927,3,4,u(k-1) + u(k-1)*y(k-2) + y(k-5),False,3,0.0279742966872955,False,7,7,48.5625,48.5625,True
E2,Green,16,2.2024655000132043,8,0.8790817857544937,0.8743023423897743,0.8790817857544937,0.023325343803451644,7.0,0.028336231628892785,3,4,u(k-1) + u(k-1)*y(k-2) + y(k-5),False,3,0.02797429668729562,False,1.661884666973492,8,0.9102031376249956,0.9038222641257456,0.9102031376249956,0.0233253438034517,48.5625,0.0283362316288927,3,4,u(k-1) + u(k-1)*y(k-2) + y(k-5),False,3,0.0280125124218258,False,7,7,48.5625,48.5625,True
E2,Green,17,1.9968837499909569,8,0.8783939981428922,0.8722462970416542,0.8783939981428922,0.023325343803451734,7.0,0.02833623162889281,3,4,u(k-1) + u(k-1)*y(k-2) + y(k-5),False,3,0.02795759788111758,False,1.585243375011487,8,0.910598492539146,0.9052599193805668,0.910598492539146,0.0233253438034516,48.5625,0.0283362316288927,3,4,u(k-1) + u(k-1)*y(k-2) + y(k-5),False,3,0.0279742966872955,False,7,7,48.5625,48.5625,True
E2,Green,18,1.991152290982427,8,0.8793986117445741,0.8743307291776903,0.8793986117445741,0.023325343803451734,7.0,0.028336231628892785,3,4,u(k-1) + u(k-1)*y(k-2) + y(k-5),False,3,0.02799182220411606,False,1.8111094159830827,7,0.9093001217239894,0.9039449034440408,0.9093001217239894,0.0246632817126653,60.953125,0.0277689598410022,4,5,u(k-1) + u(k-1)*y(k-2) + u(k-3) + y(k-4),False,4,0.0277689598410022,False,7,9,48.5625,60.953125,False
E2,Green,19,2.2133262090210337,8,0.8783421481308253,0.8721942008037089,0.8783421481308253,0.02332534380345177,7.0,0.028336231628892813,3,4,u(k-1) + u(k-1)*y(k-2) + y(k-5),False,3,0.027942879613123764,False,1.5835835420002695,8,0.9106155854092524,0.9052080300830156,0.9106155854092524,0.0233253438034516,48.5625,0.0283362316288927,3,4,u(k-1) + u(k-1)*y(k-2) + y(k-5),False,3,0.0280558784677652,False,7,7,48.5625,48.5625,True
E2,Green,20,1.979143208998721,8,0.8784080257609228,0.8721951911365975,0.8784080257609228,0.023325343803451647,7.0,0.02833623162889272,3,4,u(k-1) + u(k-1)*y(k-2) + y(k-5),False,3,0.028055878467765208,False,1.611002916994039,8,0.9102879843768792,0.9039545988523776,0.9102879843768792,0.0233253438034517,48.5625,0.0283362316288928,3,4,u(k-1) + u(k-1)*y(k-2) + y(k-5),False,3,0.0279193554666204,False,7,7,48.5625,48.5625,True
E2,Green,21,2.010247917001834,8,0.8803433598893845,0.8754573199885634,0.8803433598893845,0.02332534380345166,7.0,0.028336231628892785,3,4,u(k-1) + u(k-1)*y(k-2) + y(k-5),False,3,0.028055878467765236,False,1.7981935839925427,8,0.9102955065038985,0.9038677647260788,0.9102955065038985,0.0233253438034517,48.5625,0.0283362316288928,3,4,u(k-1) + u(k-1)*y(k-2) + y(k-5),False,3,0.0280558784677651,False,7,7,48.5625,48.5625,True
E2,Green,22,2.0865395410219207,8,0.8791124507933429,0.8742599198639301,0.8791124507933429,0.02332534380345169,7.0,0.028336231628892802,3,4,u(k-1) + u(k-1)*y(k-2) + y(k-5),False,3,0.028055878467765166,False,1.5819757920107804,8,0.9102779900967422,0.9039398633371764,0.9102779900967422,0.0233253438034516,48.5625,0.0283362316288927,3,4,u(k-1) + u(k-1)*y(k-2) + y(k-5),False,3,0.0279425230488189,False,7,7,48.5625,48.5625,True
E2,Green,23,2.1331289170193486,8,0.8809835168335559,0.8758792539414383,0.8809835168335559,0.023325343803451647,7.0,0.028336231628892723,3,4,u(k-1) + u(k-1)*y(k-2) + y(k-5),False,3,0.028055878467765166,False,1.7471417910128366,8,0.9102998349035611,0.9039396365479204,0.9102998349035611,0.0233253438034517,48.5625,0.0283362316288928,3,4,u(k-1) + u(k-1)*y(k-2) + y(k-5),False,3,0.0279428796131237,False,7,7,48.5625,48.5625,True
E2,Green,24,2.3763857499870937,8,0.8781445334753349,0.8720864537219813,0.8781445334753349,0.023034048769632137,9.0,0.028127236116949353,4,5,u(k-1) + u(k-1)*y(k-2) + y(k-2) + y(k-5),False,4,0.028012512421825897,False,2.0007965000113472,8,0.9102779653101788,0.9039398633371762,0.9102779653101788,0.0233253438034516,48.5625,0.0283362316288927,3,4,u(k-1) + u(k-1)*y(k-2) + y(k-5),False,3,0.0279425230488189,False,9,7,60.953125,48.5625,False
E2,Green,25,2.229784124996513,8,0.878358113838393,0.8721816241468052,0.878358113838393,0.023832338458578132,7.0,0.029240311556464994,3,4,u(k-1) + u(k-1)*y(k-3) + y(k-5),False,3,0.02794287961312389,False,1.7526917080103883,8,0.9101851373376328,0.90387134834762,0.9101851373376328,0.0233253438034517,48.5625,0.0283362316288927,3,4,u(k-1) + u(k-1)*y(k-2) + y(k-5),False,3,0.0279353408584691,False,7,7,48.5625,48.5625,False
E2,Green,26,2.0695448750047944,8,0.878287622302693,0.8720900074485568,0.878287622302693,0.02302613474571475,9.0,0.028055878467765197,4,5,u(k-1) + u(k-1)*y(k-2) + y(k-4) + y(k-5),False,4,0.028051303057781852,False,1.8836501250043511,8,0.910295879920086,0.9038677647260788,0.910295879920086,0.0233253438034517,48.5625,0.0283362316288927,3,4,u(k-1) + u(k-1)*y(k-2) + y(k-5),False,3,0.0280558784677651,False,9,7,60.953125,48.5625,False
E2,Green,27,2.101687749993289,8,0.8868406211814577,0.8821052078653164,0.8868406211814577,0.02332534380345159,7.0,0.028336231628892834,3,4,u(k-1) + u(k-1)*y(k-2) + y(k-5),False,3,0.028055878467765173,False,1.929218375007622,8,0.914540769858994,0.90867860756112,0.914540769858994,0.0233253438034515,48.5625,0.0283362316288927,3,4,u(k-1) + u(k-1)*y(k-2) + y(k-5),False,3,0.0279428796131238,False,7,7,48.5625,48.5625,True
E2,Green,28,2.0176734999986365,8,0.8784014351250765,0.872253950541011,0.8784014351250765,0.02332534380345167,7.0,0.02833623162889276,3,4,u(k-1) + u(k-1)*y(k-2) + y(k-5),False,3,0.02794287961312381,False,2.290631249983562,8,0.9108347582121874,0.9055560340342264,0.9108347582121874,0.0233253438034516,48.5625,0.0283362316288927,3,4,u(k-1) + u(k-1)*y(k-2) + y(k-5),False,3,0.0279575978811175,False,7,7,48.5625,48.5625,True
E2,Green,29,2.2328559999878053,8,0.878324542345035,0.8721943862171474,0.878324542345035,0.023325343803451682,7.0,0.028336231628892854,3,4,u(k-1) + u(k-1)*y(k-2) + y(k-5),False,3,0.02794252304881899,False,2.0353865420038346,8,0.9102518535537062,0.9037946815742444,0.9102518535537062,0.0233253438034517,48.5625,0.0283362316288928,3,4,u(k-1) + u(k-1)*y(k-2) + y(k-5),False,3,0.0280558784677651,False,7,7,48.5625,48.5625,True
E2,MO-lex,0,1.2071655410109088,4,0.7022356417948475,0.698225830435735,0.7022356417948475,0.02287571165946057,10.0,0.028621296410020255,4,6,u(k)*u(k-2) + u(k-1) + y(k-2)*y(k-2) + y(k-5),False,4,0.028439045742316746,False,1.2408189169946129,4,0.7724337826078688,0.7679928755790592,0.7724337826078688,0.0228757116594605,72.34375,0.0286212964100202,4,6,u(k)*u(k-2) + u(k-1) + y(k-2)*y(k-2) + y(k-5),False,4,0.0284390457423167,False,10,10,72.34375,72.34375,True
E2,MO-lex,1,1.288303540990455,5,0.7023170780821824,0.6986827593855197,0.7023170780821824,0.023026134745714653,9.0,0.028055878467765197,4,5,u(k-1) + u(k-1)*y(k-2) + y(k-4) + y(k-5),False,4,0.027974296687295588,False,1.1154427909932565,5,0.7725291544612725,0.7684867521471717,0.7725291544612725,0.0230261347457146,60.953125,0.0280558784677651,4,5,u(k-1) + u(k-1)*y(k-2) + y(k-4) + y(k-5),False,4,0.0279742966872955,False,9,9,60.953125,60.953125,True
E2,MO-lex,2,1.1938293749990407,3,0.7030236496014238,0.6993147500272441,0.7030236496014238,0.02297364109399289,10.0,0.028809424244161618,4,6,u(k)*u(k-1) + u(k-1) + y(k-2)*y(k-2) + y(k-5),False,4,0.027942879613123903,False,1.1446471659874078,3,0.7729003875411044,0.7688259130067908,0.7729003875411044,0.0229736410939928,72.34375,0.0288094242441616,4,6,u(k)*u(k-1) + u(k-1) + y(k-2)*y(k-2) + y(k-5),False,4,0.0279428796131239,False,10,10,72.34375,72.34375,True
E2,MO-lex,3,1.0539778329839464,6,0.6608462259067983,0.6554429082396733,0.6608462259067983,0.022986966264847548,10.0,0.0281884447599459,4,6,u(k-1) + u(k-1)*y(k-2) + y(k-2)*y(k-3) + y(k-5),False,4,0.028061057151065952,False,1.144950165995397,6,0.7647119999810419,0.7583350549284168,0.7647119999810419,0.0229869662648475,72.34375,0.0281884447599459,4,6,u(k-1) + u(k-1)*y(k-2) + y(k-2)*y(k-3) + y(k-5),False,4,0.0280610571510659,False,10,10,72.34375,72.34375,True
E2,MO-lex,4,1.1919219590199646,4,0.701239033400467,0.6970101173163908,0.701239033400467,0.022875711659460545,10.0,0.028621296410020196,4,6,u(k)*u(k-2) + u(k-1) + y(k-2)*y(k-2) + y(k-5),False,4,0.028495472197663872,False,1.5734173330129124,4,0.7716928102990532,0.7670930596303067,0.7716928102990532,0.0228757116594605,72.34375,0.0286212964100201,4,6,u(k)*u(k-2) + u(k-1) + y(k-2)*y(k-2) + y(k-5),False,4,0.0284954721976638,False,10,10,72.34375,72.34375,True
E2,MO-lex,5,1.0420430829981342,4,0.7030894481561402,0.6992472996233817,0.7030894481561402,0.023171405922430523,10.0,0.029159056587540748,4,6,u(k)*u(k-1) + u(k-1) + y(k-2)*y(k-3) + y(k-5),False,4,0.02852788859250901,False,1.10543233298813,4,0.7730018868306178,0.7686605576379899,0.7730018868306178,0.0231714059224305,72.34375,0.0291590565875407,4,6,u(k)*u(k-1) + u(k-1) + y(k-2)*y(k-3) + y(k-5),False,4,0.028527888592509,False,10,10,72.34375,72.34375,True
E2,MO-lex,6,1.0300598749890924,4,0.6254108930639056,0.6221029971850439,0.6254108930639056,0.02302613474571482,9.0,0.028055878467765152,4,5,u(k-1) + u(k-1)*y(k-2) + y(k-4) + y(k-5),False,4,0.027942879613123753,False,1.1674478339846246,4,0.7213691180305909,0.7175492807300999,0.7213691180305909,0.0230261347457148,60.953125,0.0280558784677651,4,5,u(k-1) + u(k-1)*y(k-2) + y(k-4) + y(k-5),False,4,0.0279428796131237,False,9,9,60.953125,60.953125,True
E2,MO-lex,7,1.2838840409822296,5,0.7380541102525612,0.7338957311077321,0.7380541102525612,0.023036131774493075,11.0,0.0280374199234565,5,6,u(k-1) + u(k-1)*y(k-2) + y(k-1) + y(k-4) + y(k-5),False,4,0.0280374199234565,False,1.185805499990238,5,0.8164876925357881,0.8118374004329671,0.8164876925357881,0.023036131774493,73.34375,0.0280374199234565,5,6,u(k-1) + u(k-1)*y(k-2) + y(k-1) + y(k-4) + y(k-5),False,4,0.0280374199234565,False,11,11,73.34375,73.34375,True
E2,MO-lex,8,1.2430383750179317,3,0.7033077468718898,0.6995243796491486,0.7033077468718898,0.023026134745714653,9.0,0.028055878467765197,4,5,u(k-1) + u(k-1)*y(k-2) + y(k-4) + y(k-5),False,4,0.028055878467765197,False,1.111565208004322,3,0.7731951836970827,0.7690225032889086,0.7731951836970827,0.0230261347457146,60.953125,0.0280558784677651,4,5,u(k-1) + u(k-1)*y(k-2) + y(k-4) + y(k-5),False,4,0.0280558784677651,False,9,9,60.953125,60.953125,True
E2,MO-lex,9,1.124168791982811,5,0.7400283766321236,0.7354639602094721,0.7400283766321236,0.023325343803451734,7.0,0.02833623162889281,3,4,u(k-1) + u(k-1)*y(k-2) + y(k-5),False,3,0.02794287961312382,False,1.224552792002214,5,0.8179839251252472,0.8128452573066617,0.8179839251252472,0.0233253438034517,48.5625,0.0283362316288928,3,4,u(k-1) + u(k-1)*y(k-2) + y(k-5),False,3,0.0279428796131238,False,7,7,48.5625,48.5625,True
E2,MO-lex,10,1.4435469169984572,5,0.6608287139888142,0.6559040399838036,0.6608287139888142,0.022986966264847496,10.0,0.028188444759945874,4,6,u(k-1) + u(k-1)*y(k-2) + y(k-2)*y(k-3) + y(k-5),False,4,0.02794287961312382,False,1.688352791010402,5,0.7646905802021652,0.7588990902328983,0.7646905802021652,0.0229869662648474,72.34375,0.0281884447599458,4,6,u(k-1) + u(k-1)*y(k-2) + y(k-2)*y(k-3) + y(k-5),False,4,0.0279428796131238,False,10,10,72.34375,72.34375,True
E2,MO-lex,11,1.2260510420019273,3,0.625246731165281,0.6215887353983772,0.625246731165281,0.022875711659460483,10.0,0.028621296410020154,4,6,u(k)*u(k-2) + u(k-1) + y(k-2)*y(k-2) + y(k-5),False,4,0.028495472197663657,True,1.159017459023744,3,0.7211633572980394,0.7169454942783953,0.7211633572980394,0.0228757116594604,72.34375,0.0286212964100201,4,6,u(k)*u(k-2) + u(k-1) + y(k-2)*y(k-2) + y(k-5),False,4,0.0284954721976636,True,10,10,72.34375,72.34375,True
E2,MO-lex,12,1.137063083006069,4,0.7022900879254745,0.6984871310874989,0.7022900879254745,0.023539325117018176,9.0,0.028750982584347478,4,5,u(k-1) + u(k-2)*y(k-2) + y(k-4) + y(k-5),False,4,0.028037419923456482,False,1.157246207993012,4,0.7725246026631025,0.7683382212859827,0.7725246026631025,0.0235393251170181,60.953125,0.0287509825843474,4,5,u(k-1) + u(k-2)*y(k-2) + y(k-4) + y(k-5),False,4,0.0280374199234564,False,9,9,60.953125,60.953125,True
E2,MO-lex,13,1.3495611250109505,4,0.703006515949461,0.6991924589278591,0.703006515949461,0.022986966264847565,10.0,0.02818844475994596,4,6,u(k-1) + u(k-1)*y(k-2) + y(k-2)*y(k-3) + y(k-5),False,4,0.02818844475994596,False,1.3265810410084669,4,0.772941263443985,0.7687207241356424,0.772941263443985,0.0229869662648475,72.34375,0.0281884447599459,4,6,u(k-1) + u(k-1)*y(k-2) + y(k-2)*y(k-3) + y(k-5),False,4,0.0281884447599459,False,10,10,72.34375,72.34375,True
E2,MO-lex,14,1.3406390000018291,5,0.7341024968809368,0.7267652633257675,0.7341024968809368,0.023026134745714737,9.0,0.028055878467765253,4,5,u(k-1) + u(k-1)*y(k-2) + y(k-4) + y(k-5),False,4,0.027942879613123823,False,1.15606412498164,5,0.8138906265758535,0.8066413095861414,0.8138906265758535,0.0230261347457147,60.953125,0.0280558784677652,4,5,u(k-1) + u(k-1)*y(k-2) + y(k-4) + y(k-5),False,4,0.0279428796131238,False,9,9,60.953125,60.953125,True
E2,MO-lex,15,1.2272912499902304,5,0.7025973432404659,0.6986948874653867,0.7025973432404659,0.02348106067974359,9.0,0.02899960310140295,4,5,u(k)*y(k-3) + u(k-1) + y(k-3) + y(k-5),False,4,0.028071444914599893,False,1.1645916249835864,5,0.77272142939469,0.768464626567292,0.77272142939469,0.0234810606797435,60.953125,0.0289996031014029,4,5,u(k)*y(k-3) + u(k-1) + y(k-3) + y(k-5),False,4,0.0280714449145998,False,9,9,60.953125,60.953125,True
E2,MO-lex,16,1.155444083007751,4,0.6253424767417074,0.6222617032705632,0.6253424767417074,0.023012085763255943,10.0,0.02818268848553528,4,6,u(k-1) + u(k-1)*y(k-2) + y(k-1)*y(k-3) + y(k-5),False,4,0.027716088639745107,False,1.144297541002743,4,0.721286555412764,0.7177282376544594,0.721286555412764,0.0230120857632559,72.34375,0.0281826884855352,4,6,u(k-1) + u(k-1)*y(k-2) + y(k-1)*y(k-3) + y(k-5),False,4,0.0277160886397451,False,10,10,72.34375,72.34375,True
E2,MO-lex,17,1.423563666001428,6,0.7380397796748813,0.6998362840681709,0.7380397796748813,0.023325343803451557,7.0,0.02833623162889271,3,4,u(k-1) + u(k-1)*y(k-2) + y(k-5),False,3,0.02794252304881898,False,1.4632465410104487,6,0.8155422999167735,0.769262887943402,0.8155422999167735,0.0233253438034515,48.5625,0.0283362316288927,3,4,u(k-1) + u(k-1)*y(k-2) + y(k-5),False,3,0.0279425230488189,False,7,7,48.5625,48.5625,True
E2,MO-lex,18,1.0382817909994628,3,0.6253498763579532,0.6217146936423233,0.6253498763579532,0.02326109572883389,10.0,0.028946790859196353,4,6,u(k)*y(k-2) + u(k-1) + y(k-2)*y(k-2) + y(k-5),False,4,0.028439045742316725,False,1.138145707984222,3,0.721306719817676,0.7171140877552153,0.721306719817676,0.0232610957288338,72.34375,0.0289467908591963,4,6,u(k)*y(k-2) + u(k-1) + y(k-2)*y(k-2) + y(k-5),False,4,0.0284390457423167,False,10,10,72.34375,72.34375,True
E2,MO-lex,19,1.3952913749963045,6,0.671970927597131,0.6580306661154806,0.671970927597131,0.023012085763255842,10.0,0.02818268848553524,4,6,u(k-1) + u(k-1)*y(k-2) + y(k-1)*y(k-3) + y(k-5),False,4,0.027800107337470525,False,1.136308375018416,6,0.7673450383373067,0.761482950425104,0.7673450383373067,0.0230120857632558,72.34375,0.0281826884855352,4,6,u(k-1) + u(k-1)*y(k-2) + y(k-1)*y(k-3) + y(k-5),False,4,0.0278001073374705,False,10,10,72.34375,72.34375,True
E2,MO-lex,20,1.5904442920000292,4,0.7035432988203949,0.6998360986547325,0.7035432988203949,0.02332534380345174,7.0,0.028336231628892795,3,4,u(k-1) + u(k-1)*y(k-2) + y(k-5),False,3,0.02794287961312374,False,1.1033981250075158,4,0.7733490170628786,0.769262661154146,0.7733490170628786,0.0233253438034517,48.5625,0.0283362316288927,3,4,u(k-1) + u(k-1)*y(k-2) + y(k-5),False,3,0.0279428796131237,False,7,7,48.5625,48.5625,True
E2,MO-lex,21,1.2751501250022557,4,0.6254090801132546,0.6221038671525944,0.6254090801132546,0.023026134745714598,9.0,0.028055878467765184,4,5,u(k-1) + u(k-1)*y(k-2) + y(k-4) + y(k-5),False,4,0.02794287961312378,False,1.1562542920000851,4,0.721368648635568,0.7175503448347044,0.721368648635568,0.0230261347457145,60.953125,0.0280558784677651,4,5,u(k-1) + u(k-1)*y(k-2) + y(k-4) + y(k-5),False,4,0.0279428796131237,False,9,9,60.953125,60.953125,True
E2,MO-lex,22,1.4043232499971054,4,0.7035635153005244,0.6997773392503188,0.7035635153005244,0.02332534380345173,7.0,0.02833623162889277,3,4,u(k-1) + u(k-1)*y(k-2) + y(k-5),False,3,0.028055878467765197,False,1.1327344579913188,4,0.7733719968152668,0.7691907893323046,0.7733719968152668,0.0233253438034517,48.5625,0.0283362316288927,3,4,u(k-1) + u(k-1)*y(k-2) + y(k-5),False,3,0.0280558784677651,False,7,7,48.5625,48.5625,True
E2,MO-lex,23,1.4340002499811817,5,0.7405086895433168,0.7356369980886572,0.7405086895433168,0.02332534380345157,7.0,0.028336231628892795,3,4,u(k-1) + u(k-1)*y(k-2) + y(k-5),False,3,0.027942879613123726,False,1.1394474589906167,5,0.8185633959840366,0.8130526874751715,0.8185633959840366,0.0233253438034515,48.5625,0.0283362316288927,3,4,u(k-1) + u(k-1)*y(k-2) + y(k-5),False,3,0.0279428796131237,False,7,7,48.5625,48.5625,True
E2,MO-lex,24,1.2211099170090165,3,0.6254259780987053,0.6218646341257447,0.6254259780987053,0.023337761608879976,9.0,0.028336509178523917,4,5,u(k) + u(k-1) + u(k-1)*y(k-2) + y(k-5),False,3,0.028336509178523917,False,1.4880499580176547,3,0.7213826039666068,0.717270250707746,0.7213826039666068,0.0233377616088799,60.953125,0.0283365091785239,4,5,u(k) + u(k-1) + u(k-1)*y(k-2) + y(k-5),False,3,0.0283365091785239,False,9,9,60.953125,60.953125,True
E2,MO-lex,25,1.1735155830101576,5,0.6609577812915974,0.6572303772438602,0.6609577812915974,0.022955150475536177,11.0,0.028061057151065962,5,6,u(k-1) + u(k-1)*y(k-2) + y(k-2) + y(k-4) + y(k-5),False,5,0.028061057151065962,False,1.154676041973289,5,0.7650536619059434,0.760558833297832,0.7650536619059434,0.0229551504755361,73.34375,0.0280610571510659,5,6,u(k-1) + u(k-1)*y(k-2) + y(k-2) + y(k-4) + y(k-5),False,5,0.0280610571510659,False,11,11,73.34375,73.34375,True
E2,MO-lex,26,1.0673631250101607,5,0.7032157754704368,0.6999513584276074,0.7032157754704368,0.023099546114794617,10.0,0.02815717361602156,4,6,u(k)*y(k-1) + u(k-1) + u(k-1)*y(k-2) + y(k-5),False,3,0.027762630425478364,False,1.2065894579864107,5,0.7730960885716466,0.7693981742136279,0.7730960885716466,0.0230995461147946,72.34375,0.0281571736160215,4,6,u(k)*y(k-1) + u(k-1) + u(k-1)*y(k-2) + y(k-5),False,3,0.0277626304254783,False,10,10,72.34375,72.34375,True
E2,MO-lex,27,1.2123828750045504,6,0.7368305464366713,0.7311648845337518,0.7368305464366713,0.023012085763255974,10.0,0.028182688485535283,4,6,u(k-1) + u(k-1)*y(k-2) + y(k-1)*y(k-3) + y(k-5),False,4,0.027762630425478337,False,1.1859145420021378,7,0.8152230639158378,0.809141592439492,0.8152230639158378,0.0230120857632559,72.34375,0.0281826884855352,4,6,u(k-1) + u(k-1)*y(k-2) + y(k-1)*y(k-3) + y(k-5),False,4,0.0277626304254783,False,10,10,72.34375,72.34375,True
E2,MO-lex,28,1.3909677499905229,4,0.6622606065035548,0.6574588644741189,0.6622606065035548,0.022875711659460497,10.0,0.02862129641002024,4,6,u(k)*u(k-2) + u(k-1) + y(k-2)*y(k-2) + y(k-5),False,4,0.028495472197663782,True,1.225911499990616,4,0.7664370403879751,0.7608201991378176,0.7664370403879751,0.0228757116594604,72.34375,0.0286212964100202,4,6,u(k)*u(k-2) + u(k-1) + y(k-2)*y(k-2) + y(k-5),False,4,0.0284954721976637,True,10,10,72.34375,72.34375,True
E2,MO-lex,29,1.2707395829784218,5,0.6608762816314974,0.6553846862575279,0.6608762816314974,0.023096426351156597,10.0,0.028074039740755747,4,6,u(k)*y(k-2) + u(k-1) + u(k-1)*y(k-2) + y(k-5),False,4,0.028074039740755747,False,1.2709360830194782,5,0.7647536480709772,0.7582587344611442,0.7647536480709772,0.0230964263511565,72.34375,0.0280740397407557,4,6,u(k)*y(k-2) + u(k-1) + u(k-1)*y(k-2) + y(k-5),False,4,0.0280740397407557,False,10,10,72.34375,72.34375,True
E2,SO,0,1.491529791004723,1,0.5081776103484965,0.5052116962139953,0.7022356417948475,0.022735364714429853,12.0,0.028439045742316746,5,7,u(k)*y(k-2) + u(k-1) + y(k-2) + y(k-2)*y(k-2) + y(k-5),False,5,0.028439045742316746,False,1.3881534590036608,1,0.6215796609799563,0.6179518901677896,0.7724337826078688,0.0227353647144298,84.734375,0.0284390457423167,5,7,u(k)*y(k-2) + u(k-1) + y(k-2) + y(k-2)*y(k-2) + y(k-5),False,5,0.0284390457423167,False,12,12,84.734375,84.734375,True
E2,SO,1,1.4609037920017727,1,0.5081636359306865,0.5054533657226064,0.7023170780821824,0.02276223859483383,12.0,0.027974296687295588,5,7,u(k-1) + u(k-1)*y(k-2) + y(k-3)*y(k-3) + y(k-4) + y(k-5),False,5,0.027974296687295588,False,1.4189741669979412,1,0.6215625681098497,0.6182474892815101,0.7725291544612725,0.0227622385948338,84.734375,0.0279742966872955,5,7,u(k-1) + u(k-1)*y(k-2) + y(k-3)*y(k-3) + y(k-4) + y(k-5),False,5,0.0279742966872955,False,12,12,84.734375,84.734375,True
E2,SO,2,1.7396855000115465,1,0.5081696231233497,0.5054697026011756,0.7030236496014238,0.022750724762789186,12.0,0.027942879613123903,5,7,u(k-1) + u(k-1)*y(k-2) + y(k-1)*y(k-3) + y(k-4) + y(k-5),False,5,0.027942879613123903,False,1.7564595000003465,1,0.6215698913706743,0.6182674718058003,0.7729003875411044,0.0227507247627891,84.734375,0.0279428796131239,5,7,u(k-1) + u(k-1)*y(k-2) + y(k-1)*y(k-3) + y(k-4) + y(k-5),False,5,0.0279428796131239,False,12,12,84.734375,84.734375,True
E2,SO,3,1.6821369170211256,1,0.5081895454958173,0.5051823544572149,0.6608462259067983,0.022712412508043817,12.0,0.028495472197663716,5,7,u(k)*u(k-2) + u(k-1) + y(k-2)*y(k-2) + y(k-4) + y(k-5),False,5,0.028495472197663716,False,1.404516958020395,1,0.6215942595074677,0.6179160006699826,0.7647119999810419,0.0227124125080438,84.734375,0.0284954721976637,5,7,u(k)*u(k-2) + u(k-1) + y(k-2)*y(k-2) + y(k-4) + y(k-5),False,5,0.0284954721976637,False,12,12,84.734375,84.734375,True
E2,SO,4,1.3178547080024146,1,0.5081895454958173,0.5051823544572148,0.701239033400467,0.022712412508043716,12.0,0.028495472197663872,5,7,u(k)*u(k-2) + u(k-1) + y(k-2)*y(k-2) + y(k-4) + y(k-5),False,5,0.028495472197663872,False,1.3936723340011667,1,0.6215942595074678,0.6179160006699825,0.7716928102990532,0.0227124125080437,84.734375,0.0284954721976638,5,7,u(k)*u(k-2) + u(k-1) + y(k-2)*y(k-2) + y(k-4) + y(k-5),False,5,0.0284954721976638,False,12,12,84.734375,84.734375,True
E2,SO,5,1.2364449579908978,1,0.5081777784522739,0.5051654979318954,0.7030894481561402,0.02273504143793509,12.0,0.02852788859250901,5,7,u(k)*y(k-2) + u(k-1) + y(k-2) + y(k-2)*y(k-3) + y(k-5),False,5,0.02852788859250901,False,1.381500249990495,1,0.6215798665968248,0.6178953825375029,0.7730018868306178,0.022735041437935,84.734375,0.028527888592509,5,7,u(k)*y(k-2) + u(k-1) + y(k-2) + y(k-2)*y(k-3) + y(k-5),False,5,0.028527888592509,False,12,12,84.734375,84.734375,True
E2,SO,6,1.1996162910072599,1,0.5081696231233496,0.5054697026011756,0.6254108930639056,0.022750724762789245,12.0,0.027942879613123753,5,7,u(k-1) + u(k-1)*y(k-2) + y(k-1)*y(k-3) + y(k-4) + y(k-5),False,5,0.027942879613123753,False,1.7137154999945778,1,0.6215698913706742,0.6182674718058004,0.7213691180305909,0.0227507247627892,84.734375,0.0279428796131237,5,7,u(k-1) + u(k-1)*y(k-2) + y(k-1)*y(k-3) + y(k-4) + y(k-5),False,5,0.0279428796131237,False,12,12,84.734375,84.734375,True
E2,SO,7,1.3600288339948747,1,0.5081777784522739,0.5051654979318952,0.7380541102525612,0.022735041437935043,12.0,0.028527888592509112,5,7,u(k)*y(k-2) + u(k-1) + y(k-2) + y(k-2)*y(k-3) + y(k-5),False,5,0.028527888592509112,False,1.4331184159964323,1,0.6215798665968248,0.6178953825375028,0.8164876925357881,0.022735041437935,84.734375,0.0285278885925091,5,7,u(k)*y(k-2) + u(k-1) + y(k-2) + y(k-2)*y(k-3) + y(k-5),False,5,0.0285278885925091,False,12,12,84.734375,84.734375,True
E2,SO,8,1.1294212919892743,1,0.5081776103484964,0.5052116962139953,0.7033077468718898,0.022735364714429947,12.0,0.028439045742316746,5,7,u(k)*y(k-2) + u(k-1) + y(k-2) + y(k-2)*y(k-2) + y(k-5),False,5,0.028439045742316746,False,1.312274666997837,1,0.6215796609799562,0.6179518901677896,0.7731951836970827,0.0227353647144299,84.734375,0.0284390457423167,5,7,u(k)*y(k-2) + u(k-1) + y(k-2) + y(k-2)*y(k-2) + y(k-5),False,5,0.0284390457423167,False,12,12,84.734375,84.734375,True
E2,SO,9,1.229894541989779,1,0.5081696231233496,0.5054697026011756,0.7400283766321236,0.02275072476278927,12.0,0.02794287961312382,5,7,u(k-1) + u(k-1)*y(k-2) + y(k-1)*y(k-3) + y(k-4) + y(k-5),False,5,0.02794287961312382,False,1.5743389999843205,1,0.6215698913706742,0.6182674718058004,0.8179839251252472,0.0227507247627892,84.734375,0.0279428796131238,5,7,u(k-1) + u(k-1)*y(k-2) + y(k-1)*y(k-3) + y(k-4) + y(k-5),False,5,0.0279428796131238,False,12,12,84.734375,84.734375,True
E2,SO,10,1.343674166011624,1,0.5081696231233496,0.5054697026011756,0.6608287139888142,0.022750724762789252,12.0,0.02794287961312382,5,7,u(k-1) + u(k-1)*y(k-2) + y(k-1)*y(k-3) + y(k-4) + y(k-5),False,5,0.02794287961312382,False,1.3269463340111542,1,0.6215698913706742,0.6182674718058004,0.7646905802021652,0.0227507247627892,84.734375,0.0279428796131238,5,7,u(k-1) + u(k-1)*y(k-2) + y(k-1)*y(k-3) + y(k-4) + y(k-5),False,5,0.0279428796131238,False,12,12,84.734375,84.734375,True
E2,SO,11,1.2548087920004036,1,0.5081895454958172,0.5051823544572149,0.625246731165281,0.02271241250804399,12.0,0.028495472197663657,5,7,u(k)*u(k-2) + u(k-1) + y(k-2)*y(k-2) + y(k-4) + y(k-5),False,5,0.028495472197663657,False,1.284737333015073,1,0.6215942595074676,0.6179160006699826,0.7211633572980394,0.0227124125080439,84.734375,0.0284954721976636,5,7,u(k)*u(k-2) + u(k-1) + y(k-2)*y(k-2) + y(k-4) + y(k-5),False,5,0.0284954721976636,False,12,12,84.734375,84.734375,True
E2,SO,12,1.1102989589853678,1,0.5081895454958172,0.5051823544572148,0.7022900879254745,0.022712412508043865,12.0,0.028495472197663768,5,7,u(k)*u(k-2) + u(k-1) + y(k-2)*y(k-2) + y(k-4) + y(k-5),False,5,0.028495472197663768,False,1.242030249995878,1,0.6215942595074676,0.6179160006699825,0.7725246026631025,0.0227124125080438,84.734375,0.0284954721976637,5,7,u(k)*u(k-2) + u(k-1) + y(k-2)*y(k-2) + y(k-4) + y(k-5),False,5,0.0284954721976637,False,12,12,84.734375,84.734375,True
E2,SO,13,1.1264367910043802,1,0.5081895454958172,0.5051823544572148,0.703006515949461,0.02271241250804397,12.0,0.028495472197663806,5,7,u(k)*u(k-2) + u(k-1) + y(k-2)*y(k-2) + y(k-4) + y(k-5),False,5,0.028495472197663806,False,1.6471910830005072,1,0.6215942595074676,0.6179160006699825,0.772941263443985,0.0227124125080439,84.734375,0.0284954721976638,5,7,u(k)*u(k-2) + u(k-1) + y(k-2)*y(k-2) + y(k-4) + y(k-5),False,5,0.0284954721976638,False,12,12,84.734375,84.734375,True
E2,SO,14,1.0776389999955427,1,0.5081696231233496,0.5054697026011756,0.7341024968809368,0.022750724762789293,12.0,0.027942879613123823,5,7,u(k-1) + u(k-1)*y(k-2) + y(k-1)*y(k-3) + y(k-4) + y(k-5),False,5,0.027942879613123823,False,1.1384545000037178,1,0.6215698913706742,0.6182674718058004,0.8138906265758535,0.0227507247627892,84.734375,0.0279428796131238,5,7,u(k-1) + u(k-1)*y(k-2) + y(k-1)*y(k-3) + y(k-4) + y(k-5),False,5,0.0279428796131238,False,12,12,84.734375,84.734375,True
E2,SO,15,1.2810642500116955,1,0.5081776103484964,0.5052116962139953,0.7025973432404659,0.022735364714429936,12.0,0.028439045742316763,5,7,u(k)*y(k-2) + u(k-1) + y(k-2) + y(k-2)*y(k-2) + y(k-5),False,5,0.028439045742316763,False,1.2026117500208784,1,0.6215796609799562,0.6179518901677895,0.77272142939469,0.0227353647144299,84.734375,0.0284390457423167,5,7,u(k)*y(k-2) + u(k-1) + y(k-2) + y(k-2)*y(k-2) + y(k-5),False,5,0.0284390457423167,False,12,12,84.734375,84.734375,True
E2,SO,16,1.2463189580012113,1,0.5081696231233496,0.5054697026011756,0.6253424767417074,0.022750724762789283,12.0,0.027942879613123882,5,7,u(k-1) + u(k-1)*y(k-2) + y(k-1)*y(k-3) + y(k-4) + y(k-5),False,5,0.027942879613123882,False,1.1719825000036508,1,0.6215698913706742,0.6182674718058003,0.721286555412764,0.0227507247627892,84.734375,0.0279428796131238,5,7,u(k-1) + u(k-1)*y(k-2) + y(k-1)*y(k-3) + y(k-4) + y(k-5),False,5,0.0279428796131238,False,12,12,84.734375,84.734375,True
E2,SO,17,1.094128875003662,1,0.5081520173375593,0.5054698880146141,0.7380397796748813,0.022784582043155217,12.0,0.02794252304881898,5,7,u(k-1) + u(k-1)*y(k-2) + y(k-2)*y(k-2) + y(k-4) + y(k-5),False,5,0.02794252304881898,False,1.6723848750116304,1,0.6215483567769811,0.6182676985950566,0.8155422999167735,0.0227845820431552,84.734375,0.0279425230488189,5,7,u(k-1) + u(k-1)*y(k-2) + y(k-2)*y(k-2) + y(k-4) + y(k-5),False,5,0.0279425230488189,False,12,12,84.734375,84.734375,True
E2,SO,18,1.094015834009042,1,0.5081776103484964,0.5052116962139953,0.6253498763579532,0.022735364714429964,12.0,0.028439045742316725,5,7,u(k)*y(k-2) + u(k-1) + y(k-2) + y(k-2)*y(k-2) + y(k-5),False,5,0.028439045742316725,False,1.1715484170126729,1,0.6215796609799562,0.6179518901677896,0.721306719817676,0.0227353647144299,84.734375,0.0284390457423167,5,7,u(k)*y(k-2) + u(k-1) + y(k-2) + y(k-2)*y(k-2) + y(k-5),False,5,0.0284390457423167,False,12,12,84.734375,84.734375,True
E2,SO,19,1.2097853340092115,1,0.5081895454958172,0.5051823544572148,0.671970927597131,0.0227124125080439,12.0,0.028495472197663824,5,7,u(k)*u(k-2) + u(k-1) + y(k-2)*y(k-2) + y(k-4) + y(k-5),False,5,0.028495472197663824,False,1.216459625022253,1,0.6215942595074676,0.6179160006699825,0.7673450383373067,0.0227124125080439,84.734375,0.0284954721976638,5,7,u(k)*u(k-2) + u(k-1) + y(k-2)*y(k-2) + y(k-4) + y(k-5),False,5,0.0284954721976638,False,12,12,84.734375,84.734375,True
E2,SO,20,1.047831749980105,1,0.5081696231233497,0.5054697026011757,0.7035432988203949,0.022750724762789203,12.0,0.02794287961312374,5,7,u(k-1) + u(k-1)*y(k-2) + y(k-1)*y(k-3) + y(k-4) + y(k-5),False,5,0.02794287961312374,False,1.6992972500156611,1,0.6215698913706743,0.6182674718058004,0.7733490170628786,0.0227507247627892,84.734375,0.0279428796131237,5,7,u(k-1) + u(k-1)*y(k-2) + y(k-1)*y(k-3) + y(k-4) + y(k-5),False,5,0.0279428796131237,False,12,12,84.734375,84.734375,True
E2,SO,21,1.0705037089937832,1,0.5081696231233496,0.5054697026011756,0.6254090801132546,0.022750724762789352,12.0,0.02794287961312378,5,7,u(k-1) + u(k-1)*y(k-2) + y(k-1)*y(k-3) + y(k-4) + y(k-5),False,5,0.02794287961312378,False,1.1702316669980064,1,0.6215698913706742,0.6182674718058004,0.721368648635568,0.0227507247627893,84.734375,0.0279428796131237,5,7,u(k-1) + u(k-1)*y(k-2) + y(k-1)*y(k-3) + y(k-4) + y(k-5),False,5,0.0279428796131237,False,12,12,84.734375,84.734375,True
E2,SO,22,1.0810750000237022,1,0.5081895454958171,0.5051823544572149,0.7035635153005244,0.022712412508044136,12.0,0.0284954721976637,5,7,u(k)*u(k-2) + u(k-1) + y(k-2)*y(k-2) + y(k-4) + y(k-5),False,5,0.0284954721976637,False,1.2159740419883749,1,0.6215942595074675,0.6179160006699826,0.7733719968152668,0.0227124125080441,84.734375,0.0284954721976637,5,7,u(k)*u(k-2) + u(k-1) + y(k-2)*y(k-2) + y(k-4) + y(k-5),False,5,0.0284954721976637,False,12,12,84.734375,84.734375,True
E2,SO,23,1.1160990000062156,1,0.5081696231233497,0.5054697026011757,0.7405086895433168,0.02275072476278919,12.0,0.027942879613123726,5,7,u(k-1) + u(k-1)*y(k-2) + y(k-1)*y(k-3) + y(k-4) + y(k-5),False,5,0.027942879613123726,False,1.230234416987514,1,0.6215698913706743,0.6182674718058004,0.8185633959840366,0.0227507247627891,84.734375,0.0279428796131237,5,7,u(k-1) + u(k-1)*y(k-2) + y(k-1)*y(k-3) + y(k-4) + y(k-5),False,5,0.0279428796131237,False,12,12,84.734375,84.734375,True
E2,SO,24,1.2939270000206307,1,0.5081895454958172,0.5051823544572148,0.6254259780987053,0.022712412508043858,12.0,0.02849547219766375,5,7,u(k)*u(k-2) + u(k-1) + y(k-2)*y(k-2) + y(k-4) + y(k-5),False,5,0.02849547219766375,False,1.7180405000108294,1,0.6215942595074676,0.6179160006699825,0.7213826039666068,0.0227124125080438,84.734375,0.0284954721976637,5,7,u(k)*u(k-2) + u(k-1) + y(k-2)*y(k-2) + y(k-4) + y(k-5),False,5,0.0284954721976637,False,12,12,84.734375,84.734375,True
E2,SO,25,1.2621926669962704,1,0.5081895454958172,0.5051823544572149,0.6609577812915974,0.022712412508044014,12.0,0.02849547219766373,5,7,u(k)*u(k-2) + u(k-1) + y(k-2)*y(k-2) + y(k-4) + y(k-5),False,5,0.02849547219766373,False,1.2485822500020731,1,0.6215942595074676,0.6179160006699826,0.7650536619059434,0.022712412508044,84.734375,0.0284954721976637,5,7,u(k)*u(k-2) + u(k-1) + y(k-2)*y(k-2) + y(k-4) + y(k-5),False,5,0.0284954721976637,False,12,12,84.734375,84.734375,True
E2,SO,26,1.3071502080128994,1,0.5081777784522739,0.5051654979318952,0.7032157754704368,0.022735041437935026,12.0,0.028527888592509126,5,7,u(k)*y(k-2) + u(k-1) + y(k-2) + y(k-2)*y(k-3) + y(k-5),False,5,0.028527888592509126,False,1.4422125419951044,1,0.6215798665968248,0.6178953825375028,0.7730960885716466,0.022735041437935,84.734375,0.0285278885925091,5,7,u(k)*y(k-2) + u(k-1) + y(k-2) + y(k-2)*y(k-3) + y(k-5),False,5,0.0285278885925091,False,12,12,84.734375,84.734375,True
E2,SO,27,1.1046098750084639,1,0.5081696231233496,0.5054697026011756,0.7368305464366713,0.022750724762789273,12.0,0.027942879613123823,5,7,u(k-1) + u(k-1)*y(k-2) + y(k-1)*y(k-3) + y(k-4) + y(k-5),False,5,0.027942879613123823,False,1.4355714170087597,1,0.6215698913706742,0.6182674718058004,0.8152230639158378,0.0227507247627892,84.734375,0.0279428796131238,5,7,u(k-1) + u(k-1)*y(k-2) + y(k-1)*y(k-3) + y(k-4) + y(k-5),False,5,0.0279428796131238,False,12,12,84.734375,84.734375,True
E2,SO,28,1.0979602500156034,1,0.5081895454958172,0.5051823544572148,0.6622606065035548,0.022712412508043928,12.0,0.028495472197663782,5,7,u(k)*u(k-2) + u(k-1) + y(k-2)*y(k-2) + y(k-4) + y(k-5),False,5,0.028495472197663782,False,1.5488918750197629,1,0.6215942595074676,0.6179160006699825,0.7664370403879751,0.0227124125080439,84.734375,0.0284954721976637,5,7,u(k)*u(k-2) + u(k-1) + y(k-2)*y(k-2) + y(k-4) + y(k-5),False,5,0.0284954721976637,False,12,12,84.734375,84.734375,True
E2,SO,29,1.0706234169774689,1,0.5081776103484964,0.5052116962139953,0.6608762816314974,0.02273536471443003,12.0,0.02843904574231672,5,7,u(k)*y(k-2) + u(k-1) + y(k-2) + y(k-2)*y(k-2) + y(k-5),False,5,0.02843904574231672,False,1.305949417001102,1,0.6215796609799561,0.6179518901677896,0.7647536480709772,0.02273536471443,84.734375,0.0284390457423167,5,7,u(k)*y(k-2) + u(k-1) + y(k-2) + y(k-2)*y(k-2) + y(k-5),False,5,0.0284390457423167,False,12,12,84.734375,84.734375,True
E3,Green,0,3.2740159169770777,7,0.9304094405274268,0.8701935225915906,0.9304094405274268,0.012240749784319391,14.0,1.5321434210230462,7,7,u(k-3) + u(k-4) + u(k-5) + u(k-8) + y(k-1) + y(k-6) + y(k-8),False,6,0.07861862313831593,False,2.394562166009564,9,0.96854344817223,0.9089122504885028,0.96854344817223,0.0108061575602858,109.515625,1.4483227715680842,7,9,u(k-2)*u(k-2)*y(k-6) + u(k-3) + u(k-6) + u(k-8) + y(k-1) + y(k-2) + y(k-8),False,6,0.0739862435707569,False,14,16,86.734375,109.515625,False
E3,Green,1,3.2595185409882106,8,0.9319392212680303,0.8676296203023193,0.9319392212680303,0.009694537528330709,16.0,1.4410116127193378,7,9,u(k-3)*y(k-4)*y(k-5) + u(k-5) + u(k-7) + u(k-8) + y(k-1) + y(k-7) + y(k-8),False,6,0.08133334320930895,False,2.331711583014112,7,0.9683375596452438,0.904435632326858,0.9683375596452438,0.0112083242554664,86.734375,2.5143968677737876,7,7,u(k-6) + u(k-7) + u(k-8) + y(k-1) + y(k-2) + y(k-4) + y(k-8),False,6,0.0786186231383159,False,16,14,109.515625,86.734375,False
E3,Green,2,3.12230791701586,8,0.9557834597401578,0.8933830274775352,0.9557834597401578,0.010148169030622415,16.0,1.3145192490673387,7,9,u(k-3) + u(k-3)*u(k-6)*y(k-4) + u(k-5) + u(k-8) + y(k-1) + y(k-7) + y(k-8),False,6,0.07861862313831601,False,2.176024458021857,9,0.969186375553451,0.904435632326858,0.969186375553451,0.0102127159632105,109.515625,1.3972351584085652,7,9,u(k-3)*y(k-4)*y(k-4) + u(k-4) + u(k-7) + u(k-8) + y(k-1) + y(k-6) + y(k-8),False,6,0.0786186231383159,False,16,16,109.515625,109.515625,False
E3,Green,3,3.303076666983543,9,0.9557104934186265,0.8933830274775352,0.9557104934186265,0.010216734309483437,19.0,1.3323004973569526,8,11,u(k-2)*y(k-3)*y(k-3) + u(k-5) + u(k-7) + u(k-8) + y(k-1) + y(k-1)*y(k-1) + y(k-2) + y(k-8),False,7,0.07861862313831597,False,2.5540505000099074,8,0.9692895893833596,0.904435632326858,0.9692895893833596,0.0100728698178894,109.515625,1.355559121630551,7,9,u(k-2)*y(k-3)*y(k-3) + u(k-6) + u(k-7) + u(k-8) + y(k-1) + y(k-2) + y(k-8),False,6,0.0786186231383159,False,19,16,133.296875,109.515625,False
E3,Green,4,3.1986294999951497,8,0.9315650699966819,0.8676296203023192,0.9315650699966819,0.010169110473061963,16.0,1.4307967602827873,7,9,u(k-2)*u(k-3)*y(k-4) + u(k-5) + u(k-7) + u(k-8) + y(k-1) + y(k-2) + y(k-8),False,6,0.08133334320930902,False,2.484158084000228,9,0.9696176312521128,0.904435632326858,0.9696176312521128,0.0096714845508333,109.515625,1.2781378337196525,7,9,u(k-5) + u(k-5)*y(k-4)*y(k-4) + u(k-6) + u(k-8) + y(k-1) + y(k-7) + y(k-8),False,6,0.0786186231383159,False,16,16,109.515625,109.515625,False
E3,Green,5,3.1994397079979535,8,0.9545589874988464,0.8977580526246742,0.9545589874988464,0.01186535061700835,14.0,1.4342685195813907,7,7,u(k) + u(k-1) + u(k-2) + u(k-4) + y(k-1) + y(k-7) + y(k-8),False,5,0.07398624357075696,False,2.117659832991194,6,0.953169103357466,0.8881864775555509,0.953169103357466,0.0123452772827123,74.34375,2.0154456527544355,6,6,u(k-6) + u(k-7) + u(k-8) + y(k-1) + y(k-2) + y(k-6),False,5,0.0809095745395062,False,14,12,86.734375,74.34375,False
E3,Green,6,3.0852767920005135,8,0.9562633261983443,0.8933830274775352,0.9562633261983443,0.009439492170230948,16.0,1.3209835660919624,7,9,u(k-5)*y(k-4)*y(k-4) + u(k-6) + u(k-7) + u(k-8) + y(k-1) + y(k-7) + y(k-8),False,6,0.07861862313831601,False,2.3733158749819268,7,0.9696225394588572,0.9044356323268578,0.9696225394588572,0.0096763467714329,109.515625,1.4079220935535617,7,9,u(k-3)*u(k-6)*y(k-4) + u(k-4) + u(k-7) + u(k-8) + y(k-1) + y(k-7) + y(k-8),False,6,0.078618623138316,False,16,16,109.515625,109.515625,False
E3,Green,7,2.7898170829867013,10,0.9553059968436058,0.8933830274775352,0.9553059968436058,0.010808084475489647,18.0,1.1296222746245836,8,10,u(k-3) + u(k-3)*y(k-2)*y(k-5) + u(k-6) + u(k-7) + y(k-1) + y(k-2) + y(k-7) + y(k-8),False,7,0.07861862313831591,False,2.088380540983053,10,0.9692494005448066,0.904435632326858,0.9692494005448066,0.0100706155235375,109.515625,inf,7,9,u(k-5) + u(k-6) + u(k-8) + y(k-1) + y(k-2)*y(k-4)*y(k-5) + y(k-7) + y(k-8),False,6,0.0786186231383159,False,18,16,121.90625,109.515625,False
E3,Green,8,2.996643333986867,8,0.9556595642462765,0.8933830274775352,0.9556595642462765,0.010281311332839542,16.0,1.360151064416237,7,9,u(k-3)*y(k-4)*y(k-4) + u(k-6) + u(k-7) + u(k-8) + y(k-1) + y(k-5) + y(k-8),False,6,0.07861862313831593,False,2.48323895901558,7,0.954662649353312,0.8877769578916487,0.954662649353312,0.0100452566212265,109.515625,1.4309455630682304,7,9,u(k-2)*u(k-4)*y(k-3) + u(k-6) + u(k-7) + u(k-8) + y(k-1) + y(k-2) + y(k-8),False,6,0.0813333432093088,False,16,16,109.515625,109.515625,False
E3,Green,9,2.9886892909999005,8,0.9558301575960853,0.8933830274775352,0.9558301575960853,0.010101848000992748,16.0,1.4152999059897167,7,9,u(k-3)*u(k-5)*y(k-4) + u(k-5) + u(k-6) + u(k-8) + y(k-1) + y(k-6) + y(k-8),False,6,0.07861862313831593,False,2.3497651249927003,8,0.969218784352769,0.904435632326858,0.969218784352769,0.0100973593028508,109.515625,1.4155761416685462,7,9,u(k-3)*u(k-5)*y(k-4) + u(k-4) + u(k-7) + u(k-8) + y(k-1) + y(k-6) + y(k-8),False,6,0.0786186231383159,False,16,16,109.515625,109.515625,False
E3,Green,10,3.0560588749940507,8,0.9309746804102068,0.867629620302319,0.9309746804102068,0.01091198296235705,19.0,10.354339282428745,8,11,u(k-2)*y(k-3)*y(k-4) + u(k-6) + u(k-7) + u(k-8) + y(k-1) + y(k-5)*y(k-5) + y(k-7) + y(k-8),False,7,0.0813333432093092,False,2.179967542004306,8,0.9544077974096,0.8877769578916487,0.9544077974096,0.010338341001311,109.515625,1.3111305879350437,7,9,u(k-3) + u(k-3)*u(k-4)*y(k-2) + u(k-7) + u(k-8) + y(k-1) + y(k-2) + y(k-8),False,6,0.0813333432093088,False,19,16,133.296875,109.515625,False
E3,Green,11,3.0690438330057077,7,0.9313679067869887,0.8676296203023193,0.9313679067869887,0.010332731818022566,16.0,1.2638466646490751,7,9,u(k-2)*u(k-5)*y(k-3) + u(k-4) + u(k-6) + u(k-8) + y(k-1) + y(k-2) + y(k-8),False,6,0.08133334320930892,False,2.458951165986946,8,0.9692301106092124,0.9089122504885028,0.9692301106092124,0.0100728698260248,109.515625,1.3555591215124962,7,9,u(k-2)*y(k-3)*y(k-3) + u(k-6) + u(k-7) + u(k-8) + y(k-1) + y(k-2) + y(k-8),False,6,0.073986243570757,False,16,16,109.515625,109.515625,False
E3,Green,12,3.1226172920141835,7,0.9311922176414608,0.865682072889866,0.9311922176414608,0.01056886772677278,16.0,1.2487607958397393,7,9,u(k-3) + u(k-3)*u(k-6)*y(k-4) + u(k-5) + u(k-6) + y(k-1) + y(k-7) + y(k-8),False,6,0.0833954522342595,False,2.1415603749919683,7,0.9676695271596196,0.904435632326858,0.9676695271596196,0.0118653506169707,86.734375,1.5707251889112723,7,7,u(k-3) + u(k-4) + u(k-6) + u(k-7) + y(k-1) + y(k-7) + y(k-8),False,6,0.0786186231383159,False,16,14,109.515625,86.734375,False
E3,Green,13,2.8125227090204135,8,0.9559415904122963,0.8933830274775352,0.9559415904122963,0.009908723983441711,16.0,1.2926707257455405,7,9,u(k-3)*y(k-4)*y(k-6) + u(k-6) + u(k-7) + u(k-8) + y(k-1) + y(k-6) + y(k-8),False,6,0.07861862313831593,False,2.4732481249957345,7,0.9530536303493948,0.8877769578916491,0.9530536303493948,0.0118653506168766,86.734375,1.5473864518783458,7,7,u(k-3) + u(k-4) + u(k-5) + u(k-6) + y(k-1) + y(k-7) + y(k-8),False,6,0.0813333432093084,False,16,14,109.515625,86.734375,False
E3,Green,14,2.880960625014268,9,0.9317353144265601,0.8676296203023195,0.9317353144265601,0.010045256620941285,16.0,1.4309455630588652,7,9,u(k-2)*u(k-4)*y(k-3) + u(k-6) + u(k-7) + u(k-8) + y(k-1) + y(k-2) + y(k-8),False,6,0.0813333432093087,False,2.4929173339914996,8,0.954799674037737,0.8829845024445353,0.954799674037737,0.009805854770821,109.515625,1.2885927432206232,7,9,u(k-3)*y(k-4)*y(k-7) + u(k-4) + u(k-7) + u(k-8) + y(k-1) + y(k-7) + y(k-8),False,6,0.0862925494426783,False,16,16,109.515625,109.515625,False
E3,Green,15,2.9753418340114877,7,0.9543364276381493,0.8933830274775352,0.9543364276381493,0.011865350616759002,14.0,1.4245364143084573,7,7,u(k) + u(k-1) + u(k-2) + u(k-3) + y(k-1) + y(k-7) + y(k-8),False,5,0.07861862313831591,False,2.254792916995939,8,0.9691030219226104,0.9089122504885028,0.9691030219226104,0.0101730802912899,109.515625,1.3203847073776964,7,9,u(k-2)*y(k-3)*y(k-3) + u(k-5) + u(k-7) + u(k-8) + y(k-1) + y(k-2) + y(k-8),False,6,0.073986243570757,False,14,16,86.734375,109.515625,False
E3,Green,16,3.1364310829958413,6,0.9314114527009021,0.8676296203023194,0.9314114527009021,0.010298169731425336,16.0,1.2195527243283317,7,9,u(k-3) + u(k-3)*y(k-4)*y(k-6) + u(k-7) + u(k-8) + y(k-1) + y(k-6) + y(k-8),False,6,0.08133334320930885,False,2.407433249987662,10,0.9688395996499414,0.9044356323268578,0.9688395996499414,0.0109644308293878,109.515625,4.479868586345388,7,9,u(k-4)*y(k-1)*y(k-4) + u(k-6) + u(k-7) + u(k-8) + y(k-1) + y(k-7) + y(k-8),False,6,0.078618623138316,False,16,16,109.515625,109.515625,False
E3,Green,17,3.1885173750051763,7,0.9543824749235578,0.8977580526246741,0.9543824749235578,0.011865350616996229,14.0,1.5929985885212954,7,7,u(k-3) + u(k-5) + u(k-6) + u(k-8) + y(k-1) + y(k-7) + y(k-8),False,6,0.07398624357075705,False,2.1857555829919875,8,0.9679502229679116,0.904435632326858,0.9679502229679116,0.0118653506171009,86.734375,1.5789925514510132,7,7,u(k) + u(k-5) + u(k-7) + u(k-8) + y(k-1) + y(k-7) + y(k-8),False,5,0.0786186231383159,False,14,14,86.734375,86.734375,False
E3,Green,18,3.306556666007964,10,0.9561155555314601,0.8933830274775352,0.9561155555314601,0.010037560969769318,16.0,1.440488148518387,7,9,u(k-1)*u(k-5)*y(k-4) + u(k-6) + u(k-7) + u(k-8) + y(k-1) + y(k-2) + y(k-8),False,6,0.07861862313831591,False,2.332826625002781,7,0.9533298271185122,0.8877769578916488,0.9533298271185122,0.0116065761541767,86.734375,3.1389235208566686,7,7,u(k-5) + u(k-7) + u(k-8) + y(k-1) + y(k-2) + y(k-4) + y(k-8),False,6,0.0813333432093087,False,16,14,109.515625,86.734375,False
E3,Green,19,3.1614645829831716,8,0.9552872594716012,0.8933830274775352,0.9552872594716012,0.010568631453558162,16.0,1.4081945296215865,7,9,u(k-4) + u(k-5) + u(k-5)*y(k-2)*y(k-4) + u(k-8) + y(k-1) + y(k-7) + y(k-8),False,6,0.07861862313831593,False,2.4365826249995735,8,0.9692931635648968,0.904435632326858,0.9692931635648968,0.0099912600569589,109.515625,1.343059593032506,7,9,u(k-3)*u(k-6)*y(k-4) + u(k-4) + u(k-6) + u(k-7) + y(k-1) + y(k-7) + y(k-8),False,6,0.0786186231383159,False,16,16,109.515625,109.515625,False
E3,Green,20,3.036575709003955,7,0.9318679581183406,0.8701935225915906,0.9318679581183406,0.010216265439512113,16.0,1.3388568980842235,7,9,u(k-3)*u(k-3)*y(k-3) + u(k-4) + u(k-7) + u(k-8) + y(k-1) + y(k-2) + y(k-8),False,6,0.07861862313831597,False,2.0718944580003154,9,0.9686364128707412,0.904435632326858,0.9686364128707412,0.01086163428205,109.515625,1.138687721862569,7,9,u(k-5) + u(k-6) + u(k-8) + y(k-1) + y(k-4)*y(k-4)*y(k-4) + y(k-5) + y(k-8),False,6,0.0786186231383159,False,16,16,109.515625,109.515625,False
E3,Green,21,3.0864195419999305,8,0.9557564464957539,0.8933830274775352,0.9557564464957539,0.01017022874497065,16.0,1.3087662775637063,7,9,u(k-4)*y(k-2)*y(k-2) + u(k-5) + u(k-7) + u(k-8) + y(k-1) + y(k-2) + y(k-8),False,6,0.07861862313831593,False,2.3507870829780586,8,0.9691216286919913,0.904435632326858,0.9691216286919913,0.0101559619222001,109.515625,1.2458680086687115,7,9,u(k-3)*y(k-4)*y(k-7) + u(k-4) + u(k-6) + u(k-7) + y(k-1) + y(k-7) + y(k-8),False,6,0.0786186231383159,False,16,16,109.515625,109.515625,False
E3,Green,22,3.3840474999742582,9,0.9559444175517173,0.8933830274775352,0.9559444175517173,0.009554323763703665,20.0,1.4623610430250087,8,12,u(k) + u(k)*u(k)*u(k-2)*y(k-1)*y(k-2) + u(k-2) + u(k-3) + u(k-5) + y(k-1) + y(k-10) + y(k-8),False,6,0.07861862313831593,False,2.0853500829834957,8,0.9531247393935776,0.8829845024445353,0.9531247393935776,0.0118653506170883,86.734375,1.5375370250618283,7,7,u(k-2) + u(k-4) + u(k-5) + u(k-6) + y(k-1) + y(k-7) + y(k-8),False,6,0.0862925494426782,False,20,14,144.6875,86.734375,False
E3,Green,23,3.2272817910125013,8,0.9313245167582657,0.8676296203023187,0.9313245167582657,0.010511308331507365,16.0,1.2268967061082292,7,9,u(k-3) + u(k-3)*u(k-3)*u(k-5) + u(k-5) + u(k-8) + y(k-1) + y(k-2) + y(k-8),False,6,0.08133334320930967,False,2.417904166999506,8,0.9546375390526044,0.8877769578916488,0.9546375390526044,0.0100426808939243,109.515625,1.3714728850373217,7,9,u(k-2)*u(k-5)*y(k-3) + u(k-6) + u(k-7) + u(k-8) + y(k-1) + y(k-2) + y(k-8),False,6,0.0813333432093087,False,16,16,109.515625,109.515625,False
E3,Green,24,3.2814255410048645,8,0.9559476291291479,0.8933830274775352,0.9559476291291479,0.00997164562969486,16.0,1.4538423142133703,7,9,u(k-3)*u(k-5)*y(k-4) + u(k-5) + u(k-7) + u(k-8) + y(k-1) + y(k-6) + y(k-8),False,6,0.07861862313831593,False,2.1571990000084043,7,0.9688916192240076,0.904435632326858,0.9688916192240076,0.0105348354199907,109.515625,1.1526913252349509,7,9,u(k-3) + u(k-3)*u(k-4)*y(k-4) + u(k-6) + u(k-8) + y(k-1) + y(k-2) + y(k-8),False,6,0.0786186231383159,False,16,16,109.515625,109.515625,False
E3,Green,25,2.913982958998531,7,0.9544558315465926,0.8933830274775352,0.9544558315465926,0.012250872585152353,12.0,3.963967766709594,6,6,u(k-5) + u(k-7) + u(k-8) + y(k-1) + y(k-2) + y(k-7),False,5,0.07861862313831601,False,2.3829493329976685,8,0.9693226094243864,0.904435632326858,0.9693226094243864,0.0100027107124728,109.515625,1.477899459208725,7,9,u(k-3)*u(k-6)*y(k-3) + u(k-5) + u(k-7) + u(k-8) + y(k-1) + y(k-6) + y(k-8),False,6,0.0786186231383159,False,12,16,74.34375,109.515625,False
E3,Green,26,3.572251125006005,7,0.9321409494727629,0.8701935225915906,0.9321409494727629,0.009856425370688184,16.0,1.4047718996223197,7,9,u(k-3)*y(k-4)*y(k-5) + u(k-5) + u(k-6) + u(k-8) + y(k-1) + y(k-7) + y(k-8),False,6,0.0786186231383159,False,2.515270665986463,9,0.9692122669924488,0.904435632326858,0.9692122669924488,0.0102124856909834,109.515625,1.2881936518532249,7,9,u(k-3)*u(k-3)*u(k-6) + u(k-4) + u(k-7) + u(k-8) + y(k-1) + y(k-2) + y(k-8),False,6,0.0786186231383159,False,16,16,109.515625,109.515625,False
E3,Green,27,3.342987708019791,8,0.9550069012327732,0.8933830274775352,0.9550069012327732,0.011150322769435344,14.0,2.3969439364593192,7,7,u(k-6) + u(k-7) + u(k-8) + y(k-1) + y(k-2) + y(k-3) + y(k-8),False,6,0.07861862313831591,False,2.2084980409999844,8,0.9688393954831332,0.904435632326858,0.9688393954831332,0.0105785574060334,109.515625,1.203177133861186,7,9,u(k-3) + u(k-3)*y(k-4)*y(k-7) + u(k-5) + u(k-7) + y(k-1) + y(k-7) + y(k-8),False,6,0.0786186231383159,False,14,16,86.734375,109.515625,False
E3,Green,28,2.994180666981265,8,0.9545779898582187,0.8933830274775352,0.9545779898582187,0.011865350616893849,14.0,1.4245364143143138,7,7,u(k) + u(k-1) + u(k-2) + u(k-3) + y(k-1) + y(k-7) + y(k-8),False,5,0.07861862313831591,False,2.321456541976658,7,0.9683894054471018,0.904435632326858,0.9683894054471018,0.0111503227695748,86.734375,2.3969439364626797,7,7,u(k-6) + u(k-7) + u(k-8) + y(k-1) + y(k-2) + y(k-3) + y(k-8),False,6,0.0786186231383158,False,14,14,86.734375,86.734375,False
E3,Green,29,3.2260314589948393,7,0.9550584685604291,0.8933830274775352,0.9550584685604291,0.01115032276956606,14.0,2.3969439364639524,7,7,u(k-6) + u(k-7) + u(k-8) + y(k-1) + y(k-2) + y(k-3) + y(k-8),False,6,0.07861862313831593,False,2.175920915993629,7,0.954769272288944,0.8904003968815571,0.954769272288944,0.0100537179611005,109.515625,1.384353794924409,7,9,u(k-1)*y(k-4)*y(k-4) + u(k-6) + u(k-7) + u(k-8) + y(k-1) + y(k-2) + y(k-8),False,6,0.0786186231383159,False,14,16,86.734375,109.515625,False
E3,MO-lex,0,1.96874954199302,3,0.7810578619849,0.0,0.7810578619849,0.010039370722494428,16.0,1.4114130381953272,7,9,u(k-3)*u(k-3)*y(k-3) + u(k-6) + u(k-7) + u(k-8) + y(k-1) + y(k-2) + y(k-8),False,6,1.4114130381953272,False,1.3697402910038363,3,0.8439474512739972,0.0,0.8439474512739972,0.0100393707224944,109.515625,1.4114130381953272,7,9,u(k-3)*u(k-3)*y(k-3) + u(k-6) + u(k-7) + u(k-8) + y(k-1) + y(k-2) + y(k-8),False,6,1.4114130381953272,False,16,16,109.515625,109.515625,True
E3,MO-lex,1,1.7269602919986937,2,0.7976127994426776,0.0,0.7976127994426776,0.009788352480229977,16.0,1.3685669607668864,7,9,u(k-4)*y(k-4)*y(k-4) + u(k-5) + u(k-6) + u(k-8) + y(k-1) + y(k-7) + y(k-8),False,6,1.3685669607668864,False,1.2763015829841606,2,0.8736136760419483,0.0,0.8736136760419483,0.0097883524802299,109.515625,1.3685669607668864,7,9,u(k-4)*y(k-4)*y(k-4) + u(k-5) + u(k-6) + u(k-8) + y(k-1) + y(k-7) + y(k-8),False,6,1.3685669607668864,False,16,16,109.515625,109.515625,True
E3,MO-lex,2,1.9599421659950167,4,0.8247517916683426,0.0,0.8247517916683426,0.009836633643372604,16.0,1.2543238892233024,7,9,u(k-5) + u(k-5)*y(k-4)*y(k-4) + u(k-6) + u(k-7) + y(k-1) + y(k-7) + y(k-8),False,6,1.2522088427975897,False,1.5580082499946002,4,0.889919683183501,0.0,0.889919683183501,0.0098366336433726,109.515625,1.2543238892233024,7,9,u(k-5) + u(k-5)*y(k-4)*y(k-4) + u(k-6) + u(k-7) + y(k-1) + y(k-7) + y(k-8),False,6,1.2522088427975897,False,16,16,109.515625,109.515625,True
E3,MO-lex,3,1.706031334004365,3,0.7972991275116788,0.0,0.7972991275116788,0.010039370717658593,16.0,1.4114130377786807,7,9,u(k-3)*u(k-3)*y(k-3) + u(k-6) + u(k-7) + u(k-8) + y(k-1) + y(k-2) + y(k-8),False,6,1.3937274818636392,False,1.3500772080151364,3,0.8732681645683564,0.0,0.8732681645683564,0.0100393707176585,109.515625,1.4114130377786809,7,9,u(k-3)*u(k-3)*y(k-3) + u(k-6) + u(k-7) + u(k-8) + y(k-1) + y(k-2) + y(k-8),False,6,1.3937274818636392,False,16,16,109.515625,109.515625,True
E3,MO-lex,4,1.6511452500126325,4,0.7974228747250344,0.0,0.7974228747250344,0.010079715783236963,16.0,1.4073547064290304,7,9,u(k-3)*y(k-2)*y(k-2) + u(k-6) + u(k-7) + u(k-8) + y(k-1) + y(k-2) + y(k-8),False,6,1.3847582396988163,False,1.3116918749874458,4,0.8734064378299579,0.0,0.8734064378299579,0.0100797157832369,109.515625,1.4073547064290304,7,9,u(k-3)*y(k-2)*y(k-2) + u(k-6) + u(k-7) + u(k-8) + y(k-1) + y(k-2) + y(k-8),False,6,1.3847582396988165,False,16,16,109.515625,109.515625,True
E3,MO-lex,5,2.3497705000045244,3,0.7973881187042071,0.0,0.7973881187042071,0.010074341668348665,16.0,1.339835537085711,7,9,u(k-3)*y(k-2)*y(k-3) + u(k-6) + u(k-7) + u(k-8) + y(k-1) + y(k-2) + y(k-8),False,6,1.318735813192184,False,1.32038487502723,4,0.8594628658731914,0.0,0.8594628658731914,0.0100743416683486,109.515625,1.339835537085711,7,9,u(k-3)*y(k-2)*y(k-3) + u(k-6) + u(k-7) + u(k-8) + y(k-1) + y(k-2) + y(k-8),False,6,1.318735813192184,False,16,16,109.515625,109.515625,True
E3,MO-lex,6,2.352873499999987,4,0.797335213386427,0.5760260579090576,0.797335213386427,0.009473659734333303,16.0,1.4670512654174257,7,9,u(k-3)*u(k-6)*y(k-4) + u(k-6) + u(k-7) + u(k-8) + y(k-1) + y(k-7) + y(k-8),False,6,0.28493316949220443,False,1.6186867919750512,4,0.8599040449146034,0.6208322770300893,0.8599040449146034,0.0094736597343333,109.515625,1.4670512654174257,7,9,u(k-3)*u(k-6)*y(k-4) + u(k-6) + u(k-7) + u(k-8) + y(k-1) + y(k-7) + y(k-8),False,6,0.2849331694922044,False,16,16,109.515625,109.515625,True
E3,MO-lex,7,2.321332749997964,5,0.7840327795546731,0.6810671429902496,0.7840327795546731,0.008654651609147187,20.0,1.1706935881100962,8,12,u(k)*y(k-1)*y(k-6) + u(k-3)*u(k-3)*y(k-2) + u(k-6) + u(k-7) + u(k-8) + y(k-1) + y(k-4) + y(k-9),False,7,0.13970466148600044,False,1.472877291002078,6,0.8586208319488049,0.7457546599635434,0.8586208319488049,0.0086546516091471,144.6875,1.1706935881100962,8,12,u(k)*y(k-1)*y(k-6) + u(k-3)*u(k-3)*y(k-2) + u(k-6) + u(k-7) + u(k-8) + y(k-1) + y(k-4) + y(k-9),False,7,0.1397046614860004,False,20,20,144.6875,144.6875,True
E3,MO-lex,8,1.8617254159762524,5,0.8243678358742318,0.7650413454408588,0.8243678358742318,0.009473659732928748,16.0,1.4670512654674763,7,9,u(k-3)*u(k-6)*y(k-4) + u(k-6) + u(k-7) + u(k-8) + y(k-1) + y(k-7) + y(k-8),False,6,0.0794053217908047,False,1.3245802499877757,6,0.876233845703099,0.8145448566254881,0.876233845703099,0.0094736597329287,109.515625,1.4670512654674763,7,9,u(k-3)*u(k-6)*y(k-4) + u(k-6) + u(k-7) + u(k-8) + y(k-1) + y(k-7) + y(k-8),False,6,0.0794053217908047,False,16,16,109.515625,109.515625,True
E3,MO-lex,9,1.934317999985069,5,0.8244912935858778,0.0,0.8244912935858778,0.010266056857211795,16.0,1.299601640550438,7,9,u(k-3)*u(k-3)*u(k-5) + u(k-5) + u(k-6) + u(k-7) + y(k-1) + y(k-2) + y(k-8),False,6,1.299601640550438,False,1.6138723749900237,5,0.8896940151329656,0.0,0.8896940151329656,0.0102660568572117,109.515625,1.299601640550438,7,9,u(k-3)*u(k-3)*u(k-5) + u(k-5) + u(k-6) + u(k-7) + y(k-1) + y(k-2) + y(k-8),False,6,1.299601640550438,False,16,16,109.515625,109.515625,True
E3,MO-lex,10,1.8462083330086898,5,0.7223950933803148,0.3599670560596355,0.7223950933803148,0.007795726488644577,21.0,0.5000326217763083,7,14,u(k)*u(k)*u(k-2) + u(k-1)*u(k-2)*u(k-2) + u(k-1)*u(k-2)*u(k-4) + u(k-3) + u(k-5) + y(k-3)*y(k-6) + y(k-6),False,7,0.5000326217763083,False,1.4366694159980398,5,0.7898841973257485,0.3935183287809404,0.7898841973257485,0.0077957264886445,166.46875,0.5000326217763083,7,14,u(k)*u(k)*u(k-2) + u(k-1)*u(k-2)*u(k-2) + u(k-1)*u(k-2)*u(k-4) + u(k-3) + u(k-5) + y(k-3)*y(k-6) + y(k-6),False,7,0.5000326217763083,False,21,21,166.46875,166.46875,True
E3,MO-lex,11,2.434863417001907,2,0.7163717324771421,0.5604233690336732,0.7163717324771421,0.008384216593913382,20.0,1.5731477329613914,7,13,u(k)*u(k)*u(k) + u(k)*u(k-3)*y(k-1) + u(k-2) + u(k-2)*u(k-5)*y(k-3) + u(k-7) + y(k-5) + y(k-8),False,7,0.15936494644949042,False,1.4980805840168614,2,0.7831897684509667,0.62363258552068,0.7831897684509667,0.0083842165939133,155.078125,1.5731477329613914,7,13,u(k)*u(k)*u(k) + u(k)*u(k-3)*y(k-1) + u(k-2) + u(k-2)*u(k-5)*y(k-3) + u(k-7) + y(k-5) + y(k-8),False,7,0.1593649464494904,False,20,20,155.078125,155.078125,True
E3,MO-lex,12,2.228247959021246,3,0.7972920532376917,0.0,0.7972920532376917,0.010045256624799024,16.0,1.4309455630478096,7,9,u(k-2)*u(k-4)*y(k-3) + u(k-6) + u(k-7) + u(k-8) + y(k-1) + y(k-2) + y(k-8),False,6,1.413237231933367,False,1.3816630830115173,4,0.8733166076358494,0.0,0.8733166076358494,0.010045256624799,109.515625,1.4309455630478096,7,9,u(k-2)*u(k-4)*y(k-3) + u(k-6) + u(k-7) + u(k-8) + y(k-1) + y(k-2) + y(k-8),False,6,1.4060373904033645,False,16,16,109.515625,109.515625,True
E3,MO-lex,13,1.7225505409878679,5,0.7965856756933456,0.0,0.7965856756933456,0.009460083222009934,19.0,1.4978106212189835,8,11,u(k-3)*u(k-6)*y(k-4) + u(k-6) + u(k-7) + u(k-8) + y(k-1) + y(k-5)*y(k-5) + y(k-7) + y(k-8),False,7,1.2914595046165889,False,1.604498540982604,5,0.8595510827468568,0.0,0.8595510827468568,0.0094600832220099,133.296875,1.4978106212189837,8,11,u(k-3)*u(k-6)*y(k-4) + u(k-6) + u(k-7) + u(k-8) + y(k-1) + y(k-5)*y(k-5) + y(k-7) + y(k-8),False,7,1.2914595046165889,False,19,19,133.296875,133.296875,True
E3,MO-lex,14,2.3485657919954974,4,0.8758332312745428,0.8025542282307918,0.8758332312745428,0.011865350616789182,14.0,1.424536414312042,7,7,u(k) + u(k-1) + u(k-2) + u(k-3) + y(k-1) + y(k-7) + y(k-8),False,5,0.09154445486372437,False,1.2797254170000087,4,0.9201027800678022,0.8443597430030974,0.9201027800678022,0.0118653506167891,86.734375,1.424536414312042,7,7,u(k) + u(k-1) + u(k-2) + u(k-3) + y(k-1) + y(k-7) + y(k-8),False,5,0.0915444548637243,False,14,14,86.734375,86.734375,True
E3,MO-lex,15,2.2417447500047274,3,0.7582568917594662,0.48443734129092797,0.7582568917594662,0.007221068130828746,20.0,1.0777152814237663,8,12,u(k-1)*u(k-1)*y(k-7) + u(k-3) + u(k-3)*u(k-3)*y(k-4) + u(k-8) + u(k-9) + y(k-1) + y(k-10) + y(k-5),False,7,0.35408354494542943,False,1.3680470419931223,4,0.843745258082642,0.5299697406518601,0.843745258082642,0.0072210681308287,144.6875,1.0777152814237665,8,12,u(k-1)*u(k-1)*y(k-7) + u(k-3) + u(k-3)*u(k-3)*y(k-4) + u(k-8) + u(k-9) + y(k-1) + y(k-10) + y(k-5),False,7,0.3540835449454294,False,20,20,144.6875,144.6875,True
E3,MO-lex,16,2.1471324170124717,2,0.7978339930881431,0.0,0.7978339930881431,0.009489652131252179,16.0,1.3737644606081234,7,9,u(k-3)*y(k-4)*y(k-6) + u(k-6) + u(k-7) + u(k-8) + y(k-1) + y(k-7) + y(k-8),False,6,1.3737644606081234,False,1.541409792000195,2,0.873855606510298,0.0,0.873855606510298,0.0094896521312521,109.515625,1.3737644606081234,7,9,u(k-3)*y(k-4)*y(k-6) + u(k-6) + u(k-7) + u(k-8) + y(k-1) + y(k-7) + y(k-8),False,6,1.3737644606081234,False,16,16,109.515625,109.515625,True
E3,MO-lex,17,2.6754989170003682,4,0.824921865821315,0.0,0.824921865821315,0.010045256621092331,16.0,1.4309455630836678,7,9,u(k-2)*u(k-4)*y(k-3) + u(k-6) + u(k-7) + u(k-8) + y(k-1) + y(k-2) + y(k-8),False,6,1.4132372314242998,False,1.3476808340055868,4,0.8900748142040021,0.0,0.8900748142040021,0.0100452566210923,109.515625,1.4309455630836678,7,9,u(k-2)*u(k-4)*y(k-3) + u(k-6) + u(k-7) + u(k-8) + y(k-1) + y(k-2) + y(k-8),False,6,1.4132372314242998,False,16,16,109.515625,109.515625,True
E3,MO-lex,18,2.0748754999949597,2,0.7977858522786169,0.0,0.7977858522786169,0.009565855976881284,16.0,1.474250042250113,7,9,u(k-3)*y(k-4)*y(k-5) + u(k-6) + u(k-7) + u(k-8) + y(k-1) + y(k-7) + y(k-8),False,6,1.474250042250113,False,1.386669957981212,2,0.87380311034228,0.0,0.87380311034228,0.0095658559768812,109.515625,1.474250042250113,7,9,u(k-3)*y(k-4)*y(k-5) + u(k-6) + u(k-7) + u(k-8) + y(k-1) + y(k-7) + y(k-8),False,6,1.474250042250113,False,16,16,109.515625,109.515625,True
E3,MO-lex,19,2.2966896669822745,4,0.8252922733160116,0.0,0.8252922733160116,0.009473659733035489,16.0,1.4670512654687449,7,9,u(k-3)*u(k-6)*y(k-4) + u(k-6) + u(k-7) + u(k-8) + y(k-1) + y(k-7) + y(k-8),False,6,1.4670512654687449,False,1.3433777499885764,4,0.8904913369505258,0.0,0.8904913369505258,0.0094736597330354,109.515625,1.4670512654687449,7,9,u(k-3)*u(k-6)*y(k-4) + u(k-6) + u(k-7) + u(k-8) + y(k-1) + y(k-7) + y(k-8),False,6,1.4670512654687449,False,16,16,109.515625,109.515625,True
E3,MO-lex,20,2.524237458012067,3,0.8248038310993573,0.0,0.8248038310993573,0.010083309212071984,16.0,1.3814531183213783,7,9,u(k-3)*u(k-3)*u(k-5) + u(k-5) + u(k-7) + u(k-8) + y(k-1) + y(k-2) + y(k-8),False,6,1.3814531183213783,False,1.5722723749931902,3,0.8899528266660036,0.0,0.8899528266660036,0.0100833092120719,109.515625,1.3814531183213783,7,9,u(k-3)*u(k-3)*u(k-5) + u(k-5) + u(k-7) + u(k-8) + y(k-1) + y(k-2) + y(k-8),False,6,1.3814531183213783,False,16,16,109.515625,109.515625,True
E3,MO-lex,21,2.542120584024815,3,0.7715425215484807,0.4316410779658481,0.7715425215484807,0.007737156957317227,20.0,1.1192204615298393,8,12,u(k)*u(k)*y(k-7) + u(k-1)*u(k-4)*y(k-2) + u(k-7) + u(k-8) + u(k-9) + y(k-1) + y(k-4) + y(k-8),False,7,0.4244785627122026,False,1.3654199590091594,3,0.8446000673007037,0.4722111419707227,0.8446000673007037,0.0077371569573172,144.6875,1.1192204615298391,8,12,u(k)*u(k)*y(k-7) + u(k-1)*u(k-4)*y(k-2) + u(k-7) + u(k-8) + u(k-9) + y(k-1) + y(k-4) + y(k-8),False,7,0.4244785627122026,False,20,20,144.6875,144.6875,True
E3,MO-lex,22,2.3780510410142597,2,0.8500827271029234,0.0,0.8500827271029234,0.01186535061655441,14.0,1.4245364143079842,7,7,u(k) + u(k-1) + u(k-2) + u(k-3) + y(k-1) + y(k-7) + y(k-8),False,5,1.2025204217894379,False,1.2352792919846252,2,0.9045799878064368,0.0,0.9045799878064368,0.0118653506165544,86.734375,1.4245364143079842,7,7,u(k) + u(k-1) + u(k-2) + u(k-3) + y(k-1) + y(k-7) + y(k-8),False,5,1.202520421789438,False,14,14,86.734375,86.734375,True
E3,MO-lex,23,2.7900274169805925,3,0.7709988318532393,0.7027210667150415,0.7709988318532393,0.007036814935489782,18.0,0.06446755592298278,6,12,u(k)*u(k)*y(k-1) + u(k-1)*u(k-1)*y(k-1) + u(k-1)*u(k-4)*y(k-3) + u(k-4) + u(k-5) + y(k-1),False,5,0.06295452017153055,False,1.895111249992624,4,0.8301421946282925,0.7555791856839796,0.8301421946282925,0.0070368149354897,142.6875,0.0644675559229827,6,12,u(k)*u(k)*y(k-1) + u(k-1)*u(k-1)*y(k-1) + u(k-1)*u(k-4)*y(k-3) + u(k-4) + u(k-5) + y(k-1),False,5,0.0629545201715305,False,18,18,142.6875,142.6875,True
E3,MO-lex,24,2.589939666999271,4,0.824770355375534,0.0,0.824770355375534,0.009473659732476394,16.0,1.4670512654698473,7,9,u(k-3)*u(k-6)*y(k-4) + u(k-6) + u(k-7) + u(k-8) + y(k-1) + y(k-7) + y(k-8),False,6,1.4670512654698473,False,1.3515090000000782,4,0.8899302365855107,0.0,0.8899302365855107,0.0094736597324763,109.515625,1.467051265469847,7,9,u(k-3)*u(k-6)*y(k-4) + u(k-6) + u(k-7) + u(k-8) + y(k-1) + y(k-7) + y(k-8),False,6,1.467051265469847,False,16,16,109.515625,109.515625,True
E3,MO-lex,25,1.8894530410179868,4,0.8245022613134549,0.5488694700245627,0.8245022613134549,0.010074341671290751,16.0,1.3398355368559265,7,9,u(k-3)*y(k-2)*y(k-3) + u(k-6) + u(k-7) + u(k-8) + y(k-1) + y(k-2) + y(k-8),False,6,0.3413566359705248,False,1.2992693750129547,4,0.8898151181550746,0.5922037200748398,0.8898151181550746,0.0100743416712907,109.515625,1.3398355368559265,7,9,u(k-3)*y(k-2)*y(k-3) + u(k-6) + u(k-7) + u(k-8) + y(k-1) + y(k-2) + y(k-8),False,6,0.3413566359705248,False,16,16,109.515625,109.515625,True
E3,MO-lex,26,2.461466917011421,3,0.7974035904528044,0.0,0.7974035904528044,0.010034676427392636,16.0,1.4181047658819748,7,9,u(k-3)*u(k-4)*y(k-2) + u(k-6) + u(k-7) + u(k-8) + y(k-1) + y(k-2) + y(k-8),False,6,1.4181047658819748,False,1.3222067909955513,3,0.873384343527625,0.0,0.873384343527625,0.0100346764273926,109.515625,1.4181047658819748,7,9,u(k-3)*u(k-4)*y(k-2) + u(k-6) + u(k-7) + u(k-8) + y(k-1) + y(k-2) + y(k-8),False,6,1.4181047658819748,False,16,16,109.515625,109.515625,True
E3,MO-lex,27,2.486302250006702,3,0.7978579730809876,0.0,0.7978579730809876,0.009511896744697497,16.0,1.4296840167920426,7,9,u(k-4)*y(k-4)*y(k-4) + u(k-6) + u(k-7) + u(k-8) + y(k-1) + y(k-7) + y(k-8),False,6,1.4296840167920426,False,1.5778717920184135,3,0.8738826047831179,0.0,0.8738826047831179,0.0095118967446974,109.515625,1.4296840167920426,7,9,u(k-4)*y(k-4)*y(k-4) + u(k-6) + u(k-7) + u(k-8) + y(k-1) + y(k-7) + y(k-8),False,6,1.4296840167920426,False,16,16,109.515625,109.515625,True
E3,MO-lex,28,2.1126087500015274,3,0.8499131934211779,0.0,0.8499131934211779,0.011865350616708974,14.0,1.5473864518772669,7,7,u(k-3) + u(k-4) + u(k-5) + u(k-6) + y(k-1) + y(k-7) + y(k-8),False,6,1.5473864518772669,False,1.241592167003546,3,0.9044773790982162,0.0,0.9044773790982162,0.0118653506167089,86.734375,1.5473864518772669,7,7,u(k-3) + u(k-4) + u(k-5) + u(k-6) + y(k-1) + y(k-7) + y(k-8),False,6,1.5473864518772669,False,14,14,86.734375,86.734375,True
E3,MO-lex,29,2.1057370000053197,2,0.7977835238838984,0.0,0.7977835238838984,0.009529496275490932,16.0,inf,7,9,u(k-6) + u(k-7) + u(k-8) + y(k-1) + y(k-4)*y(k-4)*y(k-4) + y(k-7) + y(k-8),False,6,1.4655813557904531,False,1.3397722090012394,2,0.8738000067130525,0.0,0.8738000067130525,0.0095294962754909,109.515625,inf,7,9,u(k-6) + u(k-7) + u(k-8) + y(k-1) + y(k-4)*y(k-4)*y(k-4) + y(k-7) + y(k-8),False,6,1.4655813557904531,False,16,16,109.515625,109.515625,True
E3,SO,0,2.0862029579875525,1,0.7287291377762406,0.0,0.7810578619849,0.01002834113416381,19.0,1.4201369254348997,8,11,u(k-3)*u(k-3)*y(k-3) + u(k-3)*y(k-5) + u(k-6) + u(k-7) + u(k-8) + y(k-1) + y(k-2) + y(k-8),False,7,1.4201369254348997,False,2.364275833009742,1,0.8109212810294969,0.0,0.8439474512739972,0.0100283411341638,133.296875,1.4201369254348997,8,11,u(k-3)*u(k-3)*y(k-3) + u(k-3)*y(k-5) + u(k-6) + u(k-7) + u(k-8) + y(k-1) + y(k-2) + y(k-8),False,7,1.4201369254348997,False,19,19,133.296875,133.296875,True
E3,SO,1,1.723079792020144,1,0.7701646147375989,0.0,0.7976127994426776,0.009788352480229977,16.0,1.3685669607668864,7,9,u(k-4)*y(k-4)*y(k-4) + u(k-5) + u(k-6) + u(k-8) + y(k-1) + y(k-7) + y(k-8),False,6,1.3685669607668864,False,1.8123209580080584,1,0.84306965639303,0.0,0.8736136760419483,0.0097883524802299,109.515625,1.3685669607668864,7,9,u(k-4)*y(k-4)*y(k-4) + u(k-5) + u(k-6) + u(k-8) + y(k-1) + y(k-7) + y(k-8),False,6,1.3685669607668864,False,16,16,109.515625,109.515625,True
E3,SO,2,2.017539125023177,1,0.7288738609805439,0.0,0.8247517916683426,0.009831736026431007,19.0,1.2522088427975897,8,11,u(k)*u(k) + u(k-5) + u(k-5)*y(k-4)*y(k-4) + u(k-6) + u(k-7) + y(k-1) + y(k-7) + y(k-8),False,7,1.2522088427975897,False,1.6268053329840768,1,0.811082327322481,0.0,0.889919683183501,0.009831736026431,133.296875,1.2522088427975897,8,11,u(k)*u(k) + u(k-5) + u(k-5)*y(k-4)*y(k-4) + u(k-6) + u(k-7) + y(k-1) + y(k-7) + y(k-8),False,7,1.2522088427975897,False,19,19,133.296875,133.296875,True
E3,SO,3,1.8086442920030095,1,0.7425114734209307,0.0,0.7972991275116788,0.009984702105425722,18.0,1.3937274818636392,8,10,u(k-3)*u(k-3)*y(k-3) + u(k-6) + u(k-7) + u(k-8) + y(k-1) + y(k-2) + y(k-7) + y(k-8),False,7,1.3937274818636392,False,2.36761379201198,1,0.8262581033098246,0.0,0.8732681645683564,0.0099847021054257,121.90625,1.3937274818636392,8,10,u(k-3)*u(k-3)*y(k-3) + u(k-6) + u(k-7) + u(k-8) + y(k-1) + y(k-2) + y(k-7) + y(k-8),False,7,1.3937274818636392,False,18,18,121.90625,121.90625,True
E3,SO,4,2.0053564999834634,1,0.7424848974379417,0.0,0.7974228747250344,0.010020136749411145,18.0,1.3847582396988163,8,10,u(k-3)*y(k-2)*y(k-2) + u(k-6) + u(k-7) + u(k-8) + y(k-1) + y(k-2) + y(k-7) + y(k-8),False,7,1.3847582396988163,False,1.3838343750103377,1,0.8262285298660677,0.0,0.8734064378299579,0.0100201367494111,121.90625,1.3847582396988165,8,10,u(k-3)*y(k-2)*y(k-2) + u(k-6) + u(k-7) + u(k-8) + y(k-1) + y(k-2) + y(k-7) + y(k-8),False,7,1.3847582396988165,False,18,18,121.90625,121.90625,True
E3,SO,5,1.8150764589954633,1,0.7424899165548664,0.0,0.7973881187042071,0.010013444593511398,18.0,1.318735813192184,8,10,u(k-3)*y(k-2)*y(k-3) + u(k-6) + u(k-7) + u(k-8) + y(k-1) + y(k-2) + y(k-7) + y(k-8),False,7,1.318735813192184,False,1.7060760829772337,1,0.8262341150808139,0.0,0.8594628658731914,0.0100134445935113,121.90625,1.318735813192184,8,10,u(k-3)*y(k-2)*y(k-3) + u(k-6) + u(k-7) + u(k-8) + y(k-1) + y(k-2) + y(k-7) + y(k-8),False,7,1.318735813192184,False,18,18,121.90625,121.90625,True
E3,SO,6,2.13409537501866,1,0.7291654636955355,0.0,0.797335213386427,0.009435596489083872,19.0,1.503138715081509,8,11,u(k)*y(k-7) + u(k-3)*u(k-6)*y(k-4) + u(k-6) + u(k-7) + u(k-8) + y(k-1) + y(k-7) + y(k-8),False,7,1.503138715081509,False,1.4241199999814853,1,0.8114068194210325,0.0,0.8599040449146034,0.0094355964890838,133.296875,1.503138715081509,8,11,u(k)*y(k-7) + u(k-3)*u(k-6)*y(k-4) + u(k-6) + u(k-7) + u(k-8) + y(k-1) + y(k-7) + y(k-8),False,7,1.503138715081509,False,19,19,133.296875,133.296875,True
E3,SO,7,2.011750874982681,1,0.7159716405045048,0.0,0.7840327795546731,0.008654651609147187,20.0,1.1706935881100962,8,12,u(k)*y(k-1)*y(k-6) + u(k-3)*u(k-3)*y(k-2) + u(k-6) + u(k-7) + u(k-8) + y(k-1) + y(k-4) + y(k-9),False,7,1.1706935881100962,False,1.8840171249757989,1,0.7967248869318277,0.0,0.8586208319488049,0.0086546516091471,144.6875,1.1706935881100962,8,12,u(k)*y(k-1)*y(k-6) + u(k-3)*u(k-3)*y(k-2) + u(k-6) + u(k-7) + u(k-8) + y(k-1) + y(k-4) + y(k-9),False,7,1.1706935881100962,False,20,20,144.6875,144.6875,True
E3,SO,8,2.1823707910079975,1,0.7704093757632776,0.0,0.8243678358742318,0.009473659732928748,16.0,1.4670512654674763,7,9,u(k-3)*u(k-6)*y(k-4) + u(k-6) + u(k-7) + u(k-8) + y(k-1) + y(k-7) + y(k-8),False,6,1.4670512654674763,False,1.3765960829914548,1,0.8433375868975854,0.0,0.876233845703099,0.0094736597329287,109.515625,1.4670512654674763,7,9,u(k-3)*u(k-6)*y(k-4) + u(k-6) + u(k-7) + u(k-8) + y(k-1) + y(k-7) + y(k-8),False,6,1.4670512654674763,False,16,16,109.515625,109.515625,True
E3,SO,9,1.9350419999973383,1,0.71482014693511,0.0,0.8244912935858778,0.010249027320616918,20.0,1.300967457472379,8,12,u(k-3)*u(k-3)*u(k-5) + u(k-5) + u(k-6) + u(k-6)*y(k-1)*y(k-1) + u(k-7) + y(k-1) + y(k-2) + y(k-8),False,7,1.300967457472379,False,1.731370874971617,1,0.7954435183245008,0.0,0.8896940151329656,0.0102490273206169,144.6875,1.300967457472379,8,12,u(k-3)*u(k-3)*u(k-5) + u(k-5) + u(k-6) + u(k-6)*y(k-1)*y(k-1) + u(k-7) + y(k-1) + y(k-2) + y(k-8),False,7,1.300967457472379,False,20,20,144.6875,144.6875,True
E3,SO,10,2.310435499995947,1,0.6477598237914468,0.3187254710308519,0.7223950933803148,0.007687078447145316,25.0,0.5117397039527375,8,17,u(k)*u(k)*u(k-2) + u(k)*u(k-2)*y(k-1) + u(k-1)*u(k-2)*u(k-2) + u(k-1)*u(k-2)*u(k-4) + u(k-2) + u(k-3) + u(k-5)*y(k-6) + y(k-6),False,8,0.5117397039527375,False,1.5118335000006482,1,0.7208195732523206,0.3546739849785311,0.7898841973257485,0.0076870784471453,201.640625,0.5117397039527375,8,17,u(k)*u(k)*u(k-2) + u(k)*u(k-2)*y(k-1) + u(k-1)*u(k-2)*u(k-2) + u(k-1)*u(k-2)*u(k-4) + u(k-2) + u(k-3) + u(k-5)*y(k-6) + y(k-6),False,8,0.5117397039527375,False,25,25,201.640625,201.640625,True
E3,SO,11,2.3369656249997206,1,0.6612819667323597,0.5604233690336732,0.7163717324771421,0.008077049901460518,24.0,0.15936494644949042,8,16,u(k)*u(k)*u(k) + u(k)*u(k-3)*y(k-1) + u(k)*y(k-1)*y(k-4) + u(k-2) + u(k-2)*u(k-5)*y(k-3) + u(k-5) + y(k-5) + y(k-8),False,8,0.15936494644949042,False,1.8762162500061097,1,0.7358668561280549,0.62363258552068,0.7831897684509667,0.0080770499014605,190.25,0.1593649464494904,8,16,u(k)*u(k)*u(k) + u(k)*u(k-3)*y(k-1) + u(k)*y(k-1)*y(k-4) + u(k-2) + u(k-2)*u(k-5)*y(k-3) + u(k-5) + y(k-5) + y(k-8),False,8,0.1593649464494904,False,24,24,190.25,190.25,True
E3,SO,12,2.1360092910181265,1,0.7425060307198428,0.0,0.7972920532376917,0.00999195904020968,18.0,1.413237231933367,8,10,u(k-2)*u(k-4)*y(k-3) + u(k-6) + u(k-7) + u(k-8) + y(k-1) + y(k-2) + y(k-7) + y(k-8),False,7,1.413237231933367,False,1.4439565409848,1,0.8262520467355644,0.0,0.8733166076358494,0.0099919590402096,121.90625,1.413237231933367,8,10,u(k-2)*u(k-4)*y(k-3) + u(k-6) + u(k-7) + u(k-8) + y(k-1) + y(k-2) + y(k-7) + y(k-8),False,7,1.413237231933367,False,18,18,121.90625,121.90625,True
E3,SO,13,2.084690165997017,1,0.7291474387393538,0.0,0.7965856756933456,0.009460083222009934,19.0,1.4978106212189835,8,11,u(k-3)*u(k-6)*y(k-4) + u(k-6) + u(k-7) + u(k-8) + y(k-1) + y(k-5)*y(k-5) + y(k-7) + y(k-8),False,7,1.4978106212189835,False,1.7083437500114087,1,0.8113867614601254,0.0,0.8595510827468568,0.0094600832220099,133.296875,1.4978106212189837,8,11,u(k-3)*u(k-6)*y(k-4) + u(k-6) + u(k-7) + u(k-8) + y(k-1) + y(k-5)*y(k-5) + y(k-7) + y(k-8),False,7,1.4978106212189837,False,19,19,133.296875,133.296875,True
E3,SO,14,1.7083239580097143,1,0.7959973564475865,0.0,0.8758332312745428,0.011865350616789182,14.0,1.424536414312042,7,7,u(k) + u(k-1) + u(k-2) + u(k-3) + y(k-1) + y(k-7) + y(k-8),False,5,1.424536414312042,False,1.3359340419992805,1,0.8718453125716817,0.0,0.9201027800678022,0.0118653506167891,86.734375,1.424536414312042,7,7,u(k) + u(k-1) + u(k-2) + u(k-3) + y(k-1) + y(k-7) + y(k-8),False,5,1.424536414312042,False,14,14,86.734375,86.734375,True
E3,SO,15,2.083981292002136,1,0.717007006349957,0.0,0.7582568917594662,0.007221068130828746,20.0,1.0777152814237663,8,12,u(k-1)*u(k-1)*y(k-7) + u(k-3) + u(k-3)*u(k-3)*y(k-4) + u(k-8) + u(k-9) + y(k-1) + y(k-10) + y(k-5),False,7,1.0777152814237663,False,1.6883629579970147,1,0.7978770299630372,0.0,0.843745258082642,0.0072210681308287,144.6875,1.0777152814237665,8,12,u(k-1)*u(k-1)*y(k-7) + u(k-3) + u(k-3)*u(k-3)*y(k-4) + u(k-8) + u(k-9) + y(k-1) + y(k-10) + y(k-5),False,7,1.0777152814237665,False,20,20,144.6875,144.6875,True
E3,SO,16,1.7691663329896983,1,0.7703969372312484,0.0,0.7978339930881431,0.009489652131252179,16.0,1.3737644606081234,7,9,u(k-3)*y(k-4)*y(k-6) + u(k-6) + u(k-7) + u(k-8) + y(k-1) + y(k-7) + y(k-8),False,6,1.3737644606081234,False,1.3848960410105065,1,0.8433239709137772,0.0,0.873855606510298,0.0094896521312521,109.515625,1.3737644606081234,7,9,u(k-3)*y(k-4)*y(k-6) + u(k-6) + u(k-7) + u(k-8) + y(k-1) + y(k-7) + y(k-8),False,6,1.3737644606081234,False,16,16,109.515625,109.515625,True
E3,SO,17,2.096543499996187,1,0.7425060307246962,0.0,0.824921865821315,0.009991959033738347,18.0,1.4132372314242998,8,10,u(k-2)*u(k-4)*y(k-3) + u(k-6) + u(k-7) + u(k-8) + y(k-1) + y(k-2) + y(k-7) + y(k-8),False,7,1.4132372314242998,False,1.6899256249889731,1,0.8262520467409653,0.0,0.8900748142040021,0.0099919590337383,121.90625,1.4132372314242998,8,10,u(k-2)*u(k-4)*y(k-3) + u(k-6) + u(k-7) + u(k-8) + y(k-1) + y(k-2) + y(k-7) + y(k-8),False,7,1.4132372314242998,False,18,18,121.90625,121.90625,True
E3,SO,18,1.8295837079931516,1,0.7703376675735367,0.0,0.7977858522786169,0.009565855976881284,16.0,1.474250042250113,7,9,u(k-3)*y(k-4)*y(k-5) + u(k-6) + u(k-7) + u(k-8) + y(k-1) + y(k-7) + y(k-8),False,6,1.474250042250113,False,1.444058749999385,1,0.8432590906933604,0.0,0.87380311034228,0.0095658559768812,109.515625,1.474250042250113,7,9,u(k-3)*y(k-4)*y(k-5) + u(k-6) + u(k-7) + u(k-8) + y(k-1) + y(k-7) + y(k-8),False,6,1.474250042250113,False,16,16,109.515625,109.515625,True
E3,SO,19,2.054165416979231,1,0.7291475360350292,0.0,0.8252922733160116,0.009459951046752792,19.0,1.506652679879836,8,11,u(k-3)*u(k-6)*y(k-4) + u(k-6) + u(k-6)*u(k-6) + u(k-7) + u(k-8) + y(k-1) + y(k-7) + y(k-8),False,7,1.506652679879836,False,1.679568375024246,1,0.8113868697296178,0.0,0.8904913369505258,0.0094599510467527,133.296875,1.506652679879836,8,11,u(k-3)*u(k-6)*y(k-4) + u(k-6) + u(k-6)*u(k-6) + u(k-7) + u(k-8) + y(k-1) + y(k-7) + y(k-8),False,7,1.506652679879836,False,19,19,133.296875,133.296875,True
E3,SO,20,2.151908875006484,1,0.7699352039461662,0.0,0.8248038310993573,0.010083309212071984,16.0,1.3814531183213783,7,9,u(k-3)*u(k-3)*u(k-5) + u(k-5) + u(k-7) + u(k-8) + y(k-1) + y(k-2) + y(k-8),False,6,1.3814531183213783,False,1.472329209005693,1,0.8428185292009921,0.0,0.8899528266660036,0.0100833092120719,109.515625,1.3814531183213783,7,9,u(k-3)*u(k-3)*u(k-5) + u(k-5) + u(k-7) + u(k-8) + y(k-1) + y(k-2) + y(k-8),False,6,1.3814531183213783,False,16,16,109.515625,109.515625,True
E3,SO,21,2.1465302079741377,1,0.7166342755308264,0.0,0.7715425215484807,0.007737156957317227,20.0,1.1192204615298393,8,12,u(k)*u(k)*y(k-7) + u(k-1)*u(k-4)*y(k-2) + u(k-7) + u(k-8) + u(k-9) + y(k-1) + y(k-4) + y(k-8),False,7,1.1192204615298393,False,1.7143504170235246,1,0.7974622594568779,0.0,0.8446000673007037,0.0077371569573172,144.6875,1.1192204615298391,8,12,u(k)*u(k)*y(k-7) + u(k-1)*u(k-4)*y(k-2) + u(k-7) + u(k-8) + u(k-9) + y(k-1) + y(k-4) + y(k-8),False,7,1.1192204615298391,False,20,20,144.6875,144.6875,True
E3,SO,22,1.7377389169996604,1,0.7959973564477757,0.0,0.8500827271029234,0.01186535061655441,14.0,1.4245364143079842,7,7,u(k) + u(k-1) + u(k-2) + u(k-3) + y(k-1) + y(k-7) + y(k-8),False,5,1.4245364143079842,False,1.3129876250168309,1,0.8718453125718889,0.0,0.9045799878064368,0.0118653506165544,86.734375,1.4245364143079842,7,7,u(k) + u(k-1) + u(k-2) + u(k-3) + y(k-1) + y(k-7) + y(k-8),False,5,1.4245364143079842,False,14,14,86.734375,86.734375,True
E3,SO,23,2.295100708026439,1,0.7033930055229698,0.6637405482118325,0.7709988318532393,0.006974580438160128,21.0,0.06295452017153055,7,14,u(k)*u(k)*y(k-1) + u(k)*y(k-1) + u(k-1)*u(k-1)*y(k-1) + u(k-1)*u(k-4)*y(k-3) + u(k-4) + u(k-5) + y(k-1),False,5,0.06295452017153055,False,2.0324182079930324,1,0.7687273187305169,0.7253917624333601,0.8301421946282925,0.0069745804381601,166.46875,0.0629545201715305,7,14,u(k)*u(k)*y(k-1) + u(k)*y(k-1) + u(k-1)*u(k-1)*y(k-1) + u(k-1)*u(k-4)*y(k-3) + u(k-4) + u(k-5) + y(k-1),False,5,0.0629545201715305,False,21,21,166.46875,166.46875,True
E3,SO,24,1.8715300839976408,1,0.7291432223855344,0.0,0.824770355375534,0.009465811098896704,19.0,1.5027628031419384,8,11,u(k-3)*u(k-6)*y(k-4) + u(k-6) + u(k-7) + u(k-8) + y(k-1) + y(k-3)*y(k-4) + y(k-7) + y(k-8),False,7,1.5027628031419384,False,1.4741903750109486,1,0.8113820695507956,0.0,0.8899302365855107,0.0094658110988967,133.296875,1.5027628031419384,8,11,u(k-3)*u(k-6)*y(k-4) + u(k-6) + u(k-7) + u(k-8) + y(k-1) + y(k-3)*y(k-4) + y(k-7) + y(k-8),False,7,1.5027628031419384,False,19,19,133.296875,133.296875,True
E3,SO,25,2.1376965829986148,1,0.7425114734256802,0.0,0.8245022613134549,0.009984702099093001,18.0,1.3937274818561558,8,10,u(k-3)*u(k-3)*y(k-3) + u(k-6) + u(k-7) + u(k-8) + y(k-1) + y(k-2) + y(k-7) + y(k-8),False,7,1.3937274818561558,False,1.6699135829985607,1,0.82625810331511,0.0,0.8898151181550746,0.009984702099093,121.90625,1.3937274818561558,8,10,u(k-3)*u(k-3)*y(k-3) + u(k-6) + u(k-7) + u(k-8) + y(k-1) + y(k-2) + y(k-7) + y(k-8),False,7,1.3937274818561558,False,18,18,121.90625,121.90625,True
E3,SO,26,2.0546547080157325,1,0.7287306363062537,0.0,0.7974035904528044,0.010026305395278103,19.0,1.4325346169094877,8,11,u(k-2)*y(k-5) + u(k-3)*u(k-4)*y(k-2) + u(k-6) + u(k-7) + u(k-8) + y(k-1) + y(k-2) + y(k-8),False,7,1.4325346169094877,False,1.37776883400511,1,0.8109229485762092,0.0,0.873384343527625,0.0100263053952781,133.296875,1.4325346169094877,8,11,u(k-2)*y(k-5) + u(k-3)*u(k-4)*y(k-2) + u(k-6) + u(k-7) + u(k-8) + y(k-1) + y(k-2) + y(k-8),False,7,1.4325346169094877,False,19,19,133.296875,133.296875,True
E3,SO,27,2.0863184580230154,1,0.7291212000080011,0.0,0.7978579730809876,0.009495728291017448,19.0,1.4625786496880029,8,11,u(k-4)*y(k-4)*y(k-4) + u(k-6) + u(k-7) + u(k-8) + y(k-1) + y(k-5)*y(k-6) + y(k-7) + y(k-8),False,7,1.4625786496880029,False,1.688326290983241,1,0.8113575633060541,0.0,0.8738826047831179,0.0094957282910174,133.296875,1.4625786496880029,8,11,u(k-4)*y(k-4)*y(k-4) + u(k-6) + u(k-7) + u(k-8) + y(k-1) + y(k-5)*y(k-6) + y(k-7) + y(k-8),False,7,1.4625786496880029,False,19,19,133.296875,133.296875,True
E3,SO,28,1.9998533340112772,1,0.7959973564476511,0.0,0.8499131934211779,0.011865350616708974,14.0,1.5473864518772669,7,7,u(k-3) + u(k-4) + u(k-5) + u(k-6) + y(k-1) + y(k-7) + y(k-8),False,6,1.5473864518772669,False,1.344674666004721,1,0.8718453125717525,0.0,0.9044773790982162,0.0118653506167089,86.734375,1.5473864518772669,7,7,u(k-3) + u(k-4) + u(k-5) + u(k-6) + y(k-1) + y(k-7) + y(k-8),False,6,1.5473864518772669,False,14,14,86.734375,86.734375,True
E3,SO,29,2.2385989589965902,1,0.7703659473412848,0.0,0.7977835238838984,0.009529496275490932,16.0,inf,7,9,u(k-6) + u(k-7) + u(k-8) + y(k-1) + y(k-4)*y(k-4)*y(k-4) + y(k-7) + y(k-8),False,6,inf,False,1.7056869579828344,1,0.843290047470161,0.0,0.8738000067130525,0.0095294962754909,109.515625,inf,7,9,u(k-6) + u(k-7) + u(k-8) + y(k-1) + y(k-4)*y(k-4)*y(k-4) + y(k-7) + y(k-8),False,6,inf,False,16,16,109.515625,109.515625,True
