example,config,seed,runtime,n_delivered,HV_id,HV_val,HV_pop,sel_J,sel_C,sel_val,sel_p1,sel_sumd,sel_terms,recovered,sel_extra,best_val,front_has_truth,runtime_K,n_delivered_K,HV_id_K,HV_val_K,HV_pop_K,sel_J_K,sel_C_K,sel_val_K,sel_p1_K,sel_sumd_K,sel_terms_K,recovered_K,sel_extra_K,best_val_K,front_has_truth_K,ops,ops_K,kar,kar_K,same_sel
E1,Green,0,1.833206750015961,4,0.8958844959629522,0.8933346292606134,0.8958844959629522,6.768457252518019e-16,7.0,7.142928451732104e-16,3,4,u(k) + u(k)*y(k-1) + y(k-1),True,0,2.4149382677767686e-16,True,1.6004522079892922,4,0.9290917306551836,0.9267834457864882,0.9290917306551836,6.76845725251802e-16,48.5625,7.142928451732104e-16,3,4,u(k) + u(k)*y(k-1) + y(k-1),True,0,2.57003679595249e-16,True,7,7,48.5625,48.5625,True
E1,Green,1,1.9815459999954328,7,0.8958844959629516,0.8933346292606129,0.8958844959629516,3.024054466081862e-15,7.0,3.0443950575286657e-15,3,4,u(k) + u(k)*y(k-1) + y(k-1),True,0,3.9213382843419623e-16,True,1.7068817079998553,6,0.9290917306551834,0.926783445786488,0.9290917306551834,3.024054466081862e-15,48.5625,3.0443950575286657e-15,3,4,u(k) + u(k)*y(k-1) + y(k-1),True,0,2.746656849876153e-16,True,7,7,48.5625,48.5625,True
E1,Green,2,1.9537485410110094,6,0.8958844959629518,0.893334629260613,0.8958844959629518,3.054836096530013e-15,7.0,3.133304983038018e-15,3,4,u(k) + u(k)*y(k-1) + y(k-1),True,0,2.0556394911374853e-16,True,1.5815966250083875,5,0.9290917306551834,0.926783445786488,0.9290917306551834,3.0548360965300128e-15,48.5625,3.133304983038018e-15,3,4,u(k) + u(k)*y(k-1) + y(k-1),True,0,2.055639491137485e-16,True,7,7,48.5625,48.5625,True
E1,Green,3,1.9271352910145652,6,0.895884495962952,0.8933346292606131,0.895884495962952,6.768457252518019e-16,7.0,7.142928451732104e-16,3,4,u(k) + u(k)*y(k-1) + y(k-1),True,0,2.302772972547705e-16,True,1.6600320000143256,7,0.9290917306551834,0.926783445786488,0.9290917306551834,6.76845725251802e-16,48.5625,7.142928451732104e-16,3,4,u(k) + u(k)*y(k-1) + y(k-1),True,0,4.2568321465840445e-16,True,7,7,48.5625,48.5625,True
E1,Green,4,1.9139952499826904,6,0.895884495962952,0.893334629260613,0.895884495962952,1.2099055571065075e-15,7.0,1.2648814273871748e-15,3,4,u(k) + u(k)*y(k-1) + y(k-1),True,0,3.7297864080754744e-16,True,1.592692750011338,4,0.9290917306551832,0.926783445786488,0.9290917306551832,1.2099055571065077e-15,48.5625,1.2648814273871748e-15,3,4,u(k) + u(k)*y(k-1) + y(k-1),True,0,4.2973526570910926e-16,True,7,7,48.5625,48.5625,True
E1,Green,5,1.8893641250033397,5,0.8958844959629519,0.893334629260613,0.8958844959629519,2.0169348444324206e-15,7.0,2.1233430408575456e-15,3,4,u(k) + u(k)*y(k-1) + y(k-1),True,0,2.5610321949031645e-16,True,1.584112542012008,8,0.931773446954287,0.9307908982299968,0.931773446954287,2.016934844432421e-15,48.5625,2.1233430408575456e-15,3,4,u(k) + u(k)*y(k-1) + y(k-1),True,0,2.9596596730635313e-16,True,7,7,48.5625,48.5625,True
E1,Green,6,1.9627877909806557,5,0.895884495962952,0.8933346292606131,0.895884495962952,8.606086938606811e-16,7.0,9.267039282010344e-16,3,4,u(k) + u(k)*y(k-1) + y(k-1),True,0,2.9557735661293873e-16,True,1.6714689999935215,6,0.9317734469542872,0.9307908982299968,0.9317734469542872,8.606086938606812e-16,48.5625,9.267039282010344e-16,3,4,u(k) + u(k)*y(k-1) + y(k-1),True,0,2.2017324783380106e-16,True,7,7,48.5625,48.5625,True
E1,Green,7,1.8749090420024004,6,0.8958844959629518,0.8933346292606131,0.8958844959629518,2.020130349910471e-15,7.0,1.947580698642516e-15,3,4,u(k) + u(k)*y(k-1) + y(k-1),True,0,2.223795665420833e-16,True,1.601849291997496,8,0.9290917306551832,0.926783445786488,0.9290917306551832,1.976928237796107e-15,48.5625,1.9964913575063468e-15,3,4,u(k) + u(k)*y(k-1) + y(k-1),True,0,3.566517336704396e-16,True,7,7,48.5625,48.5625,True
E1,Green,8,2.0083822079759557,6,0.8984792185418587,0.8981317138269755,0.8984792185418587,4.896605878591197e-16,7.0,5.29658930435707e-16,3,4,u(k) + u(k)*y(k-1) + y(k-1),True,0,4.1828824558169993e-16,True,1.625139667012263,5,0.9290917306551836,0.9267834457864882,0.9290917306551836,4.896605878591197e-16,48.5625,5.29658930435707e-16,3,4,u(k) + u(k)*y(k-1) + y(k-1),True,0,2.0897448572302635e-16,True,7,7,48.5625,48.5625,True
E1,Green,9,1.9155629159940872,6,0.895884495962952,0.8933346292606134,0.895884495962952,8.873801335102501e-16,7.0,9.03448256430443e-16,3,4,u(k) + u(k)*y(k-1) + y(k-1),True,0,2.0897448572302637e-16,True,1.5478550839761738,6,0.9290917306551836,0.9267834457864884,0.9290917306551836,8.873801335102501e-16,48.5625,9.034482564304429e-16,3,4,u(k) + u(k)*y(k-1) + y(k-1),True,0,2.055639491137485e-16,True,7,7,48.5625,48.5625,True
E1,Green,10,1.9754524170130026,6,0.8958844959629518,0.893334629260613,0.8958844959629518,1.7443857662806324e-15,7.0,1.5944835719487724e-15,3,4,u(k) + u(k)*y(k-1) + y(k-1),True,0,3.032605897632161e-16,True,1.629951874987455,6,0.9290917306551832,0.926783445786488,0.9290917306551832,1.7443857662806326e-15,48.5625,1.5944835719487724e-15,3,4,u(k) + u(k)*y(k-1) + y(k-1),True,0,3.5762630408133606e-16,True,7,7,48.5625,48.5625,True
E1,Green,11,1.9003219579753932,7,0.895884495962952,0.8933346292606131,0.895884495962952,9.907981336323497e-16,7.0,8.878886681264161e-16,3,4,u(k) + u(k)*y(k-1) + y(k-1),True,0,2.773404778560838e-16,True,1.5092272500041872,6,0.9290917306551836,0.9267834457864882,0.9290917306551836,9.907981336323497e-16,48.5625,8.878886681264162e-16,3,4,u(k) + u(k)*y(k-1) + y(k-1),True,0,2.8818155732804646e-16,True,7,7,48.5625,48.5625,True
E1,Green,12,1.9242728329845704,6,0.8958844959629519,0.893334629260613,0.8958844959629519,1.1248090589235064e-15,7.0,1.2031003816395871e-15,3,4,u(k) + u(k)*y(k-1) + y(k-1),True,0,3.286243507600122e-16,True,1.6412685420073103,6,0.9316372786087784,0.9305840694662862,0.9316372786087784,1.1248090589235064e-15,48.5625,1.2031003816395873e-15,3,4,u(k) + u(k)*y(k-1) + y(k-1),True,0,2.703998325940434e-16,True,7,7,48.5625,48.5625,True
E1,Green,13,1.954188708012225,5,0.895884495962952,0.8933346292606132,0.895884495962952,4.865896766657696e-16,7.0,4.084126682246382e-16,3,4,u(k) + u(k)*y(k-1) + y(k-1),True,0,1.9442435970108533e-16,True,1.5633765000093265,4,0.9290917306551836,0.9267834457864884,0.9290917306551836,4.865896766657696e-16,48.5625,4.0841266822463824e-16,3,4,u(k) + u(k)*y(k-1) + y(k-1),True,0,2.703998325940434e-16,True,7,7,48.5625,48.5625,True
E1,Green,14,1.92776175000472,4,0.895884495962952,0.8933346292606132,0.895884495962952,3.4051014951578427e-16,7.0,3.252858957327326e-16,3,4,u(k) + u(k)*y(k-1) + y(k-1),True,0,3.252858957327326e-16,True,1.6456637919764034,5,0.9308179177399762,0.9299747948310564,0.9308179177399762,3.4051014951578427e-16,48.5625,3.252858957327326e-16,3,4,u(k) + u(k)*y(k-1) + y(k-1),True,0,2.9179881729627563e-16,True,7,7,48.5625,48.5625,True
E1,Green,15,1.822499041998526,5,0.8958844959629518,0.8933346292606131,0.8958844959629518,1.7443857662806324e-15,7.0,1.5944835719487724e-15,3,4,u(k) + u(k)*y(k-1) + y(k-1),True,0,3.7185600421997155e-16,True,1.5290878329833504,6,0.9290917306551832,0.926783445786488,0.9290917306551832,1.7443857662806326e-15,48.5625,1.5944835719487724e-15,3,4,u(k) + u(k)*y(k-1) + y(k-1),True,0,3.1244777018916134e-16,True,7,7,48.5625,48.5625,True
E1,Green,16,2.031420041981619,6,0.8958844959629518,0.893334629260613,0.8958844959629518,1.8013145465452543e-15,7.0,1.796126661865222e-15,3,4,u(k) + u(k)*y(k-1) + y(k-1),True,0,3.7185600421997155e-16,True,1.5419443750288335,7,0.9290917306551836,0.926783445786488,0.9290917306551836,2.0043206776618676e-15,48.5625,1.8596693730885658e-15,3,4,u(k) + u(k)*y(k-1) + y(k-1),True,0,2.4131930777351205e-16,True,7,7,48.5625,48.5625,True
E1,Green,17,2.0676302920037415,7,0.8982485813898675,0.897049397527023,0.8982485813898675,2.1758476152762154e-15,7.0,2.1677456228804145e-15,3,4,u(k) + u(k)*y(k-1) + y(k-1),True,0,2.695107288597282e-16,True,1.646927499998128,5,0.9290917306551832,0.926783445786488,0.9290917306551832,2.1758476152762154e-15,48.5625,2.1677456228804145e-15,3,4,u(k) + u(k)*y(k-1) + y(k-1),True,0,3.032605897632161e-16,True,7,7,48.5625,48.5625,True
E1,Green,18,1.988544958003331,4,0.8958844959629519,0.8933346292606132,0.8958844959629519,3.2753740064883353e-16,7.0,3.2489343803753984e-16,3,4,u(k) + u(k)*y(k-1) + y(k-1),True,0,3.2489343803753984e-16,True,1.5387827919912525,4,0.9290917306551836,0.9267834457864882,0.9290917306551836,3.275374006488335e-16,48.5625,3.2489343803753984e-16,3,4,u(k) + u(k)*y(k-1) + y(k-1),True,0,3.2489343803753984e-16,True,7,7,48.5625,48.5625,True
E1,Green,19,1.8872987079957966,7,0.8958844959629519,0.893334629260613,0.8958844959629519,1.0937663509601051e-15,7.0,1.035053617371294e-15,3,4,u(k) + u(k)*y(k-1) + y(k-1),True,0,3.336968879311163e-16,True,1.6667242910189088,6,0.9290917306551836,0.9267834457864882,0.9290917306551836,4.946099482300686e-16,48.5625,5.200009767557647e-16,3,4,u(k) + u(k)*y(k-1) + y(k-1),True,0,3.144803907363892e-16,True,7,7,48.5625,48.5625,True
E1,Green,20,1.928961416007951,4,0.895884495962952,0.8933346292606131,0.895884495962952,3.490881928969765e-16,7.0,3.4896201714327896e-16,3,4,u(k) + u(k)*y(k-1) + y(k-1),True,0,3.4896201714327896e-16,True,1.5809756660019048,5,0.9290917306551834,0.9267834457864882,0.9290917306551834,3.490881928969765e-16,48.5625,3.4896201714327896e-16,3,4,u(k) + u(k)*y(k-1) + y(k-1),True,0,3.4896201714327896e-16,True,7,7,48.5625,48.5625,True
E1,Green,21,1.9432417920033913,4,0.8958844959629519,0.8933346292606132,0.8958844959629519,4.946099482300685e-16,7.0,5.200009767557646e-16,3,4,u(k) + u(k)*y(k-1) + y(k-1),True,0,3.048215388922267e-16,True,1.6302837500115857,6,0.9290917306551834,0.9267834457864884,0.9290917306551834,4.946099482300686e-16,48.5625,5.200009767557647e-16,3,4,u(k) + u(k)*y(k-1) + y(k-1),True,0,2.4972501655338375e-16,True,7,7,48.5625,48.5625,True
E1,Green,22,1.9816857079858892,5,0.895884495962952,0.8933346292606131,0.895884495962952,6.768457252518019e-16,7.0,7.142928451732104e-16,3,4,u(k) + u(k)*y(k-1) + y(k-1),True,0,3.957228643675974e-16,True,1.56475274998229,5,0.9290917306551834,0.9267834457864882,0.9290917306551834,6.76845725251802e-16,48.5625,7.142928451732104e-16,3,4,u(k) + u(k)*y(k-1) + y(k-1),True,0,3.0125933717953833e-16,True,7,7,48.5625,48.5625,True
E1,Green,23,1.968875874998048,7,0.8958844959629519,0.8933346292606131,0.8958844959629519,1.2302601689494386e-15,7.0,1.1746579502684531e-15,3,4,u(k) + u(k)*y(k-1) + y(k-1),True,0,4.1263765853993774e-16,True,1.5744989159866236,6,0.9290917306551836,0.926783445786488,0.9290917306551836,1.2302601689494386e-15,48.5625,1.1746579502684533e-15,3,4,u(k) + u(k)*y(k-1) + y(k-1),True,0,3.004836659171007e-16,True,7,7,48.5625,48.5625,True
E1,Green,24,1.9207308329932857,7,0.9073101536305996,0.9056533315976076,0.9073101536305996,2.020130349910471e-15,7.0,1.947580698642516e-15,3,4,u(k) + u(k)*y(k-1) + y(k-1),True,0,2.748531012336952e-16,True,1.71974116700585,5,0.9290917306551834,0.9267834457864882,0.9290917306551834,2.020130349910471e-15,48.5625,1.9475806986425158e-15,3,4,u(k) + u(k)*y(k-1) + y(k-1),True,0,2.4491431876450457e-16,True,7,7,48.5625,48.5625,True
E1,Green,25,1.9827116249944083,7,0.8966618078791831,0.8962480611602329,0.8966618078791831,1.0937663509601051e-15,7.0,1.035053617371294e-15,3,4,u(k) + u(k)*y(k-1) + y(k-1),True,0,2.8108112563943366e-16,True,1.6277873329818249,5,0.9290917306551836,0.926783445786488,0.9290917306551836,1.0937663509601051e-15,48.5625,1.035053617371294e-15,3,4,u(k) + u(k)*y(k-1) + y(k-1),True,0,3.502924914432575e-16,True,7,7,48.5625,48.5625,True
E1,Green,26,1.9638202080095652,6,0.8958844959629519,0.8933346292606131,0.8958844959629519,1.976928237796107e-15,7.0,1.9964913575063468e-15,3,4,u(k) + u(k)*y(k-1) + y(k-1),True,0,3.286243507600122e-16,True,1.741956750018289,8,0.932792403354454,0.9314046046644068,0.932792403354454,1.976928237796107e-15,48.5625,1.9964913575063468e-15,3,4,u(k) + u(k)*y(k-1) + y(k-1),True,0,2.7485310123369523e-16,True,7,7,48.5625,48.5625,True
E1,Green,27,1.8977201670059003,6,0.895884495962952,0.8933346292606132,0.895884495962952,1.357423596628099e-15,7.0,1.2862667904077988e-15,3,4,u(k) + u(k)*y(k-1) + y(k-1),True,0,2.0556394911374853e-16,True,1.530893749993993,7,0.9290917306551836,0.9267834457864882,0.9290917306551836,1.3574235966280989e-15,48.5625,1.2862667904077988e-15,3,4,u(k) + u(k)*y(k-1) + y(k-1),True,0,2.8005034303583527e-16,True,7,7,48.5625,48.5625,True
E1,Green,28,1.9092354589956813,5,0.895884495962952,0.8933346292606132,0.895884495962952,9.907981336323497e-16,7.0,8.878886681264161e-16,3,4,u(k) + u(k)*y(k-1) + y(k-1),True,0,2.043428099927965e-16,True,1.6116268330079038,5,0.9290917306551834,0.9267834457864882,0.9290917306551834,9.907981336323497e-16,48.5625,8.878886681264162e-16,3,4,u(k) + u(k)*y(k-1) + y(k-1),True,0,3.260402014746928e-16,True,7,7,48.5625,48.5625,True
E1,Green,29,1.8756781670090277,5,0.8958844959629519,0.893334629260613,0.8958844959629519,1.1132574055758986e-15,7.0,1.044925924616553e-15,3,4,u(k) + u(k)*y(k-1) + y(k-1),True,0,5.633968031878258e-16,True,1.5588638330227695,5,0.9290917306551836,0.9267834457864882,0.9290917306551836,1.1132574055758986e-15,48.5625,1.044925924616553e-15,3,4,u(k) + u(k)*y(k-1) + y(k-1),True,0,2.4491431876450457e-16,True,7,7,48.5625,48.5625,True
E1,MO-lex,0,0.8082709579903167,4,0.8291572289498511,0.8273496390707659,0.8291572289498511,3.1896338069289863e-16,7.0,3.25075120964195e-16,3,4,u(k) + u(k)*y(k-1) + y(k-1),True,0,2.821447395164707e-16,True,0.6930173749860842,4,0.8844404859198701,0.8827886748689627,0.8844404859198701,3.1896338069289863e-16,48.5625,3.25075120964195e-16,3,4,u(k) + u(k)*y(k-1) + y(k-1),True,0,2.821447395164707e-16,True,7,7,48.5625,48.5625,True
E1,MO-lex,1,0.9364692090020981,3,0.82885303893022,0.8273496390707659,0.82885303893022,3.1896338069289863e-16,7.0,3.25075120964195e-16,3,4,u(k) + u(k)*y(k-1) + y(k-1),True,0,3.207588230161238e-16,True,0.8020353330066428,3,0.884068414570355,0.8827886748689628,0.884068414570355,3.1896338069289863e-16,48.5625,3.25075120964195e-16,3,4,u(k) + u(k)*y(k-1) + y(k-1),True,0,3.207588230161238e-16,True,7,7,48.5625,48.5625,True
E1,MO-lex,2,0.8944152499898337,4,0.829157228949851,0.827349639070766,0.829157228949851,2.349402361078631e-16,7.0,2.700813343538282e-16,3,4,u(k) + u(k)*y(k-1) + y(k-1),True,0,2.1438683212081093e-16,True,0.7252206249977462,4,0.8844404859198702,0.8827886748689628,0.8844404859198702,2.3494023610786313e-16,48.5625,2.700813343538282e-16,3,4,u(k) + u(k)*y(k-1) + y(k-1),True,0,2.143868321208109e-16,True,7,7,48.5625,48.5625,True
E1,MO-lex,3,0.9561762920056935,5,0.82885303893022,0.8273496390707659,0.82885303893022,3.239019308365303e-16,7.0,3.3132865428115775e-16,3,4,u(k) + u(k)*y(k-1) + y(k-1),True,0,2.2017324783380109e-16,True,0.8197155419911724,5,0.884068414570355,0.8827886748689628,0.884068414570355,3.2390193083653034e-16,48.5625,3.3132865428115775e-16,3,4,u(k) + u(k)*y(k-1) + y(k-1),True,0,2.2017324783380106e-16,True,7,7,48.5625,48.5625,True
E1,MO-lex,4,1.0146910829935223,3,0.7558436061159891,0.7555961905939577,0.7558436061159891,3.4186048971347606e-16,7.0,3.26099261257318e-16,3,4,u(k) + u(k)*y(k-1) + y(k-1),True,0,2.6508865607196936e-16,True,0.758114750002278,3,0.8352516591586511,0.8349490317835488,0.8352516591586511,3.4186048971347606e-16,48.5625,3.26099261257318e-16,3,4,u(k) + u(k)*y(k-1) + y(k-1),True,0,2.6508865607196936e-16,True,7,7,48.5625,48.5625,True
E1,MO-lex,5,0.9235981249948964,4,0.7563608963413919,0.7493231884995794,0.7563608963413919,2.349402361078631e-16,7.0,2.700813343538282e-16,3,4,u(k) + u(k)*y(k-1) + y(k-1),True,0,2.4491431876450457e-16,True,0.735739708004985,4,0.8328192170977589,0.8272761819063648,0.8328192170977589,2.3494023610786313e-16,48.5625,2.700813343538282e-16,3,4,u(k) + u(k)*y(k-1) + y(k-1),True,0,2.4491431876450457e-16,True,7,7,48.5625,48.5625,True
E1,MO-lex,6,0.876864125020802,2,0.8288530389302201,0.827349639070766,0.8288530389302201,2.349402361078631e-16,7.0,2.700813343538282e-16,3,4,u(k) + u(k)*y(k-1) + y(k-1),True,0,2.700813343538282e-16,True,0.7513754590181634,2,0.884068414570355,0.8827886748689628,0.884068414570355,2.3494023610786313e-16,48.5625,2.700813343538282e-16,3,4,u(k) + u(k)*y(k-1) + y(k-1),True,0,2.700813343538282e-16,True,7,7,48.5625,48.5625,True
E1,MO-lex,7,0.9154468330089003,3,0.82885303893022,0.8273496390707659,0.82885303893022,3.1896338069289863e-16,7.0,3.25075120964195e-16,3,4,u(k) + u(k)*y(k-1) + y(k-1),True,0,3.25075120964195e-16,True,0.7985471670108382,3,0.884068414570355,0.8827886748689628,0.884068414570355,3.1896338069289863e-16,48.5625,3.25075120964195e-16,3,4,u(k) + u(k)*y(k-1) + y(k-1),True,0,3.25075120964195e-16,True,7,7,48.5625,48.5625,True
E1,MO-lex,8,0.8685453750076704,4,0.82885303893022,0.827349639070766,0.82885303893022,3.1896338069289863e-16,7.0,3.25075120964195e-16,3,4,u(k) + u(k)*y(k-1) + y(k-1),True,0,2.582002893023232e-16,True,0.754709874978289,4,0.884068414570355,0.8827886748689628,0.884068414570355,3.1896338069289863e-16,48.5625,3.25075120964195e-16,3,4,u(k) + u(k)*y(k-1) + y(k-1),True,0,2.582002893023232e-16,True,7,7,48.5625,48.5625,True
E1,MO-lex,9,0.8365735000115819,2,0.82885303893022,0.827349639070766,0.82885303893022,2.349402361078631e-16,7.0,2.700813343538282e-16,3,4,u(k) + u(k)*y(k-1) + y(k-1),True,0,2.700813343538282e-16,True,0.7099983340012841,2,0.884068414570355,0.882788674868963,0.884068414570355,2.3494023610786313e-16,48.5625,2.700813343538282e-16,3,4,u(k) + u(k)*y(k-1) + y(k-1),True,0,2.700813343538282e-16,True,7,7,48.5625,48.5625,True
E1,MO-lex,10,0.8266926250071265,2,0.82885303893022,0.827349639070766,0.82885303893022,2.349402361078631e-16,7.0,2.700813343538282e-16,3,4,u(k) + u(k)*y(k-1) + y(k-1),True,0,2.700813343538282e-16,True,0.7569164169835858,2,0.884068414570355,0.8827886748689628,0.884068414570355,2.3494023610786313e-16,48.5625,2.700813343538282e-16,3,4,u(k) + u(k)*y(k-1) + y(k-1),True,0,2.700813343538282e-16,True,7,7,48.5625,48.5625,True
E1,MO-lex,11,0.9163353329931851,2,0.7331026329827768,0.7199999999999999,0.7331026329827768,2.349402361078631e-16,7.0,2.700813343538282e-16,3,4,u(k) + u(k)*y(k-1) + y(k-1),True,0,2.700813343538282e-16,True,0.7440097499929834,2,0.8001261643920653,0.7914093959731541,0.8001261643920653,2.3494023610786313e-16,48.5625,2.700813343538282e-16,3,4,u(k) + u(k)*y(k-1) + y(k-1),True,0,2.700813343538282e-16,True,7,7,48.5625,48.5625,True
E1,MO-lex,12,0.8698481250030454,4,0.82885303893022,0.827349639070766,0.82885303893022,2.349402361078631e-16,7.0,2.700813343538282e-16,3,4,u(k) + u(k)*y(k-1) + y(k-1),True,0,2.043428099927965e-16,True,0.7123495000123512,4,0.884068414570355,0.8827886748689628,0.884068414570355,2.3494023610786313e-16,48.5625,2.700813343538282e-16,3,4,u(k) + u(k)*y(k-1) + y(k-1),True,0,2.043428099927965e-16,True,7,7,48.5625,48.5625,True
E1,MO-lex,13,0.8497142079868354,2,0.8288530389302201,0.8273496390707659,0.8288530389302201,2.349402361078631e-16,7.0,2.700813343538282e-16,3,4,u(k) + u(k)*y(k-1) + y(k-1),True,0,2.700813343538282e-16,True,0.7240093339933082,2,0.884068414570355,0.8827886748689628,0.884068414570355,2.3494023610786313e-16,48.5625,2.700813343538282e-16,3,4,u(k) + u(k)*y(k-1) + y(k-1),True,0,2.700813343538282e-16,True,7,7,48.5625,48.5625,True
E1,MO-lex,14,0.8848004579776898,3,0.8288530389302201,0.8273496390707659,0.8288530389302201,2.349402361078631e-16,7.0,2.700813343538282e-16,3,4,u(k) + u(k)*y(k-1) + y(k-1),True,0,2.3458695068017613e-16,True,0.8153752920043189,3,0.884068414570355,0.8827886748689628,0.884068414570355,2.3494023610786313e-16,48.5625,2.700813343538282e-16,3,4,u(k) + u(k)*y(k-1) + y(k-1),True,0,2.3458695068017613e-16,True,7,7,48.5625,48.5625,True
E1,MO-lex,15,0.8269585829984862,4,0.8291572289498511,0.8273496390707659,0.8291572289498511,3.1896338069289863e-16,7.0,3.25075120964195e-16,3,4,u(k) + u(k)*y(k-1) + y(k-1),True,0,2.7227928526362325e-16,True,0.7074594589939807,4,0.8844404859198701,0.8827886748689628,0.8844404859198701,3.1896338069289863e-16,48.5625,3.25075120964195e-16,3,4,u(k) + u(k)*y(k-1) + y(k-1),True,0,2.722792852636232e-16,True,7,7,48.5625,48.5625,True
E1,MO-lex,16,0.9086898750101682,3,0.82885303893022,0.827349639070766,0.82885303893022,2.349402361078631e-16,7.0,2.700813343538282e-16,3,4,u(k) + u(k)*y(k-1) + y(k-1),True,0,2.3458695068017613e-16,True,0.734208874986507,3,0.884068414570355,0.882788674868963,0.884068414570355,2.3494023610786313e-16,48.5625,2.700813343538282e-16,3,4,u(k) + u(k)*y(k-1) + y(k-1),True,0,2.3458695068017613e-16,True,7,7,48.5625,48.5625,True
E1,MO-lex,17,0.8445328339876141,3,0.830519214273044,0.8279102567333724,0.830519214273044,3.239019308365303e-16,7.0,3.3132865428115775e-16,3,4,u(k) + u(k)*y(k-1) + y(k-1),True,0,3.3132865428115775e-16,True,0.716618375008693,3,0.8854867137156447,0.883265889680197,0.8854867137156447,3.2390193083653034e-16,48.5625,3.3132865428115775e-16,3,4,u(k) + u(k)*y(k-1) + y(k-1),True,0,3.3132865428115775e-16,True,7,7,48.5625,48.5625,True
E1,MO-lex,18,0.9716382920159958,5,0.7938722239011774,0.7668981274524346,0.7938722239011774,6.131187590078749e-16,7.0,6.156117865385776e-16,3,4,u(k) + u(k)*y(k-1) + y(k-1),True,0,2.4149382677767686e-16,True,0.8161777079803869,5,0.8610517120630219,0.8425524494901206,0.8610517120630219,6.131187590078749e-16,48.5625,6.156117865385776e-16,3,4,u(k) + u(k)*y(k-1) + y(k-1),True,0,2.4149382677767686e-16,True,7,7,48.5625,48.5625,True
E1,MO-lex,19,0.9588033329928294,2,0.7557304298418553,0.7529535691465912,0.7557304298418553,2.349402361078631e-16,7.0,2.700813343538282e-16,3,4,u(k) + u(k)*y(k-1) + y(k-1),True,0,2.700813343538282e-16,True,0.789827458007494,2,0.8351132271052223,0.8317166978319881,0.8351132271052223,2.3494023610786313e-16,48.5625,2.700813343538282e-16,3,4,u(k) + u(k)*y(k-1) + y(k-1),True,0,2.700813343538282e-16,True,7,7,48.5625,48.5625,True
E1,MO-lex,20,0.921561000024667,2,0.830519214273044,0.8279102567333724,0.830519214273044,2.349402361078631e-16,7.0,2.700813343538282e-16,3,4,u(k) + u(k)*y(k-1) + y(k-1),True,0,2.700813343538282e-16,True,0.7151937499875203,2,0.8854867137156447,0.8832658896801971,0.8854867137156447,2.3494023610786313e-16,48.5625,2.700813343538282e-16,3,4,u(k) + u(k)*y(k-1) + y(k-1),True,0,2.700813343538282e-16,True,7,7,48.5625,48.5625,True
E1,MO-lex,21,0.9056292500172276,4,0.788787502554325,0.788684761443684,0.788787502554325,3.1896338069289863e-16,7.0,3.25075120964195e-16,3,4,u(k) + u(k)*y(k-1) + y(k-1),True,0,3.048215388922267e-16,True,0.820018958998844,4,0.8385684399890074,0.8382241813987888,0.8385684399890074,3.1896338069289863e-16,48.5625,3.25075120964195e-16,3,4,u(k) + u(k)*y(k-1) + y(k-1),True,0,3.048215388922267e-16,True,7,7,48.5625,48.5625,True
E1,MO-lex,22,0.8645842090190854,5,0.82885303893022,0.8273496390707659,0.82885303893022,3.1896338069289863e-16,7.0,3.25075120964195e-16,3,4,u(k) + u(k)*y(k-1) + y(k-1),True,0,2.746656849876153e-16,True,0.7626762090076227,5,0.884068414570355,0.8827886748689628,0.884068414570355,3.1896338069289863e-16,48.5625,3.25075120964195e-16,3,4,u(k) + u(k)*y(k-1) + y(k-1),True,0,2.746656849876153e-16,True,7,7,48.5625,48.5625,True
E1,MO-lex,23,0.8739642500004265,6,0.7556653770760219,0.755365669716099,0.7556653770760219,7.758954475392311e-16,7.0,7.495765931930908e-16,3,4,u(k) + u(k)*y(k-1) + y(k-1),True,0,2.4491431876450457e-16,True,0.7481061670114286,6,0.835033657530906,0.8346670691661681,0.835033657530906,7.758954475392311e-16,48.5625,7.495765931930908e-16,3,4,u(k) + u(k)*y(k-1) + y(k-1),True,0,2.4491431876450457e-16,True,7,7,48.5625,48.5625,True
E1,MO-lex,24,0.8386419170128647,3,0.82885303893022,0.827349639070766,0.82885303893022,2.349402361078631e-16,7.0,2.700813343538282e-16,3,4,u(k) + u(k)*y(k-1) + y(k-1),True,0,2.1087021151122103e-16,True,1.1789720829983708,3,0.884068414570355,0.882788674868963,0.884068414570355,2.3494023610786313e-16,48.5625,2.700813343538282e-16,3,4,u(k) + u(k)*y(k-1) + y(k-1),True,0,2.1087021151122103e-16,True,7,7,48.5625,48.5625,True
E1,MO-lex,25,0.9404500419914257,3,0.82885303893022,0.827349639070766,0.82885303893022,2.349402361078631e-16,7.0,2.700813343538282e-16,3,4,u(k) + u(k)*y(k-1) + y(k-1),True,0,2.4491431876450457e-16,True,0.8642545419861563,3,0.884068414570355,0.882788674868963,0.884068414570355,2.3494023610786313e-16,48.5625,2.700813343538282e-16,3,4,u(k) + u(k)*y(k-1) + y(k-1),True,0,2.4491431876450457e-16,True,7,7,48.5625,48.5625,True
E1,MO-lex,26,0.8520838340045884,3,0.830519214273044,0.8279102567333724,0.830519214273044,2.349402361078631e-16,7.0,2.700813343538282e-16,3,4,u(k) + u(k)*y(k-1) + y(k-1),True,0,2.3458695068017613e-16,True,0.7232339999754913,3,0.8854867137156448,0.8832658896801971,0.8854867137156448,2.3494023610786313e-16,48.5625,2.700813343538282e-16,3,4,u(k) + u(k)*y(k-1) + y(k-1),True,0,2.3458695068017613e-16,True,7,7,48.5625,48.5625,True
E1,MO-lex,27,0.9149710840138141,3,0.82885303893022,0.827349639070766,0.82885303893022,2.349402361078631e-16,7.0,2.700813343538282e-16,3,4,u(k) + u(k)*y(k-1) + y(k-1),True,0,2.3458695068017613e-16,True,0.7239817090157885,3,0.884068414570355,0.882788674868963,0.884068414570355,2.3494023610786313e-16,48.5625,2.700813343538282e-16,3,4,u(k) + u(k)*y(k-1) + y(k-1),True,0,2.3458695068017613e-16,True,7,7,48.5625,48.5625,True
E1,MO-lex,28,0.9149004170030821,3,0.8288530389302201,0.827349639070766,0.8288530389302201,5.241363920448137e-16,7.0,5.369700045505021e-16,3,4,u(k) + u(k)*y(k-1) + y(k-1),True,0,2.3458695068017613e-16,True,0.7293831660063006,3,0.884068414570355,0.882788674868963,0.884068414570355,5.241363920448137e-16,48.5625,5.369700045505022e-16,3,4,u(k) + u(k)*y(k-1) + y(k-1),True,0,2.3458695068017613e-16,True,7,7,48.5625,48.5625,True
E1,MO-lex,29,0.9295443330192938,3,0.7555692504066853,0.7554308635527273,0.7555692504066853,2.349402361078631e-16,7.0,2.700813343538282e-16,3,4,u(k) + u(k)*y(k-1) + y(k-1),True,0,2.3458695068017613e-16,True,0.9927388340001926,3,0.8349160797759625,0.8347468112918427,0.8349160797759625,2.3494023610786313e-16,48.5625,2.700813343538282e-16,3,4,u(k) + u(k)*y(k-1) + y(k-1),True,0,2.3458695068017613e-16,True,7,7,48.5625,48.5625,True
E1,SO,0,0.8021732500055805,1,0.6399999999999999,0.6399999999999998,0.8291572289498511,2.4424632637870403e-16,9.0,2.821447395164707e-16,4,5,u(k) + u(k)*y(k-1) + y(k-1) + y(k-3),True,1,2.821447395164707e-16,True,0.811168957996415,1,0.7381879194630871,0.738187919463087,0.8844404859198701,2.4424632637870403e-16,60.953125,2.821447395164707e-16,4,5,u(k) + u(k)*y(k-1) + y(k-1) + y(k-3),True,1,2.821447395164707e-16,True,9,9,60.953125,60.953125,True
E1,SO,1,0.9341580420150422,1,0.5599999999999999,0.5599999999999998,0.82885303893022,2.7169025749607555e-16,11.0,3.207588230161238e-16,4,7,u(k) + u(k)*u(k)*y(k-1) + u(k)*y(k-1) + y(k-1),True,1,3.207588230161238e-16,True,0.849884541996289,1,0.6403355704697985,0.6403355704697984,0.884068414570355,2.7169025749607555e-16,83.734375,3.207588230161238e-16,4,7,u(k) + u(k)*u(k)*y(k-1) + u(k)*y(k-1) + y(k-1),True,1,3.207588230161238e-16,True,11,11,83.734375,83.734375,True
E1,SO,2,0.8387088750023395,1,0.5999999999999999,0.5999999999999999,0.829157228949851,1.6776539490399681e-16,10.0,2.1438683212081093e-16,4,6,u(k) + u(k)*y(k-1) + y(k-1) + y(k-1)*y(k-3),True,1,2.1438683212081093e-16,True,0.8076909579976927,1,0.6892617449664428,0.6892617449664428,0.8844404859198702,1.677653949039968e-16,72.34375,2.143868321208109e-16,4,6,u(k) + u(k)*y(k-1) + y(k-1) + y(k-1)*y(k-3),True,1,2.143868321208109e-16,True,10,10,72.34375,72.34375,True
E1,SO,3,0.8807294589933008,1,0.43999999999999984,0.4399999999999998,0.82885303893022,2.112281740538708e-16,14.0,2.8354989479731118e-16,5,9,u(k) + u(k)*u(k)*y(k-1)*y(k-1) + u(k)*y(k-1) + u(k-2) + y(k-1),True,2,2.8354989479731118e-16,True,0.8566632920119446,1,0.5381879194630871,0.538187919463087,0.884068414570355,2.1122817405387081e-16,107.515625,2.8354989479731118e-16,5,9,u(k) + u(k)*u(k)*y(k-1)*y(k-1) + u(k)*y(k-1) + u(k-2) + y(k-1),True,2,2.8354989479731118e-16,True,14,14,107.515625,107.515625,True
E1,SO,4,0.8715270000102464,1,0.6399999999999999,0.6399999999999999,0.7558436061159891,2.49086259130927e-16,9.0,2.6508865607196936e-16,4,5,u(k) + u(k)*y(k-1) + u(k-2) + y(k-1),True,1,2.6508865607196936e-16,True,0.8217439579893835,1,0.7381879194630871,0.7381879194630871,0.8352516591586511,2.49086259130927e-16,60.953125,2.6508865607196936e-16,4,5,u(k) + u(k)*y(k-1) + u(k-2) + y(k-1),True,1,2.6508865607196936e-16,True,9,9,60.953125,60.953125,True
E1,SO,5,0.843738958996255,1,0.5599999999999999,0.5599999999999999,0.7563608963413919,2.304756423240201e-16,11.0,2.4491431876450457e-16,5,6,u(k) + u(k)*y(k-1) + u(k-2) + y(k-1) + y(k-2),True,2,2.4491431876450457e-16,True,0.7365303330007009,1,0.68496644295302,0.68496644295302,0.8328192170977589,2.304756423240201e-16,73.34375,2.4491431876450457e-16,5,6,u(k) + u(k)*y(k-1) + u(k-2) + y(k-1) + y(k-2),True,2,2.4491431876450457e-16,True,11,11,73.34375,73.34375,True
E1,SO,6,0.8946424169989768,1,0.7199999999999999,0.7199999999999999,0.8288530389302201,2.349402361078631e-16,7.0,2.700813343538282e-16,3,4,u(k) + u(k)*y(k-1) + y(k-1),True,0,2.700813343538282e-16,True,0.7955369999981485,1,0.7914093959731541,0.7914093959731541,0.884068414570355,2.3494023610786313e-16,48.5625,2.700813343538282e-16,3,4,u(k) + u(k)*y(k-1) + y(k-1),True,0,2.700813343538282e-16,True,7,7,48.5625,48.5625,True
E1,SO,7,0.8922210829914548,1,0.6399999999999998,0.6399999999999998,0.82885303893022,3.0792180024640667e-16,9.0,3.785052985690101e-16,4,5,u(k) + u(k)*y(k-1) + y(k-1) + y(k-2),True,1,3.785052985690101e-16,True,0.7402685830020346,1,0.738187919463087,0.738187919463087,0.884068414570355,3.0792180024640667e-16,60.953125,3.7850529856901013e-16,4,5,u(k) + u(k)*y(k-1) + y(k-1) + y(k-2),True,1,3.7850529856901013e-16,True,9,9,60.953125,60.953125,True
E1,SO,8,0.9066368339990731,1,0.4799999999999998,0.47999999999999987,0.82885303893022,2.8685003378216606e-16,13.0,2.582002893023232e-16,5,8,u(k) + u(k)*y(k-1) + u(k-1)*y(k-1)*y(k-1) + u(k-2) + y(k-1),True,2,2.582002893023232e-16,True,0.8062170000048354,1,0.5871140939597312,0.5871140939597314,0.884068414570355,2.8685003378216606e-16,96.125,2.582002893023232e-16,5,8,u(k) + u(k)*y(k-1) + u(k-1)*y(k-1)*y(k-1) + u(k-2) + y(k-1),True,2,2.582002893023232e-16,True,13,13,96.125,96.125,True
E1,SO,9,0.8436220000148751,1,0.7199999999999999,0.7199999999999999,0.82885303893022,2.349402361078631e-16,7.0,2.700813343538282e-16,3,4,u(k) + u(k)*y(k-1) + y(k-1),True,0,2.700813343538282e-16,True,0.7048074580088723,1,0.7914093959731541,0.7914093959731541,0.884068414570355,2.3494023610786313e-16,48.5625,2.700813343538282e-16,3,4,u(k) + u(k)*y(k-1) + y(k-1),True,0,2.700813343538282e-16,True,7,7,48.5625,48.5625,True
E1,SO,10,0.8614919170213398,1,0.7199999999999999,0.7199999999999999,0.82885303893022,2.349402361078631e-16,7.0,2.700813343538282e-16,3,4,u(k) + u(k)*y(k-1) + y(k-1),True,0,2.700813343538282e-16,True,0.7389888750039972,1,0.7914093959731541,0.7914093959731541,0.884068414570355,2.3494023610786313e-16,48.5625,2.700813343538282e-16,3,4,u(k) + u(k)*y(k-1) + y(k-1),True,0,2.700813343538282e-16,True,7,7,48.5625,48.5625,True
E1,SO,11,0.8992581670172513,1,0.7199999999999999,0.7199999999999999,0.7331026329827768,2.349402361078631e-16,7.0,2.700813343538282e-16,3,4,u(k) + u(k)*y(k-1) + y(k-1),True,0,2.700813343538282e-16,True,0.7972272080078255,1,0.7914093959731541,0.7914093959731541,0.8001261643920653,2.3494023610786313e-16,48.5625,2.700813343538282e-16,3,4,u(k) + u(k)*y(k-1) + y(k-1),True,0,2.700813343538282e-16,True,7,7,48.5625,48.5625,True
E1,SO,12,0.8087764160009101,1,0.5599999999999999,0.5599999999999999,0.82885303893022,1.8201049135225711e-16,11.0,2.043428099927965e-16,4,7,u(k) + u(k)*y(k-1) + y(k-1) + y(k-1)*y(k-1)*y(k-1),True,1,2.043428099927965e-16,True,0.7499989589850884,1,0.6403355704697985,0.6403355704697985,0.884068414570355,1.8201049135225711e-16,83.734375,2.043428099927965e-16,4,7,u(k) + u(k)*y(k-1) + y(k-1) + y(k-1)*y(k-1)*y(k-1),True,1,2.043428099927965e-16,True,11,11,83.734375,83.734375,True
E1,SO,13,0.8448865420068614,1,0.7199999999999999,0.7199999999999999,0.8288530389302201,2.349402361078631e-16,7.0,2.700813343538282e-16,3,4,u(k) + u(k)*y(k-1) + y(k-1),True,0,2.700813343538282e-16,True,0.7334022499853745,1,0.7914093959731541,0.7914093959731541,0.884068414570355,2.3494023610786313e-16,48.5625,2.700813343538282e-16,3,4,u(k) + u(k)*y(k-1) + y(k-1),True,0,2.700813343538282e-16,True,7,7,48.5625,48.5625,True
E1,SO,14,0.88530266599264,1,0.6399999999999999,0.6399999999999999,0.8288530389302201,2.0223972475018847e-16,9.0,2.3458695068017613e-16,4,5,u(k) + u(k)*y(k-1) + y(k-1) + y(k-3),True,1,2.3458695068017613e-16,True,0.8614723330247216,1,0.7381879194630871,0.7381879194630871,0.884068414570355,2.0223972475018847e-16,60.953125,2.3458695068017613e-16,4,5,u(k) + u(k)*y(k-1) + y(k-1) + y(k-3),True,1,2.3458695068017613e-16,True,9,9,60.953125,60.953125,True
E1,SO,15,0.8602375000191387,1,0.6399999999999999,0.6399999999999999,0.8291572289498511,2.66775679418883e-16,9.0,2.7227928526362325e-16,4,5,u(k) + u(k)*y(k-1) + u(k-1) + y(k-1),True,1,2.7227928526362325e-16,True,0.706727916985983,1,0.7381879194630871,0.7381879194630871,0.8844404859198701,2.66775679418883e-16,60.953125,2.722792852636232e-16,4,5,u(k) + u(k)*y(k-1) + u(k-1) + y(k-1),True,1,2.722792852636232e-16,True,9,9,60.953125,60.953125,True
E1,SO,16,0.9466651669936255,1,0.6399999999999999,0.6399999999999999,0.82885303893022,2.0223972475018847e-16,9.0,2.3458695068017613e-16,4,5,u(k) + u(k)*y(k-1) + y(k-1) + y(k-3),True,1,2.3458695068017613e-16,True,0.7343865000002552,1,0.7381879194630871,0.7381879194630871,0.884068414570355,2.0223972475018847e-16,60.953125,2.3458695068017613e-16,4,5,u(k) + u(k)*y(k-1) + y(k-1) + y(k-3),True,1,2.3458695068017613e-16,True,9,9,60.953125,60.953125,True
E1,SO,17,0.9136021250160411,1,0.6399999999999998,0.6399999999999998,0.830519214273044,2.8615980537508145e-16,9.0,3.323602781771804e-16,4,5,u(k) + u(k)*y(k-1) + u(k-2) + y(k-1),True,1,3.323602781771804e-16,True,0.7489707499917131,1,0.738187919463087,0.738187919463087,0.8854867137156447,2.861598053750814e-16,60.953125,3.3236027817718043e-16,4,5,u(k) + u(k)*y(k-1) + u(k-2) + y(k-1),True,1,3.3236027817718043e-16,True,9,9,60.953125,60.953125,True
E1,SO,18,0.9365008329914417,1,0.5999999999999999,0.5999999999999999,0.7938722239011774,1.8620101791436382e-16,10.0,2.4149382677767686e-16,4,6,u(k) + u(k)*y(k-1) + u(k-2)*y(k-3) + y(k-1),True,1,2.4149382677767686e-16,True,0.8030533749843016,1,0.6892617449664428,0.6892617449664428,0.8610517120630219,1.8620101791436382e-16,72.34375,2.4149382677767686e-16,4,6,u(k) + u(k)*y(k-1) + u(k-2)*y(k-3) + y(k-1),True,1,2.4149382677767686e-16,True,10,10,72.34375,72.34375,True
E1,SO,19,0.9293865000072401,1,0.7199999999999999,0.7199999999999999,0.7557304298418553,2.349402361078631e-16,7.0,2.700813343538282e-16,3,4,u(k) + u(k)*y(k-1) + y(k-1),True,0,2.700813343538282e-16,True,0.8460370830143802,1,0.7914093959731541,0.7914093959731541,0.8351132271052223,2.3494023610786313e-16,48.5625,2.700813343538282e-16,3,4,u(k) + u(k)*y(k-1) + y(k-1),True,0,2.700813343538282e-16,True,7,7,48.5625,48.5625,True
E1,SO,20,0.8574773329892196,1,0.7199999999999999,0.7199999999999999,0.830519214273044,2.349402361078631e-16,7.0,2.700813343538282e-16,3,4,u(k) + u(k)*y(k-1) + y(k-1),True,0,2.700813343538282e-16,True,0.7054775829892606,1,0.7914093959731541,0.7914093959731541,0.8854867137156447,2.3494023610786313e-16,48.5625,2.700813343538282e-16,3,4,u(k) + u(k)*y(k-1) + y(k-1),True,0,2.700813343538282e-16,True,7,7,48.5625,48.5625,True
E1,SO,21,0.9720088329922874,1,0.5599999999999998,0.5599999999999998,0.788787502554325,2.8384502344729033e-16,11.0,3.048215388922267e-16,4,7,u(k) + u(k)*u(k)*y(k-1) + u(k)*y(k-1) + y(k-1),True,1,3.048215388922267e-16,True,0.8199677079974208,1,0.6403355704697984,0.6403355704697984,0.8385684399890074,2.838450234472903e-16,83.734375,3.048215388922267e-16,4,7,u(k) + u(k)*u(k)*y(k-1) + u(k)*y(k-1) + y(k-1),True,1,3.048215388922267e-16,True,11,11,83.734375,83.734375,True
E1,SO,22,0.9303513329941779,1,0.5599999999999999,0.5599999999999998,0.82885303893022,2.691791236302312e-16,11.0,3.260402014746928e-16,5,6,u(k) + u(k)*y(k-1) + u(k-2) + y(k-1) + y(k-2),True,2,3.260402014746928e-16,True,0.7298141250212211,1,0.68496644295302,0.6849664429530199,0.884068414570355,2.691791236302312e-16,73.34375,3.260402014746928e-16,5,6,u(k) + u(k)*y(k-1) + u(k-2) + y(k-1) + y(k-2),True,2,3.260402014746928e-16,True,11,11,73.34375,73.34375,True
E1,SO,23,0.9537775829958264,1,0.43999999999999984,0.43999999999999984,0.7556653770760219,1.9180143101357917e-16,14.0,2.540337108856375e-16,5,9,u(k) + u(k)*u(k)*y(k-1) + u(k)*y(k-1) + y(k-1) + y(k-1)*y(k-1),True,2,2.540337108856375e-16,True,0.7379346659872681,1,0.5381879194630871,0.5381879194630871,0.835033657530906,1.9180143101357915e-16,107.515625,2.540337108856375e-16,5,9,u(k) + u(k)*u(k)*y(k-1) + u(k)*y(k-1) + y(k-1) + y(k-1)*y(k-1),True,2,2.540337108856375e-16,True,14,14,107.515625,107.515625,True
E1,SO,24,0.9071428329916671,1,0.6399999999999999,0.6399999999999999,0.82885303893022,1.8775131440216633e-16,9.0,2.1087021151122103e-16,4,5,u(k) + u(k)*y(k-1) + u(k-4) + y(k-1),True,1,2.1087021151122103e-16,True,0.7557457920047455,1,0.7381879194630871,0.7381879194630871,0.884068414570355,1.877513144021663e-16,60.953125,2.1087021151122103e-16,4,5,u(k) + u(k)*y(k-1) + u(k-4) + y(k-1),True,1,2.1087021151122103e-16,True,9,9,60.953125,60.953125,True
E1,SO,25,1.0001449169940315,1,0.5599999999999999,0.5599999999999999,0.82885303893022,2.304756423240201e-16,11.0,2.4491431876450457e-16,5,6,u(k) + u(k)*y(k-1) + u(k-2) + y(k-1) + y(k-2),True,2,2.4491431876450457e-16,True,0.7709477500175126,1,0.68496644295302,0.68496644295302,0.884068414570355,2.304756423240201e-16,73.34375,2.4491431876450457e-16,5,6,u(k) + u(k)*y(k-1) + u(k-2) + y(k-1) + y(k-2),True,2,2.4491431876450457e-16,True,11,11,73.34375,73.34375,True
E1,SO,26,0.8712072499911301,1,0.6399999999999999,0.6399999999999999,0.830519214273044,2.0223972475018847e-16,9.0,2.3458695068017613e-16,4,5,u(k) + u(k)*y(k-1) + y(k-1) + y(k-3),True,1,2.3458695068017613e-16,True,0.7722453339956701,1,0.7381879194630871,0.7381879194630871,0.8854867137156448,2.0223972475018847e-16,60.953125,2.3458695068017613e-16,4,5,u(k) + u(k)*y(k-1) + y(k-1) + y(k-3),True,1,2.3458695068017613e-16,True,9,9,60.953125,60.953125,True
E1,SO,27,0.9087275000056252,1,0.6399999999999999,0.6399999999999999,0.82885303893022,2.0223972475018847e-16,9.0,2.3458695068017613e-16,4,5,u(k) + u(k)*y(k-1) + y(k-1) + y(k-3),True,1,2.3458695068017613e-16,True,0.7261592909926549,1,0.7381879194630871,0.7381879194630871,0.884068414570355,2.0223972475018847e-16,60.953125,2.3458695068017613e-16,4,5,u(k) + u(k)*y(k-1) + y(k-1) + y(k-3),True,1,2.3458695068017613e-16,True,9,9,60.953125,60.953125,True
E1,SO,28,0.9681628749822266,1,0.6399999999999999,0.6399999999999999,0.8288530389302201,2.0223972475018847e-16,9.0,2.3458695068017613e-16,4,5,u(k) + u(k)*y(k-1) + y(k-1) + y(k-3),True,1,2.3458695068017613e-16,True,0.7491822919982951,1,0.7381879194630871,0.7381879194630871,0.884068414570355,2.0223972475018847e-16,60.953125,2.3458695068017613e-16,4,5,u(k) + u(k)*y(k-1) + y(k-1) + y(k-3),True,1,2.3458695068017613e-16,True,9,9,60.953125,60.953125,True
E1,SO,29,0.9785721669904888,1,0.6399999999999999,0.6399999999999999,0.7555692504066853,2.0223972475018847e-16,9.0,2.3458695068017613e-16,4,5,u(k) + u(k)*y(k-1) + y(k-1) + y(k-3),True,1,2.3458695068017613e-16,True,0.8675109169853386,1,0.7381879194630871,0.7381879194630871,0.8349160797759625,2.0223972475018847e-16,60.953125,2.3458695068017613e-16,4,5,u(k) + u(k)*y(k-1) + y(k-1) + y(k-3),True,1,2.3458695068017613e-16,True,9,9,60.953125,60.953125,True
E2,Green,0,2.1360603330249432,8,0.8781424814104829,0.872335533150443,0.8781424814104829,0.02303404876963203,9.0,0.028127236116949315,4,5,u(k-1) + u(k-1)*y(k-2) + y(k-2) + y(k-5),False,4,0.02789210935532731,False,1.6495084160123952,8,0.9116121671967772,0.906296487260796,0.9116121671967772,0.0233253438034516,48.5625,0.0283362316288928,3,4,u(k-1) + u(k-1)*y(k-2) + y(k-5),False,3,0.0280558784677651,False,9,7,60.953125,48.5625,False
E2,Green,1,2.1115591670095455,8,0.8790834021197592,0.8743023423897742,0.8790834021197592,0.023325343803451675,7.0,0.028336231628892785,3,4,u(k-1) + u(k-1)*y(k-2) + y(k-5),False,3,0.027974296687295657,False,1.7686416670039762,8,0.9102274585445672,0.903866553396086,0.9102274585445672,0.0233253438034517,48.5625,0.0283362316288928,3,4,u(k-1) + u(k-1)*y(k-2) + y(k-5),False,3,0.0279428796131237,False,7,7,48.5625,48.5625,True
E2,Green,2,2.0580169589957222,8,0.8794668229269561,0.8746890602173607,0.8794668229269561,0.02332534380345166,7.0,0.02833623162889277,3,4,u(k-1) + u(k-1)*y(k-2) + y(k-5),False,3,0.028055878467765187,False,1.665974625007948,8,0.9113205426875663,0.9057749480926918,0.9113205426875663,0.0233253438034515,48.5625,0.0283362316288927,3,4,u(k-1) + u(k-1)*y(k-2) + y(k-5),False,3,0.0279428796131238,False,7,7,48.5625,48.5625,True
E2,Green,3,2.117812916985713,8,0.8859688521285854,0.8805980684688458,0.8859688521285854,0.02332534380345169,7.0,0.028336231628892813,3,4,u(k-1) + u(k-1)*y(k-2) + y(k-5),False,3,0.028055878467765253,False,1.664218833000632,8,0.9151946356293624,0.9094246004216888,0.9151946356293624,0.0233253438034516,48.5625,0.0283362316288928,3,4,u(k-1) + u(k-1)*y(k-2) + y(k-5),False,3,0.0280558784677652,False,7,7,48.5625,48.5625,True
E2,Green,4,2.2423955829872284,8,0.8857551132517889,0.8805884337738669,0.8857551132517889,0.023325343803451734,7.0,0.02833623162889281,3,4,u(k-1) + u(k-1)*y(k-2) + y(k-5),False,3,0.027974296687295598,False,1.8323783749947324,8,0.9150670531281172,0.9093899683947484,0.9150670531281172,0.0233253438034516,48.5625,0.0283362316288928,3,4,u(k-1) + u(k-1)*y(k-2) + y(k-5),False,3,0.0280558784677651,False,7,7,48.5625,48.5625,True
E2,Green,5,2.1196214579977095,8,0.8806332317062359,0.8759547964889162,0.8806332317062359,0.02332534380345166,7.0,0.0283362316288928,3,4,u(k-1) + u(k-1)*y(k-2) + y(k-5),False,3,0.027942879613123816,False,1.6514602500246838,8,0.9102756547706484,0.90389534727758,0.9102756547706484,0.0233253438034517,48.5625,0.0283362316288928,3,4,u(k-1) + u(k-1)*y(k-2) + y(k-5),False,3,0.0280125124218258,False,7,7,48.5625,48.5625,True
E2,Green,6,2.239890374999959,8,0.8794303837497113,0.8743561793250063,0.8794303837497113,0.02332534380345177,7.0,0.028336231628892733,3,4,u(k-1) + u(k-1)*y(k-2) + y(k-5),False,3,0.027942879613123767,False,1.6863807089976035,8,0.9123316747580416,0.9073856608851206,0.9123316747580416,0.0233253438034517,48.5625,0.0283362316288927,3,4,u(k-1) + u(k-1)*y(k-2) + y(k-5),False,3,0.0279742966872954,False,7,7,48.5625,48.5625,True
E2,Green,7,2.1983839999884367,8,0.8784014351250766,0.8722539505410111,0.8784014351250766,0.023325343803451713,7.0,0.02833623162889276,3,4,u(k-1) + u(k-1)*y(k-2) + y(k-5),False,3,0.027942879613123795,False,1.936180124990642,8,0.9147215146190236,0.908848446702354,0.9147215146190236,0.0233253438034516,48.5625,0.0283362316288927,3,4,u(k-1) + u(k-1)*y(k-2) + y(k-5),False,3,0.0279742966872954,False,7,7,48.5625,48.5625,True
E2,Green,8,2.1004623750050087,7,0.8790691593289504,0.874318864681782,0.8790691593289504,0.023325343803451654,7.0,0.028336231628892705,3,4,u(k-1) + u(k-1)*y(k-2) + y(k-5),False,3,0.02794252304881897,False,1.6920007079897914,8,0.9115021842951644,0.9061958090387734,0.9115021842951644,0.0233253438034516,48.5625,0.0283362316288928,3,4,u(k-1) + u(k-1)*y(k-2) + y(k-5),False,3,0.0280513030577818,False,7,7,48.5625,48.5625,True
E2,Green,9,2.1395374159910716,8,0.8784088123850724,0.8721951911365975,0.8784088123850724,0.02332534380345166,7.0,0.0283362316288928,3,4,u(k-1) + u(k-1)*y(k-2) + y(k-5),False,3,0.028055878467765222,False,1.7895640829810873,8,0.9106159224947238,0.9052080300830158,0.9106159224947238,0.0233253438034517,48.5625,0.0283362316288927,3,4,u(k-1) + u(k-1)*y(k-2) + y(k-5),False,3,0.0280558784677651,False,7,7,48.5625,48.5625,True
E2,Green,10,2.238895083020907,8,0.8790709224739804,0.87425991986393,0.8790709224739804,0.023325343803451682,7.0,0.028336231628892854,3,4,u(k-1) + u(k-1)*y(k-2) + y(k-5),False,3,0.028055878467765194,False,1.91092487500282,8,0.915017857559814,0.9094175509462497,0.915017857559814,0.0233253438034516,48.5625,0.0283362316288927,3,4,u(k-1) + u(k-1)*y(k-2) + y(k-5),False,3,0.0280125124218258,False,7,7,48.5625,48.5625,True
E2,Green,11,2.395108041993808,8,0.8859691455536467,0.8806491743739027,0.8859691455536467,0.023325343803451734,7.0,0.02833623162889281,3,4,u(k-1) + u(k-1)*y(k-2) + y(k-5),False,3,0.027957597881117582,False,1.728148374997545,8,0.910218611532018,0.9038591006820728,0.910218611532018,0.0233253438034517,48.5625,0.0283362316288928,3,4,u(k-1) + u(k-1)*y(k-2) + y(k-5),False,3,0.0279575978811175,False,7,7,48.5625,48.5625,True
E2,Green,12,2.4992348750238307,8,0.8801575330081571,0.8750464723467717,0.8801575330081571,0.023325343803451734,7.0,0.028336231628892813,3,4,u(k-1) + u(k-1)*y(k-2) + y(k-5),False,3,0.027974296687295553,False,1.7664783749787605,8,0.9152876180697376,0.9094506749209104,0.9152876180697376,0.0233253438034516,48.5625,0.0283362316288928,3,4,u(k-1) + u(k-1)*y(k-2) + y(k-5),False,3,0.0279428796131238,False,7,7,48.5625,48.5625,True
E2,Green,13,2.3792872919875663,8,0.8850011980163404,0.879368693057203,0.8850011980163404,0.023325343803451557,7.0,0.02833623162889271,3,4,u(k-1) + u(k-1)*y(k-2) + y(k-5),False,3,0.02805587846776521,False,1.912327958008973,8,0.910858204047072,0.9052329776878256,0.910858204047072,0.0233253438034515,48.5625,0.0283362316288927,3,4,u(k-1) + u(k-1)*y(k-2) + y(k-5),False,3,0.0280558784677651,False,7,7,48.5625,48.5625,True
E2,Green,14,2.336223709018668,8,0.8790836557370746,0.8743023423897742,0.8790836557370746,0.023325343803451744,7.0,0.02833623162889279,3,4,u(k-1) + u(k-1)*y(k-2) + y(k-5),False,3,0.027974296687295567,False,1.6866881659952924,7,0.915034856162701,0.9094524788054638,0.915034856162701,0.0233253438034517,48.5625,0.0283362316288927,3,4,u(k-1) + u(k-1)*y(k-2) + y(k-5),False,3,0.0279575978811175,False,7,7,48.5625,48.5625,True
E2,Green,15,2.2398582919850014,8,0.8790632679905406,0.8742622990771214,0.8790632679905406,0.023325343803451654,7.0,0.028336231628892705,3,4,u(k-1) + u(k-1)*y(k-2) + y(k-5),False,3,0.02805130305778187,False,1.762491833011154,8,0.9102371446028232,0.9037946815742444,0.9102371446028232,0.0233253438034516,48.5625,0.0283362316288927,3,4,u(k-1) + u(k-1)*y(k-2) + y(k-5),False,3,0.0280558784677652,False,7,7,48.5625,48.5625,True
E2,Green,16,2.3886411669955123,8,0.8863485780436966,0.8818282210546979,0.8863485780436966,0.023325343803451654,7.0,0.02833623162889278,3,4,u(k-1) + u(k-1)*y(k-2) + y(k-5),False,3,0.027919355466620412,False,1.8117592909839004,8,0.9102961901332116,0.9038677647260788,0.9102961901332116,0.0233253438034516,48.5625,0.0283362316288927,3,4,u(k-1) + u(k-1)*y(k-2) + y(k-5),False,3,0.0280558784677651,False,7,7,48.5625,48.5625,True
E2,Green,17,2.2439303749997634,8,0.8783976304504338,0.8721951911365974,0.8783976304504338,0.0233253438034517,7.0,0.028336231628892802,3,4,u(k-1) + u(k-1)*y(k-2) + y(k-5),False,3,0.02805587846776524,False,1.7618302909831982,8,0.9152973876790196,0.9093788030990688,0.9152973876790196,0.0233253438034516,48.5625,0.0283362316288928,3,4,u(k-1) + u(k-1)*y(k-2) + y(k-5),False,3,0.0280558784677652,False,7,7,48.5625,48.5625,True
E2,Green,18,2.298341999994591,8,0.8856129168917761,0.8803903021263533,0.8856129168917761,0.023325343803451658,7.0,0.0283362316288928,3,4,u(k-1) + u(k-1)*y(k-2) + y(k-5),False,3,0.02805587846776524,False,1.841753457993036,8,0.9102201352837428,0.9038465708717952,0.9102201352837428,0.0233253438034516,48.5625,0.0283362316288928,3,4,u(k-1) + u(k-1)*y(k-2) + y(k-5),False,3,0.0279742966872956,False,7,7,48.5625,48.5625,True
E2,Green,19,2.2150301249930635,8,0.8783345962450841,0.8721778639251394,0.8783345962450841,0.02332534380345169,7.0,0.028336231628892802,3,4,u(k-1) + u(k-1)*y(k-2) + y(k-5),False,3,0.02797429668729562,False,1.6124980419990609,8,0.9102196842839578,0.9038465708717957,0.9102196842839578,0.0233253438034516,48.5625,0.0283362316288928,3,4,u(k-1) + u(k-1)*y(k-2) + y(k-5),False,3,0.0279742966872956,False,7,7,48.5625,48.5625,True
E2,Green,20,2.140705458004959,8,0.8795064198575041,0.8746459908436833,0.8795064198575041,0.02332534380345166,7.0,0.028336231628892816,3,4,u(k-1) + u(k-1)*y(k-2) + y(k-5),False,3,0.028055878467765208,False,1.634970000013709,8,0.9103246809124852,0.9038677647260788,0.9103246809124852,0.0233253438034516,48.5625,0.0283362316288928,3,4,u(k-1) + u(k-1)*y(k-2) + y(k-5),False,3,0.0280558784677652,False,7,7,48.5625,48.5625,True
E2,Green,21,2.140977834002115,8,0.8790836557370745,0.8743023423897743,0.8790836557370745,0.023325343803451703,7.0,0.028336231628892775,3,4,u(k-1) + u(k-1)*y(k-2) + y(k-5),False,3,0.02797429668729552,False,1.8604126250138504,8,0.910615895622378,0.9052080300830158,0.910615895622378,0.0233253438034517,48.5625,0.0283362316288928,3,4,u(k-1) + u(k-1)*y(k-2) + y(k-5),False,3,0.0280558784677651,False,7,7,48.5625,48.5625,True
E2,Green,22,2.1780084169877227,8,0.8783998704319986,0.8722539505410111,0.8783998704319986,0.023325343803451557,7.0,0.02833623162889271,3,4,u(k-1) + u(k-1)*y(k-2) + y(k-5),False,3,0.027942879613123837,False,1.6777672920143232,8,0.9103097721718478,0.9038677647260788,0.9103097721718478,0.0233253438034516,48.5625,0.0283362316288927,3,4,u(k-1) + u(k-1)*y(k-2) + y(k-5),False,3,0.0280558784677651,False,7,7,48.5625,48.5625,True
E2,Green,23,2.38320145898615,8,0.8790863627067079,0.8742599198639301,0.8790863627067079,0.02332534380345171,7.0,0.02833623162889278,3,4,u(k-1) + u(k-1)*y(k-2) + y(k-5),False,3,0.02805587846776518,False,1.7780716249835675,8,0.9106057322489448,0.9052799019048572,0.9106057322489448,0.0233253438034517,48.5625,0.0283362316288927,3,4,u(k-1) + u(k-1)*y(k-2) + y(k-5),False,3,0.0279428796131237,False,7,7,48.5625,48.5625,True
E2,Green,24,2.273502958007157,8,0.8790834021197591,0.8743023423897742,0.8790834021197591,0.023325343803451717,7.0,0.02833623162889277,3,4,u(k-1) + u(k-1)*y(k-2) + y(k-5),False,3,0.027974296687295588,False,2.045118625013856,8,0.9111569835901646,0.9055132546053262,0.9111569835901646,0.0233253438034517,48.5625,0.0283362316288928,3,4,u(k-1) + u(k-1)*y(k-2) + y(k-5),False,3,0.0280558784677652,False,7,7,48.5625,48.5625,True
E2,Green,25,2.2340390419994947,8,0.8790897092674514,0.8748581173949537,0.8790897092674514,0.02332534380345174,7.0,0.028336231628892795,3,4,u(k-1) + u(k-1)*y(k-2) + y(k-5),False,3,0.027919355466620412,False,1.695035957993241,7,0.9171215323399948,0.911944920765764,0.9171215323399948,0.0230261347457146,60.953125,0.0280558784677652,4,5,u(k-1) + u(k-1)*y(k-2) + y(k-4) + y(k-5),False,4,0.0277856351043982,False,7,9,48.5625,60.953125,False
E2,Green,26,2.0250716249865945,8,0.878424496605997,0.8721951911365975,0.878424496605997,0.02332534380345159,7.0,0.028336231628892834,3,4,u(k-1) + u(k-1)*y(k-2) + y(k-5),False,3,0.028055878467765173,False,1.732225665997248,8,0.9150045820736408,0.9094392610899532,0.9150045820736408,0.0233253438034517,48.5625,0.0283362316288927,3,4,u(k-1) + u(k-1)*y(k-2) + y(k-5),False,3,0.027978379136906,False,7,7,48.5625,48.5625,True
E2,Green,27,2.1824599579849746,8,0.8784242429886816,0.8721951911365974,0.8784242429886816,0.02332534380345167,7.0,0.028336231628892816,3,4,u(k-1) + u(k-1)*y(k-2) + y(k-5),False,3,0.028055878467765295,False,1.9663869999931192,8,0.9152880938560858,0.90945067492091,0.9152880938560858,0.0233253438034516,48.5625,0.0283362316288928,3,4,u(k-1) + u(k-1)*y(k-2) + y(k-5),False,3,0.0279428796131238,False,7,7,48.5625,48.5625,True
E2,Green,28,2.1045706660079304,8,0.8806458999404695,0.8758960370845025,0.8806458999404695,0.02332534380345166,7.0,0.028336231628892785,3,4,u(k-1) + u(k-1)*y(k-2) + y(k-5),False,3,0.028055878467765253,False,1.7100022500089835,8,0.9106305210222352,0.9052080300830158,0.9106305210222352,0.0233253438034517,48.5625,0.0283362316288928,3,4,u(k-1) + u(k-1)*y(k-2) + y(k-5),False,3,0.0280558784677651,False,7,7,48.5625,48.5625,True
E2,Green,29,2.1739915409998503,8,0.8783832591610141,0.8722463903471743,0.8783832591610141,0.023325343803451686,7.0,0.028336231628892785,3,4,u(k-1) + u(k-1)*y(k-2) + y(k-5),False,3,0.027942523048818925,False,1.7529677920101676,8,0.915297553252242,0.9093788030990688,0.915297553252242,0.0233253438034516,48.5625,0.0283362316288927,3,4,u(k-1) + u(k-1)*y(k-2) + y(k-5),False,3,0.0280558784677652,False,7,7,48.5625,48.5625,True
E2,MO-lex,0,0.9591498750087339,4,0.7022356417948475,0.698225830435735,0.7022356417948475,0.02287571165946057,10.0,0.028621296410020255,4,6,u(k)*u(k-2) + u(k-1) + y(k-2)*y(k-2) + y(k-5),False,4,0.028439045742316746,False,0.8087161660077982,4,0.7724337826078688,0.7679928755790592,0.7724337826078688,0.0228757116594605,72.34375,0.0286212964100202,4,6,u(k)*u(k-2) + u(k-1) + y(k-2)*y(k-2) + y(k-5),False,4,0.0284390457423167,False,10,10,72.34375,72.34375,True
E2,MO-lex,1,1.0497102920198813,5,0.7023170780821824,0.6986827593855197,0.7023170780821824,0.023026134745714653,9.0,0.028055878467765197,4,5,u(k-1) + u(k-1)*y(k-2) + y(k-4) + y(k-5),False,4,0.027974296687295588,False,0.9663510419777596,5,0.7725291544612725,0.7684867521471717,0.7725291544612725,0.0230261347457146,60.953125,0.0280558784677651,4,5,u(k-1) + u(k-1)*y(k-2) + y(k-4) + y(k-5),False,4,0.0279742966872955,False,9,9,60.953125,60.953125,True
E2,MO-lex,2,1.1417727079824544,3,0.7030236496014238,0.6993147500272441,0.7030236496014238,0.02297364109399289,10.0,0.028809424244161618,4,6,u(k)*u(k-1) + u(k-1) + y(k-2)*y(k-2) + y(k-5),False,4,0.027942879613123903,False,0.8540643340093084,3,0.7729003875411044,0.7688259130067908,0.7729003875411044,0.0229736410939928,72.34375,0.0288094242441616,4,6,u(k)*u(k-1) + u(k-1) + y(k-2)*y(k-2) + y(k-5),False,4,0.0279428796131239,False,10,10,72.34375,72.34375,True
E2,MO-lex,3,0.9820439589966554,6,0.6608462259067983,0.6554429082396733,0.6608462259067983,0.022986966264847548,10.0,0.0281884447599459,4,6,u(k-1) + u(k-1)*y(k-2) + y(k-2)*y(k-3) + y(k-5),False,4,0.028061057151065952,False,0.8388578329759184,6,0.7647119999810419,0.7583350549284168,0.7647119999810419,0.0229869662648475,72.34375,0.0281884447599459,4,6,u(k-1) + u(k-1)*y(k-2) + y(k-2)*y(k-3) + y(k-5),False,4,0.0280610571510659,False,10,10,72.34375,72.34375,True
E2,MO-lex,4,1.1898803749936633,4,0.701239033400467,0.6970101173163908,0.701239033400467,0.022875711659460545,10.0,0.028621296410020196,4,6,u(k)*u(k-2) + u(k-1) + y(k-2)*y(k-2) + y(k-5),False,4,0.028495472197663872,False,0.8374692090146709,4,0.7716928102990532,0.7670930596303067,0.7716928102990532,0.0228757116594605,72.34375,0.0286212964100201,4,6,u(k)*u(k-2) + u(k-1) + y(k-2)*y(k-2) + y(k-5),False,4,0.0284954721976638,False,10,10,72.34375,72.34375,True
E2,MO-lex,5,1.1938072910124902,4,0.7030894481561402,0.6992472996233817,0.7030894481561402,0.023171405922430523,10.0,0.029159056587540748,4,6,u(k)*u(k-1) + u(k-1) + y(k-2)*y(k-3) + y(k-5),False,4,0.02852788859250901,False,0.8349456659925636,4,0.7730018868306178,0.7686605576379899,0.7730018868306178,0.0231714059224305,72.34375,0.0291590565875407,4,6,u(k)*u(k-1) + u(k-1) + y(k-2)*y(k-3) + y(k-5),False,4,0.028527888592509,False,10,10,72.34375,72.34375,True
E2,MO-lex,6,1.210668416984845,4,0.6254108930639056,0.6221029971850439,0.6254108930639056,0.02302613474571482,9.0,0.028055878467765152,4,5,u(k-1) + u(k-1)*y(k-2) + y(k-4) + y(k-5),False,4,0.027942879613123753,False,0.83287295899936,4,0.7213691180305909,0.7175492807300999,0.7213691180305909,0.0230261347457148,60.953125,0.0280558784677651,4,5,u(k-1) + u(k-1)*y(k-2) + y(k-4) + y(k-5),False,4,0.0279428796131237,False,9,9,60.953125,60.953125,True
E2,MO-lex,7,1.279724709020229,5,0.7380541102525612,0.7338957311077321,0.7380541102525612,0.023036131774493075,11.0,0.0280374199234565,5,6,u(k-1) + u(k-1)*y(k-2) + y(k-1) + y(k-4) + y(k-5),False,4,0.0280374199234565,False,0.8729684999852907,5,0.8164876925357881,0.8118374004329671,0.8164876925357881,0.023036131774493,73.34375,0.0280374199234565,5,6,u(k-1) + u(k-1)*y(k-2) + y(k-1) + y(k-4) + y(k-5),False,4,0.0280374199234565,False,11,11,73.34375,73.34375,True
E2,MO-lex,8,1.1538009170035366,3,0.7033077468718898,0.6995243796491486,0.7033077468718898,0.023026134745714653,9.0,0.028055878467765197,4,5,u(k-1) + u(k-1)*y(k-2) + y(k-4) + y(k-5),False,4,0.028055878467765197,False,1.0422851250041276,3,0.7731951836970827,0.7690225032889086,0.7731951836970827,0.0230261347457146,60.953125,0.0280558784677651,4,5,u(k-1) + u(k-1)*y(k-2) + y(k-4) + y(k-5),False,4,0.0280558784677651,False,9,9,60.953125,60.953125,True
E2,MO-lex,9,1.2951447910163552,5,0.7400283766321236,0.7354639602094721,0.7400283766321236,0.023325343803451734,7.0,0.02833623162889281,3,4,u(k-1) + u(k-1)*y(k-2) + y(k-5),False,3,0.02794287961312382,False,0.9033714580000378,5,0.8179839251252472,0.8128452573066617,0.8179839251252472,0.0233253438034517,48.5625,0.0283362316288928,3,4,u(k-1) + u(k-1)*y(k-2) + y(k-5),False,3,0.0279428796131238,False,7,7,48.5625,48.5625,True
E2,MO-lex,10,1.4493570000049658,5,0.6608287139888142,0.6559040399838036,0.6608287139888142,0.022986966264847496,10.0,0.028188444759945874,4,6,u(k-1) + u(k-1)*y(k-2) + y(k-2)*y(k-3) + y(k-5),False,4,0.02794287961312382,False,0.8364846670010593,5,0.7646905802021652,0.7588990902328983,0.7646905802021652,0.0229869662648474,72.34375,0.0281884447599458,4,6,u(k-1) + u(k-1)*y(k-2) + y(k-2)*y(k-3) + y(k-5),False,4,0.0279428796131238,False,10,10,72.34375,72.34375,True
E2,MO-lex,11,1.2136529999843333,3,0.625246731165281,0.6215887353983772,0.625246731165281,0.022875711659460483,10.0,0.028621296410020154,4,6,u(k)*u(k-2) + u(k-1) + y(k-2)*y(k-2) + y(k-5),False,4,0.028495472197663657,True,0.8625992080196738,3,0.7211633572980394,0.7169454942783953,0.7211633572980394,0.0228757116594604,72.34375,0.0286212964100201,4,6,u(k)*u(k-2) + u(k-1) + y(k-2)*y(k-2) + y(k-5),False,4,0.0284954721976636,True,10,10,72.34375,72.34375,True
E2,MO-lex,12,1.237948584021069,4,0.7022900879254745,0.6984871310874989,0.7022900879254745,0.023539325117018176,9.0,0.028750982584347478,4,5,u(k-1) + u(k-2)*y(k-2) + y(k-4) + y(k-5),False,4,0.028037419923456482,False,0.8295818750048056,4,0.7725246026631025,0.7683382212859827,0.7725246026631025,0.0235393251170181,60.953125,0.0287509825843474,4,5,u(k-1) + u(k-2)*y(k-2) + y(k-4) + y(k-5),False,4,0.0280374199234564,False,9,9,60.953125,60.953125,True
E2,MO-lex,13,1.2239643330103718,4,0.703006515949461,0.6991924589278591,0.703006515949461,0.022986966264847565,10.0,0.02818844475994596,4,6,u(k-1) + u(k-1)*y(k-2) + y(k-2)*y(k-3) + y(k-5),False,4,0.02818844475994596,False,0.8556729580159299,4,0.772941263443985,0.7687207241356424,0.772941263443985,0.0229869662648475,72.34375,0.0281884447599459,4,6,u(k-1) + u(k-1)*y(k-2) + y(k-2)*y(k-3) + y(k-5),False,4,0.0281884447599459,False,10,10,72.34375,72.34375,True
E2,MO-lex,14,1.1514668749878183,5,0.7341024968809368,0.7267652633257675,0.7341024968809368,0.023026134745714737,9.0,0.028055878467765253,4,5,u(k-1) + u(k-1)*y(k-2) + y(k-4) + y(k-5),False,4,0.027942879613123823,False,0.8265990419895388,5,0.8138906265758535,0.8066413095861414,0.8138906265758535,0.0230261347457147,60.953125,0.0280558784677652,4,5,u(k-1) + u(k-1)*y(k-2) + y(k-4) + y(k-5),False,4,0.0279428796131238,False,9,9,60.953125,60.953125,True
E2,MO-lex,15,1.3974346249888185,5,0.7025973432404659,0.6986948874653867,0.7025973432404659,0.02348106067974359,9.0,0.02899960310140295,4,5,u(k)*y(k-3) + u(k-1) + y(k-3) + y(k-5),False,4,0.028071444914599893,False,0.973850374983158,5,0.77272142939469,0.768464626567292,0.77272142939469,0.0234810606797435,60.953125,0.0289996031014029,4,5,u(k)*y(k-3) + u(k-1) + y(k-3) + y(k-5),False,4,0.0280714449145998,False,9,9,60.953125,60.953125,True
E2,MO-lex,16,1.1447244579903781,4,0.6253424767417074,0.6222617032705632,0.6253424767417074,0.023012085763255943,10.0,0.02818268848553528,4,6,u(k-1) + u(k-1)*y(k-2) + y(k-1)*y(k-3) + y(k-5),False,4,0.027716088639745107,False,0.8307492499880027,4,0.721286555412764,0.7177282376544594,0.721286555412764,0.0230120857632559,72.34375,0.0281826884855352,4,6,u(k-1) + u(k-1)*y(k-2) + y(k-1)*y(k-3) + y(k-5),False,4,0.0277160886397451,False,10,10,72.34375,72.34375,True
E2,MO-lex,17,1.4158421669853851,6,0.7380397796748813,0.6998362840681709,0.7380397796748813,0.023325343803451557,7.0,0.02833623162889271,3,4,u(k-1) + u(k-1)*y(k-2) + y(k-5),False,3,0.02794252304881898,False,0.8261602919956204,6,0.8155422999167735,0.769262887943402,0.8155422999167735,0.0233253438034515,48.5625,0.0283362316288927,3,4,u(k-1) + u(k-1)*y(k-2) + y(k-5),False,3,0.0279425230488189,False,7,7,48.5625,48.5625,True
E2,MO-lex,18,1.2341488329984713,3,0.6253498763579532,0.6217146936423233,0.6253498763579532,0.02326109572883389,10.0,0.028946790859196353,4,6,u(k)*y(k-2) + u(k-1) + y(k-2)*y(k-2) + y(k-5),False,4,0.028439045742316725,False,0.8320045409782324,3,0.721306719817676,0.7171140877552153,0.721306719817676,0.0232610957288338,72.34375,0.0289467908591963,4,6,u(k)*y(k-2) + u(k-1) + y(k-2)*y(k-2) + y(k-5),False,4,0.0284390457423167,False,10,10,72.34375,72.34375,True
E2,MO-lex,19,1.283203416998731,6,0.671970927597131,0.6580306661154806,0.671970927597131,0.023012085763255842,10.0,0.02818268848553524,4,6,u(k-1) + u(k-1)*y(k-2) + y(k-1)*y(k-3) + y(k-5),False,4,0.027800107337470525,False,0.8634028340165969,6,0.7673450383373067,0.761482950425104,0.7673450383373067,0.0230120857632558,72.34375,0.0281826884855352,4,6,u(k-1) + u(k-1)*y(k-2) + y(k-1)*y(k-3) + y(k-5),False,4,0.0278001073374705,False,10,10,72.34375,72.34375,True
E2,MO-lex,20,1.1766205000167247,4,0.7035432988203949,0.6998360986547325,0.7035432988203949,0.02332534380345174,7.0,0.028336231628892795,3,4,u(k-1) + u(k-1)*y(k-2) + y(k-5),False,3,0.02794287961312374,False,0.8131235410110094,4,0.7733490170628786,0.769262661154146,0.7733490170628786,0.0233253438034517,48.5625,0.0283362316288927,3,4,u(k-1) + u(k-1)*y(k-2) + y(k-5),False,3,0.0279428796131237,False,7,7,48.5625,48.5625,True
E2,MO-lex,21,1.4214644170133397,4,0.6254090801132546,0.6221038671525944,0.6254090801132546,0.023026134745714598,9.0,0.028055878467765184,4,5,u(k-1) + u(k-1)*y(k-2) + y(k-4) + y(k-5),False,4,0.02794287961312378,False,0.960962125012884,4,0.721368648635568,0.7175503448347044,0.721368648635568,0.0230261347457145,60.953125,0.0280558784677651,4,5,u(k-1) + u(k-1)*y(k-2) + y(k-4) + y(k-5),False,4,0.0279428796131237,False,9,9,60.953125,60.953125,True
E2,MO-lex,22,1.069066791998921,4,0.7035635153005244,0.6997773392503188,0.7035635153005244,0.02332534380345173,7.0,0.02833623162889277,3,4,u(k-1) + u(k-1)*y(k-2) + y(k-5),False,3,0.028055878467765197,False,0.8235457080008928,4,0.7733719968152668,0.7691907893323046,0.7733719968152668,0.0233253438034517,48.5625,0.0283362316288927,3,4,u(k-1) + u(k-1)*y(k-2) + y(k-5),False,3,0.0280558784677651,False,7,7,48.5625,48.5625,True
E2,MO-lex,23,1.3439665409969166,5,0.7405086895433168,0.7356369980886572,0.7405086895433168,0.02332534380345157,7.0,0.028336231628892795,3,4,u(k-1) + u(k-1)*y(k-2) + y(k-5),False,3,0.027942879613123726,False,0.8399051250016782,5,0.8185633959840366,0.8130526874751715,0.8185633959840366,0.0233253438034515,48.5625,0.0283362316288927,3,4,u(k-1) + u(k-1)*y(k-2) + y(k-5),False,3,0.0279428796131237,False,7,7,48.5625,48.5625,True
E2,MO-lex,24,1.1558275840070564,3,0.6254259780987053,0.6218646341257447,0.6254259780987053,0.023337761608879976,9.0,0.028336509178523917,4,5,u(k) + u(k-1) + u(k-1)*y(k-2) + y(k-5),False,3,0.028336509178523917,False,0.8423108340066392,3,0.7213826039666068,0.717270250707746,0.7213826039666068,0.0233377616088799,60.953125,0.0283365091785239,4,5,u(k) + u(k-1) + u(k-1)*y(k-2) + y(k-5),False,3,0.0283365091785239,False,9,9,60.953125,60.953125,True
E2,MO-lex,25,0.9954500840103719,5,0.6609577812915974,0.6572303772438602,0.6609577812915974,0.022955150475536177,11.0,0.028061057151065962,5,6,u(k-1) + u(k-1)*y(k-2) + y(k-2) + y(k-4) + y(k-5),False,5,0.028061057151065962,False,0.8104411670065019,5,0.7650536619059434,0.760558833297832,0.7650536619059434,0.0229551504755361,73.34375,0.0280610571510659,5,6,u(k-1) + u(k-1)*y(k-2) + y(k-2) + y(k-4) + y(k-5),False,5,0.0280610571510659,False,11,11,73.34375,73.34375,True
E2,MO-lex,26,1.1414543749997392,5,0.7032157754704368,0.6999513584276074,0.7032157754704368,0.023099546114794617,10.0,0.02815717361602156,4,6,u(k)*y(k-1) + u(k-1) + u(k-1)*y(k-2) + y(k-5),False,3,0.027762630425478364,False,0.8881552079983521,5,0.7730960885716466,0.7693981742136279,0.7730960885716466,0.0230995461147946,72.34375,0.0281571736160215,4,6,u(k)*y(k-1) + u(k-1) + u(k-1)*y(k-2) + y(k-5),False,3,0.0277626304254783,False,10,10,72.34375,72.34375,True
E2,MO-lex,27,1.148066124995239,6,0.7368305464366713,0.7311648845337518,0.7368305464366713,0.023012085763255974,10.0,0.028182688485535283,4,6,u(k-1) + u(k-1)*y(k-2) + y(k-1)*y(k-3) + y(k-5),False,4,0.027762630425478337,False,0.8354729580169078,7,0.8152230639158378,0.809141592439492,0.8152230639158378,0.0230120857632559,72.34375,0.0281826884855352,4,6,u(k-1) + u(k-1)*y(k-2) + y(k-1)*y(k-3) + y(k-5),False,4,0.0277626304254783,False,10,10,72.34375,72.34375,True
E2,MO-lex,28,1.0099376669968478,4,0.6622606065035548,0.6574588644741189,0.6622606065035548,0.022875711659460497,10.0,0.02862129641002024,4,6,u(k)*u(k-2) + u(k-1) + y(k-2)*y(k-2) + y(k-5),False,4,0.028495472197663782,True,0.99454699998023,4,0.7664370403879751,0.7608201991378176,0.7664370403879751,0.0228757116594604,72.34375,0.0286212964100202,4,6,u(k)*u(k-2) + u(k-1) + y(k-2)*y(k-2) + y(k-5),False,4,0.0284954721976637,True,10,10,72.34375,72.34375,True
E2,MO-lex,29,1.2019196249893866,5,0.6608762816314974,0.6553846862575279,0.6608762816314974,0.023096426351156597,10.0,0.028074039740755747,4,6,u(k)*y(k-2) + u(k-1) + u(k-1)*y(k-2) + y(k-5),False,4,0.028074039740755747,False,0.8142168329795823,5,0.7647536480709772,0.7582587344611442,0.7647536480709772,0.0230964263511565,72.34375,0.0280740397407557,4,6,u(k)*y(k-2) + u(k-1) + u(k-1)*y(k-2) + y(k-5),False,4,0.0280740397407557,False,10,10,72.34375,72.34375,True
E2,SO,0,1.086253499990562,1,0.5081776103484965,0.5052116962139953,0.7022356417948475,0.022735364714429853,12.0,0.028439045742316746,5,7,u(k)*y(k-2) + u(k-1) + y(k-2) + y(k-2)*y(k-2) + y(k-5),False,5,0.028439045742316746,False,0.8387073329940904,1,0.6215796609799563,0.6179518901677896,0.7724337826078688,0.0227353647144298,84.734375,0.0284390457423167,5,7,u(k)*y(k-2) + u(k-1) + y(k-2) + y(k-2)*y(k-2) + y(k-5),False,5,0.0284390457423167,False,12,12,84.734375,84.734375,True
E2,SO,1,1.058829916990362,1,0.5081636359306865,0.5054533657226064,0.7023170780821824,0.02276223859483383,12.0,0.027974296687295588,5,7,u(k-1) + u(k-1)*y(k-2) + y(k-3)*y(k-3) + y(k-4) + y(k-5),False,5,0.027974296687295588,False,0.918838624987984,1,0.6215625681098497,0.6182474892815101,0.7725291544612725,0.0227622385948338,84.734375,0.0279742966872955,5,7,u(k-1) + u(k-1)*y(k-2) + y(k-3)*y(k-3) + y(k-4) + y(k-5),False,5,0.0279742966872955,False,12,12,84.734375,84.734375,True
E2,SO,2,1.144289416988613,1,0.5081696231233497,0.5054697026011756,0.7030236496014238,0.022750724762789186,12.0,0.027942879613123903,5,7,u(k-1) + u(k-1)*y(k-2) + y(k-1)*y(k-3) + y(k-4) + y(k-5),False,5,0.027942879613123903,False,0.8743839169910643,1,0.6215698913706743,0.6182674718058003,0.7729003875411044,0.0227507247627891,84.734375,0.0279428796131239,5,7,u(k-1) + u(k-1)*y(k-2) + y(k-1)*y(k-3) + y(k-4) + y(k-5),False,5,0.0279428796131239,False,12,12,84.734375,84.734375,True
E2,SO,3,1.043513582990272,1,0.5081895454958173,0.5051823544572149,0.6608462259067983,0.022712412508043817,12.0,0.028495472197663716,5,7,u(k)*u(k-2) + u(k-1) + y(k-2)*y(k-2) + y(k-4) + y(k-5),False,5,0.028495472197663716,False,0.8709991670039017,1,0.6215942595074677,0.6179160006699826,0.7647119999810419,0.0227124125080438,84.734375,0.0284954721976637,5,7,u(k)*u(k-2) + u(k-1) + y(k-2)*y(k-2) + y(k-4) + y(k-5),False,5,0.0284954721976637,False,12,12,84.734375,84.734375,True
E2,SO,4,1.0442833339911886,1,0.5081895454958173,0.5051823544572148,0.701239033400467,0.022712412508043716,12.0,0.028495472197663872,5,7,u(k)*u(k-2) + u(k-1) + y(k-2)*y(k-2) + y(k-4) + y(k-5),False,5,0.028495472197663872,False,0.9638746670098044,1,0.6215942595074678,0.6179160006699825,0.7716928102990532,0.0227124125080437,84.734375,0.0284954721976638,5,7,u(k)*u(k-2) + u(k-1) + y(k-2)*y(k-2) + y(k-4) + y(k-5),False,5,0.0284954721976638,False,12,12,84.734375,84.734375,True
E2,SO,5,1.1431565829843748,1,0.5081777784522739,0.5051654979318954,0.7030894481561402,0.02273504143793509,12.0,0.02852788859250901,5,7,u(k)*y(k-2) + u(k-1) + y(k-2) + y(k-2)*y(k-3) + y(k-5),False,5,0.02852788859250901,False,0.8804411249875557,1,0.6215798665968248,0.6178953825375029,0.7730018868306178,0.022735041437935,84.734375,0.028527888592509,5,7,u(k)*y(k-2) + u(k-1) + y(k-2) + y(k-2)*y(k-3) + y(k-5),False,5,0.028527888592509,False,12,12,84.734375,84.734375,True
E2,SO,6,1.0986809580062982,1,0.5081696231233496,0.5054697026011756,0.6254108930639056,0.022750724762789245,12.0,0.027942879613123753,5,7,u(k-1) + u(k-1)*y(k-2) + y(k-1)*y(k-3) + y(k-4) + y(k-5),False,5,0.027942879613123753,False,0.8608321670035366,1,0.6215698913706742,0.6182674718058004,0.7213691180305909,0.0227507247627892,84.734375,0.0279428796131237,5,7,u(k-1) + u(k-1)*y(k-2) + y(k-1)*y(k-3) + y(k-4) + y(k-5),False,5,0.0279428796131237,False,12,12,84.734375,84.734375,True
E2,SO,7,1.2131314580037724,1,0.5081777784522739,0.5051654979318952,0.7380541102525612,0.022735041437935043,12.0,0.028527888592509112,5,7,u(k)*y(k-2) + u(k-1) + y(k-2) + y(k-2)*y(k-3) + y(k-5),False,5,0.028527888592509112,False,1.0403428749996235,1,0.6215798665968248,0.6178953825375028,0.8164876925357881,0.022735041437935,84.734375,0.0285278885925091,5,7,u(k)*y(k-2) + u(k-1) + y(k-2) + y(k-2)*y(k-3) + y(k-5),False,5,0.0285278885925091,False,12,12,84.734375,84.734375,True
E2,SO,8,1.082105874986155,1,0.5081776103484964,0.5052116962139953,0.7033077468718898,0.022735364714429947,12.0,0.028439045742316746,5,7,u(k)*y(k-2) + u(k-1) + y(k-2) + y(k-2)*y(k-2) + y(k-5),False,5,0.028439045742316746,False,0.8784354169911239,1,0.6215796609799562,0.6179518901677896,0.7731951836970827,0.0227353647144299,84.734375,0.0284390457423167,5,7,u(k)*y(k-2) + u(k-1) + y(k-2) + y(k-2)*y(k-2) + y(k-5),False,5,0.0284390457423167,False,12,12,84.734375,84.734375,True
E2,SO,9,1.0818004160246346,1,0.5081696231233496,0.5054697026011756,0.7400283766321236,0.02275072476278927,12.0,0.02794287961312382,5,7,u(k-1) + u(k-1)*y(k-2) + y(k-1)*y(k-3) + y(k-4) + y(k-5),False,5,0.02794287961312382,False,1.024495249992469,1,0.6215698913706742,0.6182674718058004,0.8179839251252472,0.0227507247627892,84.734375,0.0279428796131238,5,7,u(k-1) + u(k-1)*y(k-2) + y(k-1)*y(k-3) + y(k-4) + y(k-5),False,5,0.0279428796131238,False,12,12,84.734375,84.734375,True
E2,SO,10,1.2185083749936894,1,0.5081696231233496,0.5054697026011756,0.6608287139888142,0.022750724762789252,12.0,0.02794287961312382,5,7,u(k-1) + u(k-1)*y(k-2) + y(k-1)*y(k-3) + y(k-4) + y(k-5),False,5,0.02794287961312382,False,0.9126819169905502,1,0.6215698913706742,0.6182674718058004,0.7646905802021652,0.0227507247627892,84.734375,0.0279428796131238,5,7,u(k-1) + u(k-1)*y(k-2) + y(k-1)*y(k-3) + y(k-4) + y(k-5),False,5,0.0279428796131238,False,12,12,84.734375,84.734375,True
E2,SO,11,1.1611157080042176,1,0.5081895454958172,0.5051823544572149,0.625246731165281,0.02271241250804399,12.0,0.028495472197663657,5,7,u(k)*u(k-2) + u(k-1) + y(k-2)*y(k-2) + y(k-4) + y(k-5),False,5,0.028495472197663657,False,0.8753015419933945,1,0.6215942595074676,0.6179160006699826,0.7211633572980394,0.0227124125080439,84.734375,0.0284954721976636,5,7,u(k)*u(k-2) + u(k-1) + y(k-2)*y(k-2) + y(k-4) + y(k-5),False,5,0.0284954721976636,False,12,12,84.734375,84.734375,True
E2,SO,12,1.1734815000090748,1,0.5081895454958172,0.5051823544572148,0.7022900879254745,0.022712412508043865,12.0,0.028495472197663768,5,7,u(k)*u(k-2) + u(k-1) + y(k-2)*y(k-2) + y(k-4) + y(k-5),False,5,0.028495472197663768,False,1.0035480829828884,1,0.6215942595074676,0.6179160006699825,0.7725246026631025,0.0227124125080438,84.734375,0.0284954721976637,5,7,u(k)*u(k-2) + u(k-1) + y(k-2)*y(k-2) + y(k-4) + y(k-5),False,5,0.0284954721976637,False,12,12,84.734375,84.734375,True
E2,SO,13,1.1040422919904813,1,0.5081895454958172,0.5051823544572148,0.703006515949461,0.02271241250804397,12.0,0.028495472197663806,5,7,u(k)*u(k-2) + u(k-1) + y(k-2)*y(k-2) + y(k-4) + y(k-5),False,5,0.028495472197663806,False,0.9016552499961108,1,0.6215942595074676,0.6179160006699825,0.772941263443985,0.0227124125080439,84.734375,0.0284954721976638,5,7,u(k)*u(k-2) + u(k-1) + y(k-2)*y(k-2) + y(k-4) + y(k-5),False,5,0.0284954721976638,False,12,12,84.734375,84.734375,True
E2,SO,14,1.0322453340049833,1,0.5081696231233496,0.5054697026011756,0.7341024968809368,0.022750724762789293,12.0,0.027942879613123823,5,7,u(k-1) + u(k-1)*y(k-2) + y(k-1)*y(k-3) + y(k-4) + y(k-5),False,5,0.027942879613123823,False,0.8452483330038376,1,0.6215698913706742,0.6182674718058004,0.8138906265758535,0.0227507247627892,84.734375,0.0279428796131238,5,7,u(k-1) + u(k-1)*y(k-2) + y(k-1)*y(k-3) + y(k-4) + y(k-5),False,5,0.0279428796131238,False,12,12,84.734375,84.734375,True
E2,SO,15,1.1403055840055458,1,0.5081776103484964,0.5052116962139953,0.7025973432404659,0.022735364714429936,12.0,0.028439045742316763,5,7,u(k)*y(k-2) + u(k-1) + y(k-2) + y(k-2)*y(k-2) + y(k-5),False,5,0.028439045742316763,False,1.092813750001369,1,0.6215796609799562,0.6179518901677895,0.77272142939469,0.0227353647144299,84.734375,0.0284390457423167,5,7,u(k)*y(k-2) + u(k-1) + y(k-2) + y(k-2)*y(k-2) + y(k-5),False,5,0.0284390457423167,False,12,12,84.734375,84.734375,True
E2,SO,16,1.121435333014233,1,0.5081696231233496,0.5054697026011756,0.6253424767417074,0.022750724762789283,12.0,0.027942879613123882,5,7,u(k-1) + u(k-1)*y(k-2) + y(k-1)*y(k-3) + y(k-4) + y(k-5),False,5,0.027942879613123882,False,0.8781305000011344,1,0.6215698913706742,0.6182674718058003,0.721286555412764,0.0227507247627892,84.734375,0.0279428796131238,5,7,u(k-1) + u(k-1)*y(k-2) + y(k-1)*y(k-3) + y(k-4) + y(k-5),False,5,0.0279428796131238,False,12,12,84.734375,84.734375,True
E2,SO,17,1.1318125420075376,1,0.5081520173375593,0.5054698880146141,0.7380397796748813,0.022784582043155217,12.0,0.02794252304881898,5,7,u(k-1) + u(k-1)*y(k-2) + y(k-2)*y(k-2) + y(k-4) + y(k-5),False,5,0.02794252304881898,False,0.8883821660128888,1,0.6215483567769811,0.6182676985950566,0.8155422999167735,0.0227845820431552,84.734375,0.0279425230488189,5,7,u(k-1) + u(k-1)*y(k-2) + y(k-2)*y(k-2) + y(k-4) + y(k-5),False,5,0.0279425230488189,False,12,12,84.734375,84.734375,True
E2,SO,18,1.0482879590126686,1,0.5081776103484964,0.5052116962139953,0.6253498763579532,0.022735364714429964,12.0,0.028439045742316725,5,7,u(k)*y(k-2) + u(k-1) + y(k-2) + y(k-2)*y(k-2) + y(k-5),False,5,0.028439045742316725,False,0.9285980419954284,1,0.6215796609799562,0.6179518901677896,0.721306719817676,0.0227353647144299,84.734375,0.0284390457423167,5,7,u(k)*y(k-2) + u(k-1) + y(k-2) + y(k-2)*y(k-2) + y(k-5),False,5,0.0284390457423167,False,12,12,84.734375,84.734375,True
E2,SO,19,1.105876707995776,1,0.5081895454958172,0.5051823544572148,0.671970927597131,0.0227124125080439,12.0,0.028495472197663824,5,7,u(k)*u(k-2) + u(k-1) + y(k-2)*y(k-2) + y(k-4) + y(k-5),False,5,0.028495472197663824,False,1.0738314159971196,1,0.6215942595074676,0.6179160006699825,0.7673450383373067,0.0227124125080439,84.734375,0.0284954721976638,5,7,u(k)*u(k-2) + u(k-1) + y(k-2)*y(k-2) + y(k-4) + y(k-5),False,5,0.0284954721976638,False,12,12,84.734375,84.734375,True
E2,SO,20,1.074513541010674,1,0.5081696231233497,0.5054697026011757,0.7035432988203949,0.022750724762789203,12.0,0.02794287961312374,5,7,u(k-1) + u(k-1)*y(k-2) + y(k-1)*y(k-3) + y(k-4) + y(k-5),False,5,0.02794287961312374,False,0.8527127910056151,1,0.6215698913706743,0.6182674718058004,0.7733490170628786,0.0227507247627892,84.734375,0.0279428796131237,5,7,u(k-1) + u(k-1)*y(k-2) + y(k-1)*y(k-3) + y(k-4) + y(k-5),False,5,0.0279428796131237,False,12,12,84.734375,84.734375,True
E2,SO,21,1.174441042006947,1,0.5081696231233496,0.5054697026011756,0.6254090801132546,0.022750724762789352,12.0,0.02794287961312378,5,7,u(k-1) + u(k-1)*y(k-2) + y(k-1)*y(k-3) + y(k-4) + y(k-5),False,5,0.02794287961312378,False,0.894608500006143,1,0.6215698913706742,0.6182674718058004,0.721368648635568,0.0227507247627893,84.734375,0.0279428796131237,5,7,u(k-1) + u(k-1)*y(k-2) + y(k-1)*y(k-3) + y(k-4) + y(k-5),False,5,0.0279428796131237,False,12,12,84.734375,84.734375,True
E2,SO,22,1.135456415999215,1,0.5081895454958171,0.5051823544572149,0.7035635153005244,0.022712412508044136,12.0,0.0284954721976637,5,7,u(k)*u(k-2) + u(k-1) + y(k-2)*y(k-2) + y(k-4) + y(k-5),False,5,0.0284954721976637,False,0.9050065420160536,1,0.6215942595074675,0.6179160006699826,0.7733719968152668,0.0227124125080441,84.734375,0.0284954721976637,5,7,u(k)*u(k-2) + u(k-1) + y(k-2)*y(k-2) + y(k-4) + y(k-5),False,5,0.0284954721976637,False,12,12,84.734375,84.734375,True
E2,SO,23,1.1407246250018943,1,0.5081696231233497,0.5054697026011757,0.7405086895433168,0.02275072476278919,12.0,0.027942879613123726,5,7,u(k-1) + u(k-1)*y(k-2) + y(k-1)*y(k-3) + y(k-4) + y(k-5),False,5,0.027942879613123726,False,1.0769799580157269,1,0.6215698913706743,0.6182674718058004,0.8185633959840366,0.0227507247627891,84.734375,0.0279428796131237,5,7,u(k-1) + u(k-1)*y(k-2) + y(k-1)*y(k-3) + y(k-4) + y(k-5),False,5,0.0279428796131237,False,12,12,84.734375,84.734375,True
E2,SO,24,1.061001624999335,1,0.5081895454958172,0.5051823544572148,0.6254259780987053,0.022712412508043858,12.0,0.02849547219766375,5,7,u(k)*u(k-2) + u(k-1) + y(k-2)*y(k-2) + y(k-4) + y(k-5),False,5,0.02849547219766375,False,0.8832509590138216,1,0.6215942595074676,0.6179160006699825,0.7213826039666068,0.0227124125080438,84.734375,0.0284954721976637,5,7,u(k)*u(k-2) + u(k-1) + y(k-2)*y(k-2) + y(k-4) + y(k-5),False,5,0.0284954721976637,False,12,12,84.734375,84.734375,True
E2,SO,25,1.0284176249988377,1,0.5081895454958172,0.5051823544572149,0.6609577812915974,0.022712412508044014,12.0,0.02849547219766373,5,7,u(k)*u(k-2) + u(k-1) + y(k-2)*y(k-2) + y(k-4) + y(k-5),False,5,0.02849547219766373,False,0.8419038749998435,1,0.6215942595074676,0.6179160006699826,0.7650536619059434,0.022712412508044,84.734375,0.0284954721976637,5,7,u(k)*u(k-2) + u(k-1) + y(k-2)*y(k-2) + y(k-4) + y(k-5),False,5,0.0284954721976637,False,12,12,84.734375,84.734375,True
E2,SO,26,1.06385320899426,1,0.5081777784522739,0.5051654979318952,0.7032157754704368,0.022735041437935026,12.0,0.028527888592509126,5,7,u(k)*y(k-2) + u(k-1) + y(k-2) + y(k-2)*y(k-3) + y(k-5),False,5,0.028527888592509126,False,0.9089996249822434,1,0.6215798665968248,0.6178953825375028,0.7730960885716466,0.022735041437935,84.734375,0.0285278885925091,5,7,u(k)*y(k-2) + u(k-1) + y(k-2) + y(k-2)*y(k-3) + y(k-5),False,5,0.0285278885925091,False,12,12,84.734375,84.734375,True
E2,SO,27,1.141018249996705,1,0.5081696231233496,0.5054697026011756,0.7368305464366713,0.022750724762789273,12.0,0.027942879613123823,5,7,u(k-1) + u(k-1)*y(k-2) + y(k-1)*y(k-3) + y(k-4) + y(k-5),False,5,0.027942879613123823,False,1.0569584170007147,1,0.6215698913706742,0.6182674718058004,0.8152230639158378,0.0227507247627892,84.734375,0.0279428796131238,5,7,u(k-1) + u(k-1)*y(k-2) + y(k-1)*y(k-3) + y(k-4) + y(k-5),False,5,0.0279428796131238,False,12,12,84.734375,84.734375,True
E2,SO,28,1.1417236660199706,1,0.5081895454958172,0.5051823544572148,0.6622606065035548,0.022712412508043928,12.0,0.028495472197663782,5,7,u(k)*u(k-2) + u(k-1) + y(k-2)*y(k-2) + y(k-4) + y(k-5),False,5,0.028495472197663782,False,0.8771310419833753,1,0.6215942595074676,0.6179160006699825,0.7664370403879751,0.0227124125080439,84.734375,0.0284954721976637,5,7,u(k)*u(k-2) + u(k-1) + y(k-2)*y(k-2) + y(k-4) + y(k-5),False,5,0.0284954721976637,False,12,12,84.734375,84.734375,True
E2,SO,29,1.1047562079911586,1,0.5081776103484964,0.5052116962139953,0.6608762816314974,0.02273536471443003,12.0,0.02843904574231672,5,7,u(k)*y(k-2) + u(k-1) + y(k-2) + y(k-2)*y(k-2) + y(k-5),False,5,0.02843904574231672,False,0.8514456250122748,1,0.6215796609799561,0.6179518901677896,0.7647536480709772,0.02273536471443,84.734375,0.0284390457423167,5,7,u(k)*y(k-2) + u(k-1) + y(k-2) + y(k-2)*y(k-2) + y(k-5),False,5,0.0284390457423167,False,12,12,84.734375,84.734375,True
E3,Green,0,2.9792329579940997,8,0.9314403102373049,0.8676296203023196,0.9314403102373049,0.010299776049321654,16.0,1.276566038211296,7,9,u(k-4) + u(k-4)*y(k-2)*y(k-2) + u(k-7) + u(k-8) + y(k-1) + y(k-2) + y(k-8),False,6,0.08133334320930861,False,2.526645332982298,6,0.953158241122384,0.8877769578916491,0.953158241122384,0.0118343571311168,74.34375,7.364572833600697,6,6,u(k-6) + u(k-7) + u(k-8) + y(k-1) + y(k-2) + y(k-8),False,5,0.0813333432093084,False,16,12,109.515625,74.34375,False
E3,Green,1,3.22867366601713,9,0.9557567180010017,0.8933830274775352,0.9557567180010017,0.010109638919965065,16.0,1.3922219097010358,7,9,u(k-3)*y(k-1)*y(k-4) + u(k-6) + u(k-7) + u(k-8) + y(k-1) + y(k-2) + y(k-8),False,6,0.07861862313831593,False,2.610077665973222,8,0.9550950603977344,0.8904003968815571,0.9550950603977344,0.0098550212399459,109.515625,1.726815085263178,7,9,u(k-3)*y(k-4)*y(k-4) + u(k-6) + u(k-7) + u(k-8) + y(k-1) + y(k-7) + y(k-8),False,6,0.0786186231383159,False,16,16,109.515625,109.515625,False
E3,Green,2,3.3017006249865517,7,0.9544496049120468,0.8933830274775352,0.9544496049120468,0.011865350616984576,14.0,1.4546166097077473,7,7,u(k) + u(k-1) + u(k-3) + u(k-5) + y(k-1) + y(k-7) + y(k-8),False,5,0.07861862313831593,False,2.6957509579951875,10,0.9564066143610028,0.9209467201530848,0.9564066143610028,0.0080701866032489,167.46875,0.6777964030403558,8,14,u(k)*u(k)*u(k) + u(k)*u(k)*u(k-1) + u(k-3)*u(k-5)*y(k-4) + u(k-4) + u(k-7) + u(k-8) + y(k-1) + y(k-10),False,7,0.0407384838999255,False,14,22,86.734375,167.46875,False
E3,Green,3,3.4296121670049615,7,0.9319711607533475,0.8701935225915904,0.9319711607533475,0.010045256615975658,16.0,1.4309455631297825,7,9,u(k-2)*u(k-4)*y(k-3) + u(k-6) + u(k-7) + u(k-8) + y(k-1) + y(k-2) + y(k-8),False,6,0.07861862313831601,False,2.3490462089830544,8,0.9690997291795788,0.904435632326858,0.9690997291795788,0.0102127159632847,109.515625,1.3972351584100486,7,9,u(k-3)*y(k-4)*y(k-4) + u(k-4) + u(k-7) + u(k-8) + y(k-1) + y(k-6) + y(k-8),False,6,0.0786186231383159,False,16,16,109.515625,109.515625,False
E3,Green,4,2.7772592499968596,6,0.9304680954650975,0.8701935225915906,0.9304680954650975,0.011865350616662773,14.0,1.547386451878167,7,7,u(k-3) + u(k-4) + u(k-5) + u(k-6) + y(k-1) + y(k-7) + y(k-8),False,6,0.07861862313831591,False,2.5833032919908874,9,0.9547936394117542,0.8904003968815573,0.9547936394117542,0.0102027091688502,109.515625,1.2551003261074265,7,9,u(k-3)*u(k-4)*y(k-4) + u(k-5) + u(k-7) + u(k-8) + y(k-1) + y(k-2) + y(k-8),False,6,0.0786186231383158,False,14,16,86.734375,109.515625,False
E3,Green,5,3.2923187499982305,9,0.9556021279627709,0.8933830274775352,0.9556021279627709,0.010311969375693375,16.0,1.480975547599922,7,9,u(k-3)*u(k-3)*u(k-3) + u(k-5) + u(k-6) + u(k-8) + y(k-1) + y(k-2) + y(k-8),False,6,0.07861862313831593,False,2.549161915987497,8,0.9686832954450508,0.904435632326858,0.9686832954450508,0.0107424657229222,109.515625,1.2470928173345894,7,9,u(k-3)*y(k-4)*y(k-4) + u(k-5) + u(k-7) + u(k-8) + y(k-1) + y(k-4) + y(k-8),False,6,0.0786186231383159,False,16,16,109.515625,109.515625,False
E3,Green,6,3.300687916984316,9,0.9562982270320639,0.8933830274775352,0.9562982270320639,0.009473659734719034,16.0,1.4670512649722183,7,9,u(k-3)*u(k-6)*y(k-4) + u(k-6) + u(k-7) + u(k-8) + y(k-1) + y(k-7) + y(k-8),False,6,0.07861862313831597,False,2.2157493749982677,7,0.9549324253308502,0.8904003968815571,0.9549324253308502,0.0099195472922135,109.515625,1.2033754213858616,7,9,u(k-3) + u(k-6)*y(k-4)*y(k-4) + u(k-7) + u(k-8) + y(k-1) + y(k-7) + y(k-8),False,6,0.0786186231383159,False,16,16,109.515625,109.515625,False
E3,Green,7,3.2097662500164006,7,0.9543094469895358,0.8933830274775352,0.9543094469895358,0.011865350616995148,14.0,1.583083875952255,7,7,u(k-3) + u(k-4) + u(k-6) + u(k-8) + y(k-1) + y(k-7) + y(k-8),False,6,0.07861862313831591,False,2.465354040992679,9,0.9688659737350572,0.904435632326858,0.9688659737350572,0.0104048390675997,109.515625,1.3547659114952917,7,9,u(k-3)*y(k-4)*y(k-4) + u(k-4) + u(k-6) + u(k-8) + y(k-1) + y(k-6) + y(k-8),False,6,0.0786186231383159,False,14,16,86.734375,109.515625,False
E3,Green,8,3.182771624997258,9,0.9553845117661336,0.8933830274775352,0.9553845117661336,0.010697134441119869,16.0,1.5960982247822082,7,9,u(k-2)*u(k-5)*y(k-3) + u(k-6) + u(k-7) + u(k-8) + y(k-1) + y(k-4) + y(k-8),False,6,0.07861862313831593,False,2.578965624998091,8,0.9552563768930334,0.8872467340002846,0.9552563768930334,0.0094736597283906,109.515625,1.4670512654862422,7,9,u(k-3)*u(k-6)*y(k-4) + u(k-6) + u(k-7) + u(k-8) + y(k-1) + y(k-7) + y(k-8),False,6,0.0818820159421389,False,16,16,109.515625,109.515625,False
E3,Green,9,3.1740298329968937,7,0.931594785554203,0.8701935225915906,0.931594785554203,0.010431504550220756,16.0,1.3353196394599163,7,9,u(k-3)*u(k-5)*y(k-4) + u(k-4) + u(k-6) + u(k-7) + y(k-1) + y(k-6) + y(k-8),False,6,0.07861862313831593,False,2.453051333024632,7,0.954746585051657,0.8829845024445351,0.954746585051657,0.0100244865338131,109.515625,1.537992408397484,7,9,u(k-3)*u(k-5)*y(k-4) + u(k-4) + u(k-7) + u(k-8) + y(k-1) + y(k-7) + y(k-8),False,6,0.0862925494426784,False,16,16,109.515625,109.515625,False
E3,Green,10,3.1753635839850176,7,0.9314104651152971,0.8676296203023188,0.9314104651152971,0.010450531840945087,16.0,inf,7,9,u(k-5) + u(k-6) + u(k-8) + y(k-1) + y(k-2) + y(k-2)*y(k-2)*y(k-2) + y(k-8),False,6,0.0813333432093094,False,2.5576870839868207,7,0.9548175814110756,0.8877769578916487,0.9548175814110756,0.0098309991305121,109.515625,1.3581346118647404,7,9,u(k-3)*y(k-4)*y(k-5) + u(k-6) + u(k-7) + u(k-8) + y(k-1) + y(k-6) + y(k-8),False,6,0.0813333432093088,False,16,16,109.515625,109.515625,False
E3,Green,11,2.764997874997789,8,0.9545492010648623,0.8933830274775352,0.9545492010648623,0.011865350616705307,14.0,1.4245364143098016,7,7,u(k) + u(k-1) + u(k-2) + u(k-3) + y(k-1) + y(k-7) + y(k-8),False,5,0.07861862313831591,False,2.3390366249950603,10,0.969127833513042,0.904435632326858,0.969127833513042,0.0102907826422377,109.515625,1.518358329526145,7,9,u(k-4) + u(k-7) + u(k-8) + y(k-1) + y(k-3)*y(k-3)*y(k-6) + y(k-6) + y(k-8),False,6,0.0786186231383159,False,14,16,86.734375,109.515625,False
E3,Green,12,3.3608697500021663,9,0.9559429367068867,0.8933830274775352,0.9559429367068867,0.010042680893884772,16.0,1.3714728850179907,7,9,u(k-2)*u(k-5)*y(k-3) + u(k-6) + u(k-7) + u(k-8) + y(k-1) + y(k-2) + y(k-8),False,6,0.07861862313831593,False,2.434332708013244,8,0.9682848793220132,0.904435632326858,0.9682848793220132,0.0112133063412008,121.90625,1.3208371651228792,8,10,u(k) + u(k-1) + u(k-2) + u(k-3)*y(k-4)*y(k-5) + u(k-8) + y(k-1) + y(k-7) + y(k-8),False,6,0.0786186231383159,False,16,18,109.515625,121.90625,False
E3,Green,13,3.3150989999994636,8,0.9317245317426279,0.8676296203023198,0.9317245317426279,0.009947765102891378,16.0,1.3286320444481028,7,9,u(k-3)*y(k-4)*y(k-5) + u(k-5) + u(k-7) + u(k-8) + y(k-1) + y(k-6) + y(k-8),False,6,0.08133334320930838,False,2.453590457997052,8,0.9545610071369608,0.8881864775555508,0.9545610071369608,0.0102002243831502,109.515625,1.4905815431378997,7,9,u(k-3)*u(k-5)*y(k-4) + u(k-5) + u(k-6) + u(k-7) + y(k-1) + y(k-7) + y(k-8),False,6,0.0809095745395064,False,16,16,109.515625,109.515625,False
E3,Green,14,3.321388417010894,8,0.9310633996845685,0.8676296203023194,0.9310633996845685,0.010653155902430394,16.0,1.1874152285898654,7,9,u(k-2) + u(k-3)*u(k-6)*y(k-4) + u(k-6) + u(k-7) + y(k-1) + y(k-6) + y(k-8),False,6,0.08133334320930882,False,2.3098752920050174,7,0.9546415773320384,0.8948770150432019,0.9546415773320384,0.0101640456199071,109.515625,1.31171085058395,7,9,u(k-3) + u(k-3)*u(k-6)*y(k-4) + u(k-6) + u(k-7) + y(k-1) + y(k-7) + y(k-8),False,6,0.0739862435707571,False,16,16,109.515625,109.515625,False
E3,Green,15,3.237309541000286,9,0.9558262884395408,0.8933830274775352,0.9558262884395408,0.010081394401374925,16.0,1.270173117448562,7,9,u(k-2) + u(k-3)*y(k-4)*y(k-6) + u(k-7) + u(k-8) + y(k-1) + y(k-7) + y(k-8),False,6,0.07861862313831593,False,2.42406945899711,7,0.9547418699539104,0.8829845024445352,0.9547418699539104,0.0098993282428228,109.515625,1.2972582053524684,7,9,u(k-3) + u(k-3)*y(k-4)*y(k-6) + u(k-7) + u(k-8) + y(k-1) + y(k-7) + y(k-8),False,6,0.0862925494426784,False,16,16,109.515625,109.515625,False
E3,Green,16,3.278176291991258,7,0.9315404598986943,0.8676296203023192,0.9315404598986943,0.01013107258173695,16.0,1.3053153407993008,7,9,u(k-2)*y(k-3)*y(k-5) + u(k-6) + u(k-7) + u(k-8) + y(k-1) + y(k-2) + y(k-8),False,6,0.08133334320930904,False,2.462255082995398,8,0.96886772089364,0.904435632326858,0.96886772089364,0.01055623613984,109.515625,1.2345288252906446,7,9,u(k-3)*u(k-3)*y(k-6) + u(k-4) + u(k-5) + u(k-8) + y(k-1) + y(k-2) + y(k-8),False,6,0.0786186231383159,False,16,16,109.515625,109.515625,False
E3,Green,17,3.256437583011575,9,0.9552005562198368,0.8933830274775353,0.9552005562198368,0.011081523612848027,16.0,1.2671877242056455,7,9,u(k-1) + u(k-3)*y(k-3)*y(k-6) + u(k-5) + u(k-8) + y(k-1) + y(k-7) + y(k-8),False,6,0.07861862313831584,False,2.3806457919999957,7,0.9677043938164508,0.904435632326858,0.9677043938164508,0.0118653506170938,86.734375,1.5564797003784447,7,7,u(k) + u(k-4) + u(k-6) + u(k-8) + y(k-1) + y(k-7) + y(k-8),False,5,0.0786186231383159,False,16,14,109.515625,86.734375,False
E3,Green,18,3.061471165972762,8,0.9320944761834024,0.8701935225915906,0.9320944761834024,0.00992645176730331,16.0,inf,7,9,u(k-6) + u(k-7) + u(k-8) + y(k-1) + y(k-2)*y(k-4)*y(k-5) + y(k-6) + y(k-8),False,6,0.07861862313831597,False,2.483258208987536,8,0.9694760206996011,0.9044356323268578,0.9694760206996011,0.0098564253716526,109.515625,1.4047718998303405,7,9,u(k-3)*y(k-4)*y(k-5) + u(k-5) + u(k-6) + u(k-8) + y(k-1) + y(k-7) + y(k-8),False,6,0.078618623138316,False,16,16,109.515625,109.515625,False
E3,Green,19,3.568304332991829,9,0.9554211499635984,0.8977580526246742,0.9554211499635984,0.010510355142594744,18.0,38259908804043.375,8,10,u(k) + u(k-2) + u(k-4) + u(k-5) + y(k-1) + y(k-1)*y(k-4)*y(k-4) + y(k-10) + y(k-7),False,6,0.07398624357075691,False,2.4937217500119004,8,0.9688281423707794,0.904435632326858,0.9688281423707794,0.0104802506685001,109.515625,1.290343493018345,7,9,u(k-3)*y(k-4)*y(k-5) + u(k-4) + u(k-5) + u(k-7) + y(k-1) + y(k-7) + y(k-8),False,6,0.0786186231383159,False,18,16,121.90625,109.515625,False
E3,Green,20,3.5123025420180056,8,0.9560436662154042,0.8933830274775352,0.9560436662154042,0.009818559325980096,16.0,1.376673442653737,7,9,u(k-3)*u(k-6)*y(k-4) + u(k-4) + u(k-6) + u(k-8) + y(k-1) + y(k-7) + y(k-8),False,6,0.07861862313831591,False,2.1695370829838794,7,0.967729623074398,0.904435632326858,0.967729623074398,0.0118653506166986,86.734375,1.424536414312647,7,7,u(k) + u(k-1) + u(k-2) + u(k-3) + y(k-1) + y(k-7) + y(k-8),False,5,0.0786186231383159,False,16,14,109.515625,86.734375,False
E3,Green,21,3.436653084005229,8,0.955027590929692,0.8933830274775352,0.955027590929692,0.010872221230422746,18.0,21.280180426380433,8,10,u(k) + u(k)*u(k)*u(k) + u(k-2) + u(k-3) + u(k-6) + y(k-1) + y(k-10) + y(k-2),False,6,0.07861862313831593,False,2.406487999978708,9,0.9692160844885684,0.904435632326858,0.9692160844885684,0.0106291617737507,109.515625,1.2337018055063185,7,9,u(k-3) + u(k-7) + u(k-8) + y(k-1) + y(k-2) + y(k-2)*y(k-2)*y(k-4) + y(k-8),False,6,0.0786186231383159,False,18,16,121.90625,109.515625,False
E3,Green,22,3.0838889160077088,8,0.931807467099953,0.8676296203023198,0.931807467099953,0.00985642537078844,16.0,1.4047718996224337,7,9,u(k-3)*y(k-4)*y(k-5) + u(k-5) + u(k-6) + u(k-8) + y(k-1) + y(k-7) + y(k-8),False,6,0.08133334320930838,False,2.5026362919888925,7,0.9531258169441053,0.8829845024445353,0.9531258169441053,0.0118653506166833,86.734375,1.452865829263916,7,7,u(k) + u(k-2) + u(k-3) + u(k-4) + y(k-1) + y(k-7) + y(k-8),False,5,0.0862925494426782,False,16,14,109.515625,86.734375,False
E3,Green,23,3.5127744170022197,9,0.930434747247002,0.8676296203023198,0.930434747247002,0.01186535061711432,14.0,1.452865829264082,7,7,u(k) + u(k-2) + u(k-3) + u(k-4) + y(k-1) + y(k-7) + y(k-8),False,5,0.08133334320930845,False,2.186688874993706,8,0.9548009619144096,0.8904003968815571,0.9548009619144096,0.0100284836972611,109.515625,1.367129237053454,7,9,u(k-3) + u(k-3)*y(k-4)*y(k-5) + u(k-7) + u(k-8) + y(k-1) + y(k-7) + y(k-8),False,6,0.0786186231383159,False,14,16,86.734375,109.515625,False
E3,Green,24,3.3138925419771113,7,0.954367031894193,0.8933830274775352,0.954367031894193,0.011865350617062575,14.0,1.4565616308344411,7,7,u(k) + u(k-1) + u(k-2) + u(k-6) + y(k-1) + y(k-7) + y(k-8),False,5,0.07861862313831593,False,2.4410434589954093,8,0.9691757947945432,0.904435632326858,0.9691757947945432,0.0102110830749765,109.515625,1.3004739776754548,7,9,u(k-2)*u(k-5)*y(k-3) + u(k-5) + u(k-6) + u(k-8) + y(k-1) + y(k-2) + y(k-8),False,6,0.0786186231383159,False,14,16,86.734375,109.515625,False
E3,Green,25,3.282944792008493,8,0.9561532990606366,0.8933830274775352,0.9561532990606366,0.009466694752210824,20.0,1.60537064792512,8,12,u(k) + u(k)*u(k-2)*u(k-2)*u(k-2)*y(k-1) + u(k-5) + u(k-6) + u(k-8) + y(k-1) + y(k-10) + y(k-8),False,6,0.07861862313831601,False,2.4519683749822434,8,0.9696979793521372,0.9044356323268578,0.9696979793521372,0.0095498204262233,109.515625,inf,7,9,u(k-6) + u(k-7) + u(k-8) + y(k-1) + y(k-3)*y(k-4)*y(k-5) + y(k-7) + y(k-8),False,6,0.078618623138316,False,20,16,144.6875,109.515625,False
E3,Green,26,2.9012333750142716,8,0.9561452650925778,0.8933830274775352,0.9561452650925778,0.009690911965144188,16.0,inf,7,9,u(k-6) + u(k-7) + u(k-8) + y(k-1) + y(k-3)*y(k-3)*y(k-5) + y(k-7) + y(k-8),False,6,0.07861862313831601,False,2.2580160410143435,8,0.9546795275380976,0.8877769578916479,0.9546795275380976,0.0100646061819029,109.515625,inf,7,9,u(k-4) + u(k-7) + u(k-8) + y(k-1) + y(k-3)*y(k-3)*y(k-5) + y(k-7) + y(k-8),False,6,0.0813333432093096,False,16,16,109.515625,109.515625,False
E3,Green,27,3.1474415409902576,7,0.955013511491082,0.8933830274775352,0.955013511491082,0.011150322769556787,14.0,2.3969439364631615,7,7,u(k-6) + u(k-7) + u(k-8) + y(k-1) + y(k-2) + y(k-3) + y(k-8),False,6,0.07861862313831591,False,2.77211841600365,7,0.9677256032983234,0.904435632326858,0.9677256032983234,0.0118653506165836,86.734375,1.5473864518799825,7,7,u(k-3) + u(k-4) + u(k-5) + u(k-6) + y(k-1) + y(k-7) + y(k-8),False,6,0.0786186231383159,False,14,14,86.734375,86.734375,False
E3,Green,28,3.065806166996481,6,0.9545255913287375,0.8933830274775352,0.9545255913287375,0.011794489610708295,12.0,2.8987845805659593,6,6,u(k-6) + u(k-7) + u(k-8) + y(k-1) + y(k-2) + y(k-7),False,5,0.07861862313831591,False,2.336182208993705,8,0.9675940253732668,0.904435632326858,0.9675940253732668,0.0118653506168971,86.734375,1.4528658292629115,7,7,u(k) + u(k-2) + u(k-3) + u(k-4) + y(k-1) + y(k-7) + y(k-8),False,5,0.0786186231383159,False,12,14,74.34375,86.734375,False
E3,Green,29,2.9609509999863803,7,0.9323065082672948,0.8712988605758826,0.9323065082672948,0.009473659734145162,16.0,1.4670512656314283,7,9,u(k-3)*u(k-6)*y(k-4) + u(k-6) + u(k-7) + u(k-8) + y(k-1) + y(k-7) + y(k-8),False,6,0.07744826527259484,False,2.7676164580043405,6,0.9552063369342476,0.8829845024445353,0.9552063369342476,0.0094736597332755,109.515625,1.467051265463425,7,9,u(k-3)*u(k-6)*y(k-4) + u(k-6) + u(k-7) + u(k-8) + y(k-1) + y(k-7) + y(k-8),False,6,0.0862925494426783,False,16,16,109.515625,109.515625,True
E3,MO-lex,0,2.2173379579908215,3,0.7810578619849,0.0,0.7810578619849,0.010039370722494428,16.0,1.4114130381953272,7,9,u(k-3)*u(k-3)*y(k-3) + u(k-6) + u(k-7) + u(k-8) + y(k-1) + y(k-2) + y(k-8),False,6,1.4114130381953272,False,1.2819149999995716,3,0.8439474512739972,0.0,0.8439474512739972,0.0100393707224944,109.515625,1.4114130381953272,7,9,u(k-3)*u(k-3)*y(k-3) + u(k-6) + u(k-7) + u(k-8) + y(k-1) + y(k-2) + y(k-8),False,6,1.4114130381953272,False,16,16,109.515625,109.515625,True
E3,MO-lex,1,1.7939081670192536,2,0.7976127994426776,0.0,0.7976127994426776,0.009788352480229977,16.0,1.3685669607668864,7,9,u(k-4)*y(k-4)*y(k-4) + u(k-5) + u(k-6) + u(k-8) + y(k-1) + y(k-7) + y(k-8),False,6,1.3685669607668864,False,1.4053740829986054,2,0.8736136760419483,0.0,0.8736136760419483,0.0097883524802299,109.515625,1.3685669607668864,7,9,u(k-4)*y(k-4)*y(k-4) + u(k-5) + u(k-6) + u(k-8) + y(k-1) + y(k-7) + y(k-8),False,6,1.3685669607668864,False,16,16,109.515625,109.515625,True
E3,MO-lex,2,1.631274040992139,4,0.8247517916683426,0.0,0.8247517916683426,0.009836633643372604,16.0,1.2543238892233024,7,9,u(k-5) + u(k-5)*y(k-4)*y(k-4) + u(k-6) + u(k-7) + y(k-1) + y(k-7) + y(k-8),False,6,1.2522088427975897,False,1.254052457981743,4,0.889919683183501,0.0,0.889919683183501,0.0098366336433726,109.515625,1.2543238892233024,7,9,u(k-5) + u(k-5)*y(k-4)*y(k-4) + u(k-6) + u(k-7) + y(k-1) + y(k-7) + y(k-8),False,6,1.2522088427975897,False,16,16,109.515625,109.515625,True
E3,MO-lex,3,2.1196537089999765,3,0.7972991275116788,0.0,0.7972991275116788,0.010039370717658593,16.0,1.4114130377786807,7,9,u(k-3)*u(k-3)*y(k-3) + u(k-6) + u(k-7) + u(k-8) + y(k-1) + y(k-2) + y(k-8),False,6,1.3937274818636392,False,1.271512375009479,3,0.8732681645683564,0.0,0.8732681645683564,0.0100393707176585,109.515625,1.4114130377786809,7,9,u(k-3)*u(k-3)*y(k-3) + u(k-6) + u(k-7) + u(k-8) + y(k-1) + y(k-2) + y(k-8),False,6,1.3937274818636392,False,16,16,109.515625,109.515625,True
E3,MO-lex,4,1.8292099160025828,4,0.7974228747250344,0.0,0.7974228747250344,0.010079715783236963,16.0,1.4073547064290304,7,9,u(k-3)*y(k-2)*y(k-2) + u(k-6) + u(k-7) + u(k-8) + y(k-1) + y(k-2) + y(k-8),False,6,1.3847582396988163,False,1.414848874992458,4,0.8734064378299579,0.0,0.8734064378299579,0.0100797157832369,109.515625,1.4073547064290304,7,9,u(k-3)*y(k-2)*y(k-2) + u(k-6) + u(k-7) + u(k-8) + y(k-1) + y(k-2) + y(k-8),False,6,1.3847582396988165,False,16,16,109.515625,109.515625,True
E3,MO-lex,5,1.6258231670071837,3,0.7973881187042071,0.0,0.7973881187042071,0.010074341668348665,16.0,1.339835537085711,7,9,u(k-3)*y(k-2)*y(k-3) + u(k-6) + u(k-7) + u(k-8) + y(k-1) + y(k-2) + y(k-8),False,6,1.318735813192184,False,1.260830832994543,4,0.8594628658731914,0.0,0.8594628658731914,0.0100743416683486,109.515625,1.339835537085711,7,9,u(k-3)*y(k-2)*y(k-3) + u(k-6) + u(k-7) + u(k-8) + y(k-1) + y(k-2) + y(k-8),False,6,1.318735813192184,False,16,16,109.515625,109.515625,True
E3,MO-lex,6,2.0178165420074947,4,0.797335213386427,0.5760260579090576,0.797335213386427,0.009473659734333303,16.0,1.4670512654174257,7,9,u(k-3)*u(k-6)*y(k-4) + u(k-6) + u(k-7) + u(k-8) + y(k-1) + y(k-7) + y(k-8),False,6,0.28493316949220443,False,1.2888517079991288,4,0.8599040449146034,0.6208322770300893,0.8599040449146034,0.0094736597343333,109.515625,1.4670512654174257,7,9,u(k-3)*u(k-6)*y(k-4) + u(k-6) + u(k-7) + u(k-8) + y(k-1) + y(k-7) + y(k-8),False,6,0.2849331694922044,False,16,16,109.515625,109.515625,True
E3,MO-lex,7,2.2691337909782305,5,0.7840327795546731,0.6810671429902496,0.7840327795546731,0.008654651609147187,20.0,1.1706935881100962,8,12,u(k)*y(k-1)*y(k-6) + u(k-3)*u(k-3)*y(k-2) + u(k-6) + u(k-7) + u(k-8) + y(k-1) + y(k-4) + y(k-9),False,7,0.13970466148600044,False,1.6030802089953795,6,0.8586208319488049,0.7457546599635434,0.8586208319488049,0.0086546516091471,144.6875,1.1706935881100962,8,12,u(k)*y(k-1)*y(k-6) + u(k-3)*u(k-3)*y(k-2) + u(k-6) + u(k-7) + u(k-8) + y(k-1) + y(k-4) + y(k-9),False,7,0.1397046614860004,False,20,20,144.6875,144.6875,True
E3,MO-lex,8,1.8404743749997579,5,0.8243678358742318,0.7650413454408588,0.8243678358742318,0.009473659732928748,16.0,1.4670512654674763,7,9,u(k-3)*u(k-6)*y(k-4) + u(k-6) + u(k-7) + u(k-8) + y(k-1) + y(k-7) + y(k-8),False,6,0.0794053217908047,False,1.2560704999777954,6,0.876233845703099,0.8145448566254881,0.876233845703099,0.0094736597329287,109.515625,1.4670512654674763,7,9,u(k-3)*u(k-6)*y(k-4) + u(k-6) + u(k-7) + u(k-8) + y(k-1) + y(k-7) + y(k-8),False,6,0.0794053217908047,False,16,16,109.515625,109.515625,True
E3,MO-lex,9,1.8313554999767803,5,0.8244912935858778,0.0,0.8244912935858778,0.010266056857211795,16.0,1.299601640550438,7,9,u(k-3)*u(k-3)*u(k-5) + u(k-5) + u(k-6) + u(k-7) + y(k-1) + y(k-2) + y(k-8),False,6,1.299601640550438,False,1.3141268330218736,5,0.8896940151329656,0.0,0.8896940151329656,0.0102660568572117,109.515625,1.299601640550438,7,9,u(k-3)*u(k-3)*u(k-5) + u(k-5) + u(k-6) + u(k-7) + y(k-1) + y(k-2) + y(k-8),False,6,1.299601640550438,False,16,16,109.515625,109.515625,True
E3,MO-lex,10,2.1669969169888645,5,0.7223950933803148,0.3599670560596355,0.7223950933803148,0.007795726488644577,21.0,0.5000326217763083,7,14,u(k)*u(k)*u(k-2) + u(k-1)*u(k-2)*u(k-2) + u(k-1)*u(k-2)*u(k-4) + u(k-3) + u(k-5) + y(k-3)*y(k-6) + y(k-6),False,7,0.5000326217763083,False,1.5442915419989731,5,0.7898841973257485,0.3935183287809404,0.7898841973257485,0.0077957264886445,166.46875,0.5000326217763083,7,14,u(k)*u(k)*u(k-2) + u(k-1)*u(k-2)*u(k-2) + u(k-1)*u(k-2)*u(k-4) + u(k-3) + u(k-5) + y(k-3)*y(k-6) + y(k-6),False,7,0.5000326217763083,False,21,21,166.46875,166.46875,True
E3,MO-lex,11,1.7956703749950975,2,0.7163717324771421,0.5604233690336732,0.7163717324771421,0.008384216593913382,20.0,1.5731477329613914,7,13,u(k)*u(k)*u(k) + u(k)*u(k-3)*y(k-1) + u(k-2) + u(k-2)*u(k-5)*y(k-3) + u(k-7) + y(k-5) + y(k-8),False,7,0.15936494644949042,False,1.423783000005642,2,0.7831897684509667,0.62363258552068,0.7831897684509667,0.0083842165939133,155.078125,1.5731477329613914,7,13,u(k)*u(k)*u(k) + u(k)*u(k-3)*y(k-1) + u(k-2) + u(k-2)*u(k-5)*y(k-3) + u(k-7) + y(k-5) + y(k-8),False,7,0.1593649464494904,False,20,20,155.078125,155.078125,True
E3,MO-lex,12,2.1059012499754317,3,0.7972920532376917,0.0,0.7972920532376917,0.010045256624799024,16.0,1.4309455630478096,7,9,u(k-2)*u(k-4)*y(k-3) + u(k-6) + u(k-7) + u(k-8) + y(k-1) + y(k-2) + y(k-8),False,6,1.413237231933367,False,1.3102769169781825,4,0.8733166076358494,0.0,0.8733166076358494,0.010045256624799,109.515625,1.4309455630478096,7,9,u(k-2)*u(k-4)*y(k-3) + u(k-6) + u(k-7) + u(k-8) + y(k-1) + y(k-2) + y(k-8),False,6,1.4060373904033645,False,16,16,109.515625,109.515625,True
E3,MO-lex,13,2.1213262079982087,5,0.7965856756933456,0.0,0.7965856756933456,0.009460083222009934,19.0,1.4978106212189835,8,11,u(k-3)*u(k-6)*y(k-4) + u(k-6) + u(k-7) + u(k-8) + y(k-1) + y(k-5)*y(k-5) + y(k-7) + y(k-8),False,7,1.2914595046165889,False,1.3023817499924917,5,0.8595510827468568,0.0,0.8595510827468568,0.0094600832220099,133.296875,1.4978106212189837,8,11,u(k-3)*u(k-6)*y(k-4) + u(k-6) + u(k-7) + u(k-8) + y(k-1) + y(k-5)*y(k-5) + y(k-7) + y(k-8),False,7,1.2914595046165889,False,19,19,133.296875,133.296875,True
E3,MO-lex,14,1.5056418330059387,4,0.8758332312745428,0.8025542282307918,0.8758332312745428,0.011865350616789182,14.0,1.424536414312042,7,7,u(k) + u(k-1) + u(k-2) + u(k-3) + y(k-1) + y(k-7) + y(k-8),False,5,0.09154445486372437,False,1.3700247920060065,4,0.9201027800678022,0.8443597430030974,0.9201027800678022,0.0118653506167891,86.734375,1.424536414312042,7,7,u(k) + u(k-1) + u(k-2) + u(k-3) + y(k-1) + y(k-7) + y(k-8),False,5,0.0915444548637243,False,14,14,86.734375,86.734375,True
E3,MO-lex,15,2.1019985000020824,3,0.7582568917594662,0.48443734129092797,0.7582568917594662,0.007221068130828746,20.0,1.0777152814237663,8,12,u(k-1)*u(k-1)*y(k-7) + u(k-3) + u(k-3)*u(k-3)*y(k-4) + u(k-8) + u(k-9) + y(k-1) + y(k-10) + y(k-5),False,7,0.35408354494542943,False,1.2825848329812288,4,0.843745258082642,0.5299697406518601,0.843745258082642,0.0072210681308287,144.6875,1.0777152814237665,8,12,u(k-1)*u(k-1)*y(k-7) + u(k-3) + u(k-3)*u(k-3)*y(k-4) + u(k-8) + u(k-9) + y(k-1) + y(k-10) + y(k-5),False,7,0.3540835449454294,False,20,20,144.6875,144.6875,True
E3,MO-lex,16,2.078906916984124,2,0.7978339930881431,0.0,0.7978339930881431,0.009489652131252179,16.0,1.3737644606081234,7,9,u(k-3)*y(k-4)*y(k-6) + u(k-6) + u(k-7) + u(k-8) + y(k-1) + y(k-7) + y(k-8),False,6,1.3737644606081234,False,1.2543625829857774,2,0.873855606510298,0.0,0.873855606510298,0.0094896521312521,109.515625,1.3737644606081234,7,9,u(k-3)*y(k-4)*y(k-6) + u(k-6) + u(k-7) + u(k-8) + y(k-1) + y(k-7) + y(k-8),False,6,1.3737644606081234,False,16,16,109.515625,109.515625,True
E3,MO-lex,17,1.8852496669860557,4,0.824921865821315,0.0,0.824921865821315,0.010045256621092331,16.0,1.4309455630836678,7,9,u(k-2)*u(k-4)*y(k-3) + u(k-6) + u(k-7) + u(k-8) + y(k-1) + y(k-2) + y(k-8),False,6,1.4132372314242998,False,1.455545125005301,4,0.8900748142040021,0.0,0.8900748142040021,0.0100452566210923,109.515625,1.4309455630836678,7,9,u(k-2)*u(k-4)*y(k-3) + u(k-6) + u(k-7) + u(k-8) + y(k-1) + y(k-2) + y(k-8),False,6,1.4132372314242998,False,16,16,109.515625,109.515625,True
E3,MO-lex,18,1.954633291985374,2,0.7977858522786169,0.0,0.7977858522786169,0.009565855976881284,16.0,1.474250042250113,7,9,u(k-3)*y(k-4)*y(k-5) + u(k-6) + u(k-7) + u(k-8) + y(k-1) + y(k-7) + y(k-8),False,6,1.474250042250113,False,1.3121897499950137,2,0.87380311034228,0.0,0.87380311034228,0.0095658559768812,109.515625,1.474250042250113,7,9,u(k-3)*y(k-4)*y(k-5) + u(k-6) + u(k-7) + u(k-8) + y(k-1) + y(k-7) + y(k-8),False,6,1.474250042250113,False,16,16,109.515625,109.515625,True
E3,MO-lex,19,2.253140207991237,4,0.8252922733160116,0.0,0.8252922733160116,0.009473659733035489,16.0,1.4670512654687449,7,9,u(k-3)*u(k-6)*y(k-4) + u(k-6) + u(k-7) + u(k-8) + y(k-1) + y(k-7) + y(k-8),False,6,1.4670512654687449,False,1.2823571670160163,4,0.8904913369505258,0.0,0.8904913369505258,0.0094736597330354,109.515625,1.4670512654687449,7,9,u(k-3)*u(k-6)*y(k-4) + u(k-6) + u(k-7) + u(k-8) + y(k-1) + y(k-7) + y(k-8),False,6,1.4670512654687449,False,16,16,109.515625,109.515625,True
E3,MO-lex,20,2.267791334015783,3,0.8248038310993573,0.0,0.8248038310993573,0.010083309212071984,16.0,1.3814531183213783,7,9,u(k-3)*u(k-3)*u(k-5) + u(k-5) + u(k-7) + u(k-8) + y(k-1) + y(k-2) + y(k-8),False,6,1.3814531183213783,False,1.451236875000177,3,0.8899528266660036,0.0,0.8899528266660036,0.0100833092120719,109.515625,1.3814531183213783,7,9,u(k-3)*u(k-3)*u(k-5) + u(k-5) + u(k-7) + u(k-8) + y(k-1) + y(k-2) + y(k-8),False,6,1.3814531183213783,False,16,16,109.515625,109.515625,True
E3,MO-lex,21,2.1277059169951826,3,0.7715425215484807,0.4316410779658481,0.7715425215484807,0.007737156957317227,20.0,1.1192204615298393,8,12,u(k)*u(k)*y(k-7) + u(k-1)*u(k-4)*y(k-2) + u(k-7) + u(k-8) + u(k-9) + y(k-1) + y(k-4) + y(k-8),False,7,0.4244785627122026,False,1.3003377909772098,3,0.8446000673007037,0.4722111419707227,0.8446000673007037,0.0077371569573172,144.6875,1.1192204615298391,8,12,u(k)*u(k)*y(k-7) + u(k-1)*u(k-4)*y(k-2) + u(k-7) + u(k-8) + u(k-9) + y(k-1) + y(k-4) + y(k-8),False,7,0.4244785627122026,False,20,20,144.6875,144.6875,True
E3,MO-lex,22,1.7055492499785032,2,0.8500827271029234,0.0,0.8500827271029234,0.01186535061655441,14.0,1.4245364143079842,7,7,u(k) + u(k-1) + u(k-2) + u(k-3) + y(k-1) + y(k-7) + y(k-8),False,5,1.2025204217894379,False,1.2201157500094268,2,0.9045799878064368,0.0,0.9045799878064368,0.0118653506165544,86.734375,1.4245364143079842,7,7,u(k) + u(k-1) + u(k-2) + u(k-3) + y(k-1) + y(k-7) + y(k-8),False,5,1.202520421789438,False,14,14,86.734375,86.734375,True
E3,MO-lex,23,2.76667720801197,3,0.7709988318532393,0.7027210667150415,0.7709988318532393,0.007036814935489782,18.0,0.06446755592298278,6,12,u(k)*u(k)*y(k-1) + u(k-1)*u(k-1)*y(k-1) + u(k-1)*u(k-4)*y(k-3) + u(k-4) + u(k-5) + y(k-1),False,5,0.06295452017153055,False,1.7914462909975557,4,0.8301421946282925,0.7555791856839796,0.8301421946282925,0.0070368149354897,142.6875,0.0644675559229827,6,12,u(k)*u(k)*y(k-1) + u(k-1)*u(k-1)*y(k-1) + u(k-1)*u(k-4)*y(k-3) + u(k-4) + u(k-5) + y(k-1),False,5,0.0629545201715305,False,18,18,142.6875,142.6875,True
E3,MO-lex,24,2.207237791008083,4,0.824770355375534,0.0,0.824770355375534,0.009473659732476394,16.0,1.4670512654698473,7,9,u(k-3)*u(k-6)*y(k-4) + u(k-6) + u(k-7) + u(k-8) + y(k-1) + y(k-7) + y(k-8),False,6,1.4670512654698473,False,1.3168557079916354,4,0.8899302365855107,0.0,0.8899302365855107,0.0094736597324763,109.515625,1.467051265469847,7,9,u(k-3)*u(k-6)*y(k-4) + u(k-6) + u(k-7) + u(k-8) + y(k-1) + y(k-7) + y(k-8),False,6,1.467051265469847,False,16,16,109.515625,109.515625,True
E3,MO-lex,25,1.667021625005873,4,0.8245022613134549,0.5488694700245627,0.8245022613134549,0.010074341671290751,16.0,1.3398355368559265,7,9,u(k-3)*y(k-2)*y(k-3) + u(k-6) + u(k-7) + u(k-8) + y(k-1) + y(k-2) + y(k-8),False,6,0.3413566359705248,False,1.2771102499973497,4,0.8898151181550746,0.5922037200748398,0.8898151181550746,0.0100743416712907,109.515625,1.3398355368559265,7,9,u(k-3)*y(k-2)*y(k-3) + u(k-6) + u(k-7) + u(k-8) + y(k-1) + y(k-2) + y(k-8),False,6,0.3413566359705248,False,16,16,109.515625,109.515625,True
E3,MO-lex,26,1.83593704199302,3,0.7974035904528044,0.0,0.7974035904528044,0.010034676427392636,16.0,1.4181047658819748,7,9,u(k-3)*u(k-4)*y(k-2) + u(k-6) + u(k-7) + u(k-8) + y(k-1) + y(k-2) + y(k-8),False,6,1.4181047658819748,False,1.313648084003944,3,0.873384343527625,0.0,0.873384343527625,0.0100346764273926,109.515625,1.4181047658819748,7,9,u(k-3)*u(k-4)*y(k-2) + u(k-6) + u(k-7) + u(k-8) + y(k-1) + y(k-2) + y(k-8),False,6,1.4181047658819748,False,16,16,109.515625,109.515625,True
E3,MO-lex,27,2.0205361249973066,3,0.7978579730809876,0.0,0.7978579730809876,0.009511896744697497,16.0,1.4296840167920426,7,9,u(k-4)*y(k-4)*y(k-4) + u(k-6) + u(k-7) + u(k-8) + y(k-1) + y(k-7) + y(k-8),False,6,1.4296840167920426,False,1.6704760830034502,3,0.8738826047831179,0.0,0.8738826047831179,0.0095118967446974,109.515625,1.4296840167920426,7,9,u(k-4)*y(k-4)*y(k-4) + u(k-6) + u(k-7) + u(k-8) + y(k-1) + y(k-7) + y(k-8),False,6,1.4296840167920426,False,16,16,109.515625,109.515625,True
E3,MO-lex,28,2.214047000015853,3,0.8499131934211779,0.0,0.8499131934211779,0.011865350616708974,14.0,1.5473864518772669,7,7,u(k-3) + u(k-4) + u(k-5) + u(k-6) + y(k-1) + y(k-7) + y(k-8),False,6,1.5473864518772669,False,1.321914166997885,3,0.9044773790982162,0.0,0.9044773790982162,0.0118653506167089,86.734375,1.5473864518772669,7,7,u(k-3) + u(k-4) + u(k-5) + u(k-6) + y(k-1) + y(k-7) + y(k-8),False,6,1.5473864518772669,False,14,14,86.734375,86.734375,True
E3,MO-lex,29,2.2354497499763966,2,0.7977835238838984,0.0,0.7977835238838984,0.009529496275490932,16.0,inf,7,9,u(k-6) + u(k-7) + u(k-8) + y(k-1) + y(k-4)*y(k-4)*y(k-4) + y(k-7) + y(k-8),False,6,1.4655813557904531,False,1.3564263339794709,2,0.8738000067130525,0.0,0.8738000067130525,0.0095294962754909,109.515625,inf,7,9,u(k-6) + u(k-7) + u(k-8) + y(k-1) + y(k-4)*y(k-4)*y(k-4) + y(k-7) + y(k-8),False,6,1.4655813557904531,False,16,16,109.515625,109.515625,True
E3,SO,0,1.86280204099603,1,0.7287291377762406,0.0,0.7810578619849,0.01002834113416381,19.0,1.4201369254348997,8,11,u(k-3)*u(k-3)*y(k-3) + u(k-3)*y(k-5) + u(k-6) + u(k-7) + u(k-8) + y(k-1) + y(k-2) + y(k-8),False,7,1.4201369254348997,False,1.6676662919926457,1,0.8109212810294969,0.0,0.8439474512739972,0.0100283411341638,133.296875,1.4201369254348997,8,11,u(k-3)*u(k-3)*y(k-3) + u(k-3)*y(k-5) + u(k-6) + u(k-7) + u(k-8) + y(k-1) + y(k-2) + y(k-8),False,7,1.4201369254348997,False,19,19,133.296875,133.296875,True
E3,SO,1,1.7388598750112578,1,0.7701646147375989,0.0,0.7976127994426776,0.009788352480229977,16.0,1.3685669607668864,7,9,u(k-4)*y(k-4)*y(k-4) + u(k-5) + u(k-6) + u(k-8) + y(k-1) + y(k-7) + y(k-8),False,6,1.3685669607668864,False,1.3360535000101663,1,0.84306965639303,0.0,0.8736136760419483,0.0097883524802299,109.515625,1.3685669607668864,7,9,u(k-4)*y(k-4)*y(k-4) + u(k-5) + u(k-6) + u(k-8) + y(k-1) + y(k-7) + y(k-8),False,6,1.3685669607668864,False,16,16,109.515625,109.515625,True
E3,SO,2,1.8388070000219159,1,0.7288738609805439,0.0,0.8247517916683426,0.009831736026431007,19.0,1.2522088427975897,8,11,u(k)*u(k) + u(k-5) + u(k-5)*y(k-4)*y(k-4) + u(k-6) + u(k-7) + y(k-1) + y(k-7) + y(k-8),False,7,1.2522088427975897,False,1.5303010829957202,1,0.811082327322481,0.0,0.889919683183501,0.009831736026431,133.296875,1.2522088427975897,8,11,u(k)*u(k) + u(k-5) + u(k-5)*y(k-4)*y(k-4) + u(k-6) + u(k-7) + y(k-1) + y(k-7) + y(k-8),False,7,1.2522088427975897,False,19,19,133.296875,133.296875,True
E3,SO,3,1.723417083005188,1,0.7425114734209307,0.0,0.7972991275116788,0.009984702105425722,18.0,1.3937274818636392,8,10,u(k-3)*u(k-3)*y(k-3) + u(k-6) + u(k-7) + u(k-8) + y(k-1) + y(k-2) + y(k-7) + y(k-8),False,7,1.3937274818636392,False,1.3702280830184463,1,0.8262581033098246,0.0,0.8732681645683564,0.0099847021054257,121.90625,1.3937274818636392,8,10,u(k-3)*u(k-3)*y(k-3) + u(k-6) + u(k-7) + u(k-8) + y(k-1) + y(k-2) + y(k-7) + y(k-8),False,7,1.3937274818636392,False,18,18,121.90625,121.90625,True
E3,SO,4,1.8506685830070637,1,0.7424848974379417,0.0,0.7974228747250344,0.010020136749411145,18.0,1.3847582396988163,8,10,u(k-3)*y(k-2)*y(k-2) + u(k-6) + u(k-7) + u(k-8) + y(k-1) + y(k-2) + y(k-7) + y(k-8),False,7,1.3847582396988163,False,1.4824881249805912,1,0.8262285298660677,0.0,0.8734064378299579,0.0100201367494111,121.90625,1.3847582396988165,8,10,u(k-3)*y(k-2)*y(k-2) + u(k-6) + u(k-7) + u(k-8) + y(k-1) + y(k-2) + y(k-7) + y(k-8),False,7,1.3847582396988165,False,18,18,121.90625,121.90625,True
E3,SO,5,1.7251885829900857,1,0.7424899165548664,0.0,0.7973881187042071,0.010013444593511398,18.0,1.318735813192184,8,10,u(k-3)*y(k-2)*y(k-3) + u(k-6) + u(k-7) + u(k-8) + y(k-1) + y(k-2) + y(k-7) + y(k-8),False,7,1.318735813192184,False,1.3581583329942075,1,0.8262341150808139,0.0,0.8594628658731914,0.0100134445935113,121.90625,1.318735813192184,8,10,u(k-3)*y(k-2)*y(k-3) + u(k-6) + u(k-7) + u(k-8) + y(k-1) + y(k-2) + y(k-7) + y(k-8),False,7,1.318735813192184,False,18,18,121.90625,121.90625,True
E3,SO,6,1.965414916019654,1,0.7291654636955355,0.0,0.797335213386427,0.009435596489083872,19.0,1.503138715081509,8,11,u(k)*y(k-7) + u(k-3)*u(k-6)*y(k-4) + u(k-6) + u(k-7) + u(k-8) + y(k-1) + y(k-7) + y(k-8),False,7,1.503138715081509,False,1.5629586660070345,1,0.8114068194210325,0.0,0.8599040449146034,0.0094355964890838,133.296875,1.503138715081509,8,11,u(k)*y(k-7) + u(k-3)*u(k-6)*y(k-4) + u(k-6) + u(k-7) + u(k-8) + y(k-1) + y(k-7) + y(k-8),False,7,1.503138715081509,False,19,19,133.296875,133.296875,True
E3,SO,7,1.8771122909965925,1,0.7159716405045048,0.0,0.7840327795546731,0.008654651609147187,20.0,1.1706935881100962,8,12,u(k)*y(k-1)*y(k-6) + u(k-3)*u(k-3)*y(k-2) + u(k-6) + u(k-7) + u(k-8) + y(k-1) + y(k-4) + y(k-9),False,7,1.1706935881100962,False,1.4984501669823658,1,0.7967248869318277,0.0,0.8586208319488049,0.0086546516091471,144.6875,1.1706935881100962,8,12,u(k)*y(k-1)*y(k-6) + u(k-3)*u(k-3)*y(k-2) + u(k-6) + u(k-7) + u(k-8) + y(k-1) + y(k-4) + y(k-9),False,7,1.1706935881100962,False,20,20,144.6875,144.6875,True
E3,SO,8,1.8714379580051173,1,0.7704093757632776,0.0,0.8243678358742318,0.009473659732928748,16.0,1.4670512654674763,7,9,u(k-3)*u(k-6)*y(k-4) + u(k-6) + u(k-7) + u(k-8) + y(k-1) + y(k-7) + y(k-8),False,6,1.4670512654674763,False,1.5772334999928717,1,0.8433375868975854,0.0,0.876233845703099,0.0094736597329287,109.515625,1.4670512654674763,7,9,u(k-3)*u(k-6)*y(k-4) + u(k-6) + u(k-7) + u(k-8) + y(k-1) + y(k-7) + y(k-8),False,6,1.4670512654674763,False,16,16,109.515625,109.515625,True
E3,SO,9,1.926203999988502,1,0.71482014693511,0.0,0.8244912935858778,0.010249027320616918,20.0,1.300967457472379,8,12,u(k-3)*u(k-3)*u(k-5) + u(k-5) + u(k-6) + u(k-6)*y(k-1)*y(k-1) + u(k-7) + y(k-1) + y(k-2) + y(k-8),False,7,1.300967457472379,False,1.4106133339810183,1,0.7954435183245008,0.0,0.8896940151329656,0.0102490273206169,144.6875,1.300967457472379,8,12,u(k-3)*u(k-3)*u(k-5) + u(k-5) + u(k-6) + u(k-6)*y(k-1)*y(k-1) + u(k-7) + y(k-1) + y(k-2) + y(k-8),False,7,1.300967457472379,False,20,20,144.6875,144.6875,True
E3,SO,10,2.0673152079980355,1,0.6477598237914468,0.3187254710308519,0.7223950933803148,0.007687078447145316,25.0,0.5117397039527375,8,17,u(k)*u(k)*u(k-2) + u(k)*u(k-2)*y(k-1) + u(k-1)*u(k-2)*u(k-2) + u(k-1)*u(k-2)*u(k-4) + u(k-2) + u(k-3) + u(k-5)*y(k-6) + y(k-6),False,8,0.5117397039527375,False,1.7332677920057904,1,0.7208195732523206,0.3546739849785311,0.7898841973257485,0.0076870784471453,201.640625,0.5117397039527375,8,17,u(k)*u(k)*u(k-2) + u(k)*u(k-2)*y(k-1) + u(k-1)*u(k-2)*u(k-2) + u(k-1)*u(k-2)*u(k-4) + u(k-2) + u(k-3) + u(k-5)*y(k-6) + y(k-6),False,8,0.5117397039527375,False,25,25,201.640625,201.640625,True
E3,SO,11,2.180920207989402,1,0.6612819667323597,0.5604233690336732,0.7163717324771421,0.008077049901460518,24.0,0.15936494644949042,8,16,u(k)*u(k)*u(k) + u(k)*u(k-3)*y(k-1) + u(k)*y(k-1)*y(k-4) + u(k-2) + u(k-2)*u(k-5)*y(k-3) + u(k-5) + y(k-5) + y(k-8),False,8,0.15936494644949042,False,1.7863253749965224,1,0.7358668561280549,0.62363258552068,0.7831897684509667,0.0080770499014605,190.25,0.1593649464494904,8,16,u(k)*u(k)*u(k) + u(k)*u(k-3)*y(k-1) + u(k)*y(k-1)*y(k-4) + u(k-2) + u(k-2)*u(k-5)*y(k-3) + u(k-5) + y(k-5) + y(k-8),False,8,0.1593649464494904,False,24,24,190.25,190.25,True
E3,SO,12,1.7648160420067143,1,0.7425060307198428,0.0,0.7972920532376917,0.00999195904020968,18.0,1.413237231933367,8,10,u(k-2)*u(k-4)*y(k-3) + u(k-6) + u(k-7) + u(k-8) + y(k-1) + y(k-2) + y(k-7) + y(k-8),False,7,1.413237231933367,False,1.4222910839889664,1,0.8262520467355644,0.0,0.8733166076358494,0.0099919590402096,121.90625,1.413237231933367,8,10,u(k-2)*u(k-4)*y(k-3) + u(k-6) + u(k-7) + u(k-8) + y(k-1) + y(k-2) + y(k-7) + y(k-8),False,7,1.413237231933367,False,18,18,121.90625,121.90625,True
E3,SO,13,1.9888739580055699,1,0.7291474387393538,0.0,0.7965856756933456,0.009460083222009934,19.0,1.4978106212189835,8,11,u(k-3)*u(k-6)*y(k-4) + u(k-6) + u(k-7) + u(k-8) + y(k-1) + y(k-5)*y(k-5) + y(k-7) + y(k-8),False,7,1.4978106212189835,False,1.65155862501706,1,0.8113867614601254,0.0,0.8595510827468568,0.0094600832220099,133.296875,1.4978106212189837,8,11,u(k-3)*u(k-6)*y(k-4) + u(k-6) + u(k-7) + u(k-8) + y(k-1) + y(k-5)*y(k-5) + y(k-7) + y(k-8),False,7,1.4978106212189837,False,19,19,133.296875,133.296875,True
E3,SO,14,1.7082780420023482,1,0.7959973564475865,0.0,0.8758332312745428,0.011865350616789182,14.0,1.424536414312042,7,7,u(k) + u(k-1) + u(k-2) + u(k-3) + y(k-1) + y(k-7) + y(k-8),False,5,1.424536414312042,False,1.3526956659916325,1,0.8718453125716817,0.0,0.9201027800678022,0.0118653506167891,86.734375,1.424536414312042,7,7,u(k) + u(k-1) + u(k-2) + u(k-3) + y(k-1) + y(k-7) + y(k-8),False,5,1.424536414312042,False,14,14,86.734375,86.734375,True
E3,SO,15,2.1132695830019657,1,0.717007006349957,0.0,0.7582568917594662,0.007221068130828746,20.0,1.0777152814237663,8,12,u(k-1)*u(k-1)*y(k-7) + u(k-3) + u(k-3)*u(k-3)*y(k-4) + u(k-8) + u(k-9) + y(k-1) + y(k-10) + y(k-5),False,7,1.0777152814237663,False,1.648355667013675,1,0.7978770299630372,0.0,0.843745258082642,0.0072210681308287,144.6875,1.0777152814237665,8,12,u(k-1)*u(k-1)*y(k-7) + u(k-3) + u(k-3)*u(k-3)*y(k-4) + u(k-8) + u(k-9) + y(k-1) + y(k-10) + y(k-5),False,7,1.0777152814237665,False,20,20,144.6875,144.6875,True
E3,SO,16,1.8746025829750579,1,0.7703969372312484,0.0,0.7978339930881431,0.009489652131252179,16.0,1.3737644606081234,7,9,u(k-3)*y(k-4)*y(k-6) + u(k-6) + u(k-7) + u(k-8) + y(k-1) + y(k-7) + y(k-8),False,6,1.3737644606081234,False,1.4136731659818906,1,0.8433239709137772,0.0,0.873855606510298,0.0094896521312521,109.515625,1.3737644606081234,7,9,u(k-3)*y(k-4)*y(k-6) + u(k-6) + u(k-7) + u(k-8) + y(k-1) + y(k-7) + y(k-8),False,6,1.3737644606081234,False,16,16,109.515625,109.515625,True
E3,SO,17,2.149188542010961,1,0.7425060307246962,0.0,0.824921865821315,0.009991959033738347,18.0,1.4132372314242998,8,10,u(k-2)*u(k-4)*y(k-3) + u(k-6) + u(k-7) + u(k-8) + y(k-1) + y(k-2) + y(k-7) + y(k-8),False,7,1.4132372314242998,False,1.6801834999932908,1,0.8262520467409653,0.0,0.8900748142040021,0.0099919590337383,121.90625,1.4132372314242998,8,10,u(k-2)*u(k-4)*y(k-3) + u(k-6) + u(k-7) + u(k-8) + y(k-1) + y(k-2) + y(k-7) + y(k-8),False,7,1.4132372314242998,False,18,18,121.90625,121.90625,True
E3,SO,18,2.2263177919958252,1,0.7703376675735367,0.0,0.7977858522786169,0.009565855976881284,16.0,1.474250042250113,7,9,u(k-3)*y(k-4)*y(k-5) + u(k-6) + u(k-7) + u(k-8) + y(k-1) + y(k-7) + y(k-8),False,6,1.474250042250113,False,1.43639625000651,1,0.8432590906933604,0.0,0.87380311034228,0.0095658559768812,109.515625,1.474250042250113,7,9,u(k-3)*y(k-4)*y(k-5) + u(k-6) + u(k-7) + u(k-8) + y(k-1) + y(k-7) + y(k-8),False,6,1.474250042250113,False,16,16,109.515625,109.515625,True
E3,SO,19,2.1125292080105282,1,0.7291475360350292,0.0,0.8252922733160116,0.009459951046752792,19.0,1.506652679879836,8,11,u(k-3)*u(k-6)*y(k-4) + u(k-6) + u(k-6)*u(k-6) + u(k-7) + u(k-8) + y(k-1) + y(k-7) + y(k-8),False,7,1.506652679879836,False,1.6231243749789428,1,0.8113868697296178,0.0,0.8904913369505258,0.0094599510467527,133.296875,1.506652679879836,8,11,u(k-3)*u(k-6)*y(k-4) + u(k-6) + u(k-6)*u(k-6) + u(k-7) + u(k-8) + y(k-1) + y(k-7) + y(k-8),False,7,1.506652679879836,False,19,19,133.296875,133.296875,True
E3,SO,20,2.099176624993561,1,0.7699352039461662,0.0,0.8248038310993573,0.010083309212071984,16.0,1.3814531183213783,7,9,u(k-3)*u(k-3)*u(k-5) + u(k-5) + u(k-7) + u(k-8) + y(k-1) + y(k-2) + y(k-8),False,6,1.3814531183213783,False,1.3882265419815667,1,0.8428185292009921,0.0,0.8899528266660036,0.0100833092120719,109.515625,1.3814531183213783,7,9,u(k-3)*u(k-3)*u(k-5) + u(k-5) + u(k-7) + u(k-8) + y(k-1) + y(k-2) + y(k-8),False,6,1.3814531183213783,False,16,16,109.515625,109.515625,True
E3,SO,21,1.7950298329815269,1,0.7166342755308264,0.0,0.7715425215484807,0.007737156957317227,20.0,1.1192204615298393,8,12,u(k)*u(k)*y(k-7) + u(k-1)*u(k-4)*y(k-2) + u(k-7) + u(k-8) + u(k-9) + y(k-1) + y(k-4) + y(k-8),False,7,1.1192204615298393,False,1.6170318340009544,1,0.7974622594568779,0.0,0.8446000673007037,0.0077371569573172,144.6875,1.1192204615298391,8,12,u(k)*u(k)*y(k-7) + u(k-1)*u(k-4)*y(k-2) + u(k-7) + u(k-8) + u(k-9) + y(k-1) + y(k-4) + y(k-8),False,7,1.1192204615298391,False,20,20,144.6875,144.6875,True
E3,SO,22,1.829249540984165,1,0.7959973564477757,0.0,0.8500827271029234,0.01186535061655441,14.0,1.4245364143079842,7,7,u(k) + u(k-1) + u(k-2) + u(k-3) + y(k-1) + y(k-7) + y(k-8),False,5,1.4245364143079842,False,1.2888654160196893,1,0.8718453125718889,0.0,0.9045799878064368,0.0118653506165544,86.734375,1.4245364143079842,7,7,u(k) + u(k-1) + u(k-2) + u(k-3) + y(k-1) + y(k-7) + y(k-8),False,5,1.4245364143079842,False,14,14,86.734375,86.734375,True
E3,SO,23,2.203152542002499,1,0.7033930055229698,0.6637405482118325,0.7709988318532393,0.006974580438160128,21.0,0.06295452017153055,7,14,u(k)*u(k)*y(k-1) + u(k)*y(k-1) + u(k-1)*u(k-1)*y(k-1) + u(k-1)*u(k-4)*y(k-3) + u(k-4) + u(k-5) + y(k-1),False,5,0.06295452017153055,False,1.973291792004602,1,0.7687273187305169,0.7253917624333601,0.8301421946282925,0.0069745804381601,166.46875,0.0629545201715305,7,14,u(k)*u(k)*y(k-1) + u(k)*y(k-1) + u(k-1)*u(k-1)*y(k-1) + u(k-1)*u(k-4)*y(k-3) + u(k-4) + u(k-5) + y(k-1),False,5,0.0629545201715305,False,21,21,166.46875,166.46875,True
E3,SO,24,2.052786666987231,1,0.7291432223855344,0.0,0.824770355375534,0.009465811098896704,19.0,1.5027628031419384,8,11,u(k-3)*u(k-6)*y(k-4) + u(k-6) + u(k-7) + u(k-8) + y(k-1) + y(k-3)*y(k-4) + y(k-7) + y(k-8),False,7,1.5027628031419384,False,1.6694195839809254,1,0.8113820695507956,0.0,0.8899302365855107,0.0094658110988967,133.296875,1.5027628031419384,8,11,u(k-3)*u(k-6)*y(k-4) + u(k-6) + u(k-7) + u(k-8) + y(k-1) + y(k-3)*y(k-4) + y(k-7) + y(k-8),False,7,1.5027628031419384,False,19,19,133.296875,133.296875,True
E3,SO,25,1.7049249169940595,1,0.7425114734256802,0.0,0.8245022613134549,0.009984702099093001,18.0,1.3937274818561558,8,10,u(k-3)*u(k-3)*y(k-3) + u(k-6) + u(k-7) + u(k-8) + y(k-1) + y(k-2) + y(k-7) + y(k-8),False,7,1.3937274818561558,False,1.3806682499998717,1,0.82625810331511,0.0,0.8898151181550746,0.009984702099093,121.90625,1.3937274818561558,8,10,u(k-3)*u(k-3)*y(k-3) + u(k-6) + u(k-7) + u(k-8) + y(k-1) + y(k-2) + y(k-7) + y(k-8),False,7,1.3937274818561558,False,18,18,121.90625,121.90625,True
E3,SO,26,1.979091665998567,1,0.7287306363062537,0.0,0.7974035904528044,0.010026305395278103,19.0,1.4325346169094877,8,11,u(k-2)*y(k-5) + u(k-3)*u(k-4)*y(k-2) + u(k-6) + u(k-7) + u(k-8) + y(k-1) + y(k-2) + y(k-8),False,7,1.4325346169094877,False,1.628113624989055,1,0.8109229485762092,0.0,0.873384343527625,0.0100263053952781,133.296875,1.4325346169094877,8,11,u(k-2)*y(k-5) + u(k-3)*u(k-4)*y(k-2) + u(k-6) + u(k-7) + u(k-8) + y(k-1) + y(k-2) + y(k-8),False,7,1.4325346169094877,False,19,19,133.296875,133.296875,True
E3,SO,27,1.9709857080015354,1,0.7291212000080011,0.0,0.7978579730809876,0.009495728291017448,19.0,1.4625786496880029,8,11,u(k-4)*y(k-4)*y(k-4) + u(k-6) + u(k-7) + u(k-8) + y(k-1) + y(k-5)*y(k-6) + y(k-7) + y(k-8),False,7,1.4625786496880029,False,1.386160583992023,1,0.8113575633060541,0.0,0.8738826047831179,0.0094957282910174,133.296875,1.4625786496880029,8,11,u(k-4)*y(k-4)*y(k-4) + u(k-6) + u(k-7) + u(k-8) + y(k-1) + y(k-5)*y(k-6) + y(k-7) + y(k-8),False,7,1.4625786496880029,False,19,19,133.296875,133.296875,True
E3,SO,28,1.7451850420038681,1,0.7959973564476511,0.0,0.8499131934211779,0.011865350616708974,14.0,1.5473864518772669,7,7,u(k-3) + u(k-4) + u(k-5) + u(k-6) + y(k-1) + y(k-7) + y(k-8),False,6,1.5473864518772669,False,1.5269458750262856,1,0.8718453125717525,0.0,0.9044773790982162,0.0118653506167089,86.734375,1.5473864518772669,7,7,u(k-3) + u(k-4) + u(k-5) + u(k-6) + y(k-1) + y(k-7) + y(k-8),False,6,1.5473864518772669,False,14,14,86.734375,86.734375,True
E3,SO,29,2.284197959001176,1,0.7703659473412848,0.0,0.7977835238838984,0.009529496275490932,16.0,inf,7,9,u(k-6) + u(k-7) + u(k-8) + y(k-1) + y(k-4)*y(k-4)*y(k-4) + y(k-7) + y(k-8),False,6,inf,False,1.399713916995097,1,0.843290047470161,0.0,0.8738000067130525,0.0095294962754909,109.515625,inf,7,9,u(k-6) + u(k-7) + u(k-8) + y(k-1) + y(k-4)*y(k-4)*y(k-4) + y(k-7) + y(k-8),False,6,inf,False,16,16,109.515625,109.515625,True
