example,config,seed,tau,C,val,rec,oracle_val
E1,Green,0,0.0,7.0,7.142928451732104e-16,True,2.4149382677767686e-16
E1,Green,0,0.01,7.0,7.142928451732104e-16,True,2.4149382677767686e-16
E1,Green,0,0.02,7.0,7.142928451732104e-16,True,2.4149382677767686e-16
E1,Green,0,0.05,7.0,7.142928451732104e-16,True,2.4149382677767686e-16
E1,Green,0,0.1,7.0,7.142928451732104e-16,True,2.4149382677767686e-16
E1,Green,0,0.2,7.0,7.142928451732104e-16,True,2.4149382677767686e-16
E1,Green,0,0.5,7.0,7.142928451732104e-16,True,2.4149382677767686e-16
E1,Green,0,1.0,7.0,7.142928451732104e-16,True,2.4149382677767686e-16
E1,Green,1,0.0,7.0,3.0443950575286657e-15,True,3.9213382843419623e-16
E1,Green,1,0.01,7.0,3.0443950575286657e-15,True,3.9213382843419623e-16
E1,Green,1,0.02,7.0,3.0443950575286657e-15,True,3.9213382843419623e-16
E1,Green,1,0.05,7.0,3.0443950575286657e-15,True,3.9213382843419623e-16
E1,Green,1,0.1,7.0,3.0443950575286657e-15,True,3.9213382843419623e-16
E1,Green,1,0.2,7.0,3.0443950575286657e-15,True,3.9213382843419623e-16
E1,Green,1,0.5,7.0,3.0443950575286657e-15,True,3.9213382843419623e-16
E1,Green,1,1.0,7.0,3.0443950575286657e-15,True,3.9213382843419623e-16
E1,Green,2,0.0,7.0,3.133304983038018e-15,True,2.0556394911374853e-16
E1,Green,2,0.01,7.0,3.133304983038018e-15,True,2.0556394911374853e-16
E1,Green,2,0.02,7.0,3.133304983038018e-15,True,2.0556394911374853e-16
E1,Green,2,0.05,7.0,3.133304983038018e-15,True,2.0556394911374853e-16
E1,Green,2,0.1,7.0,3.133304983038018e-15,True,2.0556394911374853e-16
E1,Green,2,0.2,7.0,3.133304983038018e-15,True,2.0556394911374853e-16
E1,Green,2,0.5,7.0,3.133304983038018e-15,True,2.0556394911374853e-16
E1,Green,2,1.0,7.0,3.133304983038018e-15,True,2.0556394911374853e-16
E1,Green,3,0.0,7.0,7.142928451732104e-16,True,2.302772972547705e-16
E1,Green,3,0.01,7.0,7.142928451732104e-16,True,2.302772972547705e-16
E1,Green,3,0.02,7.0,7.142928451732104e-16,True,2.302772972547705e-16
E1,Green,3,0.05,7.0,7.142928451732104e-16,True,2.302772972547705e-16
E1,Green,3,0.1,7.0,7.142928451732104e-16,True,2.302772972547705e-16
E1,Green,3,0.2,7.0,7.142928451732104e-16,True,2.302772972547705e-16
E1,Green,3,0.5,7.0,7.142928451732104e-16,True,2.302772972547705e-16
E1,Green,3,1.0,7.0,7.142928451732104e-16,True,2.302772972547705e-16
E1,Green,4,0.0,7.0,1.2648814273871748e-15,True,3.7297864080754744e-16
E1,Green,4,0.01,7.0,1.2648814273871748e-15,True,3.7297864080754744e-16
E1,Green,4,0.02,7.0,1.2648814273871748e-15,True,3.7297864080754744e-16
E1,Green,4,0.05,7.0,1.2648814273871748e-15,True,3.7297864080754744e-16
E1,Green,4,0.1,7.0,1.2648814273871748e-15,True,3.7297864080754744e-16
E1,Green,4,0.2,7.0,1.2648814273871748e-15,True,3.7297864080754744e-16
E1,Green,4,0.5,7.0,1.2648814273871748e-15,True,3.7297864080754744e-16
E1,Green,4,1.0,7.0,1.2648814273871748e-15,True,3.7297864080754744e-16
E1,Green,5,0.0,7.0,2.1233430408575456e-15,True,2.5610321949031645e-16
E1,Green,5,0.01,7.0,2.1233430408575456e-15,True,2.5610321949031645e-16
E1,Green,5,0.02,7.0,2.1233430408575456e-15,True,2.5610321949031645e-16
E1,Green,5,0.05,7.0,2.1233430408575456e-15,True,2.5610321949031645e-16
E1,Green,5,0.1,7.0,2.1233430408575456e-15,True,2.5610321949031645e-16
E1,Green,5,0.2,7.0,2.1233430408575456e-15,True,2.5610321949031645e-16
E1,Green,5,0.5,7.0,2.1233430408575456e-15,True,2.5610321949031645e-16
E1,Green,5,1.0,7.0,2.1233430408575456e-15,True,2.5610321949031645e-16
E1,Green,6,0.0,7.0,9.267039282010344e-16,True,2.9557735661293873e-16
E1,Green,6,0.01,7.0,9.267039282010344e-16,True,2.9557735661293873e-16
E1,Green,6,0.02,7.0,9.267039282010344e-16,True,2.9557735661293873e-16
E1,Green,6,0.05,7.0,9.267039282010344e-16,True,2.9557735661293873e-16
E1,Green,6,0.1,7.0,9.267039282010344e-16,True,2.9557735661293873e-16
E1,Green,6,0.2,7.0,9.267039282010344e-16,True,2.9557735661293873e-16
E1,Green,6,0.5,7.0,9.267039282010344e-16,True,2.9557735661293873e-16
E1,Green,6,1.0,7.0,9.267039282010344e-16,True,2.9557735661293873e-16
E1,Green,7,0.0,7.0,1.947580698642516e-15,True,2.223795665420833e-16
E1,Green,7,0.01,7.0,1.947580698642516e-15,True,2.223795665420833e-16
E1,Green,7,0.02,7.0,1.947580698642516e-15,True,2.223795665420833e-16
E1,Green,7,0.05,7.0,1.947580698642516e-15,True,2.223795665420833e-16
E1,Green,7,0.1,7.0,1.947580698642516e-15,True,2.223795665420833e-16
E1,Green,7,0.2,7.0,1.947580698642516e-15,True,2.223795665420833e-16
E1,Green,7,0.5,7.0,1.947580698642516e-15,True,2.223795665420833e-16
E1,Green,7,1.0,7.0,1.947580698642516e-15,True,2.223795665420833e-16
E1,Green,8,0.0,7.0,5.29658930435707e-16,True,4.1828824558169993e-16
E1,Green,8,0.01,7.0,5.29658930435707e-16,True,4.1828824558169993e-16
E1,Green,8,0.02,7.0,5.29658930435707e-16,True,4.1828824558169993e-16
E1,Green,8,0.05,7.0,5.29658930435707e-16,True,4.1828824558169993e-16
E1,Green,8,0.1,7.0,5.29658930435707e-16,True,4.1828824558169993e-16
E1,Green,8,0.2,7.0,5.29658930435707e-16,True,4.1828824558169993e-16
E1,Green,8,0.5,7.0,5.29658930435707e-16,True,4.1828824558169993e-16
E1,Green,8,1.0,7.0,5.29658930435707e-16,True,4.1828824558169993e-16
E1,Green,9,0.0,7.0,9.03448256430443e-16,True,2.0897448572302637e-16
E1,Green,9,0.01,7.0,9.03448256430443e-16,True,2.0897448572302637e-16
E1,Green,9,0.02,7.0,9.03448256430443e-16,True,2.0897448572302637e-16
E1,Green,9,0.05,7.0,9.03448256430443e-16,True,2.0897448572302637e-16
E1,Green,9,0.1,7.0,9.03448256430443e-16,True,2.0897448572302637e-16
E1,Green,9,0.2,7.0,9.03448256430443e-16,True,2.0897448572302637e-16
E1,Green,9,0.5,7.0,9.03448256430443e-16,True,2.0897448572302637e-16
E1,Green,9,1.0,7.0,9.03448256430443e-16,True,2.0897448572302637e-16
E1,Green,10,0.0,7.0,1.5944835719487724e-15,True,3.032605897632161e-16
E1,Green,10,0.01,7.0,1.5944835719487724e-15,True,3.032605897632161e-16
E1,Green,10,0.02,7.0,1.5944835719487724e-15,True,3.032605897632161e-16
E1,Green,10,0.05,7.0,1.5944835719487724e-15,True,3.032605897632161e-16
E1,Green,10,0.1,7.0,1.5944835719487724e-15,True,3.032605897632161e-16
E1,Green,10,0.2,7.0,1.5944835719487724e-15,True,3.032605897632161e-16
E1,Green,10,0.5,7.0,1.5944835719487724e-15,True,3.032605897632161e-16
E1,Green,10,1.0,7.0,1.5944835719487724e-15,True,3.032605897632161e-16
E1,Green,11,0.0,7.0,8.878886681264161e-16,True,2.773404778560838e-16
E1,Green,11,0.01,7.0,8.878886681264161e-16,True,2.773404778560838e-16
E1,Green,11,0.02,7.0,8.878886681264161e-16,True,2.773404778560838e-16
E1,Green,11,0.05,7.0,8.878886681264161e-16,True,2.773404778560838e-16
E1,Green,11,0.1,7.0,8.878886681264161e-16,True,2.773404778560838e-16
E1,Green,11,0.2,7.0,8.878886681264161e-16,True,2.773404778560838e-16
E1,Green,11,0.5,7.0,8.878886681264161e-16,True,2.773404778560838e-16
E1,Green,11,1.0,7.0,8.878886681264161e-16,True,2.773404778560838e-16
E1,Green,12,0.0,7.0,1.2031003816395871e-15,True,3.286243507600122e-16
E1,Green,12,0.01,7.0,1.2031003816395871e-15,True,3.286243507600122e-16
E1,Green,12,0.02,7.0,1.2031003816395871e-15,True,3.286243507600122e-16
E1,Green,12,0.05,7.0,1.2031003816395871e-15,True,3.286243507600122e-16
E1,Green,12,0.1,7.0,1.2031003816395871e-15,True,3.286243507600122e-16
E1,Green,12,0.2,7.0,1.2031003816395871e-15,True,3.286243507600122e-16
E1,Green,12,0.5,7.0,1.2031003816395871e-15,True,3.286243507600122e-16
E1,Green,12,1.0,7.0,1.2031003816395871e-15,True,3.286243507600122e-16
E1,Green,13,0.0,7.0,4.084126682246382e-16,True,1.9442435970108533e-16
E1,Green,13,0.01,7.0,4.084126682246382e-16,True,1.9442435970108533e-16
E1,Green,13,0.02,7.0,4.084126682246382e-16,True,1.9442435970108533e-16
E1,Green,13,0.05,7.0,4.084126682246382e-16,True,1.9442435970108533e-16
E1,Green,13,0.1,7.0,4.084126682246382e-16,True,1.9442435970108533e-16
E1,Green,13,0.2,7.0,4.084126682246382e-16,True,1.9442435970108533e-16
E1,Green,13,0.5,7.0,4.084126682246382e-16,True,1.9442435970108533e-16
E1,Green,13,1.0,7.0,4.084126682246382e-16,True,1.9442435970108533e-16
E1,Green,14,0.0,7.0,3.252858957327326e-16,True,3.252858957327326e-16
E1,Green,14,0.01,7.0,3.252858957327326e-16,True,3.252858957327326e-16
E1,Green,14,0.02,7.0,3.252858957327326e-16,True,3.252858957327326e-16
E1,Green,14,0.05,7.0,3.252858957327326e-16,True,3.252858957327326e-16
E1,Green,14,0.1,7.0,3.252858957327326e-16,True,3.252858957327326e-16
E1,Green,14,0.2,7.0,3.252858957327326e-16,True,3.252858957327326e-16
E1,Green,14,0.5,7.0,3.252858957327326e-16,True,3.252858957327326e-16
E1,Green,14,1.0,7.0,3.252858957327326e-16,True,3.252858957327326e-16
E1,Green,15,0.0,7.0,1.5944835719487724e-15,True,3.7185600421997155e-16
E1,Green,15,0.01,7.0,1.5944835719487724e-15,True,3.7185600421997155e-16
E1,Green,15,0.02,7.0,1.5944835719487724e-15,True,3.7185600421997155e-16
E1,Green,15,0.05,7.0,1.5944835719487724e-15,True,3.7185600421997155e-16
E1,Green,15,0.1,7.0,1.5944835719487724e-15,True,3.7185600421997155e-16
E1,Green,15,0.2,7.0,1.5944835719487724e-15,True,3.7185600421997155e-16
E1,Green,15,0.5,7.0,1.5944835719487724e-15,True,3.7185600421997155e-16
E1,Green,15,1.0,7.0,1.5944835719487724e-15,True,3.7185600421997155e-16
E1,Green,16,0.0,7.0,1.796126661865222e-15,True,3.7185600421997155e-16
E1,Green,16,0.01,7.0,1.796126661865222e-15,True,3.7185600421997155e-16
E1,Green,16,0.02,7.0,1.796126661865222e-15,True,3.7185600421997155e-16
E1,Green,16,0.05,7.0,1.796126661865222e-15,True,3.7185600421997155e-16
E1,Green,16,0.1,7.0,1.796126661865222e-15,True,3.7185600421997155e-16
E1,Green,16,0.2,7.0,1.796126661865222e-15,True,3.7185600421997155e-16
E1,Green,16,0.5,7.0,1.796126661865222e-15,True,3.7185600421997155e-16
E1,Green,16,1.0,7.0,1.796126661865222e-15,True,3.7185600421997155e-16
E1,Green,17,0.0,7.0,2.1677456228804145e-15,True,2.695107288597282e-16
E1,Green,17,0.01,7.0,2.1677456228804145e-15,True,2.695107288597282e-16
E1,Green,17,0.02,7.0,2.1677456228804145e-15,True,2.695107288597282e-16
E1,Green,17,0.05,7.0,2.1677456228804145e-15,True,2.695107288597282e-16
E1,Green,17,0.1,7.0,2.1677456228804145e-15,True,2.695107288597282e-16
E1,Green,17,0.2,7.0,2.1677456228804145e-15,True,2.695107288597282e-16
E1,Green,17,0.5,7.0,2.1677456228804145e-15,True,2.695107288597282e-16
E1,Green,17,1.0,7.0,2.1677456228804145e-15,True,2.695107288597282e-16
E1,Green,18,0.0,7.0,3.2489343803753984e-16,True,3.2489343803753984e-16
E1,Green,18,0.01,7.0,3.2489343803753984e-16,True,3.2489343803753984e-16
E1,Green,18,0.02,7.0,3.2489343803753984e-16,True,3.2489343803753984e-16
E1,Green,18,0.05,7.0,3.2489343803753984e-16,True,3.2489343803753984e-16
E1,Green,18,0.1,7.0,3.2489343803753984e-16,True,3.2489343803753984e-16
E1,Green,18,0.2,7.0,3.2489343803753984e-16,True,3.2489343803753984e-16
E1,Green,18,0.5,7.0,3.2489343803753984e-16,True,3.2489343803753984e-16
E1,Green,18,1.0,7.0,3.2489343803753984e-16,True,3.2489343803753984e-16
E1,Green,19,0.0,7.0,1.035053617371294e-15,True,3.336968879311163e-16
E1,Green,19,0.01,7.0,1.035053617371294e-15,True,3.336968879311163e-16
E1,Green,19,0.02,7.0,1.035053617371294e-15,True,3.336968879311163e-16
E1,Green,19,0.05,7.0,1.035053617371294e-15,True,3.336968879311163e-16
E1,Green,19,0.1,7.0,1.035053617371294e-15,True,3.336968879311163e-16
E1,Green,19,0.2,7.0,1.035053617371294e-15,True,3.336968879311163e-16
E1,Green,19,0.5,7.0,1.035053617371294e-15,True,3.336968879311163e-16
E1,Green,19,1.0,7.0,1.035053617371294e-15,True,3.336968879311163e-16
E1,Green,20,0.0,7.0,3.4896201714327896e-16,True,3.4896201714327896e-16
E1,Green,20,0.01,7.0,3.4896201714327896e-16,True,3.4896201714327896e-16
E1,Green,20,0.02,7.0,3.4896201714327896e-16,True,3.4896201714327896e-16
E1,Green,20,0.05,7.0,3.4896201714327896e-16,True,3.4896201714327896e-16
E1,Green,20,0.1,7.0,3.4896201714327896e-16,True,3.4896201714327896e-16
E1,Green,20,0.2,7.0,3.4896201714327896e-16,True,3.4896201714327896e-16
E1,Green,20,0.5,7.0,3.4896201714327896e-16,True,3.4896201714327896e-16
E1,Green,20,1.0,7.0,3.4896201714327896e-16,True,3.4896201714327896e-16
E1,Green,21,0.0,7.0,5.200009767557646e-16,True,3.048215388922267e-16
E1,Green,21,0.01,7.0,5.200009767557646e-16,True,3.048215388922267e-16
E1,Green,21,0.02,7.0,5.200009767557646e-16,True,3.048215388922267e-16
E1,Green,21,0.05,7.0,5.200009767557646e-16,True,3.048215388922267e-16
E1,Green,21,0.1,7.0,5.200009767557646e-16,True,3.048215388922267e-16
E1,Green,21,0.2,7.0,5.200009767557646e-16,True,3.048215388922267e-16
E1,Green,21,0.5,7.0,5.200009767557646e-16,True,3.048215388922267e-16
E1,Green,21,1.0,7.0,5.200009767557646e-16,True,3.048215388922267e-16
E1,Green,22,0.0,7.0,7.142928451732104e-16,True,3.957228643675974e-16
E1,Green,22,0.01,7.0,7.142928451732104e-16,True,3.957228643675974e-16
E1,Green,22,0.02,7.0,7.142928451732104e-16,True,3.957228643675974e-16
E1,Green,22,0.05,7.0,7.142928451732104e-16,True,3.957228643675974e-16
E1,Green,22,0.1,7.0,7.142928451732104e-16,True,3.957228643675974e-16
E1,Green,22,0.2,7.0,7.142928451732104e-16,True,3.957228643675974e-16
E1,Green,22,0.5,7.0,7.142928451732104e-16,True,3.957228643675974e-16
E1,Green,22,1.0,7.0,7.142928451732104e-16,True,3.957228643675974e-16
E1,Green,23,0.0,7.0,1.1746579502684531e-15,True,4.1263765853993774e-16
E1,Green,23,0.01,7.0,1.1746579502684531e-15,True,4.1263765853993774e-16
E1,Green,23,0.02,7.0,1.1746579502684531e-15,True,4.1263765853993774e-16
E1,Green,23,0.05,7.0,1.1746579502684531e-15,True,4.1263765853993774e-16
E1,Green,23,0.1,7.0,1.1746579502684531e-15,True,4.1263765853993774e-16
E1,Green,23,0.2,7.0,1.1746579502684531e-15,True,4.1263765853993774e-16
E1,Green,23,0.5,7.0,1.1746579502684531e-15,True,4.1263765853993774e-16
E1,Green,23,1.0,7.0,1.1746579502684531e-15,True,4.1263765853993774e-16
E1,Green,24,0.0,7.0,1.947580698642516e-15,True,2.748531012336952e-16
E1,Green,24,0.01,7.0,1.947580698642516e-15,True,2.748531012336952e-16
E1,Green,24,0.02,7.0,1.947580698642516e-15,True,2.748531012336952e-16
E1,Green,24,0.05,7.0,1.947580698642516e-15,True,2.748531012336952e-16
E1,Green,24,0.1,7.0,1.947580698642516e-15,True,2.748531012336952e-16
E1,Green,24,0.2,7.0,1.947580698642516e-15,True,2.748531012336952e-16
E1,Green,24,0.5,7.0,1.947580698642516e-15,True,2.748531012336952e-16
E1,Green,24,1.0,7.0,1.947580698642516e-15,True,2.748531012336952e-16
E1,Green,25,0.0,7.0,1.035053617371294e-15,True,2.8108112563943366e-16
E1,Green,25,0.01,7.0,1.035053617371294e-15,True,2.8108112563943366e-16
E1,Green,25,0.02,7.0,1.035053617371294e-15,True,2.8108112563943366e-16
E1,Green,25,0.05,7.0,1.035053617371294e-15,True,2.8108112563943366e-16
E1,Green,25,0.1,7.0,1.035053617371294e-15,True,2.8108112563943366e-16
E1,Green,25,0.2,7.0,1.035053617371294e-15,True,2.8108112563943366e-16
E1,Green,25,0.5,7.0,1.035053617371294e-15,True,2.8108112563943366e-16
E1,Green,25,1.0,7.0,1.035053617371294e-15,True,2.8108112563943366e-16
E1,Green,26,0.0,7.0,1.9964913575063468e-15,True,3.286243507600122e-16
E1,Green,26,0.01,7.0,1.9964913575063468e-15,True,3.286243507600122e-16
E1,Green,26,0.02,7.0,1.9964913575063468e-15,True,3.286243507600122e-16
E1,Green,26,0.05,7.0,1.9964913575063468e-15,True,3.286243507600122e-16
E1,Green,26,0.1,7.0,1.9964913575063468e-15,True,3.286243507600122e-16
E1,Green,26,0.2,7.0,1.9964913575063468e-15,True,3.286243507600122e-16
E1,Green,26,0.5,7.0,1.9964913575063468e-15,True,3.286243507600122e-16
E1,Green,26,1.0,7.0,1.9964913575063468e-15,True,3.286243507600122e-16
E1,Green,27,0.0,7.0,1.2862667904077988e-15,True,2.0556394911374853e-16
E1,Green,27,0.01,7.0,1.2862667904077988e-15,True,2.0556394911374853e-16
E1,Green,27,0.02,7.0,1.2862667904077988e-15,True,2.0556394911374853e-16
E1,Green,27,0.05,7.0,1.2862667904077988e-15,True,2.0556394911374853e-16
E1,Green,27,0.1,7.0,1.2862667904077988e-15,True,2.0556394911374853e-16
E1,Green,27,0.2,7.0,1.2862667904077988e-15,True,2.0556394911374853e-16
E1,Green,27,0.5,7.0,1.2862667904077988e-15,True,2.0556394911374853e-16
E1,Green,27,1.0,7.0,1.2862667904077988e-15,True,2.0556394911374853e-16
E1,Green,28,0.0,7.0,8.878886681264161e-16,True,2.043428099927965e-16
E1,Green,28,0.01,7.0,8.878886681264161e-16,True,2.043428099927965e-16
E1,Green,28,0.02,7.0,8.878886681264161e-16,True,2.043428099927965e-16
E1,Green,28,0.05,7.0,8.878886681264161e-16,True,2.043428099927965e-16
E1,Green,28,0.1,7.0,8.878886681264161e-16,True,2.043428099927965e-16
E1,Green,28,0.2,7.0,8.878886681264161e-16,True,2.043428099927965e-16
E1,Green,28,0.5,7.0,8.878886681264161e-16,True,2.043428099927965e-16
E1,Green,28,1.0,7.0,8.878886681264161e-16,True,2.043428099927965e-16
E1,Green,29,0.0,7.0,1.044925924616553e-15,True,5.633968031878258e-16
E1,Green,29,0.01,7.0,1.044925924616553e-15,True,5.633968031878258e-16
E1,Green,29,0.02,7.0,1.044925924616553e-15,True,5.633968031878258e-16
E1,Green,29,0.05,7.0,1.044925924616553e-15,True,5.633968031878258e-16
E1,Green,29,0.1,7.0,1.044925924616553e-15,True,5.633968031878258e-16
E1,Green,29,0.2,7.0,1.044925924616553e-15,True,5.633968031878258e-16
E1,Green,29,0.5,7.0,1.044925924616553e-15,True,5.633968031878258e-16
E1,Green,29,1.0,7.0,1.044925924616553e-15,True,5.633968031878258e-16
E1,MO-lex,0,0.0,7.0,3.25075120964195e-16,True,2.821447395164707e-16
E1,MO-lex,0,0.01,7.0,3.25075120964195e-16,True,2.821447395164707e-16
E1,MO-lex,0,0.02,7.0,3.25075120964195e-16,True,2.821447395164707e-16
E1,MO-lex,0,0.05,7.0,3.25075120964195e-16,True,2.821447395164707e-16
E1,MO-lex,0,0.1,7.0,3.25075120964195e-16,True,2.821447395164707e-16
E1,MO-lex,0,0.2,7.0,3.25075120964195e-16,True,2.821447395164707e-16
E1,MO-lex,0,0.5,7.0,3.25075120964195e-16,True,2.821447395164707e-16
E1,MO-lex,0,1.0,7.0,3.25075120964195e-16,True,2.821447395164707e-16
E1,MO-lex,1,0.0,7.0,3.25075120964195e-16,True,3.207588230161238e-16
E1,MO-lex,1,0.01,7.0,3.25075120964195e-16,True,3.207588230161238e-16
E1,MO-lex,1,0.02,7.0,3.25075120964195e-16,True,3.207588230161238e-16
E1,MO-lex,1,0.05,7.0,3.25075120964195e-16,True,3.207588230161238e-16
E1,MO-lex,1,0.1,7.0,3.25075120964195e-16,True,3.207588230161238e-16
E1,MO-lex,1,0.2,7.0,3.25075120964195e-16,True,3.207588230161238e-16
E1,MO-lex,1,0.5,7.0,3.25075120964195e-16,True,3.207588230161238e-16
E1,MO-lex,1,1.0,7.0,3.25075120964195e-16,True,3.207588230161238e-16
E1,MO-lex,2,0.0,7.0,2.700813343538282e-16,True,2.1438683212081093e-16
E1,MO-lex,2,0.01,7.0,2.700813343538282e-16,True,2.1438683212081093e-16
E1,MO-lex,2,0.02,7.0,2.700813343538282e-16,True,2.1438683212081093e-16
E1,MO-lex,2,0.05,7.0,2.700813343538282e-16,True,2.1438683212081093e-16
E1,MO-lex,2,0.1,7.0,2.700813343538282e-16,True,2.1438683212081093e-16
E1,MO-lex,2,0.2,7.0,2.700813343538282e-16,True,2.1438683212081093e-16
E1,MO-lex,2,0.5,7.0,2.700813343538282e-16,True,2.1438683212081093e-16
E1,MO-lex,2,1.0,7.0,2.700813343538282e-16,True,2.1438683212081093e-16
E1,MO-lex,3,0.0,7.0,3.3132865428115775e-16,True,2.2017324783380109e-16
E1,MO-lex,3,0.01,7.0,3.3132865428115775e-16,True,2.2017324783380109e-16
E1,MO-lex,3,0.02,7.0,3.3132865428115775e-16,True,2.2017324783380109e-16
E1,MO-lex,3,0.05,7.0,3.3132865428115775e-16,True,2.2017324783380109e-16
E1,MO-lex,3,0.1,7.0,3.3132865428115775e-16,True,2.2017324783380109e-16
E1,MO-lex,3,0.2,7.0,3.3132865428115775e-16,True,2.2017324783380109e-16
E1,MO-lex,3,0.5,7.0,3.3132865428115775e-16,True,2.2017324783380109e-16
E1,MO-lex,3,1.0,7.0,3.3132865428115775e-16,True,2.2017324783380109e-16
E1,MO-lex,4,0.0,7.0,3.26099261257318e-16,True,2.6508865607196936e-16
E1,MO-lex,4,0.01,7.0,3.26099261257318e-16,True,2.6508865607196936e-16
E1,MO-lex,4,0.02,7.0,3.26099261257318e-16,True,2.6508865607196936e-16
E1,MO-lex,4,0.05,7.0,3.26099261257318e-16,True,2.6508865607196936e-16
E1,MO-lex,4,0.1,7.0,3.26099261257318e-16,True,2.6508865607196936e-16
E1,MO-lex,4,0.2,7.0,3.26099261257318e-16,True,2.6508865607196936e-16
E1,MO-lex,4,0.5,7.0,3.26099261257318e-16,True,2.6508865607196936e-16
E1,MO-lex,4,1.0,7.0,3.26099261257318e-16,True,2.6508865607196936e-16
E1,MO-lex,5,0.0,7.0,2.700813343538282e-16,True,2.4491431876450457e-16
E1,MO-lex,5,0.01,7.0,2.700813343538282e-16,True,2.4491431876450457e-16
E1,MO-lex,5,0.02,7.0,2.700813343538282e-16,True,2.4491431876450457e-16
E1,MO-lex,5,0.05,7.0,2.700813343538282e-16,True,2.4491431876450457e-16
E1,MO-lex,5,0.1,7.0,2.700813343538282e-16,True,2.4491431876450457e-16
E1,MO-lex,5,0.2,7.0,2.700813343538282e-16,True,2.4491431876450457e-16
E1,MO-lex,5,0.5,7.0,2.700813343538282e-16,True,2.4491431876450457e-16
E1,MO-lex,5,1.0,7.0,2.700813343538282e-16,True,2.4491431876450457e-16
E1,MO-lex,6,0.0,7.0,2.700813343538282e-16,True,2.700813343538282e-16
E1,MO-lex,6,0.01,7.0,2.700813343538282e-16,True,2.700813343538282e-16
E1,MO-lex,6,0.02,7.0,2.700813343538282e-16,True,2.700813343538282e-16
E1,MO-lex,6,0.05,7.0,2.700813343538282e-16,True,2.700813343538282e-16
E1,MO-lex,6,0.1,7.0,2.700813343538282e-16,True,2.700813343538282e-16
E1,MO-lex,6,0.2,7.0,2.700813343538282e-16,True,2.700813343538282e-16
E1,MO-lex,6,0.5,7.0,2.700813343538282e-16,True,2.700813343538282e-16
E1,MO-lex,6,1.0,7.0,2.700813343538282e-16,True,2.700813343538282e-16
E1,MO-lex,7,0.0,7.0,3.25075120964195e-16,True,3.25075120964195e-16
E1,MO-lex,7,0.01,7.0,3.25075120964195e-16,True,3.25075120964195e-16
E1,MO-lex,7,0.02,7.0,3.25075120964195e-16,True,3.25075120964195e-16
E1,MO-lex,7,0.05,7.0,3.25075120964195e-16,True,3.25075120964195e-16
E1,MO-lex,7,0.1,7.0,3.25075120964195e-16,True,3.25075120964195e-16
E1,MO-lex,7,0.2,7.0,3.25075120964195e-16,True,3.25075120964195e-16
E1,MO-lex,7,0.5,7.0,3.25075120964195e-16,True,3.25075120964195e-16
E1,MO-lex,7,1.0,7.0,3.25075120964195e-16,True,3.25075120964195e-16
E1,MO-lex,8,0.0,7.0,3.25075120964195e-16,True,2.582002893023232e-16
E1,MO-lex,8,0.01,7.0,3.25075120964195e-16,True,2.582002893023232e-16
E1,MO-lex,8,0.02,7.0,3.25075120964195e-16,True,2.582002893023232e-16
E1,MO-lex,8,0.05,7.0,3.25075120964195e-16,True,2.582002893023232e-16
E1,MO-lex,8,0.1,7.0,3.25075120964195e-16,True,2.582002893023232e-16
E1,MO-lex,8,0.2,7.0,3.25075120964195e-16,True,2.582002893023232e-16
E1,MO-lex,8,0.5,7.0,3.25075120964195e-16,True,2.582002893023232e-16
E1,MO-lex,8,1.0,7.0,3.25075120964195e-16,True,2.582002893023232e-16
E1,MO-lex,9,0.0,7.0,2.700813343538282e-16,True,2.700813343538282e-16
E1,MO-lex,9,0.01,7.0,2.700813343538282e-16,True,2.700813343538282e-16
E1,MO-lex,9,0.02,7.0,2.700813343538282e-16,True,2.700813343538282e-16
E1,MO-lex,9,0.05,7.0,2.700813343538282e-16,True,2.700813343538282e-16
E1,MO-lex,9,0.1,7.0,2.700813343538282e-16,True,2.700813343538282e-16
E1,MO-lex,9,0.2,7.0,2.700813343538282e-16,True,2.700813343538282e-16
E1,MO-lex,9,0.5,7.0,2.700813343538282e-16,True,2.700813343538282e-16
E1,MO-lex,9,1.0,7.0,2.700813343538282e-16,True,2.700813343538282e-16
E1,MO-lex,10,0.0,7.0,2.700813343538282e-16,True,2.700813343538282e-16
E1,MO-lex,10,0.01,7.0,2.700813343538282e-16,True,2.700813343538282e-16
E1,MO-lex,10,0.02,7.0,2.700813343538282e-16,True,2.700813343538282e-16
E1,MO-lex,10,0.05,7.0,2.700813343538282e-16,True,2.700813343538282e-16
E1,MO-lex,10,0.1,7.0,2.700813343538282e-16,True,2.700813343538282e-16
E1,MO-lex,10,0.2,7.0,2.700813343538282e-16,True,2.700813343538282e-16
E1,MO-lex,10,0.5,7.0,2.700813343538282e-16,True,2.700813343538282e-16
E1,MO-lex,10,1.0,7.0,2.700813343538282e-16,True,2.700813343538282e-16
E1,MO-lex,11,0.0,7.0,2.700813343538282e-16,True,2.700813343538282e-16
E1,MO-lex,11,0.01,7.0,2.700813343538282e-16,True,2.700813343538282e-16
E1,MO-lex,11,0.02,7.0,2.700813343538282e-16,True,2.700813343538282e-16
E1,MO-lex,11,0.05,7.0,2.700813343538282e-16,True,2.700813343538282e-16
E1,MO-lex,11,0.1,7.0,2.700813343538282e-16,True,2.700813343538282e-16
E1,MO-lex,11,0.2,7.0,2.700813343538282e-16,True,2.700813343538282e-16
E1,MO-lex,11,0.5,7.0,2.700813343538282e-16,True,2.700813343538282e-16
E1,MO-lex,11,1.0,7.0,2.700813343538282e-16,True,2.700813343538282e-16
E1,MO-lex,12,0.0,7.0,2.700813343538282e-16,True,2.043428099927965e-16
E1,MO-lex,12,0.01,7.0,2.700813343538282e-16,True,2.043428099927965e-16
E1,MO-lex,12,0.02,7.0,2.700813343538282e-16,True,2.043428099927965e-16
E1,MO-lex,12,0.05,7.0,2.700813343538282e-16,True,2.043428099927965e-16
E1,MO-lex,12,0.1,7.0,2.700813343538282e-16,True,2.043428099927965e-16
E1,MO-lex,12,0.2,7.0,2.700813343538282e-16,True,2.043428099927965e-16
E1,MO-lex,12,0.5,7.0,2.700813343538282e-16,True,2.043428099927965e-16
E1,MO-lex,12,1.0,7.0,2.700813343538282e-16,True,2.043428099927965e-16
E1,MO-lex,13,0.0,7.0,2.700813343538282e-16,True,2.700813343538282e-16
E1,MO-lex,13,0.01,7.0,2.700813343538282e-16,True,2.700813343538282e-16
E1,MO-lex,13,0.02,7.0,2.700813343538282e-16,True,2.700813343538282e-16
E1,MO-lex,13,0.05,7.0,2.700813343538282e-16,True,2.700813343538282e-16
E1,MO-lex,13,0.1,7.0,2.700813343538282e-16,True,2.700813343538282e-16
E1,MO-lex,13,0.2,7.0,2.700813343538282e-16,True,2.700813343538282e-16
E1,MO-lex,13,0.5,7.0,2.700813343538282e-16,True,2.700813343538282e-16
E1,MO-lex,13,1.0,7.0,2.700813343538282e-16,True,2.700813343538282e-16
E1,MO-lex,14,0.0,7.0,2.700813343538282e-16,True,2.3458695068017613e-16
E1,MO-lex,14,0.01,7.0,2.700813343538282e-16,True,2.3458695068017613e-16
E1,MO-lex,14,0.02,7.0,2.700813343538282e-16,True,2.3458695068017613e-16
E1,MO-lex,14,0.05,7.0,2.700813343538282e-16,True,2.3458695068017613e-16
E1,MO-lex,14,0.1,7.0,2.700813343538282e-16,True,2.3458695068017613e-16
E1,MO-lex,14,0.2,7.0,2.700813343538282e-16,True,2.3458695068017613e-16
E1,MO-lex,14,0.5,7.0,2.700813343538282e-16,True,2.3458695068017613e-16
E1,MO-lex,14,1.0,7.0,2.700813343538282e-16,True,2.3458695068017613e-16
E1,MO-lex,15,0.0,7.0,3.25075120964195e-16,True,2.7227928526362325e-16
E1,MO-lex,15,0.01,7.0,3.25075120964195e-16,True,2.7227928526362325e-16
E1,MO-lex,15,0.02,7.0,3.25075120964195e-16,True,2.7227928526362325e-16
E1,MO-lex,15,0.05,7.0,3.25075120964195e-16,True,2.7227928526362325e-16
E1,MO-lex,15,0.1,7.0,3.25075120964195e-16,True,2.7227928526362325e-16
E1,MO-lex,15,0.2,7.0,3.25075120964195e-16,True,2.7227928526362325e-16
E1,MO-lex,15,0.5,7.0,3.25075120964195e-16,True,2.7227928526362325e-16
E1,MO-lex,15,1.0,7.0,3.25075120964195e-16,True,2.7227928526362325e-16
E1,MO-lex,16,0.0,7.0,2.700813343538282e-16,True,2.3458695068017613e-16
E1,MO-lex,16,0.01,7.0,2.700813343538282e-16,True,2.3458695068017613e-16
E1,MO-lex,16,0.02,7.0,2.700813343538282e-16,True,2.3458695068017613e-16
E1,MO-lex,16,0.05,7.0,2.700813343538282e-16,True,2.3458695068017613e-16
E1,MO-lex,16,0.1,7.0,2.700813343538282e-16,True,2.3458695068017613e-16
E1,MO-lex,16,0.2,7.0,2.700813343538282e-16,True,2.3458695068017613e-16
E1,MO-lex,16,0.5,7.0,2.700813343538282e-16,True,2.3458695068017613e-16
E1,MO-lex,16,1.0,7.0,2.700813343538282e-16,True,2.3458695068017613e-16
E1,MO-lex,17,0.0,7.0,3.3132865428115775e-16,True,3.3132865428115775e-16
E1,MO-lex,17,0.01,7.0,3.3132865428115775e-16,True,3.3132865428115775e-16
E1,MO-lex,17,0.02,7.0,3.3132865428115775e-16,True,3.3132865428115775e-16
E1,MO-lex,17,0.05,7.0,3.3132865428115775e-16,True,3.3132865428115775e-16
E1,MO-lex,17,0.1,7.0,3.3132865428115775e-16,True,3.3132865428115775e-16
E1,MO-lex,17,0.2,7.0,3.3132865428115775e-16,True,3.3132865428115775e-16
E1,MO-lex,17,0.5,7.0,3.3132865428115775e-16,True,3.3132865428115775e-16
E1,MO-lex,17,1.0,7.0,3.3132865428115775e-16,True,3.3132865428115775e-16
E1,MO-lex,18,0.0,7.0,6.156117865385776e-16,True,2.4149382677767686e-16
E1,MO-lex,18,0.01,7.0,6.156117865385776e-16,True,2.4149382677767686e-16
E1,MO-lex,18,0.02,7.0,6.156117865385776e-16,True,2.4149382677767686e-16
E1,MO-lex,18,0.05,7.0,6.156117865385776e-16,True,2.4149382677767686e-16
E1,MO-lex,18,0.1,7.0,6.156117865385776e-16,True,2.4149382677767686e-16
E1,MO-lex,18,0.2,7.0,6.156117865385776e-16,True,2.4149382677767686e-16
E1,MO-lex,18,0.5,7.0,6.156117865385776e-16,True,2.4149382677767686e-16
E1,MO-lex,18,1.0,7.0,6.156117865385776e-16,True,2.4149382677767686e-16
E1,MO-lex,19,0.0,7.0,2.700813343538282e-16,True,2.700813343538282e-16
E1,MO-lex,19,0.01,7.0,2.700813343538282e-16,True,2.700813343538282e-16
E1,MO-lex,19,0.02,7.0,2.700813343538282e-16,True,2.700813343538282e-16
E1,MO-lex,19,0.05,7.0,2.700813343538282e-16,True,2.700813343538282e-16
E1,MO-lex,19,0.1,7.0,2.700813343538282e-16,True,2.700813343538282e-16
E1,MO-lex,19,0.2,7.0,2.700813343538282e-16,True,2.700813343538282e-16
E1,MO-lex,19,0.5,7.0,2.700813343538282e-16,True,2.700813343538282e-16
E1,MO-lex,19,1.0,7.0,2.700813343538282e-16,True,2.700813343538282e-16
E1,MO-lex,20,0.0,7.0,2.700813343538282e-16,True,2.700813343538282e-16
E1,MO-lex,20,0.01,7.0,2.700813343538282e-16,True,2.700813343538282e-16
E1,MO-lex,20,0.02,7.0,2.700813343538282e-16,True,2.700813343538282e-16
E1,MO-lex,20,0.05,7.0,2.700813343538282e-16,True,2.700813343538282e-16
E1,MO-lex,20,0.1,7.0,2.700813343538282e-16,True,2.700813343538282e-16
E1,MO-lex,20,0.2,7.0,2.700813343538282e-16,True,2.700813343538282e-16
E1,MO-lex,20,0.5,7.0,2.700813343538282e-16,True,2.700813343538282e-16
E1,MO-lex,20,1.0,7.0,2.700813343538282e-16,True,2.700813343538282e-16
E1,MO-lex,21,0.0,7.0,3.25075120964195e-16,True,3.048215388922267e-16
E1,MO-lex,21,0.01,7.0,3.25075120964195e-16,True,3.048215388922267e-16
E1,MO-lex,21,0.02,7.0,3.25075120964195e-16,True,3.048215388922267e-16
E1,MO-lex,21,0.05,7.0,3.25075120964195e-16,True,3.048215388922267e-16
E1,MO-lex,21,0.1,7.0,3.25075120964195e-16,True,3.048215388922267e-16
E1,MO-lex,21,0.2,7.0,3.25075120964195e-16,True,3.048215388922267e-16
E1,MO-lex,21,0.5,7.0,3.25075120964195e-16,True,3.048215388922267e-16
E1,MO-lex,21,1.0,7.0,3.25075120964195e-16,True,3.048215388922267e-16
E1,MO-lex,22,0.0,7.0,3.25075120964195e-16,True,2.746656849876153e-16
E1,MO-lex,22,0.01,7.0,3.25075120964195e-16,True,2.746656849876153e-16
E1,MO-lex,22,0.02,7.0,3.25075120964195e-16,True,2.746656849876153e-16
E1,MO-lex,22,0.05,7.0,3.25075120964195e-16,True,2.746656849876153e-16
E1,MO-lex,22,0.1,7.0,3.25075120964195e-16,True,2.746656849876153e-16
E1,MO-lex,22,0.2,7.0,3.25075120964195e-16,True,2.746656849876153e-16
E1,MO-lex,22,0.5,7.0,3.25075120964195e-16,True,2.746656849876153e-16
E1,MO-lex,22,1.0,7.0,3.25075120964195e-16,True,2.746656849876153e-16
E1,MO-lex,23,0.0,7.0,7.495765931930908e-16,True,2.4491431876450457e-16
E1,MO-lex,23,0.01,7.0,7.495765931930908e-16,True,2.4491431876450457e-16
E1,MO-lex,23,0.02,7.0,7.495765931930908e-16,True,2.4491431876450457e-16
E1,MO-lex,23,0.05,7.0,7.495765931930908e-16,True,2.4491431876450457e-16
E1,MO-lex,23,0.1,7.0,7.495765931930908e-16,True,2.4491431876450457e-16
E1,MO-lex,23,0.2,7.0,7.495765931930908e-16,True,2.4491431876450457e-16
E1,MO-lex,23,0.5,7.0,7.495765931930908e-16,True,2.4491431876450457e-16
E1,MO-lex,23,1.0,7.0,7.495765931930908e-16,True,2.4491431876450457e-16
E1,MO-lex,24,0.0,7.0,2.700813343538282e-16,True,2.1087021151122103e-16
E1,MO-lex,24,0.01,7.0,2.700813343538282e-16,True,2.1087021151122103e-16
E1,MO-lex,24,0.02,7.0,2.700813343538282e-16,True,2.1087021151122103e-16
E1,MO-lex,24,0.05,7.0,2.700813343538282e-16,True,2.1087021151122103e-16
E1,MO-lex,24,0.1,7.0,2.700813343538282e-16,True,2.1087021151122103e-16
E1,MO-lex,24,0.2,7.0,2.700813343538282e-16,True,2.1087021151122103e-16
E1,MO-lex,24,0.5,7.0,2.700813343538282e-16,True,2.1087021151122103e-16
E1,MO-lex,24,1.0,7.0,2.700813343538282e-16,True,2.1087021151122103e-16
E1,MO-lex,25,0.0,7.0,2.700813343538282e-16,True,2.4491431876450457e-16
E1,MO-lex,25,0.01,7.0,2.700813343538282e-16,True,2.4491431876450457e-16
E1,MO-lex,25,0.02,7.0,2.700813343538282e-16,True,2.4491431876450457e-16
E1,MO-lex,25,0.05,7.0,2.700813343538282e-16,True,2.4491431876450457e-16
E1,MO-lex,25,0.1,7.0,2.700813343538282e-16,True,2.4491431876450457e-16
E1,MO-lex,25,0.2,7.0,2.700813343538282e-16,True,2.4491431876450457e-16
E1,MO-lex,25,0.5,7.0,2.700813343538282e-16,True,2.4491431876450457e-16
E1,MO-lex,25,1.0,7.0,2.700813343538282e-16,True,2.4491431876450457e-16
E1,MO-lex,26,0.0,7.0,2.700813343538282e-16,True,2.3458695068017613e-16
E1,MO-lex,26,0.01,7.0,2.700813343538282e-16,True,2.3458695068017613e-16
E1,MO-lex,26,0.02,7.0,2.700813343538282e-16,True,2.3458695068017613e-16
E1,MO-lex,26,0.05,7.0,2.700813343538282e-16,True,2.3458695068017613e-16
E1,MO-lex,26,0.1,7.0,2.700813343538282e-16,True,2.3458695068017613e-16
E1,MO-lex,26,0.2,7.0,2.700813343538282e-16,True,2.3458695068017613e-16
E1,MO-lex,26,0.5,7.0,2.700813343538282e-16,True,2.3458695068017613e-16
E1,MO-lex,26,1.0,7.0,2.700813343538282e-16,True,2.3458695068017613e-16
E1,MO-lex,27,0.0,7.0,2.700813343538282e-16,True,2.3458695068017613e-16
E1,MO-lex,27,0.01,7.0,2.700813343538282e-16,True,2.3458695068017613e-16
E1,MO-lex,27,0.02,7.0,2.700813343538282e-16,True,2.3458695068017613e-16
E1,MO-lex,27,0.05,7.0,2.700813343538282e-16,True,2.3458695068017613e-16
E1,MO-lex,27,0.1,7.0,2.700813343538282e-16,True,2.3458695068017613e-16
E1,MO-lex,27,0.2,7.0,2.700813343538282e-16,True,2.3458695068017613e-16
E1,MO-lex,27,0.5,7.0,2.700813343538282e-16,True,2.3458695068017613e-16
E1,MO-lex,27,1.0,7.0,2.700813343538282e-16,True,2.3458695068017613e-16
E1,MO-lex,28,0.0,7.0,5.369700045505021e-16,True,2.3458695068017613e-16
E1,MO-lex,28,0.01,7.0,5.369700045505021e-16,True,2.3458695068017613e-16
E1,MO-lex,28,0.02,7.0,5.369700045505021e-16,True,2.3458695068017613e-16
E1,MO-lex,28,0.05,7.0,5.369700045505021e-16,True,2.3458695068017613e-16
E1,MO-lex,28,0.1,7.0,5.369700045505021e-16,True,2.3458695068017613e-16
E1,MO-lex,28,0.2,7.0,5.369700045505021e-16,True,2.3458695068017613e-16
E1,MO-lex,28,0.5,7.0,5.369700045505021e-16,True,2.3458695068017613e-16
E1,MO-lex,28,1.0,7.0,5.369700045505021e-16,True,2.3458695068017613e-16
E1,MO-lex,29,0.0,7.0,2.700813343538282e-16,True,2.3458695068017613e-16
E1,MO-lex,29,0.01,7.0,2.700813343538282e-16,True,2.3458695068017613e-16
E1,MO-lex,29,0.02,7.0,2.700813343538282e-16,True,2.3458695068017613e-16
E1,MO-lex,29,0.05,7.0,2.700813343538282e-16,True,2.3458695068017613e-16
E1,MO-lex,29,0.1,7.0,2.700813343538282e-16,True,2.3458695068017613e-16
E1,MO-lex,29,0.2,7.0,2.700813343538282e-16,True,2.3458695068017613e-16
E1,MO-lex,29,0.5,7.0,2.700813343538282e-16,True,2.3458695068017613e-16
E1,MO-lex,29,1.0,7.0,2.700813343538282e-16,True,2.3458695068017613e-16
E1,SO,0,0.0,9.0,2.821447395164707e-16,True,2.821447395164707e-16
E1,SO,0,0.01,9.0,2.821447395164707e-16,True,2.821447395164707e-16
E1,SO,0,0.02,9.0,2.821447395164707e-16,True,2.821447395164707e-16
E1,SO,0,0.05,9.0,2.821447395164707e-16,True,2.821447395164707e-16
E1,SO,0,0.1,9.0,2.821447395164707e-16,True,2.821447395164707e-16
E1,SO,0,0.2,9.0,2.821447395164707e-16,True,2.821447395164707e-16
E1,SO,0,0.5,9.0,2.821447395164707e-16,True,2.821447395164707e-16
E1,SO,0,1.0,9.0,2.821447395164707e-16,True,2.821447395164707e-16
E1,SO,1,0.0,11.0,3.207588230161238e-16,True,3.207588230161238e-16
E1,SO,1,0.01,11.0,3.207588230161238e-16,True,3.207588230161238e-16
E1,SO,1,0.02,11.0,3.207588230161238e-16,True,3.207588230161238e-16
E1,SO,1,0.05,11.0,3.207588230161238e-16,True,3.207588230161238e-16
E1,SO,1,0.1,11.0,3.207588230161238e-16,True,3.207588230161238e-16
E1,SO,1,0.2,11.0,3.207588230161238e-16,True,3.207588230161238e-16
E1,SO,1,0.5,11.0,3.207588230161238e-16,True,3.207588230161238e-16
E1,SO,1,1.0,11.0,3.207588230161238e-16,True,3.207588230161238e-16
E1,SO,2,0.0,10.0,2.1438683212081093e-16,True,2.1438683212081093e-16
E1,SO,2,0.01,10.0,2.1438683212081093e-16,True,2.1438683212081093e-16
E1,SO,2,0.02,10.0,2.1438683212081093e-16,True,2.1438683212081093e-16
E1,SO,2,0.05,10.0,2.1438683212081093e-16,True,2.1438683212081093e-16
E1,SO,2,0.1,10.0,2.1438683212081093e-16,True,2.1438683212081093e-16
E1,SO,2,0.2,10.0,2.1438683212081093e-16,True,2.1438683212081093e-16
E1,SO,2,0.5,10.0,2.1438683212081093e-16,True,2.1438683212081093e-16
E1,SO,2,1.0,10.0,2.1438683212081093e-16,True,2.1438683212081093e-16
E1,SO,3,0.0,14.0,2.8354989479731118e-16,True,2.8354989479731118e-16
E1,SO,3,0.01,14.0,2.8354989479731118e-16,True,2.8354989479731118e-16
E1,SO,3,0.02,14.0,2.8354989479731118e-16,True,2.8354989479731118e-16
E1,SO,3,0.05,14.0,2.8354989479731118e-16,True,2.8354989479731118e-16
E1,SO,3,0.1,14.0,2.8354989479731118e-16,True,2.8354989479731118e-16
E1,SO,3,0.2,14.0,2.8354989479731118e-16,True,2.8354989479731118e-16
E1,SO,3,0.5,14.0,2.8354989479731118e-16,True,2.8354989479731118e-16
E1,SO,3,1.0,14.0,2.8354989479731118e-16,True,2.8354989479731118e-16
E1,SO,4,0.0,9.0,2.6508865607196936e-16,True,2.6508865607196936e-16
E1,SO,4,0.01,9.0,2.6508865607196936e-16,True,2.6508865607196936e-16
E1,SO,4,0.02,9.0,2.6508865607196936e-16,True,2.6508865607196936e-16
E1,SO,4,0.05,9.0,2.6508865607196936e-16,True,2.6508865607196936e-16
E1,SO,4,0.1,9.0,2.6508865607196936e-16,True,2.6508865607196936e-16
E1,SO,4,0.2,9.0,2.6508865607196936e-16,True,2.6508865607196936e-16
E1,SO,4,0.5,9.0,2.6508865607196936e-16,True,2.6508865607196936e-16
E1,SO,4,1.0,9.0,2.6508865607196936e-16,True,2.6508865607196936e-16
E1,SO,5,0.0,11.0,2.4491431876450457e-16,True,2.4491431876450457e-16
E1,SO,5,0.01,11.0,2.4491431876450457e-16,True,2.4491431876450457e-16
E1,SO,5,0.02,11.0,2.4491431876450457e-16,True,2.4491431876450457e-16
E1,SO,5,0.05,11.0,2.4491431876450457e-16,True,2.4491431876450457e-16
E1,SO,5,0.1,11.0,2.4491431876450457e-16,True,2.4491431876450457e-16
E1,SO,5,0.2,11.0,2.4491431876450457e-16,True,2.4491431876450457e-16
E1,SO,5,0.5,11.0,2.4491431876450457e-16,True,2.4491431876450457e-16
E1,SO,5,1.0,11.0,2.4491431876450457e-16,True,2.4491431876450457e-16
E1,SO,6,0.0,7.0,2.700813343538282e-16,True,2.700813343538282e-16
E1,SO,6,0.01,7.0,2.700813343538282e-16,True,2.700813343538282e-16
E1,SO,6,0.02,7.0,2.700813343538282e-16,True,2.700813343538282e-16
E1,SO,6,0.05,7.0,2.700813343538282e-16,True,2.700813343538282e-16
E1,SO,6,0.1,7.0,2.700813343538282e-16,True,2.700813343538282e-16
E1,SO,6,0.2,7.0,2.700813343538282e-16,True,2.700813343538282e-16
E1,SO,6,0.5,7.0,2.700813343538282e-16,True,2.700813343538282e-16
E1,SO,6,1.0,7.0,2.700813343538282e-16,True,2.700813343538282e-16
E1,SO,7,0.0,9.0,3.785052985690101e-16,True,3.785052985690101e-16
E1,SO,7,0.01,9.0,3.785052985690101e-16,True,3.785052985690101e-16
E1,SO,7,0.02,9.0,3.785052985690101e-16,True,3.785052985690101e-16
E1,SO,7,0.05,9.0,3.785052985690101e-16,True,3.785052985690101e-16
E1,SO,7,0.1,9.0,3.785052985690101e-16,True,3.785052985690101e-16
E1,SO,7,0.2,9.0,3.785052985690101e-16,True,3.785052985690101e-16
E1,SO,7,0.5,9.0,3.785052985690101e-16,True,3.785052985690101e-16
E1,SO,7,1.0,9.0,3.785052985690101e-16,True,3.785052985690101e-16
E1,SO,8,0.0,13.0,2.582002893023232e-16,True,2.582002893023232e-16
E1,SO,8,0.01,13.0,2.582002893023232e-16,True,2.582002893023232e-16
E1,SO,8,0.02,13.0,2.582002893023232e-16,True,2.582002893023232e-16
E1,SO,8,0.05,13.0,2.582002893023232e-16,True,2.582002893023232e-16
E1,SO,8,0.1,13.0,2.582002893023232e-16,True,2.582002893023232e-16
E1,SO,8,0.2,13.0,2.582002893023232e-16,True,2.582002893023232e-16
E1,SO,8,0.5,13.0,2.582002893023232e-16,True,2.582002893023232e-16
E1,SO,8,1.0,13.0,2.582002893023232e-16,True,2.582002893023232e-16
E1,SO,9,0.0,7.0,2.700813343538282e-16,True,2.700813343538282e-16
E1,SO,9,0.01,7.0,2.700813343538282e-16,True,2.700813343538282e-16
E1,SO,9,0.02,7.0,2.700813343538282e-16,True,2.700813343538282e-16
E1,SO,9,0.05,7.0,2.700813343538282e-16,True,2.700813343538282e-16
E1,SO,9,0.1,7.0,2.700813343538282e-16,True,2.700813343538282e-16
E1,SO,9,0.2,7.0,2.700813343538282e-16,True,2.700813343538282e-16
E1,SO,9,0.5,7.0,2.700813343538282e-16,True,2.700813343538282e-16
E1,SO,9,1.0,7.0,2.700813343538282e-16,True,2.700813343538282e-16
E1,SO,10,0.0,7.0,2.700813343538282e-16,True,2.700813343538282e-16
E1,SO,10,0.01,7.0,2.700813343538282e-16,True,2.700813343538282e-16
E1,SO,10,0.02,7.0,2.700813343538282e-16,True,2.700813343538282e-16
E1,SO,10,0.05,7.0,2.700813343538282e-16,True,2.700813343538282e-16
E1,SO,10,0.1,7.0,2.700813343538282e-16,True,2.700813343538282e-16
E1,SO,10,0.2,7.0,2.700813343538282e-16,True,2.700813343538282e-16
E1,SO,10,0.5,7.0,2.700813343538282e-16,True,2.700813343538282e-16
E1,SO,10,1.0,7.0,2.700813343538282e-16,True,2.700813343538282e-16
E1,SO,11,0.0,7.0,2.700813343538282e-16,True,2.700813343538282e-16
E1,SO,11,0.01,7.0,2.700813343538282e-16,True,2.700813343538282e-16
E1,SO,11,0.02,7.0,2.700813343538282e-16,True,2.700813343538282e-16
E1,SO,11,0.05,7.0,2.700813343538282e-16,True,2.700813343538282e-16
E1,SO,11,0.1,7.0,2.700813343538282e-16,True,2.700813343538282e-16
E1,SO,11,0.2,7.0,2.700813343538282e-16,True,2.700813343538282e-16
E1,SO,11,0.5,7.0,2.700813343538282e-16,True,2.700813343538282e-16
E1,SO,11,1.0,7.0,2.700813343538282e-16,True,2.700813343538282e-16
E1,SO,12,0.0,11.0,2.043428099927965e-16,True,2.043428099927965e-16
E1,SO,12,0.01,11.0,2.043428099927965e-16,True,2.043428099927965e-16
E1,SO,12,0.02,11.0,2.043428099927965e-16,True,2.043428099927965e-16
E1,SO,12,0.05,11.0,2.043428099927965e-16,True,2.043428099927965e-16
E1,SO,12,0.1,11.0,2.043428099927965e-16,True,2.043428099927965e-16
E1,SO,12,0.2,11.0,2.043428099927965e-16,True,2.043428099927965e-16
E1,SO,12,0.5,11.0,2.043428099927965e-16,True,2.043428099927965e-16
E1,SO,12,1.0,11.0,2.043428099927965e-16,True,2.043428099927965e-16
E1,SO,13,0.0,7.0,2.700813343538282e-16,True,2.700813343538282e-16
E1,SO,13,0.01,7.0,2.700813343538282e-16,True,2.700813343538282e-16
E1,SO,13,0.02,7.0,2.700813343538282e-16,True,2.700813343538282e-16
E1,SO,13,0.05,7.0,2.700813343538282e-16,True,2.700813343538282e-16
E1,SO,13,0.1,7.0,2.700813343538282e-16,True,2.700813343538282e-16
E1,SO,13,0.2,7.0,2.700813343538282e-16,True,2.700813343538282e-16
E1,SO,13,0.5,7.0,2.700813343538282e-16,True,2.700813343538282e-16
E1,SO,13,1.0,7.0,2.700813343538282e-16,True,2.700813343538282e-16
E1,SO,14,0.0,9.0,2.3458695068017613e-16,True,2.3458695068017613e-16
E1,SO,14,0.01,9.0,2.3458695068017613e-16,True,2.3458695068017613e-16
E1,SO,14,0.02,9.0,2.3458695068017613e-16,True,2.3458695068017613e-16
E1,SO,14,0.05,9.0,2.3458695068017613e-16,True,2.3458695068017613e-16
E1,SO,14,0.1,9.0,2.3458695068017613e-16,True,2.3458695068017613e-16
E1,SO,14,0.2,9.0,2.3458695068017613e-16,True,2.3458695068017613e-16
E1,SO,14,0.5,9.0,2.3458695068017613e-16,True,2.3458695068017613e-16
E1,SO,14,1.0,9.0,2.3458695068017613e-16,True,2.3458695068017613e-16
E1,SO,15,0.0,9.0,2.7227928526362325e-16,True,2.7227928526362325e-16
E1,SO,15,0.01,9.0,2.7227928526362325e-16,True,2.7227928526362325e-16
E1,SO,15,0.02,9.0,2.7227928526362325e-16,True,2.7227928526362325e-16
E1,SO,15,0.05,9.0,2.7227928526362325e-16,True,2.7227928526362325e-16
E1,SO,15,0.1,9.0,2.7227928526362325e-16,True,2.7227928526362325e-16
E1,SO,15,0.2,9.0,2.7227928526362325e-16,True,2.7227928526362325e-16
E1,SO,15,0.5,9.0,2.7227928526362325e-16,True,2.7227928526362325e-16
E1,SO,15,1.0,9.0,2.7227928526362325e-16,True,2.7227928526362325e-16
E1,SO,16,0.0,9.0,2.3458695068017613e-16,True,2.3458695068017613e-16
E1,SO,16,0.01,9.0,2.3458695068017613e-16,True,2.3458695068017613e-16
E1,SO,16,0.02,9.0,2.3458695068017613e-16,True,2.3458695068017613e-16
E1,SO,16,0.05,9.0,2.3458695068017613e-16,True,2.3458695068017613e-16
E1,SO,16,0.1,9.0,2.3458695068017613e-16,True,2.3458695068017613e-16
E1,SO,16,0.2,9.0,2.3458695068017613e-16,True,2.3458695068017613e-16
E1,SO,16,0.5,9.0,2.3458695068017613e-16,True,2.3458695068017613e-16
E1,SO,16,1.0,9.0,2.3458695068017613e-16,True,2.3458695068017613e-16
E1,SO,17,0.0,9.0,3.323602781771804e-16,True,3.323602781771804e-16
E1,SO,17,0.01,9.0,3.323602781771804e-16,True,3.323602781771804e-16
E1,SO,17,0.02,9.0,3.323602781771804e-16,True,3.323602781771804e-16
E1,SO,17,0.05,9.0,3.323602781771804e-16,True,3.323602781771804e-16
E1,SO,17,0.1,9.0,3.323602781771804e-16,True,3.323602781771804e-16
E1,SO,17,0.2,9.0,3.323602781771804e-16,True,3.323602781771804e-16
E1,SO,17,0.5,9.0,3.323602781771804e-16,True,3.323602781771804e-16
E1,SO,17,1.0,9.0,3.323602781771804e-16,True,3.323602781771804e-16
E1,SO,18,0.0,10.0,2.4149382677767686e-16,True,2.4149382677767686e-16
E1,SO,18,0.01,10.0,2.4149382677767686e-16,True,2.4149382677767686e-16
E1,SO,18,0.02,10.0,2.4149382677767686e-16,True,2.4149382677767686e-16
E1,SO,18,0.05,10.0,2.4149382677767686e-16,True,2.4149382677767686e-16
E1,SO,18,0.1,10.0,2.4149382677767686e-16,True,2.4149382677767686e-16
E1,SO,18,0.2,10.0,2.4149382677767686e-16,True,2.4149382677767686e-16
E1,SO,18,0.5,10.0,2.4149382677767686e-16,True,2.4149382677767686e-16
E1,SO,18,1.0,10.0,2.4149382677767686e-16,True,2.4149382677767686e-16
E1,SO,19,0.0,7.0,2.700813343538282e-16,True,2.700813343538282e-16
E1,SO,19,0.01,7.0,2.700813343538282e-16,True,2.700813343538282e-16
E1,SO,19,0.02,7.0,2.700813343538282e-16,True,2.700813343538282e-16
E1,SO,19,0.05,7.0,2.700813343538282e-16,True,2.700813343538282e-16
E1,SO,19,0.1,7.0,2.700813343538282e-16,True,2.700813343538282e-16
E1,SO,19,0.2,7.0,2.700813343538282e-16,True,2.700813343538282e-16
E1,SO,19,0.5,7.0,2.700813343538282e-16,True,2.700813343538282e-16
E1,SO,19,1.0,7.0,2.700813343538282e-16,True,2.700813343538282e-16
E1,SO,20,0.0,7.0,2.700813343538282e-16,True,2.700813343538282e-16
E1,SO,20,0.01,7.0,2.700813343538282e-16,True,2.700813343538282e-16
E1,SO,20,0.02,7.0,2.700813343538282e-16,True,2.700813343538282e-16
E1,SO,20,0.05,7.0,2.700813343538282e-16,True,2.700813343538282e-16
E1,SO,20,0.1,7.0,2.700813343538282e-16,True,2.700813343538282e-16
E1,SO,20,0.2,7.0,2.700813343538282e-16,True,2.700813343538282e-16
E1,SO,20,0.5,7.0,2.700813343538282e-16,True,2.700813343538282e-16
E1,SO,20,1.0,7.0,2.700813343538282e-16,True,2.700813343538282e-16
E1,SO,21,0.0,11.0,3.048215388922267e-16,True,3.048215388922267e-16
E1,SO,21,0.01,11.0,3.048215388922267e-16,True,3.048215388922267e-16
E1,SO,21,0.02,11.0,3.048215388922267e-16,True,3.048215388922267e-16
E1,SO,21,0.05,11.0,3.048215388922267e-16,True,3.048215388922267e-16
E1,SO,21,0.1,11.0,3.048215388922267e-16,True,3.048215388922267e-16
E1,SO,21,0.2,11.0,3.048215388922267e-16,True,3.048215388922267e-16
E1,SO,21,0.5,11.0,3.048215388922267e-16,True,3.048215388922267e-16
E1,SO,21,1.0,11.0,3.048215388922267e-16,True,3.048215388922267e-16
E1,SO,22,0.0,11.0,3.260402014746928e-16,True,3.260402014746928e-16
E1,SO,22,0.01,11.0,3.260402014746928e-16,True,3.260402014746928e-16
E1,SO,22,0.02,11.0,3.260402014746928e-16,True,3.260402014746928e-16
E1,SO,22,0.05,11.0,3.260402014746928e-16,True,3.260402014746928e-16
E1,SO,22,0.1,11.0,3.260402014746928e-16,True,3.260402014746928e-16
E1,SO,22,0.2,11.0,3.260402014746928e-16,True,3.260402014746928e-16
E1,SO,22,0.5,11.0,3.260402014746928e-16,True,3.260402014746928e-16
E1,SO,22,1.0,11.0,3.260402014746928e-16,True,3.260402014746928e-16
E1,SO,23,0.0,14.0,2.540337108856375e-16,True,2.540337108856375e-16
E1,SO,23,0.01,14.0,2.540337108856375e-16,True,2.540337108856375e-16
E1,SO,23,0.02,14.0,2.540337108856375e-16,True,2.540337108856375e-16
E1,SO,23,0.05,14.0,2.540337108856375e-16,True,2.540337108856375e-16
E1,SO,23,0.1,14.0,2.540337108856375e-16,True,2.540337108856375e-16
E1,SO,23,0.2,14.0,2.540337108856375e-16,True,2.540337108856375e-16
E1,SO,23,0.5,14.0,2.540337108856375e-16,True,2.540337108856375e-16
E1,SO,23,1.0,14.0,2.540337108856375e-16,True,2.540337108856375e-16
E1,SO,24,0.0,9.0,2.1087021151122103e-16,True,2.1087021151122103e-16
E1,SO,24,0.01,9.0,2.1087021151122103e-16,True,2.1087021151122103e-16
E1,SO,24,0.02,9.0,2.1087021151122103e-16,True,2.1087021151122103e-16
E1,SO,24,0.05,9.0,2.1087021151122103e-16,True,2.1087021151122103e-16
E1,SO,24,0.1,9.0,2.1087021151122103e-16,True,2.1087021151122103e-16
E1,SO,24,0.2,9.0,2.1087021151122103e-16,True,2.1087021151122103e-16
E1,SO,24,0.5,9.0,2.1087021151122103e-16,True,2.1087021151122103e-16
E1,SO,24,1.0,9.0,2.1087021151122103e-16,True,2.1087021151122103e-16
E1,SO,25,0.0,11.0,2.4491431876450457e-16,True,2.4491431876450457e-16
E1,SO,25,0.01,11.0,2.4491431876450457e-16,True,2.4491431876450457e-16
E1,SO,25,0.02,11.0,2.4491431876450457e-16,True,2.4491431876450457e-16
E1,SO,25,0.05,11.0,2.4491431876450457e-16,True,2.4491431876450457e-16
E1,SO,25,0.1,11.0,2.4491431876450457e-16,True,2.4491431876450457e-16
E1,SO,25,0.2,11.0,2.4491431876450457e-16,True,2.4491431876450457e-16
E1,SO,25,0.5,11.0,2.4491431876450457e-16,True,2.4491431876450457e-16
E1,SO,25,1.0,11.0,2.4491431876450457e-16,True,2.4491431876450457e-16
E1,SO,26,0.0,9.0,2.3458695068017613e-16,True,2.3458695068017613e-16
E1,SO,26,0.01,9.0,2.3458695068017613e-16,True,2.3458695068017613e-16
E1,SO,26,0.02,9.0,2.3458695068017613e-16,True,2.3458695068017613e-16
E1,SO,26,0.05,9.0,2.3458695068017613e-16,True,2.3458695068017613e-16
E1,SO,26,0.1,9.0,2.3458695068017613e-16,True,2.3458695068017613e-16
E1,SO,26,0.2,9.0,2.3458695068017613e-16,True,2.3458695068017613e-16
E1,SO,26,0.5,9.0,2.3458695068017613e-16,True,2.3458695068017613e-16
E1,SO,26,1.0,9.0,2.3458695068017613e-16,True,2.3458695068017613e-16
E1,SO,27,0.0,9.0,2.3458695068017613e-16,True,2.3458695068017613e-16
E1,SO,27,0.01,9.0,2.3458695068017613e-16,True,2.3458695068017613e-16
E1,SO,27,0.02,9.0,2.3458695068017613e-16,True,2.3458695068017613e-16
E1,SO,27,0.05,9.0,2.3458695068017613e-16,True,2.3458695068017613e-16
E1,SO,27,0.1,9.0,2.3458695068017613e-16,True,2.3458695068017613e-16
E1,SO,27,0.2,9.0,2.3458695068017613e-16,True,2.3458695068017613e-16
E1,SO,27,0.5,9.0,2.3458695068017613e-16,True,2.3458695068017613e-16
E1,SO,27,1.0,9.0,2.3458695068017613e-16,True,2.3458695068017613e-16
E1,SO,28,0.0,9.0,2.3458695068017613e-16,True,2.3458695068017613e-16
E1,SO,28,0.01,9.0,2.3458695068017613e-16,True,2.3458695068017613e-16
E1,SO,28,0.02,9.0,2.3458695068017613e-16,True,2.3458695068017613e-16
E1,SO,28,0.05,9.0,2.3458695068017613e-16,True,2.3458695068017613e-16
E1,SO,28,0.1,9.0,2.3458695068017613e-16,True,2.3458695068017613e-16
E1,SO,28,0.2,9.0,2.3458695068017613e-16,True,2.3458695068017613e-16
E1,SO,28,0.5,9.0,2.3458695068017613e-16,True,2.3458695068017613e-16
E1,SO,28,1.0,9.0,2.3458695068017613e-16,True,2.3458695068017613e-16
E1,SO,29,0.0,9.0,2.3458695068017613e-16,True,2.3458695068017613e-16
E1,SO,29,0.01,9.0,2.3458695068017613e-16,True,2.3458695068017613e-16
E1,SO,29,0.02,9.0,2.3458695068017613e-16,True,2.3458695068017613e-16
E1,SO,29,0.05,9.0,2.3458695068017613e-16,True,2.3458695068017613e-16
E1,SO,29,0.1,9.0,2.3458695068017613e-16,True,2.3458695068017613e-16
E1,SO,29,0.2,9.0,2.3458695068017613e-16,True,2.3458695068017613e-16
E1,SO,29,0.5,9.0,2.3458695068017613e-16,True,2.3458695068017613e-16
E1,SO,29,1.0,9.0,2.3458695068017613e-16,True,2.3458695068017613e-16
E2,Green,0,0.0,12.0,0.027942879613123823,False,0.02789210935532731
E2,Green,0,0.01,11.0,0.028146894145160993,False,0.02789210935532731
E2,Green,0,0.02,9.0,0.028127236116949315,False,0.02789210935532731
E2,Green,0,0.05,9.0,0.028127236116949315,False,0.02789210935532731
E2,Green,0,0.1,9.0,0.028127236116949315,False,0.02789210935532731
E2,Green,0,0.2,7.0,0.02789210935532731,False,0.02789210935532731
E2,Green,0,0.5,7.0,0.02789210935532731,False,0.02789210935532731
E2,Green,0,1.0,7.0,0.02789210935532731,False,0.02789210935532731
E2,Green,1,0.0,12.0,0.027974296687295657,False,0.027974296687295657
E2,Green,1,0.01,10.0,0.028550657207611428,False,0.027974296687295657
E2,Green,1,0.02,9.0,0.028055878467765208,False,0.027974296687295657
E2,Green,1,0.05,7.0,0.028336231628892785,False,0.027974296687295657
E2,Green,1,0.1,7.0,0.028336231628892785,False,0.027974296687295657
E2,Green,1,0.2,7.0,0.028336231628892785,False,0.027974296687295657
E2,Green,1,0.5,7.0,0.028336231628892785,False,0.027974296687295657
E2,Green,1,1.0,7.0,0.028336231628892785,False,0.027974296687295657
E2,Green,2,0.0,12.0,0.028495472197663782,False,0.028055878467765187
E2,Green,2,0.01,10.0,0.028621296410020303,False,0.028055878467765187
E2,Green,2,0.02,9.0,0.028055878467765187,False,0.028055878467765187
E2,Green,2,0.05,7.0,0.02833623162889277,False,0.028055878467765187
E2,Green,2,0.1,7.0,0.02833623162889277,False,0.028055878467765187
E2,Green,2,0.2,7.0,0.02833623162889277,False,0.028055878467765187
E2,Green,2,0.5,7.0,0.02833623162889277,False,0.028055878467765187
E2,Green,2,1.0,7.0,0.02833623162889277,False,0.028055878467765187
E2,Green,3,0.0,12.0,0.028589567436890877,False,0.028055878467765253
E2,Green,3,0.01,10.0,0.028550657207611373,False,0.028055878467765253
E2,Green,3,0.02,9.0,0.028055878467765253,False,0.028055878467765253
E2,Green,3,0.05,7.0,0.028336231628892813,False,0.028055878467765253
E2,Green,3,0.1,7.0,0.028336231628892813,False,0.028055878467765253
E2,Green,3,0.2,7.0,0.028336231628892813,False,0.028055878467765253
E2,Green,3,0.5,7.0,0.028336231628892813,False,0.028055878467765253
E2,Green,3,1.0,7.0,0.028336231628892813,False,0.028055878467765253
E2,Green,4,0.0,12.0,0.027974296687295598,False,0.027974296687295598
E2,Green,4,0.01,10.0,0.028621296410020196,False,0.027974296687295598
E2,Green,4,0.02,9.0,0.028055878467765197,False,0.027974296687295598
E2,Green,4,0.05,7.0,0.02833623162889281,False,0.027974296687295598
E2,Green,4,0.1,7.0,0.02833623162889281,False,0.027974296687295598
E2,Green,4,0.2,7.0,0.02833623162889281,False,0.027974296687295598
E2,Green,4,0.5,7.0,0.02833623162889281,False,0.027974296687295598
E2,Green,4,1.0,7.0,0.02833623162889281,False,0.027974296687295598
E2,Green,5,0.0,12.0,0.027942879613123816,False,0.027942879613123816
E2,Green,5,0.01,11.0,0.028146894145160986,False,0.027942879613123816
E2,Green,5,0.02,9.0,0.02805587846776524,False,0.027942879613123816
E2,Green,5,0.05,7.0,0.0283362316288928,False,0.027942879613123816
E2,Green,5,0.1,7.0,0.0283362316288928,False,0.027942879613123816
E2,Green,5,0.2,7.0,0.0283362316288928,False,0.027942879613123816
E2,Green,5,0.5,7.0,0.0283362316288928,False,0.027942879613123816
E2,Green,5,1.0,7.0,0.0283362316288928,False,0.027942879613123816
E2,Green,6,0.0,12.0,0.027942879613123767,False,0.027942879613123767
E2,Green,6,0.01,11.0,0.028146894145160972,False,0.027942879613123767
E2,Green,6,0.02,9.0,0.02805587846776512,False,0.027942879613123767
E2,Green,6,0.05,7.0,0.028336231628892733,False,0.027942879613123767
E2,Green,6,0.1,7.0,0.028336231628892733,False,0.027942879613123767
E2,Green,6,0.2,7.0,0.028336231628892733,False,0.027942879613123767
E2,Green,6,0.5,7.0,0.028336231628892733,False,0.027942879613123767
E2,Green,6,1.0,7.0,0.028336231628892733,False,0.027942879613123767
E2,Green,7,0.0,12.0,0.027942879613123795,False,0.027942879613123795
E2,Green,7,0.01,10.0,0.02855065720761137,False,0.027942879613123795
E2,Green,7,0.02,9.0,0.02805587846776517,False,0.027942879613123795
E2,Green,7,0.05,7.0,0.02833623162889276,False,0.027942879613123795
E2,Green,7,0.1,7.0,0.02833623162889276,False,0.027942879613123795
E2,Green,7,0.2,7.0,0.02833623162889276,False,0.027942879613123795
E2,Green,7,0.5,7.0,0.02833623162889276,False,0.027942879613123795
E2,Green,7,1.0,7.0,0.02833623162889276,False,0.027942879613123795
E2,Green,8,0.0,12.0,0.02794252304881897,False,0.02794252304881897
E2,Green,8,0.01,11.0,0.028146894145160927,False,0.02794252304881897
E2,Green,8,0.02,9.0,0.02805587846776513,False,0.02794252304881897
E2,Green,8,0.05,7.0,0.028336231628892705,False,0.02794252304881897
E2,Green,8,0.1,7.0,0.028336231628892705,False,0.02794252304881897
E2,Green,8,0.2,7.0,0.028336231628892705,False,0.02794252304881897
E2,Green,8,0.5,7.0,0.028336231628892705,False,0.02794252304881897
E2,Green,8,1.0,7.0,0.028336231628892705,False,0.02794252304881897
E2,Green,9,0.0,12.0,0.028527888592509137,False,0.028055878467765222
E2,Green,9,0.01,11.0,0.028146894145160955,False,0.028055878467765222
E2,Green,9,0.02,9.0,0.028055878467765222,False,0.028055878467765222
E2,Green,9,0.05,7.0,0.0283362316288928,False,0.028055878467765222
E2,Green,9,0.1,7.0,0.0283362316288928,False,0.028055878467765222
E2,Green,9,0.2,7.0,0.0283362316288928,False,0.028055878467765222
E2,Green,9,0.5,7.0,0.0283362316288928,False,0.028055878467765222
E2,Green,9,1.0,7.0,0.0283362316288928,False,0.028055878467765222
E2,Green,10,0.0,12.0,0.028403812017344536,False,0.028055878467765194
E2,Green,10,0.01,10.0,0.028200454713256363,False,0.028055878467765194
E2,Green,10,0.02,9.0,0.028055878467765194,False,0.028055878467765194
E2,Green,10,0.05,7.0,0.028336231628892854,False,0.028055878467765194
E2,Green,10,0.1,7.0,0.028336231628892854,False,0.028055878467765194
E2,Green,10,0.2,7.0,0.028336231628892854,False,0.028055878467765194
E2,Green,10,0.5,7.0,0.028336231628892854,False,0.028055878467765194
E2,Green,10,1.0,7.0,0.028336231628892854,False,0.028055878467765194
E2,Green,11,0.0,12.0,0.027957597881117582,False,0.027957597881117582
E2,Green,11,0.01,10.0,0.028621296410020224,False,0.027957597881117582
E2,Green,11,0.02,9.0,0.028055878467765208,False,0.027957597881117582
E2,Green,11,0.05,7.0,0.02833623162889281,False,0.027957597881117582
E2,Green,11,0.1,7.0,0.02833623162889281,False,0.027957597881117582
E2,Green,11,0.2,7.0,0.02833623162889281,False,0.027957597881117582
E2,Green,11,0.5,7.0,0.02833623162889281,False,0.027957597881117582
E2,Green,11,1.0,7.0,0.02833623162889281,False,0.027957597881117582
E2,Green,12,0.0,12.0,0.027974296687295553,False,0.027974296687295553
E2,Green,12,0.01,10.0,0.028550657207611407,False,0.027974296687295553
E2,Green,12,0.02,9.0,0.02805587846776516,False,0.027974296687295553
E2,Green,12,0.05,7.0,0.028336231628892813,False,0.027974296687295553
E2,Green,12,0.1,7.0,0.028336231628892813,False,0.027974296687295553
E2,Green,12,0.2,7.0,0.028336231628892813,False,0.027974296687295553
E2,Green,12,0.5,7.0,0.028336231628892813,False,0.027974296687295553
E2,Green,12,1.0,7.0,0.028336231628892813,False,0.027974296687295553
E2,Green,13,0.0,12.0,0.02858956743689093,False,0.02805587846776521
E2,Green,13,0.01,10.0,0.02855065720761149,False,0.02805587846776521
E2,Green,13,0.02,9.0,0.02805587846776521,False,0.02805587846776521
E2,Green,13,0.05,7.0,0.02833623162889271,False,0.02805587846776521
E2,Green,13,0.1,7.0,0.02833623162889271,False,0.02805587846776521
E2,Green,13,0.2,7.0,0.02833623162889271,False,0.02805587846776521
E2,Green,13,0.5,7.0,0.02833623162889271,False,0.02805587846776521
E2,Green,13,1.0,7.0,0.02833623162889271,False,0.02805587846776521
E2,Green,14,0.0,12.0,0.027974296687295567,False,0.027974296687295567
E2,Green,14,0.01,10.0,0.02855065720761144,False,0.027974296687295567
E2,Green,14,0.02,9.0,0.02805587846776524,False,0.027974296687295567
E2,Green,14,0.05,7.0,0.02833623162889279,False,0.027974296687295567
E2,Green,14,0.1,7.0,0.02833623162889279,False,0.027974296687295567
E2,Green,14,0.2,7.0,0.02833623162889279,False,0.027974296687295567
E2,Green,14,0.5,7.0,0.02833623162889279,False,0.027974296687295567
E2,Green,14,1.0,7.0,0.02833623162889279,False,0.027974296687295567
E2,Green,15,0.0,12.0,0.02805130305778187,False,0.02805130305778187
E2,Green,15,0.01,9.0,0.02805587846776522,False,0.02805130305778187
E2,Green,15,0.02,9.0,0.02805587846776522,False,0.02805130305778187
E2,Green,15,0.05,7.0,0.028336231628892705,False,0.02805130305778187
E2,Green,15,0.1,7.0,0.028336231628892705,False,0.02805130305778187
E2,Green,15,0.2,7.0,0.028336231628892705,False,0.02805130305778187
E2,Green,15,0.5,7.0,0.028336231628892705,False,0.02805130305778187
E2,Green,15,1.0,7.0,0.028336231628892705,False,0.02805130305778187
E2,Green,16,0.0,12.0,0.027919355466620412,False,0.027919355466620412
E2,Green,16,0.01,10.0,0.02855065720761145,False,0.027919355466620412
E2,Green,16,0.02,9.0,0.02805587846776517,False,0.027919355466620412
E2,Green,16,0.05,7.0,0.02833623162889278,False,0.027919355466620412
E2,Green,16,0.1,7.0,0.02833623162889278,False,0.027919355466620412
E2,Green,16,0.2,7.0,0.02833623162889278,False,0.027919355466620412
E2,Green,16,0.5,7.0,0.02833623162889278,False,0.027919355466620412
E2,Green,16,1.0,5.0,0.04432358844334551,False,0.027919355466620412
E2,Green,17,0.0,12.0,0.028589567436890877,False,0.02805587846776524
E2,Green,17,0.01,10.0,0.028809424244161625,False,0.02805587846776524
E2,Green,17,0.02,9.0,0.02805587846776524,False,0.02805587846776524
E2,Green,17,0.05,7.0,0.028336231628892802,False,0.02805587846776524
E2,Green,17,0.1,7.0,0.028336231628892802,False,0.02805587846776524
E2,Green,17,0.2,7.0,0.028336231628892802,False,0.02805587846776524
E2,Green,17,0.5,7.0,0.028336231628892802,False,0.02805587846776524
E2,Green,17,1.0,7.0,0.028336231628892802,False,0.02805587846776524
E2,Green,18,0.0,12.0,0.028439045742316788,False,0.02805587846776524
E2,Green,18,0.01,10.0,0.028550657207611397,False,0.02805587846776524
E2,Green,18,0.02,9.0,0.02805587846776524,False,0.02805587846776524
E2,Green,18,0.05,7.0,0.0283362316288928,False,0.02805587846776524
E2,Green,18,0.1,7.0,0.0283362316288928,False,0.02805587846776524
E2,Green,18,0.2,7.0,0.0283362316288928,False,0.02805587846776524
E2,Green,18,0.5,7.0,0.0283362316288928,False,0.02805587846776524
E2,Green,18,1.0,7.0,0.0283362316288928,False,0.02805587846776524
E2,Green,19,0.0,12.0,0.02797429668729562,False,0.02797429668729562
E2,Green,19,0.01,10.0,0.028188444759945995,False,0.02797429668729562
E2,Green,19,0.02,9.0,0.028055878467765236,False,0.02797429668729562
E2,Green,19,0.05,7.0,0.028336231628892802,False,0.02797429668729562
E2,Green,19,0.1,7.0,0.028336231628892802,False,0.02797429668729562
E2,Green,19,0.2,7.0,0.028336231628892802,False,0.02797429668729562
E2,Green,19,0.5,7.0,0.028336231628892802,False,0.02797429668729562
E2,Green,19,1.0,7.0,0.028336231628892802,False,0.02797429668729562
E2,Green,20,0.0,12.0,0.028495472197663758,False,0.028055878467765208
E2,Green,20,0.01,10.0,0.028621296410020224,False,0.028055878467765208
E2,Green,20,0.02,9.0,0.028055878467765208,False,0.028055878467765208
E2,Green,20,0.05,7.0,0.028336231628892816,False,0.028055878467765208
E2,Green,20,0.1,7.0,0.028336231628892816,False,0.028055878467765208
E2,Green,20,0.2,7.0,0.028336231628892816,False,0.028055878467765208
E2,Green,20,0.5,7.0,0.028336231628892816,False,0.028055878467765208
E2,Green,20,1.0,7.0,0.028336231628892816,False,0.028055878467765208
E2,Green,21,0.0,12.0,0.02797429668729552,False,0.02797429668729552
E2,Green,21,0.01,10.0,0.02855065720761145,False,0.02797429668729552
E2,Green,21,0.02,9.0,0.028055878467765253,False,0.02797429668729552
E2,Green,21,0.05,7.0,0.028336231628892775,False,0.02797429668729552
E2,Green,21,0.1,7.0,0.028336231628892775,False,0.02797429668729552
E2,Green,21,0.2,7.0,0.028336231628892775,False,0.02797429668729552
E2,Green,21,0.5,7.0,0.028336231628892775,False,0.02797429668729552
E2,Green,21,1.0,7.0,0.028336231628892775,False,0.02797429668729552
E2,Green,22,0.0,12.0,0.027942879613123837,False,0.027942879613123837
E2,Green,22,0.01,11.0,0.028106803351275793,False,0.027942879613123837
E2,Green,22,0.02,9.0,0.028055878467765253,False,0.027942879613123837
E2,Green,22,0.05,7.0,0.02833623162889271,False,0.027942879613123837
E2,Green,22,0.1,7.0,0.02833623162889271,False,0.027942879613123837
E2,Green,22,0.2,7.0,0.02833623162889271,False,0.027942879613123837
E2,Green,22,0.5,7.0,0.02833623162889271,False,0.027942879613123837
E2,Green,22,1.0,7.0,0.02833623162889271,False,0.027942879613123837
E2,Green,23,0.0,12.0,0.02858956743689087,False,0.02805587846776518
E2,Green,23,0.01,10.0,0.028550657207611428,False,0.02805587846776518
E2,Green,23,0.02,9.0,0.02805587846776518,False,0.02805587846776518
E2,Green,23,0.05,7.0,0.02833623162889278,False,0.02805587846776518
E2,Green,23,0.1,7.0,0.02833623162889278,False,0.02805587846776518
E2,Green,23,0.2,7.0,0.02833623162889278,False,0.02805587846776518
E2,Green,23,0.5,7.0,0.02833623162889278,False,0.02805587846776518
E2,Green,23,1.0,7.0,0.02833623162889278,False,0.02805587846776518
E2,Green,24,0.0,12.0,0.027974296687295588,False,0.027974296687295588
E2,Green,24,0.01,10.0,0.028550657207611428,False,0.027974296687295588
E2,Green,24,0.02,9.0,0.02805587846776528,False,0.027974296687295588
E2,Green,24,0.05,7.0,0.02833623162889277,False,0.027974296687295588
E2,Green,24,0.1,7.0,0.02833623162889277,False,0.027974296687295588
E2,Green,24,0.2,7.0,0.02833623162889277,False,0.027974296687295588
E2,Green,24,0.5,7.0,0.02833623162889277,False,0.027974296687295588
E2,Green,24,1.0,7.0,0.02833623162889277,False,0.027974296687295588
E2,Green,25,0.0,12.0,0.027919355466620412,False,0.027919355466620412
E2,Green,25,0.01,10.0,0.028550657207611494,False,0.027919355466620412
E2,Green,25,0.02,9.0,0.028055878467765145,False,0.027919355466620412
E2,Green,25,0.05,7.0,0.028336231628892795,False,0.027919355466620412
E2,Green,25,0.1,7.0,0.028336231628892795,False,0.027919355466620412
E2,Green,25,0.2,7.0,0.028336231628892795,False,0.027919355466620412
E2,Green,25,0.5,7.0,0.028336231628892795,False,0.027919355466620412
E2,Green,25,1.0,7.0,0.028336231628892795,False,0.027919355466620412
E2,Green,26,0.0,12.0,0.0284954721976637,False,0.028055878467765173
E2,Green,26,0.01,10.0,0.028621296410020265,False,0.028055878467765173
E2,Green,26,0.02,9.0,0.028055878467765173,False,0.028055878467765173
E2,Green,26,0.05,7.0,0.028336231628892834,False,0.028055878467765173
E2,Green,26,0.1,7.0,0.028336231628892834,False,0.028055878467765173
E2,Green,26,0.2,7.0,0.028336231628892834,False,0.028055878467765173
E2,Green,26,0.5,7.0,0.028336231628892834,False,0.028055878467765173
E2,Green,26,1.0,7.0,0.028336231628892834,False,0.028055878467765173
E2,Green,27,0.0,12.0,0.028495472197663713,False,0.028055878467765295
E2,Green,27,0.01,10.0,0.028621296410020237,False,0.028055878467765295
E2,Green,27,0.02,9.0,0.028055878467765295,False,0.028055878467765295
E2,Green,27,0.05,7.0,0.028336231628892816,False,0.028055878467765295
E2,Green,27,0.1,7.0,0.028336231628892816,False,0.028055878467765295
E2,Green,27,0.2,7.0,0.028336231628892816,False,0.028055878467765295
E2,Green,27,0.5,7.0,0.028336231628892816,False,0.028055878467765295
E2,Green,27,1.0,7.0,0.028336231628892816,False,0.028055878467765295
E2,Green,28,0.0,12.0,0.02843904574231676,False,0.028055878467765253
E2,Green,28,0.01,10.0,0.028621296410020248,False,0.028055878467765253
E2,Green,28,0.02,9.0,0.028055878467765253,False,0.028055878467765253
E2,Green,28,0.05,7.0,0.028336231628892785,False,0.028055878467765253
E2,Green,28,0.1,7.0,0.028336231628892785,False,0.028055878467765253
E2,Green,28,0.2,7.0,0.028336231628892785,False,0.028055878467765253
E2,Green,28,0.5,7.0,0.028336231628892785,False,0.028055878467765253
E2,Green,28,1.0,7.0,0.028336231628892785,False,0.028055878467765253
E2,Green,29,0.0,12.0,0.027942523048818925,False,0.027942523048818925
E2,Green,29,0.01,10.0,0.028550657207611466,False,0.027942523048818925
E2,Green,29,0.02,9.0,0.028127236116949315,False,0.027942523048818925
E2,Green,29,0.05,7.0,0.028336231628892785,False,0.027942523048818925
E2,Green,29,0.1,7.0,0.028336231628892785,False,0.027942523048818925
E2,Green,29,0.2,7.0,0.028336231628892785,False,0.027942523048818925
E2,Green,29,0.5,7.0,0.028336231628892785,False,0.027942523048818925
E2,Green,29,1.0,7.0,0.028336231628892785,False,0.027942523048818925
E2,MO-lex,0,0.0,12.0,0.028439045742316746,False,0.028439045742316746
E2,MO-lex,0,0.01,10.0,0.028621296410020255,False,0.028439045742316746
E2,MO-lex,0,0.02,10.0,0.028621296410020255,False,0.028439045742316746
E2,MO-lex,0,0.05,10.0,0.028621296410020255,False,0.028439045742316746
E2,MO-lex,0,0.1,10.0,0.028621296410020255,False,0.028439045742316746
E2,MO-lex,0,0.2,9.0,0.030502023594221134,False,0.028439045742316746
E2,MO-lex,0,0.5,9.0,0.030502023594221134,False,0.028439045742316746
E2,MO-lex,0,1.0,7.0,0.043451014021122655,False,0.028439045742316746
E2,MO-lex,1,0.0,12.0,0.027974296687295588,False,0.027974296687295588
E2,MO-lex,1,0.01,11.0,0.02803412927900486,False,0.027974296687295588
E2,MO-lex,1,0.02,9.0,0.028055878467765197,False,0.027974296687295588
E2,MO-lex,1,0.05,9.0,0.028055878467765197,False,0.027974296687295588
E2,MO-lex,1,0.1,9.0,0.028055878467765197,False,0.027974296687295588
E2,MO-lex,1,0.2,9.0,0.028055878467765197,False,0.027974296687295588
E2,MO-lex,1,0.5,9.0,0.028055878467765197,False,0.027974296687295588
E2,MO-lex,1,1.0,7.0,0.042559636106315045,False,0.027974296687295588
E2,MO-lex,2,0.0,12.0,0.027942879613123903,False,0.027942879613123903
E2,MO-lex,2,0.01,10.0,0.028809424244161618,False,0.027942879613123903
E2,MO-lex,2,0.02,10.0,0.028809424244161618,False,0.027942879613123903
E2,MO-lex,2,0.05,10.0,0.028809424244161618,False,0.027942879613123903
E2,MO-lex,2,0.1,10.0,0.028809424244161618,False,0.027942879613123903
E2,MO-lex,2,0.2,10.0,0.028809424244161618,False,0.027942879613123903
E2,MO-lex,2,0.5,7.0,0.03208498861998801,False,0.027942879613123903
E2,MO-lex,2,1.0,7.0,0.03208498861998801,False,0.027942879613123903
E2,MO-lex,3,0.0,12.0,0.028495472197663716,False,0.028061057151065952
E2,MO-lex,3,0.01,12.0,0.028495472197663716,False,0.028061057151065952
E2,MO-lex,3,0.02,10.0,0.0281884447599459,False,0.028061057151065952
E2,MO-lex,3,0.05,10.0,0.0281884447599459,False,0.028061057151065952
E2,MO-lex,3,0.1,10.0,0.0281884447599459,False,0.028061057151065952
E2,MO-lex,3,0.2,9.0,0.03103193278219014,False,0.028061057151065952
E2,MO-lex,3,0.5,9.0,0.03103193278219014,False,0.028061057151065952
E2,MO-lex,3,1.0,9.0,0.03103193278219014,False,0.028061057151065952
E2,MO-lex,4,0.0,12.0,0.028495472197663872,False,0.028495472197663872
E2,MO-lex,4,0.01,10.0,0.028621296410020196,False,0.028495472197663872
E2,MO-lex,4,0.02,10.0,0.028621296410020196,False,0.028495472197663872
E2,MO-lex,4,0.05,10.0,0.028621296410020196,False,0.028495472197663872
E2,MO-lex,4,0.1,10.0,0.028621296410020196,False,0.028495472197663872
E2,MO-lex,4,0.2,10.0,0.028621296410020196,False,0.028495472197663872
E2,MO-lex,4,0.5,9.0,0.033848182955642896,False,0.028495472197663872
E2,MO-lex,4,1.0,9.0,0.033848182955642896,False,0.028495472197663872
E2,MO-lex,5,0.0,12.0,0.02852788859250901,False,0.02852788859250901
E2,MO-lex,5,0.01,12.0,0.02852788859250901,False,0.02852788859250901
E2,MO-lex,5,0.02,10.0,0.029159056587540748,False,0.02852788859250901
E2,MO-lex,5,0.05,10.0,0.029159056587540748,False,0.02852788859250901
E2,MO-lex,5,0.1,10.0,0.029159056587540748,False,0.02852788859250901
E2,MO-lex,5,0.2,9.0,0.030502023594221144,False,0.02852788859250901
E2,MO-lex,5,0.5,7.0,0.029878948179252764,False,0.02852788859250901
E2,MO-lex,5,1.0,7.0,0.029878948179252764,False,0.02852788859250901
E2,MO-lex,6,0.0,12.0,0.027942879613123753,False,0.027942879613123753
E2,MO-lex,6,0.01,11.0,0.028061057151065827,False,0.027942879613123753
E2,MO-lex,6,0.02,9.0,0.028055878467765152,False,0.027942879613123753
E2,MO-lex,6,0.05,9.0,0.028055878467765152,False,0.027942879613123753
E2,MO-lex,6,0.1,9.0,0.028055878467765152,False,0.027942879613123753
E2,MO-lex,6,0.2,9.0,0.028055878467765152,False,0.027942879613123753
E2,MO-lex,6,0.5,9.0,0.028055878467765152,False,0.027942879613123753
E2,MO-lex,6,1.0,9.0,0.028055878467765152,False,0.027942879613123753
E2,MO-lex,7,0.0,12.0,0.028527888592509112,False,0.0280374199234565
E2,MO-lex,7,0.01,12.0,0.028527888592509112,False,0.0280374199234565
E2,MO-lex,7,0.02,11.0,0.0280374199234565,False,0.0280374199234565
E2,MO-lex,7,0.05,11.0,0.0280374199234565,False,0.0280374199234565
E2,MO-lex,7,0.1,11.0,0.0280374199234565,False,0.0280374199234565
E2,MO-lex,7,0.2,9.0,0.029360170929678884,False,0.0280374199234565
E2,MO-lex,7,0.5,9.0,0.029360170929678884,False,0.0280374199234565
E2,MO-lex,7,1.0,7.0,0.047523388488052924,False,0.0280374199234565
E2,MO-lex,8,0.0,12.0,0.028439045742316746,False,0.028055878467765197
E2,MO-lex,8,0.01,12.0,0.028439045742316746,False,0.028055878467765197
E2,MO-lex,8,0.02,9.0,0.028055878467765197,False,0.028055878467765197
E2,MO-lex,8,0.05,9.0,0.028055878467765197,False,0.028055878467765197
E2,MO-lex,8,0.1,9.0,0.028055878467765197,False,0.028055878467765197
E2,MO-lex,8,0.2,7.0,0.03149822664352079,False,0.028055878467765197
E2,MO-lex,8,0.5,7.0,0.03149822664352079,False,0.028055878467765197
E2,MO-lex,8,1.0,7.0,0.03149822664352079,False,0.028055878467765197
E2,MO-lex,9,0.0,12.0,0.02794287961312382,False,0.02794287961312382
E2,MO-lex,9,0.01,12.0,0.02794287961312382,False,0.02794287961312382
E2,MO-lex,9,0.02,9.0,0.028150473711904392,False,0.02794287961312382
E2,MO-lex,9,0.05,7.0,0.02833623162889281,False,0.02794287961312382
E2,MO-lex,9,0.1,7.0,0.02833623162889281,False,0.02794287961312382
E2,MO-lex,9,0.2,7.0,0.02833623162889281,False,0.02794287961312382
E2,MO-lex,9,0.5,7.0,0.02833623162889281,False,0.02794287961312382
E2,MO-lex,9,1.0,7.0,0.02833623162889281,False,0.02794287961312382
E2,MO-lex,10,0.0,12.0,0.02794287961312382,False,0.02794287961312382
E2,MO-lex,10,0.01,11.0,0.028106803351275723,False,0.02794287961312382
E2,MO-lex,10,0.02,10.0,0.028188444759945874,False,0.02794287961312382
E2,MO-lex,10,0.05,10.0,0.028188444759945874,False,0.02794287961312382
E2,MO-lex,10,0.1,10.0,0.028188444759945874,False,0.02794287961312382
E2,MO-lex,10,0.2,9.0,0.03343950511731536,False,0.02794287961312382
E2,MO-lex,10,0.5,9.0,0.03343950511731536,False,0.02794287961312382
E2,MO-lex,10,1.0,9.0,0.03343950511731536,False,0.02794287961312382
E2,MO-lex,11,0.0,12.0,0.028495472197663657,False,0.028495472197663657
E2,MO-lex,11,0.01,10.0,0.028621296410020154,False,0.028495472197663657
E2,MO-lex,11,0.02,10.0,0.028621296410020154,False,0.028495472197663657
E2,MO-lex,11,0.05,10.0,0.028621296410020154,False,0.028495472197663657
E2,MO-lex,11,0.1,10.0,0.028621296410020154,False,0.028495472197663657
E2,MO-lex,11,0.2,10.0,0.028621296410020154,False,0.028495472197663657
E2,MO-lex,11,0.5,9.0,0.0325978836509007,True,0.028495472197663657
E2,MO-lex,11,1.0,9.0,0.0325978836509007,True,0.028495472197663657
E2,MO-lex,12,0.0,12.0,0.028495472197663768,False,0.028037419923456482
E2,MO-lex,12,0.01,12.0,0.028495472197663768,False,0.028037419923456482
E2,MO-lex,12,0.02,11.0,0.028037419923456482,False,0.028037419923456482
E2,MO-lex,12,0.05,9.0,0.028750982584347478,False,0.028037419923456482
E2,MO-lex,12,0.1,9.0,0.028750982584347478,False,0.028037419923456482
E2,MO-lex,12,0.2,9.0,0.028750982584347478,False,0.028037419923456482
E2,MO-lex,12,0.5,9.0,0.028750982584347478,False,0.028037419923456482
E2,MO-lex,12,1.0,7.0,0.043897939357719566,False,0.028037419923456482
E2,MO-lex,13,0.0,12.0,0.028495472197663806,False,0.02818844475994596
E2,MO-lex,13,0.01,12.0,0.028495472197663806,False,0.02818844475994596
E2,MO-lex,13,0.02,10.0,0.02818844475994596,False,0.02818844475994596
E2,MO-lex,13,0.05,10.0,0.02818844475994596,False,0.02818844475994596
E2,MO-lex,13,0.1,10.0,0.02818844475994596,False,0.02818844475994596
E2,MO-lex,13,0.2,9.0,0.029960622635979612,False,0.02818844475994596
E2,MO-lex,13,0.5,7.0,0.03370061638417663,False,0.02818844475994596
E2,MO-lex,13,1.0,7.0,0.03370061638417663,False,0.02818844475994596
E2,MO-lex,14,0.0,12.0,0.027942879613123823,False,0.027942879613123823
E2,MO-lex,14,0.01,11.0,0.02803412927900483,False,0.027942879613123823
E2,MO-lex,14,0.02,9.0,0.028055878467765253,False,0.027942879613123823
E2,MO-lex,14,0.05,9.0,0.028055878467765253,False,0.027942879613123823
E2,MO-lex,14,0.1,9.0,0.028055878467765253,False,0.027942879613123823
E2,MO-lex,14,0.2,9.0,0.028055878467765253,False,0.027942879613123823
E2,MO-lex,14,0.5,9.0,0.028055878467765253,False,0.027942879613123823
E2,MO-lex,14,1.0,9.0,0.028055878467765253,False,0.027942879613123823
E2,MO-lex,15,0.0,12.0,0.028439045742316763,False,0.028071444914599893
E2,MO-lex,15,0.01,11.0,0.028071444914599893,False,0.028071444914599893
E2,MO-lex,15,0.02,11.0,0.028071444914599893,False,0.028071444914599893
E2,MO-lex,15,0.05,9.0,0.02899960310140295,False,0.028071444914599893
E2,MO-lex,15,0.1,9.0,0.02899960310140295,False,0.028071444914599893
E2,MO-lex,15,0.2,9.0,0.02899960310140295,False,0.028071444914599893
E2,MO-lex,15,0.5,9.0,0.02899960310140295,False,0.028071444914599893
E2,MO-lex,15,1.0,7.0,0.04084059530016623,False,0.028071444914599893
E2,MO-lex,16,0.0,12.0,0.027942879613123882,False,0.027716088639745107
E2,MO-lex,16,0.01,11.0,0.028048976976892404,False,0.027716088639745107
E2,MO-lex,16,0.02,10.0,0.02818268848553528,False,0.027716088639745107
E2,MO-lex,16,0.05,10.0,0.02818268848553528,False,0.027716088639745107
E2,MO-lex,16,0.1,9.0,0.027716088639745107,False,0.027716088639745107
E2,MO-lex,16,0.2,9.0,0.027716088639745107,False,0.027716088639745107
E2,MO-lex,16,0.5,9.0,0.027716088639745107,False,0.027716088639745107
E2,MO-lex,16,1.0,9.0,0.027716088639745107,False,0.027716088639745107
E2,MO-lex,17,0.0,12.0,0.02794252304881898,False,0.02794252304881898
E2,MO-lex,17,0.01,10.0,0.028177658871386232,False,0.02794252304881898
E2,MO-lex,17,0.02,9.0,0.02805587846776524,False,0.02794252304881898
E2,MO-lex,17,0.05,7.0,0.02833623162889271,False,0.02794252304881898
E2,MO-lex,17,0.1,7.0,0.02833623162889271,False,0.02794252304881898
E2,MO-lex,17,0.2,7.0,0.02833623162889271,False,0.02794252304881898
E2,MO-lex,17,0.5,7.0,0.02833623162889271,False,0.02794252304881898
E2,MO-lex,17,1.0,7.0,0.02833623162889271,False,0.02794252304881898
E2,MO-lex,18,0.0,12.0,0.028439045742316725,False,0.028439045742316725
E2,MO-lex,18,0.01,12.0,0.028439045742316725,False,0.028439045742316725
E2,MO-lex,18,0.02,12.0,0.028439045742316725,False,0.028439045742316725
E2,MO-lex,18,0.05,10.0,0.028946790859196353,False,0.028439045742316725
E2,MO-lex,18,0.1,9.0,0.02953148257340495,False,0.028439045742316725
E2,MO-lex,18,0.2,9.0,0.02953148257340495,False,0.028439045742316725
E2,MO-lex,18,0.5,9.0,0.02953148257340495,False,0.028439045742316725
E2,MO-lex,18,1.0,9.0,0.02953148257340495,False,0.028439045742316725
E2,MO-lex,19,0.0,12.0,0.028495472197663824,False,0.027800107337470525
E2,MO-lex,19,0.01,12.0,0.028495472197663824,False,0.027800107337470525
E2,MO-lex,19,0.02,10.0,0.02818268848553524,False,0.027800107337470525
E2,MO-lex,19,0.05,10.0,0.02818268848553524,False,0.027800107337470525
E2,MO-lex,19,0.1,9.0,0.027800107337470525,False,0.027800107337470525
E2,MO-lex,19,0.2,9.0,0.027800107337470525,False,0.027800107337470525
E2,MO-lex,19,0.5,9.0,0.027800107337470525,False,0.027800107337470525
E2,MO-lex,19,1.0,9.0,0.027800107337470525,False,0.027800107337470525
E2,MO-lex,20,0.0,12.0,0.02794287961312374,False,0.02794287961312374
E2,MO-lex,20,0.01,11.0,0.028061057151065844,False,0.02794287961312374
E2,MO-lex,20,0.02,9.0,0.02805587846776516,False,0.02794287961312374
E2,MO-lex,20,0.05,7.0,0.028336231628892795,False,0.02794287961312374
E2,MO-lex,20,0.1,7.0,0.028336231628892795,False,0.02794287961312374
E2,MO-lex,20,0.2,7.0,0.028336231628892795,False,0.02794287961312374
E2,MO-lex,20,0.5,7.0,0.028336231628892795,False,0.02794287961312374
E2,MO-lex,20,1.0,7.0,0.028336231628892795,False,0.02794287961312374
E2,MO-lex,21,0.0,12.0,0.02794287961312378,False,0.02794287961312378
E2,MO-lex,21,0.01,11.0,0.028034129279004793,False,0.02794287961312378
E2,MO-lex,21,0.02,9.0,0.028055878467765184,False,0.02794287961312378
E2,MO-lex,21,0.05,9.0,0.028055878467765184,False,0.02794287961312378
E2,MO-lex,21,0.1,9.0,0.028055878467765184,False,0.02794287961312378
E2,MO-lex,21,0.2,9.0,0.028055878467765184,False,0.02794287961312378
E2,MO-lex,21,0.5,9.0,0.028055878467765184,False,0.02794287961312378
E2,MO-lex,21,1.0,9.0,0.028055878467765184,False,0.02794287961312378
E2,MO-lex,22,0.0,12.0,0.0284954721976637,False,0.028055878467765197
E2,MO-lex,22,0.01,12.0,0.0284954721976637,False,0.028055878467765197
E2,MO-lex,22,0.02,9.0,0.028055878467765197,False,0.028055878467765197
E2,MO-lex,22,0.05,7.0,0.02833623162889277,False,0.028055878467765197
E2,MO-lex,22,0.1,7.0,0.02833623162889277,False,0.028055878467765197
E2,MO-lex,22,0.2,7.0,0.02833623162889277,False,0.028055878467765197
E2,MO-lex,22,0.5,7.0,0.02833623162889277,False,0.028055878467765197
E2,MO-lex,22,1.0,7.0,0.02833623162889277,False,0.028055878467765197
E2,MO-lex,23,0.0,12.0,0.027942879613123726,False,0.027942879613123726
E2,MO-lex,23,0.01,11.0,0.0280610571510659,False,0.027942879613123726
E2,MO-lex,23,0.02,9.0,0.02805587846776516,False,0.027942879613123726
E2,MO-lex,23,0.05,7.0,0.028336231628892795,False,0.027942879613123726
E2,MO-lex,23,0.1,7.0,0.028336231628892795,False,0.027942879613123726
E2,MO-lex,23,0.2,7.0,0.028336231628892795,False,0.027942879613123726
E2,MO-lex,23,0.5,7.0,0.028336231628892795,False,0.027942879613123726
E2,MO-lex,23,1.0,7.0,0.028336231628892795,False,0.027942879613123726
E2,MO-lex,24,0.0,12.0,0.02849547219766375,False,0.028336509178523917
E2,MO-lex,24,0.01,10.0,0.028621296410020206,False,0.028336509178523917
E2,MO-lex,24,0.02,10.0,0.028621296410020206,False,0.028336509178523917
E2,MO-lex,24,0.05,9.0,0.028336509178523917,False,0.028336509178523917
E2,MO-lex,24,0.1,9.0,0.028336509178523917,False,0.028336509178523917
E2,MO-lex,24,0.2,9.0,0.028336509178523917,False,0.028336509178523917
E2,MO-lex,24,0.5,9.0,0.028336509178523917,False,0.028336509178523917
E2,MO-lex,24,1.0,9.0,0.028336509178523917,False,0.028336509178523917
E2,MO-lex,25,0.0,12.0,0.02849547219766373,False,0.028061057151065962
E2,MO-lex,25,0.01,12.0,0.02849547219766373,False,0.028061057151065962
E2,MO-lex,25,0.02,11.0,0.028061057151065962,False,0.028061057151065962
E2,MO-lex,25,0.05,11.0,0.028061057151065962,False,0.028061057151065962
E2,MO-lex,25,0.1,11.0,0.028061057151065962,False,0.028061057151065962
E2,MO-lex,25,0.2,11.0,0.028061057151065962,False,0.028061057151065962
E2,MO-lex,25,0.5,9.0,0.03331183282744978,False,0.028061057151065962
E2,MO-lex,25,1.0,9.0,0.03331183282744978,False,0.028061057151065962
E2,MO-lex,26,0.0,12.0,0.028527888592509126,False,0.027762630425478364
E2,MO-lex,26,0.01,12.0,0.028527888592509126,False,0.027762630425478364
E2,MO-lex,26,0.02,10.0,0.02815717361602156,False,0.027762630425478364
E2,MO-lex,26,0.05,10.0,0.02815717361602156,False,0.027762630425478364
E2,MO-lex,26,0.1,9.0,0.027762630425478364,False,0.027762630425478364
E2,MO-lex,26,0.2,7.0,0.028506976251080375,False,0.027762630425478364
E2,MO-lex,26,0.5,7.0,0.028506976251080375,False,0.027762630425478364
E2,MO-lex,26,1.0,7.0,0.028506976251080375,False,0.027762630425478364
E2,MO-lex,27,0.0,12.0,0.027942879613123823,False,0.027762630425478337
E2,MO-lex,27,0.01,11.0,0.02806105715106592,False,0.027762630425478337
E2,MO-lex,27,0.02,10.0,0.028182688485535283,False,0.027762630425478337
E2,MO-lex,27,0.05,10.0,0.028182688485535283,False,0.027762630425478337
E2,MO-lex,27,0.1,9.0,0.027762630425478337,False,0.027762630425478337
E2,MO-lex,27,0.2,9.0,0.027762630425478337,False,0.027762630425478337
E2,MO-lex,27,0.5,9.0,0.027762630425478337,False,0.027762630425478337
E2,MO-lex,27,1.0,9.0,0.027762630425478337,False,0.027762630425478337
E2,MO-lex,28,0.0,12.0,0.028495472197663782,False,0.028495472197663782
E2,MO-lex,28,0.01,10.0,0.02862129641002024,False,0.028495472197663782
E2,MO-lex,28,0.02,10.0,0.02862129641002024,False,0.028495472197663782
E2,MO-lex,28,0.05,10.0,0.02862129641002024,False,0.028495472197663782
E2,MO-lex,28,0.1,10.0,0.02862129641002024,False,0.028495472197663782
E2,MO-lex,28,0.2,10.0,0.02862129641002024,False,0.028495472197663782
E2,MO-lex,28,0.5,9.0,0.03152761001438984,True,0.028495472197663782
E2,MO-lex,28,1.0,9.0,0.03152761001438984,True,0.028495472197663782
E2,MO-lex,29,0.0,12.0,0.02843904574231672,False,0.028074039740755747
E2,MO-lex,29,0.01,12.0,0.02843904574231672,False,0.028074039740755747
E2,MO-lex,29,0.02,10.0,0.028074039740755747,False,0.028074039740755747
E2,MO-lex,29,0.05,10.0,0.028074039740755747,False,0.028074039740755747
E2,MO-lex,29,0.1,10.0,0.028074039740755747,False,0.028074039740755747
E2,MO-lex,29,0.2,9.0,0.03045111097441799,False,0.028074039740755747
E2,MO-lex,29,0.5,9.0,0.03045111097441799,False,0.028074039740755747
E2,MO-lex,29,1.0,9.0,0.03045111097441799,False,0.028074039740755747
E2,SO,0,0.0,12.0,0.028439045742316746,False,0.028439045742316746
E2,SO,0,0.01,12.0,0.028439045742316746,False,0.028439045742316746
E2,SO,0,0.02,12.0,0.028439045742316746,False,0.028439045742316746
E2,SO,0,0.05,12.0,0.028439045742316746,False,0.028439045742316746
E2,SO,0,0.1,12.0,0.028439045742316746,False,0.028439045742316746
E2,SO,0,0.2,12.0,0.028439045742316746,False,0.028439045742316746
E2,SO,0,0.5,12.0,0.028439045742316746,False,0.028439045742316746
E2,SO,0,1.0,12.0,0.028439045742316746,False,0.028439045742316746
E2,SO,1,0.0,12.0,0.027974296687295588,False,0.027974296687295588
E2,SO,1,0.01,12.0,0.027974296687295588,False,0.027974296687295588
E2,SO,1,0.02,12.0,0.027974296687295588,False,0.027974296687295588
E2,SO,1,0.05,12.0,0.027974296687295588,False,0.027974296687295588
E2,SO,1,0.1,12.0,0.027974296687295588,False,0.027974296687295588
E2,SO,1,0.2,12.0,0.027974296687295588,False,0.027974296687295588
E2,SO,1,0.5,12.0,0.027974296687295588,False,0.027974296687295588
E2,SO,1,1.0,12.0,0.027974296687295588,False,0.027974296687295588
E2,SO,2,0.0,12.0,0.027942879613123903,False,0.027942879613123903
E2,SO,2,0.01,12.0,0.027942879613123903,False,0.027942879613123903
E2,SO,2,0.02,12.0,0.027942879613123903,False,0.027942879613123903
E2,SO,2,0.05,12.0,0.027942879613123903,False,0.027942879613123903
E2,SO,2,0.1,12.0,0.027942879613123903,False,0.027942879613123903
E2,SO,2,0.2,12.0,0.027942879613123903,False,0.027942879613123903
E2,SO,2,0.5,12.0,0.027942879613123903,False,0.027942879613123903
E2,SO,2,1.0,12.0,0.027942879613123903,False,0.027942879613123903
E2,SO,3,0.0,12.0,0.028495472197663716,False,0.028495472197663716
E2,SO,3,0.01,12.0,0.028495472197663716,False,0.028495472197663716
E2,SO,3,0.02,12.0,0.028495472197663716,False,0.028495472197663716
E2,SO,3,0.05,12.0,0.028495472197663716,False,0.028495472197663716
E2,SO,3,0.1,12.0,0.028495472197663716,False,0.028495472197663716
E2,SO,3,0.2,12.0,0.028495472197663716,False,0.028495472197663716
E2,SO,3,0.5,12.0,0.028495472197663716,False,0.028495472197663716
E2,SO,3,1.0,12.0,0.028495472197663716,False,0.028495472197663716
E2,SO,4,0.0,12.0,0.028495472197663872,False,0.028495472197663872
E2,SO,4,0.01,12.0,0.028495472197663872,False,0.028495472197663872
E2,SO,4,0.02,12.0,0.028495472197663872,False,0.028495472197663872
E2,SO,4,0.05,12.0,0.028495472197663872,False,0.028495472197663872
E2,SO,4,0.1,12.0,0.028495472197663872,False,0.028495472197663872
E2,SO,4,0.2,12.0,0.028495472197663872,False,0.028495472197663872
E2,SO,4,0.5,12.0,0.028495472197663872,False,0.028495472197663872
E2,SO,4,1.0,12.0,0.028495472197663872,False,0.028495472197663872
E2,SO,5,0.0,12.0,0.02852788859250901,False,0.02852788859250901
E2,SO,5,0.01,12.0,0.02852788859250901,False,0.02852788859250901
E2,SO,5,0.02,12.0,0.02852788859250901,False,0.02852788859250901
E2,SO,5,0.05,12.0,0.02852788859250901,False,0.02852788859250901
E2,SO,5,0.1,12.0,0.02852788859250901,False,0.02852788859250901
E2,SO,5,0.2,12.0,0.02852788859250901,False,0.02852788859250901
E2,SO,5,0.5,12.0,0.02852788859250901,False,0.02852788859250901
E2,SO,5,1.0,12.0,0.02852788859250901,False,0.02852788859250901
E2,SO,6,0.0,12.0,0.027942879613123753,False,0.027942879613123753
E2,SO,6,0.01,12.0,0.027942879613123753,False,0.027942879613123753
E2,SO,6,0.02,12.0,0.027942879613123753,False,0.027942879613123753
E2,SO,6,0.05,12.0,0.027942879613123753,False,0.027942879613123753
E2,SO,6,0.1,12.0,0.027942879613123753,False,0.027942879613123753
E2,SO,6,0.2,12.0,0.027942879613123753,False,0.027942879613123753
E2,SO,6,0.5,12.0,0.027942879613123753,False,0.027942879613123753
E2,SO,6,1.0,12.0,0.027942879613123753,False,0.027942879613123753
E2,SO,7,0.0,12.0,0.028527888592509112,False,0.028527888592509112
E2,SO,7,0.01,12.0,0.028527888592509112,False,0.028527888592509112
E2,SO,7,0.02,12.0,0.028527888592509112,False,0.028527888592509112
E2,SO,7,0.05,12.0,0.028527888592509112,False,0.028527888592509112
E2,SO,7,0.1,12.0,0.028527888592509112,False,0.028527888592509112
E2,SO,7,0.2,12.0,0.028527888592509112,False,0.028527888592509112
E2,SO,7,0.5,12.0,0.028527888592509112,False,0.028527888592509112
E2,SO,7,1.0,12.0,0.028527888592509112,False,0.028527888592509112
E2,SO,8,0.0,12.0,0.028439045742316746,False,0.028439045742316746
E2,SO,8,0.01,12.0,0.028439045742316746,False,0.028439045742316746
E2,SO,8,0.02,12.0,0.028439045742316746,False,0.028439045742316746
E2,SO,8,0.05,12.0,0.028439045742316746,False,0.028439045742316746
E2,SO,8,0.1,12.0,0.028439045742316746,False,0.028439045742316746
E2,SO,8,0.2,12.0,0.028439045742316746,False,0.028439045742316746
E2,SO,8,0.5,12.0,0.028439045742316746,False,0.028439045742316746
E2,SO,8,1.0,12.0,0.028439045742316746,False,0.028439045742316746
E2,SO,9,0.0,12.0,0.02794287961312382,False,0.02794287961312382
E2,SO,9,0.01,12.0,0.02794287961312382,False,0.02794287961312382
E2,SO,9,0.02,12.0,0.02794287961312382,False,0.02794287961312382
E2,SO,9,0.05,12.0,0.02794287961312382,False,0.02794287961312382
E2,SO,9,0.1,12.0,0.02794287961312382,False,0.02794287961312382
E2,SO,9,0.2,12.0,0.02794287961312382,False,0.02794287961312382
E2,SO,9,0.5,12.0,0.02794287961312382,False,0.02794287961312382
E2,SO,9,1.0,12.0,0.02794287961312382,False,0.02794287961312382
E2,SO,10,0.0,12.0,0.02794287961312382,False,0.02794287961312382
E2,SO,10,0.01,12.0,0.02794287961312382,False,0.02794287961312382
E2,SO,10,0.02,12.0,0.02794287961312382,False,0.02794287961312382
E2,SO,10,0.05,12.0,0.02794287961312382,False,0.02794287961312382
E2,SO,10,0.1,12.0,0.02794287961312382,False,0.02794287961312382
E2,SO,10,0.2,12.0,0.02794287961312382,False,0.02794287961312382
E2,SO,10,0.5,12.0,0.02794287961312382,False,0.02794287961312382
E2,SO,10,1.0,12.0,0.02794287961312382,False,0.02794287961312382
E2,SO,11,0.0,12.0,0.028495472197663657,False,0.028495472197663657
E2,SO,11,0.01,12.0,0.028495472197663657,False,0.028495472197663657
E2,SO,11,0.02,12.0,0.028495472197663657,False,0.028495472197663657
E2,SO,11,0.05,12.0,0.028495472197663657,False,0.028495472197663657
E2,SO,11,0.1,12.0,0.028495472197663657,False,0.028495472197663657
E2,SO,11,0.2,12.0,0.028495472197663657,False,0.028495472197663657
E2,SO,11,0.5,12.0,0.028495472197663657,False,0.028495472197663657
E2,SO,11,1.0,12.0,0.028495472197663657,False,0.028495472197663657
E2,SO,12,0.0,12.0,0.028495472197663768,False,0.028495472197663768
E2,SO,12,0.01,12.0,0.028495472197663768,False,0.028495472197663768
E2,SO,12,0.02,12.0,0.028495472197663768,False,0.028495472197663768
E2,SO,12,0.05,12.0,0.028495472197663768,False,0.028495472197663768
E2,SO,12,0.1,12.0,0.028495472197663768,False,0.028495472197663768
E2,SO,12,0.2,12.0,0.028495472197663768,False,0.028495472197663768
E2,SO,12,0.5,12.0,0.028495472197663768,False,0.028495472197663768
E2,SO,12,1.0,12.0,0.028495472197663768,False,0.028495472197663768
E2,SO,13,0.0,12.0,0.028495472197663806,False,0.028495472197663806
E2,SO,13,0.01,12.0,0.028495472197663806,False,0.028495472197663806
E2,SO,13,0.02,12.0,0.028495472197663806,False,0.028495472197663806
E2,SO,13,0.05,12.0,0.028495472197663806,False,0.028495472197663806
E2,SO,13,0.1,12.0,0.028495472197663806,False,0.028495472197663806
E2,SO,13,0.2,12.0,0.028495472197663806,False,0.028495472197663806
E2,SO,13,0.5,12.0,0.028495472197663806,False,0.028495472197663806
E2,SO,13,1.0,12.0,0.028495472197663806,False,0.028495472197663806
E2,SO,14,0.0,12.0,0.027942879613123823,False,0.027942879613123823
E2,SO,14,0.01,12.0,0.027942879613123823,False,0.027942879613123823
E2,SO,14,0.02,12.0,0.027942879613123823,False,0.027942879613123823
E2,SO,14,0.05,12.0,0.027942879613123823,False,0.027942879613123823
E2,SO,14,0.1,12.0,0.027942879613123823,False,0.027942879613123823
E2,SO,14,0.2,12.0,0.027942879613123823,False,0.027942879613123823
E2,SO,14,0.5,12.0,0.027942879613123823,False,0.027942879613123823
E2,SO,14,1.0,12.0,0.027942879613123823,False,0.027942879613123823
E2,SO,15,0.0,12.0,0.028439045742316763,False,0.028439045742316763
E2,SO,15,0.01,12.0,0.028439045742316763,False,0.028439045742316763
E2,SO,15,0.02,12.0,0.028439045742316763,False,0.028439045742316763
E2,SO,15,0.05,12.0,0.028439045742316763,False,0.028439045742316763
E2,SO,15,0.1,12.0,0.028439045742316763,False,0.028439045742316763
E2,SO,15,0.2,12.0,0.028439045742316763,False,0.028439045742316763
E2,SO,15,0.5,12.0,0.028439045742316763,False,0.028439045742316763
E2,SO,15,1.0,12.0,0.028439045742316763,False,0.028439045742316763
E2,SO,16,0.0,12.0,0.027942879613123882,False,0.027942879613123882
E2,SO,16,0.01,12.0,0.027942879613123882,False,0.027942879613123882
E2,SO,16,0.02,12.0,0.027942879613123882,False,0.027942879613123882
E2,SO,16,0.05,12.0,0.027942879613123882,False,0.027942879613123882
E2,SO,16,0.1,12.0,0.027942879613123882,False,0.027942879613123882
E2,SO,16,0.2,12.0,0.027942879613123882,False,0.027942879613123882
E2,SO,16,0.5,12.0,0.027942879613123882,False,0.027942879613123882
E2,SO,16,1.0,12.0,0.027942879613123882,False,0.027942879613123882
E2,SO,17,0.0,12.0,0.02794252304881898,False,0.02794252304881898
E2,SO,17,0.01,12.0,0.02794252304881898,False,0.02794252304881898
E2,SO,17,0.02,12.0,0.02794252304881898,False,0.02794252304881898
E2,SO,17,0.05,12.0,0.02794252304881898,False,0.02794252304881898
E2,SO,17,0.1,12.0,0.02794252304881898,False,0.02794252304881898
E2,SO,17,0.2,12.0,0.02794252304881898,False,0.02794252304881898
E2,SO,17,0.5,12.0,0.02794252304881898,False,0.02794252304881898
E2,SO,17,1.0,12.0,0.02794252304881898,False,0.02794252304881898
E2,SO,18,0.0,12.0,0.028439045742316725,False,0.028439045742316725
E2,SO,18,0.01,12.0,0.028439045742316725,False,0.028439045742316725
E2,SO,18,0.02,12.0,0.028439045742316725,False,0.028439045742316725
E2,SO,18,0.05,12.0,0.028439045742316725,False,0.028439045742316725
E2,SO,18,0.1,12.0,0.028439045742316725,False,0.028439045742316725
E2,SO,18,0.2,12.0,0.028439045742316725,False,0.028439045742316725
E2,SO,18,0.5,12.0,0.028439045742316725,False,0.028439045742316725
E2,SO,18,1.0,12.0,0.028439045742316725,False,0.028439045742316725
E2,SO,19,0.0,12.0,0.028495472197663824,False,0.028495472197663824
E2,SO,19,0.01,12.0,0.028495472197663824,False,0.028495472197663824
E2,SO,19,0.02,12.0,0.028495472197663824,False,0.028495472197663824
E2,SO,19,0.05,12.0,0.028495472197663824,False,0.028495472197663824
E2,SO,19,0.1,12.0,0.028495472197663824,False,0.028495472197663824
E2,SO,19,0.2,12.0,0.028495472197663824,False,0.028495472197663824
E2,SO,19,0.5,12.0,0.028495472197663824,False,0.028495472197663824
E2,SO,19,1.0,12.0,0.028495472197663824,False,0.028495472197663824
E2,SO,20,0.0,12.0,0.02794287961312374,False,0.02794287961312374
E2,SO,20,0.01,12.0,0.02794287961312374,False,0.02794287961312374
E2,SO,20,0.02,12.0,0.02794287961312374,False,0.02794287961312374
E2,SO,20,0.05,12.0,0.02794287961312374,False,0.02794287961312374
E2,SO,20,0.1,12.0,0.02794287961312374,False,0.02794287961312374
E2,SO,20,0.2,12.0,0.02794287961312374,False,0.02794287961312374
E2,SO,20,0.5,12.0,0.02794287961312374,False,0.02794287961312374
E2,SO,20,1.0,12.0,0.02794287961312374,False,0.02794287961312374
E2,SO,21,0.0,12.0,0.02794287961312378,False,0.02794287961312378
E2,SO,21,0.01,12.0,0.02794287961312378,False,0.02794287961312378
E2,SO,21,0.02,12.0,0.02794287961312378,False,0.02794287961312378
E2,SO,21,0.05,12.0,0.02794287961312378,False,0.02794287961312378
E2,SO,21,0.1,12.0,0.02794287961312378,False,0.02794287961312378
E2,SO,21,0.2,12.0,0.02794287961312378,False,0.02794287961312378
E2,SO,21,0.5,12.0,0.02794287961312378,False,0.02794287961312378
E2,SO,21,1.0,12.0,0.02794287961312378,False,0.02794287961312378
E2,SO,22,0.0,12.0,0.0284954721976637,False,0.0284954721976637
E2,SO,22,0.01,12.0,0.0284954721976637,False,0.0284954721976637
E2,SO,22,0.02,12.0,0.0284954721976637,False,0.0284954721976637
E2,SO,22,0.05,12.0,0.0284954721976637,False,0.0284954721976637
E2,SO,22,0.1,12.0,0.0284954721976637,False,0.0284954721976637
E2,SO,22,0.2,12.0,0.0284954721976637,False,0.0284954721976637
E2,SO,22,0.5,12.0,0.0284954721976637,False,0.0284954721976637
E2,SO,22,1.0,12.0,0.0284954721976637,False,0.0284954721976637
E2,SO,23,0.0,12.0,0.027942879613123726,False,0.027942879613123726
E2,SO,23,0.01,12.0,0.027942879613123726,False,0.027942879613123726
E2,SO,23,0.02,12.0,0.027942879613123726,False,0.027942879613123726
E2,SO,23,0.05,12.0,0.027942879613123726,False,0.027942879613123726
E2,SO,23,0.1,12.0,0.027942879613123726,False,0.027942879613123726
E2,SO,23,0.2,12.0,0.027942879613123726,False,0.027942879613123726
E2,SO,23,0.5,12.0,0.027942879613123726,False,0.027942879613123726
E2,SO,23,1.0,12.0,0.027942879613123726,False,0.027942879613123726
E2,SO,24,0.0,12.0,0.02849547219766375,False,0.02849547219766375
E2,SO,24,0.01,12.0,0.02849547219766375,False,0.02849547219766375
E2,SO,24,0.02,12.0,0.02849547219766375,False,0.02849547219766375
E2,SO,24,0.05,12.0,0.02849547219766375,False,0.02849547219766375
E2,SO,24,0.1,12.0,0.02849547219766375,False,0.02849547219766375
E2,SO,24,0.2,12.0,0.02849547219766375,False,0.02849547219766375
E2,SO,24,0.5,12.0,0.02849547219766375,False,0.02849547219766375
E2,SO,24,1.0,12.0,0.02849547219766375,False,0.02849547219766375
E2,SO,25,0.0,12.0,0.02849547219766373,False,0.02849547219766373
E2,SO,25,0.01,12.0,0.02849547219766373,False,0.02849547219766373
E2,SO,25,0.02,12.0,0.02849547219766373,False,0.02849547219766373
E2,SO,25,0.05,12.0,0.02849547219766373,False,0.02849547219766373
E2,SO,25,0.1,12.0,0.02849547219766373,False,0.02849547219766373
E2,SO,25,0.2,12.0,0.02849547219766373,False,0.02849547219766373
E2,SO,25,0.5,12.0,0.02849547219766373,False,0.02849547219766373
E2,SO,25,1.0,12.0,0.02849547219766373,False,0.02849547219766373
E2,SO,26,0.0,12.0,0.028527888592509126,False,0.028527888592509126
E2,SO,26,0.01,12.0,0.028527888592509126,False,0.028527888592509126
E2,SO,26,0.02,12.0,0.028527888592509126,False,0.028527888592509126
E2,SO,26,0.05,12.0,0.028527888592509126,False,0.028527888592509126
E2,SO,26,0.1,12.0,0.028527888592509126,False,0.028527888592509126
E2,SO,26,0.2,12.0,0.028527888592509126,False,0.028527888592509126
E2,SO,26,0.5,12.0,0.028527888592509126,False,0.028527888592509126
E2,SO,26,1.0,12.0,0.028527888592509126,False,0.028527888592509126
E2,SO,27,0.0,12.0,0.027942879613123823,False,0.027942879613123823
E2,SO,27,0.01,12.0,0.027942879613123823,False,0.027942879613123823
E2,SO,27,0.02,12.0,0.027942879613123823,False,0.027942879613123823
E2,SO,27,0.05,12.0,0.027942879613123823,False,0.027942879613123823
E2,SO,27,0.1,12.0,0.027942879613123823,False,0.027942879613123823
E2,SO,27,0.2,12.0,0.027942879613123823,False,0.027942879613123823
E2,SO,27,0.5,12.0,0.027942879613123823,False,0.027942879613123823
E2,SO,27,1.0,12.0,0.027942879613123823,False,0.027942879613123823
E2,SO,28,0.0,12.0,0.028495472197663782,False,0.028495472197663782
E2,SO,28,0.01,12.0,0.028495472197663782,False,0.028495472197663782
E2,SO,28,0.02,12.0,0.028495472197663782,False,0.028495472197663782
E2,SO,28,0.05,12.0,0.028495472197663782,False,0.028495472197663782
E2,SO,28,0.1,12.0,0.028495472197663782,False,0.028495472197663782
E2,SO,28,0.2,12.0,0.028495472197663782,False,0.028495472197663782
E2,SO,28,0.5,12.0,0.028495472197663782,False,0.028495472197663782
E2,SO,28,1.0,12.0,0.028495472197663782,False,0.028495472197663782
E2,SO,29,0.0,12.0,0.02843904574231672,False,0.02843904574231672
E2,SO,29,0.01,12.0,0.02843904574231672,False,0.02843904574231672
E2,SO,29,0.02,12.0,0.02843904574231672,False,0.02843904574231672
E2,SO,29,0.05,12.0,0.02843904574231672,False,0.02843904574231672
E2,SO,29,0.1,12.0,0.02843904574231672,False,0.02843904574231672
E2,SO,29,0.2,12.0,0.02843904574231672,False,0.02843904574231672
E2,SO,29,0.5,12.0,0.02843904574231672,False,0.02843904574231672
E2,SO,29,1.0,12.0,0.02843904574231672,False,0.02843904574231672
E3,Green,0,0.0,16.0,1.276566038211296,False,0.08133334320930861
E3,Green,0,0.01,16.0,1.276566038211296,False,0.08133334320930861
E3,Green,0,0.02,16.0,1.276566038211296,False,0.08133334320930861
E3,Green,0,0.05,16.0,1.276566038211296,False,0.08133334320930861
E3,Green,0,0.1,16.0,1.276566038211296,False,0.08133334320930861
E3,Green,0,0.2,14.0,1.4245364143077541,False,0.08133334320930861
E3,Green,0,0.5,12.0,16.385364260506,False,0.08133334320930861
E3,Green,0,1.0,12.0,16.385364260506,False,0.08133334320930861
E3,Green,1,0.0,16.0,1.3922219097010358,False,0.07861862313831593
E3,Green,1,0.01,16.0,1.3922219097010358,False,0.07861862313831593
E3,Green,1,0.02,16.0,1.3922219097010358,False,0.07861862313831593
E3,Green,1,0.05,16.0,1.3922219097010358,False,0.07861862313831593
E3,Green,1,0.1,16.0,1.3922219097010358,False,0.07861862313831593
E3,Green,1,0.2,14.0,1.5758694556525539,False,0.07861862313831593
E3,Green,1,0.5,12.0,4.137316624880588,False,0.07861862313831593
E3,Green,1,1.0,12.0,4.137316624880588,False,0.07861862313831593
E3,Green,2,0.0,14.0,1.4546166097077473,False,0.07861862313831593
E3,Green,2,0.01,14.0,1.4546166097077473,False,0.07861862313831593
E3,Green,2,0.02,14.0,1.4546166097077473,False,0.07861862313831593
E3,Green,2,0.05,14.0,1.4546166097077473,False,0.07861862313831593
E3,Green,2,0.1,12.0,3.284909483432264,False,0.07861862313831593
E3,Green,2,0.2,12.0,3.284909483432264,False,0.07861862313831593
E3,Green,2,0.5,12.0,3.284909483432264,False,0.07861862313831593
E3,Green,2,1.0,12.0,3.284909483432264,False,0.07861862313831593
E3,Green,3,0.0,16.0,1.4309455631297825,False,0.07861862313831601
E3,Green,3,0.01,16.0,1.4309455631297825,False,0.07861862313831601
E3,Green,3,0.02,16.0,1.4309455631297825,False,0.07861862313831601
E3,Green,3,0.05,16.0,1.4309455631297825,False,0.07861862313831601
E3,Green,3,0.1,16.0,1.4309455631297825,False,0.07861862313831601
E3,Green,3,0.2,12.0,7.364572833585816,False,0.07861862313831601
E3,Green,3,0.5,12.0,7.364572833585816,False,0.07861862313831601
E3,Green,3,1.0,12.0,7.364572833585816,False,0.07861862313831601
E3,Green,4,0.0,14.0,1.547386451878167,False,0.07861862313831591
E3,Green,4,0.01,14.0,1.547386451878167,False,0.07861862313831591
E3,Green,4,0.02,14.0,1.547386451878167,False,0.07861862313831591
E3,Green,4,0.05,14.0,1.547386451878167,False,0.07861862313831591
E3,Green,4,0.1,14.0,1.547386451878167,False,0.07861862313831591
E3,Green,4,0.2,14.0,1.547386451878167,False,0.07861862313831591
E3,Green,4,0.5,12.0,3.5026793283741307,False,0.07861862313831591
E3,Green,4,1.0,12.0,3.5026793283741307,False,0.07861862313831591
E3,Green,5,0.0,19.0,1.565896190714143,False,0.07861862313831593
E3,Green,5,0.01,16.0,1.480975547599922,False,0.07861862313831593
E3,Green,5,0.02,16.0,1.480975547599922,False,0.07861862313831593
E3,Green,5,0.05,16.0,1.480975547599922,False,0.07861862313831593
E3,Green,5,0.1,16.0,1.480975547599922,False,0.07861862313831593
E3,Green,5,0.2,14.0,6.123957139627498,False,0.07861862313831593
E3,Green,5,0.5,14.0,6.123957139627498,False,0.07861862313831593
E3,Green,5,1.0,12.0,1.7659430215359755,False,0.07861862313831593
E3,Green,6,0.0,16.0,1.4670512649722183,False,0.07861862313831597
E3,Green,6,0.01,16.0,1.4670512649722183,False,0.07861862313831597
E3,Green,6,0.02,16.0,1.4670512649722183,False,0.07861862313831597
E3,Green,6,0.05,16.0,1.4670512649722183,False,0.07861862313831597
E3,Green,6,0.1,16.0,1.4670512649722183,False,0.07861862313831597
E3,Green,6,0.2,16.0,1.4670512649722183,False,0.07861862313831597
E3,Green,6,0.5,12.0,20.242667077701583,False,0.07861862313831597
E3,Green,6,1.0,12.0,20.242667077701583,False,0.07861862313831597
E3,Green,7,0.0,14.0,1.583083875952255,False,0.07861862313831591
E3,Green,7,0.01,14.0,1.583083875952255,False,0.07861862313831591
E3,Green,7,0.02,14.0,1.583083875952255,False,0.07861862313831591
E3,Green,7,0.05,14.0,1.583083875952255,False,0.07861862313831591
E3,Green,7,0.1,14.0,1.583083875952255,False,0.07861862313831591
E3,Green,7,0.2,14.0,1.583083875952255,False,0.07861862313831591
E3,Green,7,0.5,12.0,2.2610804291139663,False,0.07861862313831591
E3,Green,7,1.0,12.0,2.2610804291139663,False,0.07861862313831591
E3,Green,8,0.0,19.0,1.649377326396605,False,0.07861862313831593
E3,Green,8,0.01,16.0,1.5960982247822082,False,0.07861862313831593
E3,Green,8,0.02,16.0,1.5960982247822082,False,0.07861862313831593
E3,Green,8,0.05,16.0,1.5960982247822082,False,0.07861862313831593
E3,Green,8,0.1,14.0,3.138923520862612,False,0.07861862313831593
E3,Green,8,0.2,12.0,7.364572833609655,False,0.07861862313831593
E3,Green,8,0.5,12.0,7.364572833609655,False,0.07861862313831593
E3,Green,8,1.0,12.0,7.364572833609655,False,0.07861862313831593
E3,Green,9,0.0,16.0,1.3353196394599163,False,0.07861862313831593
E3,Green,9,0.01,16.0,1.3353196394599163,False,0.07861862313831593
E3,Green,9,0.02,16.0,1.3353196394599163,False,0.07861862313831593
E3,Green,9,0.05,16.0,1.3353196394599163,False,0.07861862313831593
E3,Green,9,0.1,16.0,1.3353196394599163,False,0.07861862313831593
E3,Green,9,0.2,14.0,1.533800844485353,False,0.07861862313831593
E3,Green,9,0.5,12.0,2.472872645677322,False,0.07861862313831593
E3,Green,9,1.0,12.0,2.472872645677322,False,0.07861862313831593
E3,Green,10,0.0,16.0,,False,0.0813333432093094
E3,Green,10,0.01,16.0,,False,0.0813333432093094
E3,Green,10,0.02,16.0,,False,0.0813333432093094
E3,Green,10,0.05,16.0,,False,0.0813333432093094
E3,Green,10,0.1,16.0,,False,0.0813333432093094
E3,Green,10,0.2,12.0,2.898784580560237,False,0.0813333432093094
E3,Green,10,0.5,12.0,2.898784580560237,False,0.0813333432093094
E3,Green,10,1.0,12.0,2.898784580560237,False,0.0813333432093094
E3,Green,11,0.0,16.0,1.2797464586930287,False,0.07861862313831591
E3,Green,11,0.01,16.0,1.2797464586930287,False,0.07861862313831591
E3,Green,11,0.02,16.0,1.2797464586930287,False,0.07861862313831591
E3,Green,11,0.05,14.0,1.4245364143098016,False,0.07861862313831591
E3,Green,11,0.1,14.0,1.4245364143098016,False,0.07861862313831591
E3,Green,11,0.2,14.0,1.4245364143098016,False,0.07861862313831591
E3,Green,11,0.5,12.0,263.9278058045528,False,0.07861862313831591
E3,Green,11,1.0,12.0,263.9278058045528,False,0.07861862313831591
E3,Green,12,0.0,18.0,1.413237231424137,False,0.07861862313831593
E3,Green,12,0.01,16.0,1.3714728850179907,False,0.07861862313831593
E3,Green,12,0.02,16.0,1.3714728850179907,False,0.07861862313831593
E3,Green,12,0.05,16.0,1.3714728850179907,False,0.07861862313831593
E3,Green,12,0.1,16.0,1.3714728850179907,False,0.07861862313831593
E3,Green,12,0.2,12.0,7.364572833559381,False,0.07861862313831593
E3,Green,12,0.5,12.0,7.364572833559381,False,0.07861862313831593
E3,Green,12,1.0,12.0,7.364572833559381,False,0.07861862313831593
E3,Green,13,0.0,16.0,1.3286320444481028,False,0.08133334320930838
E3,Green,13,0.01,16.0,1.3286320444481028,False,0.08133334320930838
E3,Green,13,0.02,16.0,1.3286320444481028,False,0.08133334320930838
E3,Green,13,0.05,16.0,1.3286320444481028,False,0.08133334320930838
E3,Green,13,0.1,16.0,1.3286320444481028,False,0.08133334320930838
E3,Green,13,0.2,14.0,2.911459187599911,False,0.08133334320930838
E3,Green,13,0.5,12.0,12.636048921402196,False,0.08133334320930838
E3,Green,13,1.0,12.0,12.636048921402196,False,0.08133334320930838
E3,Green,14,0.0,16.0,1.1874152285898654,False,0.08133334320930882
E3,Green,14,0.01,16.0,1.1874152285898654,False,0.08133334320930882
E3,Green,14,0.02,16.0,1.1874152285898654,False,0.08133334320930882
E3,Green,14,0.05,16.0,1.1874152285898654,False,0.08133334320930882
E3,Green,14,0.1,16.0,1.1874152285898654,False,0.08133334320930882
E3,Green,14,0.2,14.0,1.567195978011952,False,0.08133334320930882
E3,Green,14,0.5,14.0,1.567195978011952,False,0.08133334320930882
E3,Green,14,1.0,12.0,13.32393564419036,False,0.08133334320930882
E3,Green,15,0.0,19.0,1.311545521953107,False,0.07861862313831593
E3,Green,15,0.01,19.0,1.311545521953107,False,0.07861862313831593
E3,Green,15,0.02,16.0,1.270173117448562,False,0.07861862313831593
E3,Green,15,0.05,16.0,1.270173117448562,False,0.07861862313831593
E3,Green,15,0.1,16.0,1.270173117448562,False,0.07861862313831593
E3,Green,15,0.2,14.0,1.54492983546619,False,0.07861862313831593
E3,Green,15,0.5,14.0,1.54492983546619,False,0.07861862313831593
E3,Green,15,1.0,12.0,2.306549418848721,False,0.07861862313831593
E3,Green,16,0.0,16.0,1.3053153407993008,False,0.08133334320930904
E3,Green,16,0.01,16.0,1.3053153407993008,False,0.08133334320930904
E3,Green,16,0.02,16.0,1.3053153407993008,False,0.08133334320930904
E3,Green,16,0.05,16.0,1.3053153407993008,False,0.08133334320930904
E3,Green,16,0.1,16.0,1.3053153407993008,False,0.08133334320930904
E3,Green,16,0.2,12.0,7.3645728335788645,False,0.08133334320930904
E3,Green,16,0.5,12.0,7.3645728335788645,False,0.08133334320930904
E3,Green,16,1.0,12.0,7.3645728335788645,False,0.08133334320930904
E3,Green,17,0.0,21.0,1.3415268181654518,False,0.07861862313831584
E3,Green,17,0.01,21.0,1.3415268181654518,False,0.07861862313831584
E3,Green,17,0.02,16.0,1.2671877242056455,False,0.07861862313831584
E3,Green,17,0.05,16.0,1.2671877242056455,False,0.07861862313831584
E3,Green,17,0.1,14.0,1.5718469478571049,False,0.07861862313831584
E3,Green,17,0.2,12.0,3.2849094834468406,False,0.07861862313831584
E3,Green,17,0.5,12.0,3.2849094834468406,False,0.07861862313831584
E3,Green,17,1.0,12.0,3.2849094834468406,False,0.07861862313831584
E3,Green,18,0.0,16.0,,False,0.07861862313831597
E3,Green,18,0.01,16.0,,False,0.07861862313831597
E3,Green,18,0.02,16.0,,False,0.07861862313831597
E3,Green,18,0.05,16.0,,False,0.07861862313831597
E3,Green,18,0.1,16.0,,False,0.07861862313831597
E3,Green,18,0.2,12.0,2.898784580563138,False,0.07861862313831597
E3,Green,18,0.5,12.0,2.898784580563138,False,0.07861862313831597
E3,Green,18,1.0,12.0,2.898784580563138,False,0.07861862313831597
E3,Green,19,0.0,18.0,38259908804043.375,False,0.07398624357075691
E3,Green,19,0.01,18.0,38259908804043.375,False,0.07398624357075691
E3,Green,19,0.02,18.0,38259908804043.375,False,0.07398624357075691
E3,Green,19,0.05,18.0,38259908804043.375,False,0.07398624357075691
E3,Green,19,0.1,16.0,1.3492623037311917,False,0.07398624357075691
E3,Green,19,0.2,14.0,1.452865829264313,False,0.07398624357075691
E3,Green,19,0.5,12.0,40.74133031453064,False,0.07398624357075691
E3,Green,19,1.0,12.0,40.74133031453064,False,0.07398624357075691
E3,Green,20,0.0,16.0,1.376673442653737,False,0.07861862313831591
E3,Green,20,0.01,16.0,1.376673442653737,False,0.07861862313831591
E3,Green,20,0.02,16.0,1.376673442653737,False,0.07861862313831591
E3,Green,20,0.05,16.0,1.376673442653737,False,0.07861862313831591
E3,Green,20,0.1,16.0,1.376673442653737,False,0.07861862313831591
E3,Green,20,0.2,16.0,1.376673442653737,False,0.07861862313831591
E3,Green,20,0.5,12.0,3.2849094834369486,False,0.07861862313831591
E3,Green,20,1.0,12.0,3.2849094834369486,False,0.07861862313831591
E3,Green,21,0.0,18.0,21.280180426380433,False,0.07861862313831593
E3,Green,21,0.01,18.0,21.280180426380433,False,0.07861862313831593
E3,Green,21,0.02,18.0,21.280180426380433,False,0.07861862313831593
E3,Green,21,0.05,18.0,21.280180426380433,False,0.07861862313831593
E3,Green,21,0.1,14.0,1.531589015062785,False,0.07861862313831593
E3,Green,21,0.2,14.0,1.531589015062785,False,0.07861862313831593
E3,Green,21,0.5,14.0,1.531589015062785,False,0.07861862313831593
E3,Green,21,1.0,12.0,140.10700901999542,False,0.07861862313831593
E3,Green,22,0.0,16.0,1.4047718996224337,False,0.08133334320930838
E3,Green,22,0.01,16.0,1.4047718996224337,False,0.08133334320930838
E3,Green,22,0.02,16.0,1.4047718996224337,False,0.08133334320930838
E3,Green,22,0.05,16.0,1.4047718996224337,False,0.08133334320930838
E3,Green,22,0.1,16.0,1.4047718996224337,False,0.08133334320930838
E3,Green,22,0.2,14.0,2.911459187594835,False,0.08133334320930838
E3,Green,22,0.5,12.0,3.963967766706971,False,0.08133334320930838
E3,Green,22,1.0,12.0,3.963967766706971,False,0.08133334320930838
E3,Green,23,0.0,19.0,1.054962280435197,False,0.08133334320930845
E3,Green,23,0.01,19.0,1.054962280435197,False,0.08133334320930845
E3,Green,23,0.02,18.0,1.616271759783947,False,0.08133334320930845
E3,Green,23,0.05,14.0,1.452865829264082,False,0.08133334320930845
E3,Green,23,0.1,14.0,1.452865829264082,False,0.08133334320930845
E3,Green,23,0.2,14.0,1.452865829264082,False,0.08133334320930845
E3,Green,23,0.5,14.0,1.452865829264082,False,0.08133334320930845
E3,Green,23,1.0,12.0,35.99895998840128,False,0.08133334320930845
E3,Green,24,0.0,14.0,1.4565616308344411,False,0.07861862313831593
E3,Green,24,0.01,14.0,1.4565616308344411,False,0.07861862313831593
E3,Green,24,0.02,14.0,1.4565616308344411,False,0.07861862313831593
E3,Green,24,0.05,14.0,1.4565616308344411,False,0.07861862313831593
E3,Green,24,0.1,14.0,1.4565616308344411,False,0.07861862313831593
E3,Green,24,0.2,14.0,1.4565616308344411,False,0.07861862313831593
E3,Green,24,0.5,12.0,75.60456605502793,False,0.07861862313831593
E3,Green,24,1.0,12.0,75.60456605502793,False,0.07861862313831593
E3,Green,25,0.0,20.0,1.60537064792512,False,0.07861862313831601
E3,Green,25,0.01,20.0,1.60537064792512,False,0.07861862313831601
E3,Green,25,0.02,20.0,1.60537064792512,False,0.07861862313831601
E3,Green,25,0.05,20.0,1.60537064792512,False,0.07861862313831601
E3,Green,25,0.1,20.0,1.60537064792512,False,0.07861862313831601
E3,Green,25,0.2,20.0,1.60537064792512,False,0.07861862313831601
E3,Green,25,0.5,12.0,23.2502005788316,False,0.07861862313831601
E3,Green,25,1.0,12.0,23.2502005788316,False,0.07861862313831601
E3,Green,26,0.0,16.0,,False,0.07861862313831601
E3,Green,26,0.01,16.0,,False,0.07861862313831601
E3,Green,26,0.02,16.0,,False,0.07861862313831601
E3,Green,26,0.05,16.0,,False,0.07861862313831601
E3,Green,26,0.1,16.0,,False,0.07861862313831601
E3,Green,26,0.2,16.0,,False,0.07861862313831601
E3,Green,26,0.5,12.0,9.35756761155637,False,0.07861862313831601
E3,Green,26,1.0,12.0,9.35756761155637,False,0.07861862313831601
E3,Green,27,0.0,14.0,2.3969439364631615,False,0.07861862313831591
E3,Green,27,0.01,14.0,2.3969439364631615,False,0.07861862313831591
E3,Green,27,0.02,14.0,2.3969439364631615,False,0.07861862313831591
E3,Green,27,0.05,14.0,2.3969439364631615,False,0.07861862313831591
E3,Green,27,0.1,12.0,3.9639677667140396,False,0.07861862313831591
E3,Green,27,0.2,12.0,3.9639677667140396,False,0.07861862313831591
E3,Green,27,0.5,12.0,3.9639677667140396,False,0.07861862313831591
E3,Green,27,1.0,12.0,3.9639677667140396,False,0.07861862313831591
E3,Green,28,0.0,12.0,2.8987845805659593,False,0.07861862313831591
E3,Green,28,0.01,12.0,2.8987845805659593,False,0.07861862313831591
E3,Green,28,0.02,12.0,2.8987845805659593,False,0.07861862313831591
E3,Green,28,0.05,12.0,2.8987845805659593,False,0.07861862313831591
E3,Green,28,0.1,12.0,2.8987845805659593,False,0.07861862313831591
E3,Green,28,0.2,12.0,2.8987845805659593,False,0.07861862313831591
E3,Green,28,0.5,12.0,2.8987845805659593,False,0.07861862313831591
E3,Green,28,1.0,12.0,2.8987845805659593,False,0.07861862313831591
E3,Green,29,0.0,16.0,1.4670512656314283,False,0.07744826527259484
E3,Green,29,0.01,16.0,1.4670512656314283,False,0.07744826527259484
E3,Green,29,0.02,16.0,1.4670512656314283,False,0.07744826527259484
E3,Green,29,0.05,16.0,1.4670512656314283,False,0.07744826527259484
E3,Green,29,0.1,16.0,1.4670512656314283,False,0.07744826527259484
E3,Green,29,0.2,14.0,2.396943936462106,False,0.07744826527259484
E3,Green,29,0.5,12.0,2.898784580560923,False,0.07744826527259484
E3,Green,29,1.0,12.0,2.898784580560923,False,0.07744826527259484
E3,MO-lex,0,0.0,19.0,1.4201369254348997,False,1.4114130381953272
E3,MO-lex,0,0.01,16.0,1.4114130381953272,False,1.4114130381953272
E3,MO-lex,0,0.02,16.0,1.4114130381953272,False,1.4114130381953272
E3,MO-lex,0,0.05,16.0,1.4114130381953272,False,1.4114130381953272
E3,MO-lex,0,0.1,16.0,1.4114130381953272,False,1.4114130381953272
E3,MO-lex,0,0.2,16.0,1.4114130381953272,False,1.4114130381953272
E3,MO-lex,0,0.5,16.0,1.4114130381953272,False,1.4114130381953272
E3,MO-lex,0,1.0,16.0,1.4114130381953272,False,1.4114130381953272
E3,MO-lex,1,0.0,16.0,1.3685669607668864,False,1.3685669607668864
E3,MO-lex,1,0.01,16.0,1.3685669607668864,False,1.3685669607668864
E3,MO-lex,1,0.02,16.0,1.3685669607668864,False,1.3685669607668864
E3,MO-lex,1,0.05,16.0,1.3685669607668864,False,1.3685669607668864
E3,MO-lex,1,0.1,16.0,1.3685669607668864,False,1.3685669607668864
E3,MO-lex,1,0.2,16.0,1.3685669607668864,False,1.3685669607668864
E3,MO-lex,1,0.5,14.0,1.5671959780111402,False,1.3685669607668864
E3,MO-lex,1,1.0,14.0,1.5671959780111402,False,1.3685669607668864
E3,MO-lex,2,0.0,19.0,1.2522088427975897,False,1.2522088427975897
E3,MO-lex,2,0.01,16.0,1.2543238892233024,False,1.2522088427975897
E3,MO-lex,2,0.02,16.0,1.2543238892233024,False,1.2522088427975897
E3,MO-lex,2,0.05,16.0,1.2543238892233024,False,1.2522088427975897
E3,MO-lex,2,0.1,16.0,1.2543238892233024,False,1.2522088427975897
E3,MO-lex,2,0.2,16.0,1.2543238892233024,False,1.2522088427975897
E3,MO-lex,2,0.5,14.0,1.3156392568057336,False,1.2522088427975897
E3,MO-lex,2,1.0,12.0,542.023559226671,False,1.2522088427975897
E3,MO-lex,3,0.0,18.0,1.3937274818636392,False,1.3937274818636392
E3,MO-lex,3,0.01,16.0,1.4114130377786807,False,1.3937274818636392
E3,MO-lex,3,0.02,16.0,1.4114130377786807,False,1.3937274818636392
E3,MO-lex,3,0.05,16.0,1.4114130377786807,False,1.3937274818636392
E3,MO-lex,3,0.1,16.0,1.4114130377786807,False,1.3937274818636392
E3,MO-lex,3,0.2,16.0,1.4114130377786807,False,1.3937274818636392
E3,MO-lex,3,0.5,16.0,1.4114130377786807,False,1.3937274818636392
E3,MO-lex,3,1.0,14.0,129.20178530217558,False,1.3937274818636392
E3,MO-lex,4,0.0,18.0,1.3847582396988163,False,1.3847582396988163
E3,MO-lex,4,0.01,16.0,1.4073547064290304,False,1.3847582396988163
E3,MO-lex,4,0.02,16.0,1.4073547064290304,False,1.3847582396988163
E3,MO-lex,4,0.05,16.0,1.4073547064290304,False,1.3847582396988163
E3,MO-lex,4,0.1,16.0,1.4073547064290304,False,1.3847582396988163
E3,MO-lex,4,0.2,15.0,8.931210244968689,False,1.3847582396988163
E3,MO-lex,4,0.5,14.0,1.516515060178145,False,1.3847582396988163
E3,MO-lex,4,1.0,14.0,1.516515060178145,False,1.3847582396988163
E3,MO-lex,5,0.0,18.0,1.318735813192184,False,1.318735813192184
E3,MO-lex,5,0.01,16.0,1.339835537085711,False,1.318735813192184
E3,MO-lex,5,0.02,16.0,1.339835537085711,False,1.318735813192184
E3,MO-lex,5,0.05,16.0,1.339835537085711,False,1.318735813192184
E3,MO-lex,5,0.1,16.0,1.339835537085711,False,1.318735813192184
E3,MO-lex,5,0.2,16.0,1.339835537085711,False,1.318735813192184
E3,MO-lex,5,0.5,14.0,1.843167327177586,False,1.318735813192184
E3,MO-lex,5,1.0,14.0,1.843167327177586,False,1.318735813192184
E3,MO-lex,6,0.0,19.0,1.503138715081509,False,0.28493316949220443
E3,MO-lex,6,0.01,16.0,1.4670512654174257,False,0.28493316949220443
E3,MO-lex,6,0.02,16.0,1.4670512654174257,False,0.28493316949220443
E3,MO-lex,6,0.05,16.0,1.4670512654174257,False,0.28493316949220443
E3,MO-lex,6,0.1,16.0,1.4670512654174257,False,0.28493316949220443
E3,MO-lex,6,0.2,16.0,1.4670512654174257,False,0.28493316949220443
E3,MO-lex,6,0.5,15.0,28.478621995008684,False,0.28493316949220443
E3,MO-lex,6,1.0,15.0,28.478621995008684,False,0.28493316949220443
E3,MO-lex,7,0.0,20.0,1.1706935881100962,False,0.13970466148600044
E3,MO-lex,7,0.01,20.0,1.1706935881100962,False,0.13970466148600044
E3,MO-lex,7,0.02,20.0,1.1706935881100962,False,0.13970466148600044
E3,MO-lex,7,0.05,20.0,1.1706935881100962,False,0.13970466148600044
E3,MO-lex,7,0.1,20.0,1.1706935881100962,False,0.13970466148600044
E3,MO-lex,7,0.2,20.0,1.1706935881100962,False,0.13970466148600044
E3,MO-lex,7,0.5,18.0,0.24278444474102315,False,0.13970466148600044
E3,MO-lex,7,1.0,18.0,0.24278444474102315,False,0.13970466148600044
E3,MO-lex,8,0.0,16.0,1.4670512654674763,False,0.0794053217908047
E3,MO-lex,8,0.01,16.0,1.4670512654674763,False,0.0794053217908047
E3,MO-lex,8,0.02,16.0,1.4670512654674763,False,0.0794053217908047
E3,MO-lex,8,0.05,16.0,1.4670512654674763,False,0.0794053217908047
E3,MO-lex,8,0.1,16.0,1.4670512654674763,False,0.0794053217908047
E3,MO-lex,8,0.2,16.0,1.4670512654674763,False,0.0794053217908047
E3,MO-lex,8,0.5,14.0,3.2368738681988116,False,0.0794053217908047
E3,MO-lex,8,1.0,14.0,3.2368738681988116,False,0.0794053217908047
E3,MO-lex,9,0.0,20.0,1.300967457472379,False,1.299601640550438
E3,MO-lex,9,0.01,16.0,1.299601640550438,False,1.299601640550438
E3,MO-lex,9,0.02,16.0,1.299601640550438,False,1.299601640550438
E3,MO-lex,9,0.05,16.0,1.299601640550438,False,1.299601640550438
E3,MO-lex,9,0.1,16.0,1.299601640550438,False,1.299601640550438
E3,MO-lex,9,0.2,16.0,1.299601640550438,False,1.299601640550438
E3,MO-lex,9,0.5,14.0,1.5085351819679258,False,1.299601640550438
E3,MO-lex,9,1.0,12.0,272.3494024573,False,1.299601640550438
E3,MO-lex,10,0.0,25.0,0.5117397039527375,False,0.5000326217763083
E3,MO-lex,10,0.01,24.0,0.5562636241465339,False,0.5000326217763083
E3,MO-lex,10,0.02,21.0,0.5000326217763083,False,0.5000326217763083
E3,MO-lex,10,0.05,21.0,0.5000326217763083,False,0.5000326217763083
E3,MO-lex,10,0.1,21.0,0.5000326217763083,False,0.5000326217763083
E3,MO-lex,10,0.2,21.0,0.5000326217763083,False,0.5000326217763083
E3,MO-lex,10,0.5,21.0,0.5000326217763083,False,0.5000326217763083
E3,MO-lex,10,1.0,20.0,0.5807082531145178,False,0.5000326217763083
E3,MO-lex,11,0.0,24.0,0.15936494644949042,False,0.15936494644949042
E3,MO-lex,11,0.01,24.0,0.15936494644949042,False,0.15936494644949042
E3,MO-lex,11,0.02,24.0,0.15936494644949042,False,0.15936494644949042
E3,MO-lex,11,0.05,20.0,1.5731477329613914,False,0.15936494644949042
E3,MO-lex,11,0.1,20.0,1.5731477329613914,False,0.15936494644949042
E3,MO-lex,11,0.2,20.0,1.5731477329613914,False,0.15936494644949042
E3,MO-lex,11,0.5,20.0,1.5731477329613914,False,0.15936494644949042
E3,MO-lex,11,1.0,20.0,1.5731477329613914,False,0.15936494644949042
E3,MO-lex,12,0.0,18.0,1.413237231933367,False,1.413237231933367
E3,MO-lex,12,0.01,16.0,1.4309455630478096,False,1.413237231933367
E3,MO-lex,12,0.02,16.0,1.4309455630478096,False,1.413237231933367
E3,MO-lex,12,0.05,16.0,1.4309455630478096,False,1.413237231933367
E3,MO-lex,12,0.1,16.0,1.4309455630478096,False,1.413237231933367
E3,MO-lex,12,0.2,16.0,1.4309455630478096,False,1.413237231933367
E3,MO-lex,12,0.5,16.0,1.4309455630478096,False,1.413237231933367
E3,MO-lex,12,1.0,14.0,136.14141456847426,False,1.413237231933367
E3,MO-lex,13,0.0,19.0,1.4978106212189835,False,1.2914595046165889
E3,MO-lex,13,0.01,19.0,1.4978106212189835,False,1.2914595046165889
E3,MO-lex,13,0.02,19.0,1.4978106212189835,False,1.2914595046165889
E3,MO-lex,13,0.05,19.0,1.4978106212189835,False,1.2914595046165889
E3,MO-lex,13,0.1,19.0,1.4978106212189835,False,1.2914595046165889
E3,MO-lex,13,0.2,18.0,1.2914595046165889,False,1.2914595046165889
E3,MO-lex,13,0.5,17.0,1.6036133781762083,False,1.2914595046165889
E3,MO-lex,13,1.0,17.0,1.6036133781762083,False,1.2914595046165889
E3,MO-lex,14,0.0,14.0,1.424536414312042,False,0.09154445486372437
E3,MO-lex,14,0.01,14.0,1.424536414312042,False,0.09154445486372437
E3,MO-lex,14,0.02,14.0,1.424536414312042,False,0.09154445486372437
E3,MO-lex,14,0.05,14.0,1.424536414312042,False,0.09154445486372437
E3,MO-lex,14,0.1,14.0,1.424536414312042,False,0.09154445486372437
E3,MO-lex,14,0.2,14.0,1.424536414312042,False,0.09154445486372437
E3,MO-lex,14,0.5,14.0,1.424536414312042,False,0.09154445486372437
E3,MO-lex,14,1.0,14.0,1.424536414312042,False,0.09154445486372437
E3,MO-lex,15,0.0,20.0,1.0777152814237663,False,0.35408354494542943
E3,MO-lex,15,0.01,20.0,1.0777152814237663,False,0.35408354494542943
E3,MO-lex,15,0.02,20.0,1.0777152814237663,False,0.35408354494542943
E3,MO-lex,15,0.05,20.0,1.0777152814237663,False,0.35408354494542943
E3,MO-lex,15,0.1,20.0,1.0777152814237663,False,0.35408354494542943
E3,MO-lex,15,0.2,20.0,1.0777152814237663,False,0.35408354494542943
E3,MO-lex,15,0.5,18.0,0.35408354494542943,False,0.35408354494542943
E3,MO-lex,15,1.0,17.0,1.6003992271570908,False,0.35408354494542943
E3,MO-lex,16,0.0,16.0,1.3737644606081234,False,1.3737644606081234
E3,MO-lex,16,0.01,16.0,1.3737644606081234,False,1.3737644606081234
E3,MO-lex,16,0.02,16.0,1.3737644606081234,False,1.3737644606081234
E3,MO-lex,16,0.05,16.0,1.3737644606081234,False,1.3737644606081234
E3,MO-lex,16,0.1,16.0,1.3737644606081234,False,1.3737644606081234
E3,MO-lex,16,0.2,16.0,1.3737644606081234,False,1.3737644606081234
E3,MO-lex,16,0.5,14.0,7.704964674494544,False,1.3737644606081234
E3,MO-lex,16,1.0,14.0,7.704964674494544,False,1.3737644606081234
E3,MO-lex,17,0.0,18.0,1.4132372314242998,False,1.4132372314242998
E3,MO-lex,17,0.01,16.0,1.4309455630836678,False,1.4132372314242998
E3,MO-lex,17,0.02,16.0,1.4309455630836678,False,1.4132372314242998
E3,MO-lex,17,0.05,16.0,1.4309455630836678,False,1.4132372314242998
E3,MO-lex,17,0.1,16.0,1.4309455630836678,False,1.4132372314242998
E3,MO-lex,17,0.2,12.0,7.364572833632151,False,1.4132372314242998
E3,MO-lex,17,0.5,12.0,7.364572833632151,False,1.4132372314242998
E3,MO-lex,17,1.0,12.0,7.364572833632151,False,1.4132372314242998
E3,MO-lex,18,0.0,16.0,1.474250042250113,False,1.474250042250113
E3,MO-lex,18,0.01,16.0,1.474250042250113,False,1.474250042250113
E3,MO-lex,18,0.02,16.0,1.474250042250113,False,1.474250042250113
E3,MO-lex,18,0.05,16.0,1.474250042250113,False,1.474250042250113
E3,MO-lex,18,0.1,16.0,1.474250042250113,False,1.474250042250113
E3,MO-lex,18,0.2,16.0,1.474250042250113,False,1.474250042250113
E3,MO-lex,18,0.5,14.0,1.5789925514511733,False,1.474250042250113
E3,MO-lex,18,1.0,14.0,1.5789925514511733,False,1.474250042250113
E3,MO-lex,19,0.0,19.0,1.506652679879836,False,1.4670512654687449
E3,MO-lex,19,0.01,16.0,1.4670512654687449,False,1.4670512654687449
E3,MO-lex,19,0.02,16.0,1.4670512654687449,False,1.4670512654687449
E3,MO-lex,19,0.05,16.0,1.4670512654687449,False,1.4670512654687449
E3,MO-lex,19,0.1,16.0,1.4670512654687449,False,1.4670512654687449
E3,MO-lex,19,0.2,16.0,1.4670512654687449,False,1.4670512654687449
E3,MO-lex,19,0.5,12.0,12.980748539452287,False,1.4670512654687449
E3,MO-lex,19,1.0,12.0,12.980748539452287,False,1.4670512654687449
E3,MO-lex,20,0.0,16.0,1.3814531183213783,False,1.3814531183213783
E3,MO-lex,20,0.01,16.0,1.3814531183213783,False,1.3814531183213783
E3,MO-lex,20,0.02,16.0,1.3814531183213783,False,1.3814531183213783
E3,MO-lex,20,0.05,16.0,1.3814531183213783,False,1.3814531183213783
E3,MO-lex,20,0.1,16.0,1.3814531183213783,False,1.3814531183213783
E3,MO-lex,20,0.2,15.0,15.949521099753676,False,1.3814531183213783
E3,MO-lex,20,0.5,12.0,12.636048921423928,False,1.3814531183213783
E3,MO-lex,20,1.0,12.0,12.636048921423928,False,1.3814531183213783
E3,MO-lex,21,0.0,20.0,1.1192204615298393,False,0.4244785627122026
E3,MO-lex,21,0.01,20.0,1.1192204615298393,False,0.4244785627122026
E3,MO-lex,21,0.02,20.0,1.1192204615298393,False,0.4244785627122026
E3,MO-lex,21,0.05,20.0,1.1192204615298393,False,0.4244785627122026
E3,MO-lex,21,0.1,20.0,1.1192204615298393,False,0.4244785627122026
E3,MO-lex,21,0.2,20.0,1.1192204615298393,False,0.4244785627122026
E3,MO-lex,21,0.5,18.0,0.4244785627122026,False,0.4244785627122026
E3,MO-lex,21,1.0,16.0,3.8944860360178217,False,0.4244785627122026
E3,MO-lex,22,0.0,14.0,1.4245364143079842,False,1.2025204217894379
E3,MO-lex,22,0.01,14.0,1.4245364143079842,False,1.2025204217894379
E3,MO-lex,22,0.02,14.0,1.4245364143079842,False,1.2025204217894379
E3,MO-lex,22,0.05,14.0,1.4245364143079842,False,1.2025204217894379
E3,MO-lex,22,0.1,14.0,1.4245364143079842,False,1.2025204217894379
E3,MO-lex,22,0.2,14.0,1.4245364143079842,False,1.2025204217894379
E3,MO-lex,22,0.5,14.0,1.4245364143079842,False,1.2025204217894379
E3,MO-lex,22,1.0,14.0,1.4245364143079842,False,1.2025204217894379
E3,MO-lex,23,0.0,21.0,0.06295452017153055,False,0.06295452017153055
E3,MO-lex,23,0.01,18.0,0.06446755592298278,False,0.06295452017153055
E3,MO-lex,23,0.02,18.0,0.06446755592298278,False,0.06295452017153055
E3,MO-lex,23,0.05,18.0,0.06446755592298278,False,0.06295452017153055
E3,MO-lex,23,0.1,18.0,0.06446755592298278,False,0.06295452017153055
E3,MO-lex,23,0.2,18.0,0.06446755592298278,False,0.06295452017153055
E3,MO-lex,23,0.5,18.0,0.06446755592298278,False,0.06295452017153055
E3,MO-lex,23,1.0,18.0,0.06446755592298278,False,0.06295452017153055
E3,MO-lex,24,0.0,19.0,1.5027628031419384,False,1.4670512654698473
E3,MO-lex,24,0.01,16.0,1.4670512654698473,False,1.4670512654698473
E3,MO-lex,24,0.02,16.0,1.4670512654698473,False,1.4670512654698473
E3,MO-lex,24,0.05,16.0,1.4670512654698473,False,1.4670512654698473
E3,MO-lex,24,0.1,16.0,1.4670512654698473,False,1.4670512654698473
E3,MO-lex,24,0.2,16.0,1.4670512654698473,False,1.4670512654698473
E3,MO-lex,24,0.5,14.0,3.236873868223929,False,1.4670512654698473
E3,MO-lex,24,1.0,14.0,3.236873868223929,False,1.4670512654698473
E3,MO-lex,25,0.0,18.0,1.3937274818561558,False,0.3413566359705248
E3,MO-lex,25,0.01,16.0,1.3398355368559265,False,0.3413566359705248
E3,MO-lex,25,0.02,16.0,1.3398355368559265,False,0.3413566359705248
E3,MO-lex,25,0.05,16.0,1.3398355368559265,False,0.3413566359705248
E3,MO-lex,25,0.1,16.0,1.3398355368559265,False,0.3413566359705248
E3,MO-lex,25,0.2,14.0,6.123957139593107,False,0.3413566359705248
E3,MO-lex,25,0.5,14.0,6.123957139593107,False,0.3413566359705248
E3,MO-lex,25,1.0,14.0,6.123957139593107,False,0.3413566359705248
E3,MO-lex,26,0.0,19.0,1.4325346169094877,False,1.4181047658819748
E3,MO-lex,26,0.01,16.0,1.4181047658819748,False,1.4181047658819748
E3,MO-lex,26,0.02,16.0,1.4181047658819748,False,1.4181047658819748
E3,MO-lex,26,0.05,16.0,1.4181047658819748,False,1.4181047658819748
E3,MO-lex,26,0.1,16.0,1.4181047658819748,False,1.4181047658819748
E3,MO-lex,26,0.2,16.0,1.4181047658819748,False,1.4181047658819748
E3,MO-lex,26,0.5,14.0,1.5474295103009832,False,1.4181047658819748
E3,MO-lex,26,1.0,14.0,1.5474295103009832,False,1.4181047658819748
E3,MO-lex,27,0.0,19.0,1.4625786496880029,False,1.4296840167920426
E3,MO-lex,27,0.01,16.0,1.4296840167920426,False,1.4296840167920426
E3,MO-lex,27,0.02,16.0,1.4296840167920426,False,1.4296840167920426
E3,MO-lex,27,0.05,16.0,1.4296840167920426,False,1.4296840167920426
E3,MO-lex,27,0.1,16.0,1.4296840167920426,False,1.4296840167920426
E3,MO-lex,27,0.2,14.0,2.514396867771477,False,1.4296840167920426
E3,MO-lex,27,0.5,14.0,2.514396867771477,False,1.4296840167920426
E3,MO-lex,27,1.0,14.0,2.514396867771477,False,1.4296840167920426
E3,MO-lex,28,0.0,14.0,1.5473864518772669,False,1.5473864518772669
E3,MO-lex,28,0.01,14.0,1.5473864518772669,False,1.5473864518772669
E3,MO-lex,28,0.02,14.0,1.5473864518772669,False,1.5473864518772669
E3,MO-lex,28,0.05,14.0,1.5473864518772669,False,1.5473864518772669
E3,MO-lex,28,0.1,14.0,1.5473864518772669,False,1.5473864518772669
E3,MO-lex,28,0.2,14.0,1.5473864518772669,False,1.5473864518772669
E3,MO-lex,28,0.5,12.0,154.27027319608396,False,1.5473864518772669
E3,MO-lex,28,1.0,12.0,154.27027319608396,False,1.5473864518772669
E3,MO-lex,29,0.0,16.0,,False,1.4655813557904531
E3,MO-lex,29,0.01,16.0,,False,1.4655813557904531
E3,MO-lex,29,0.02,16.0,,False,1.4655813557904531
E3,MO-lex,29,0.05,16.0,,False,1.4655813557904531
E3,MO-lex,29,0.1,16.0,,False,1.4655813557904531
E3,MO-lex,29,0.2,16.0,,False,1.4655813557904531
E3,MO-lex,29,0.5,14.0,1.4655813557904531,False,1.4655813557904531
E3,MO-lex,29,1.0,14.0,1.4655813557904531,False,1.4655813557904531
E3,SO,0,0.0,19.0,1.4201369254348997,False,1.4201369254348997
E3,SO,0,0.01,19.0,1.4201369254348997,False,1.4201369254348997
E3,SO,0,0.02,19.0,1.4201369254348997,False,1.4201369254348997
E3,SO,0,0.05,19.0,1.4201369254348997,False,1.4201369254348997
E3,SO,0,0.1,19.0,1.4201369254348997,False,1.4201369254348997
E3,SO,0,0.2,19.0,1.4201369254348997,False,1.4201369254348997
E3,SO,0,0.5,19.0,1.4201369254348997,False,1.4201369254348997
E3,SO,0,1.0,19.0,1.4201369254348997,False,1.4201369254348997
E3,SO,1,0.0,16.0,1.3685669607668864,False,1.3685669607668864
E3,SO,1,0.01,16.0,1.3685669607668864,False,1.3685669607668864
E3,SO,1,0.02,16.0,1.3685669607668864,False,1.3685669607668864
E3,SO,1,0.05,16.0,1.3685669607668864,False,1.3685669607668864
E3,SO,1,0.1,16.0,1.3685669607668864,False,1.3685669607668864
E3,SO,1,0.2,16.0,1.3685669607668864,False,1.3685669607668864
E3,SO,1,0.5,16.0,1.3685669607668864,False,1.3685669607668864
E3,SO,1,1.0,16.0,1.3685669607668864,False,1.3685669607668864
E3,SO,2,0.0,19.0,1.2522088427975897,False,1.2522088427975897
E3,SO,2,0.01,19.0,1.2522088427975897,False,1.2522088427975897
E3,SO,2,0.02,19.0,1.2522088427975897,False,1.2522088427975897
E3,SO,2,0.05,19.0,1.2522088427975897,False,1.2522088427975897
E3,SO,2,0.1,19.0,1.2522088427975897,False,1.2522088427975897
E3,SO,2,0.2,19.0,1.2522088427975897,False,1.2522088427975897
E3,SO,2,0.5,19.0,1.2522088427975897,False,1.2522088427975897
E3,SO,2,1.0,19.0,1.2522088427975897,False,1.2522088427975897
E3,SO,3,0.0,18.0,1.3937274818636392,False,1.3937274818636392
E3,SO,3,0.01,18.0,1.3937274818636392,False,1.3937274818636392
E3,SO,3,0.02,18.0,1.3937274818636392,False,1.3937274818636392
E3,SO,3,0.05,18.0,1.3937274818636392,False,1.3937274818636392
E3,SO,3,0.1,18.0,1.3937274818636392,False,1.3937274818636392
E3,SO,3,0.2,18.0,1.3937274818636392,False,1.3937274818636392
E3,SO,3,0.5,18.0,1.3937274818636392,False,1.3937274818636392
E3,SO,3,1.0,18.0,1.3937274818636392,False,1.3937274818636392
E3,SO,4,0.0,18.0,1.3847582396988163,False,1.3847582396988163
E3,SO,4,0.01,18.0,1.3847582396988163,False,1.3847582396988163
E3,SO,4,0.02,18.0,1.3847582396988163,False,1.3847582396988163
E3,SO,4,0.05,18.0,1.3847582396988163,False,1.3847582396988163
E3,SO,4,0.1,18.0,1.3847582396988163,False,1.3847582396988163
E3,SO,4,0.2,18.0,1.3847582396988163,False,1.3847582396988163
E3,SO,4,0.5,18.0,1.3847582396988163,False,1.3847582396988163
E3,SO,4,1.0,18.0,1.3847582396988163,False,1.3847582396988163
E3,SO,5,0.0,18.0,1.318735813192184,False,1.318735813192184
E3,SO,5,0.01,18.0,1.318735813192184,False,1.318735813192184
E3,SO,5,0.02,18.0,1.318735813192184,False,1.318735813192184
E3,SO,5,0.05,18.0,1.318735813192184,False,1.318735813192184
E3,SO,5,0.1,18.0,1.318735813192184,False,1.318735813192184
E3,SO,5,0.2,18.0,1.318735813192184,False,1.318735813192184
E3,SO,5,0.5,18.0,1.318735813192184,False,1.318735813192184
E3,SO,5,1.0,18.0,1.318735813192184,False,1.318735813192184
E3,SO,6,0.0,19.0,1.503138715081509,False,1.503138715081509
E3,SO,6,0.01,19.0,1.503138715081509,False,1.503138715081509
E3,SO,6,0.02,19.0,1.503138715081509,False,1.503138715081509
E3,SO,6,0.05,19.0,1.503138715081509,False,1.503138715081509
E3,SO,6,0.1,19.0,1.503138715081509,False,1.503138715081509
E3,SO,6,0.2,19.0,1.503138715081509,False,1.503138715081509
E3,SO,6,0.5,19.0,1.503138715081509,False,1.503138715081509
E3,SO,6,1.0,19.0,1.503138715081509,False,1.503138715081509
E3,SO,7,0.0,20.0,1.1706935881100962,False,1.1706935881100962
E3,SO,7,0.01,20.0,1.1706935881100962,False,1.1706935881100962
E3,SO,7,0.02,20.0,1.1706935881100962,False,1.1706935881100962
E3,SO,7,0.05,20.0,1.1706935881100962,False,1.1706935881100962
E3,SO,7,0.1,20.0,1.1706935881100962,False,1.1706935881100962
E3,SO,7,0.2,20.0,1.1706935881100962,False,1.1706935881100962
E3,SO,7,0.5,20.0,1.1706935881100962,False,1.1706935881100962
E3,SO,7,1.0,20.0,1.1706935881100962,False,1.1706935881100962
E3,SO,8,0.0,16.0,1.4670512654674763,False,1.4670512654674763
E3,SO,8,0.01,16.0,1.4670512654674763,False,1.4670512654674763
E3,SO,8,0.02,16.0,1.4670512654674763,False,1.4670512654674763
E3,SO,8,0.05,16.0,1.4670512654674763,False,1.4670512654674763
E3,SO,8,0.1,16.0,1.4670512654674763,False,1.4670512654674763
E3,SO,8,0.2,16.0,1.4670512654674763,False,1.4670512654674763
E3,SO,8,0.5,16.0,1.4670512654674763,False,1.4670512654674763
E3,SO,8,1.0,16.0,1.4670512654674763,False,1.4670512654674763
E3,SO,9,0.0,20.0,1.300967457472379,False,1.300967457472379
E3,SO,9,0.01,20.0,1.300967457472379,False,1.300967457472379
E3,SO,9,0.02,20.0,1.300967457472379,False,1.300967457472379
E3,SO,9,0.05,20.0,1.300967457472379,False,1.300967457472379
E3,SO,9,0.1,20.0,1.300967457472379,False,1.300967457472379
E3,SO,9,0.2,20.0,1.300967457472379,False,1.300967457472379
E3,SO,9,0.5,20.0,1.300967457472379,False,1.300967457472379
E3,SO,9,1.0,20.0,1.300967457472379,False,1.300967457472379
E3,SO,10,0.0,25.0,0.5117397039527375,False,0.5117397039527375
E3,SO,10,0.01,25.0,0.5117397039527375,False,0.5117397039527375
E3,SO,10,0.02,25.0,0.5117397039527375,False,0.5117397039527375
E3,SO,10,0.05,25.0,0.5117397039527375,False,0.5117397039527375
E3,SO,10,0.1,25.0,0.5117397039527375,False,0.5117397039527375
E3,SO,10,0.2,25.0,0.5117397039527375,False,0.5117397039527375
E3,SO,10,0.5,25.0,0.5117397039527375,False,0.5117397039527375
E3,SO,10,1.0,25.0,0.5117397039527375,False,0.5117397039527375
E3,SO,11,0.0,24.0,0.15936494644949042,False,0.15936494644949042
E3,SO,11,0.01,24.0,0.15936494644949042,False,0.15936494644949042
E3,SO,11,0.02,24.0,0.15936494644949042,False,0.15936494644949042
E3,SO,11,0.05,24.0,0.15936494644949042,False,0.15936494644949042
E3,SO,11,0.1,24.0,0.15936494644949042,False,0.15936494644949042
E3,SO,11,0.2,24.0,0.15936494644949042,False,0.15936494644949042
E3,SO,11,0.5,24.0,0.15936494644949042,False,0.15936494644949042
E3,SO,11,1.0,24.0,0.15936494644949042,False,0.15936494644949042
E3,SO,12,0.0,18.0,1.413237231933367,False,1.413237231933367
E3,SO,12,0.01,18.0,1.413237231933367,False,1.413237231933367
E3,SO,12,0.02,18.0,1.413237231933367,False,1.413237231933367
E3,SO,12,0.05,18.0,1.413237231933367,False,1.413237231933367
E3,SO,12,0.1,18.0,1.413237231933367,False,1.413237231933367
E3,SO,12,0.2,18.0,1.413237231933367,False,1.413237231933367
E3,SO,12,0.5,18.0,1.413237231933367,False,1.413237231933367
E3,SO,12,1.0,18.0,1.413237231933367,False,1.413237231933367
E3,SO,13,0.0,19.0,1.4978106212189835,False,1.4978106212189835
E3,SO,13,0.01,19.0,1.4978106212189835,False,1.4978106212189835
E3,SO,13,0.02,19.0,1.4978106212189835,False,1.4978106212189835
E3,SO,13,0.05,19.0,1.4978106212189835,False,1.4978106212189835
E3,SO,13,0.1,19.0,1.4978106212189835,False,1.4978106212189835
E3,SO,13,0.2,19.0,1.4978106212189835,False,1.4978106212189835
E3,SO,13,0.5,19.0,1.4978106212189835,False,1.4978106212189835
E3,SO,13,1.0,19.0,1.4978106212189835,False,1.4978106212189835
E3,SO,14,0.0,14.0,1.424536414312042,False,1.424536414312042
E3,SO,14,0.01,14.0,1.424536414312042,False,1.424536414312042
E3,SO,14,0.02,14.0,1.424536414312042,False,1.424536414312042
E3,SO,14,0.05,14.0,1.424536414312042,False,1.424536414312042
E3,SO,14,0.1,14.0,1.424536414312042,False,1.424536414312042
E3,SO,14,0.2,14.0,1.424536414312042,False,1.424536414312042
E3,SO,14,0.5,14.0,1.424536414312042,False,1.424536414312042
E3,SO,14,1.0,14.0,1.424536414312042,False,1.424536414312042
E3,SO,15,0.0,20.0,1.0777152814237663,False,1.0777152814237663
E3,SO,15,0.01,20.0,1.0777152814237663,False,1.0777152814237663
E3,SO,15,0.02,20.0,1.0777152814237663,False,1.0777152814237663
E3,SO,15,0.05,20.0,1.0777152814237663,False,1.0777152814237663
E3,SO,15,0.1,20.0,1.0777152814237663,False,1.0777152814237663
E3,SO,15,0.2,20.0,1.0777152814237663,False,1.0777152814237663
E3,SO,15,0.5,20.0,1.0777152814237663,False,1.0777152814237663
E3,SO,15,1.0,20.0,1.0777152814237663,False,1.0777152814237663
E3,SO,16,0.0,16.0,1.3737644606081234,False,1.3737644606081234
E3,SO,16,0.01,16.0,1.3737644606081234,False,1.3737644606081234
E3,SO,16,0.02,16.0,1.3737644606081234,False,1.3737644606081234
E3,SO,16,0.05,16.0,1.3737644606081234,False,1.3737644606081234
E3,SO,16,0.1,16.0,1.3737644606081234,False,1.3737644606081234
E3,SO,16,0.2,16.0,1.3737644606081234,False,1.3737644606081234
E3,SO,16,0.5,16.0,1.3737644606081234,False,1.3737644606081234
E3,SO,16,1.0,16.0,1.3737644606081234,False,1.3737644606081234
E3,SO,17,0.0,18.0,1.4132372314242998,False,1.4132372314242998
E3,SO,17,0.01,18.0,1.4132372314242998,False,1.4132372314242998
E3,SO,17,0.02,18.0,1.4132372314242998,False,1.4132372314242998
E3,SO,17,0.05,18.0,1.4132372314242998,False,1.4132372314242998
E3,SO,17,0.1,18.0,1.4132372314242998,False,1.4132372314242998
E3,SO,17,0.2,18.0,1.4132372314242998,False,1.4132372314242998
E3,SO,17,0.5,18.0,1.4132372314242998,False,1.4132372314242998
E3,SO,17,1.0,18.0,1.4132372314242998,False,1.4132372314242998
E3,SO,18,0.0,16.0,1.474250042250113,False,1.474250042250113
E3,SO,18,0.01,16.0,1.474250042250113,False,1.474250042250113
E3,SO,18,0.02,16.0,1.474250042250113,False,1.474250042250113
E3,SO,18,0.05,16.0,1.474250042250113,False,1.474250042250113
E3,SO,18,0.1,16.0,1.474250042250113,False,1.474250042250113
E3,SO,18,0.2,16.0,1.474250042250113,False,1.474250042250113
E3,SO,18,0.5,16.0,1.474250042250113,False,1.474250042250113
E3,SO,18,1.0,16.0,1.474250042250113,False,1.474250042250113
E3,SO,19,0.0,19.0,1.506652679879836,False,1.506652679879836
E3,SO,19,0.01,19.0,1.506652679879836,False,1.506652679879836
E3,SO,19,0.02,19.0,1.506652679879836,False,1.506652679879836
E3,SO,19,0.05,19.0,1.506652679879836,False,1.506652679879836
E3,SO,19,0.1,19.0,1.506652679879836,False,1.506652679879836
E3,SO,19,0.2,19.0,1.506652679879836,False,1.506652679879836
E3,SO,19,0.5,19.0,1.506652679879836,False,1.506652679879836
E3,SO,19,1.0,19.0,1.506652679879836,False,1.506652679879836
E3,SO,20,0.0,16.0,1.3814531183213783,False,1.3814531183213783
E3,SO,20,0.01,16.0,1.3814531183213783,False,1.3814531183213783
E3,SO,20,0.02,16.0,1.3814531183213783,False,1.3814531183213783
E3,SO,20,0.05,16.0,1.3814531183213783,False,1.3814531183213783
E3,SO,20,0.1,16.0,1.3814531183213783,False,1.3814531183213783
E3,SO,20,0.2,16.0,1.3814531183213783,False,1.3814531183213783
E3,SO,20,0.5,16.0,1.3814531183213783,False,1.3814531183213783
E3,SO,20,1.0,16.0,1.3814531183213783,False,1.3814531183213783
E3,SO,21,0.0,20.0,1.1192204615298393,False,1.1192204615298393
E3,SO,21,0.01,20.0,1.1192204615298393,False,1.1192204615298393
E3,SO,21,0.02,20.0,1.1192204615298393,False,1.1192204615298393
E3,SO,21,0.05,20.0,1.1192204615298393,False,1.1192204615298393
E3,SO,21,0.1,20.0,1.1192204615298393,False,1.1192204615298393
E3,SO,21,0.2,20.0,1.1192204615298393,False,1.1192204615298393
E3,SO,21,0.5,20.0,1.1192204615298393,False,1.1192204615298393
E3,SO,21,1.0,20.0,1.1192204615298393,False,1.1192204615298393
E3,SO,22,0.0,14.0,1.4245364143079842,False,1.4245364143079842
E3,SO,22,0.01,14.0,1.4245364143079842,False,1.4245364143079842
E3,SO,22,0.02,14.0,1.4245364143079842,False,1.4245364143079842
E3,SO,22,0.05,14.0,1.4245364143079842,False,1.4245364143079842
E3,SO,22,0.1,14.0,1.4245364143079842,False,1.4245364143079842
E3,SO,22,0.2,14.0,1.4245364143079842,False,1.4245364143079842
E3,SO,22,0.5,14.0,1.4245364143079842,False,1.4245364143079842
E3,SO,22,1.0,14.0,1.4245364143079842,False,1.4245364143079842
E3,SO,23,0.0,21.0,0.06295452017153055,False,0.06295452017153055
E3,SO,23,0.01,21.0,0.06295452017153055,False,0.06295452017153055
E3,SO,23,0.02,21.0,0.06295452017153055,False,0.06295452017153055
E3,SO,23,0.05,21.0,0.06295452017153055,False,0.06295452017153055
E3,SO,23,0.1,21.0,0.06295452017153055,False,0.06295452017153055
E3,SO,23,0.2,21.0,0.06295452017153055,False,0.06295452017153055
E3,SO,23,0.5,21.0,0.06295452017153055,False,0.06295452017153055
E3,SO,23,1.0,21.0,0.06295452017153055,False,0.06295452017153055
E3,SO,24,0.0,19.0,1.5027628031419384,False,1.5027628031419384
E3,SO,24,0.01,19.0,1.5027628031419384,False,1.5027628031419384
E3,SO,24,0.02,19.0,1.5027628031419384,False,1.5027628031419384
E3,SO,24,0.05,19.0,1.5027628031419384,False,1.5027628031419384
E3,SO,24,0.1,19.0,1.5027628031419384,False,1.5027628031419384
E3,SO,24,0.2,19.0,1.5027628031419384,False,1.5027628031419384
E3,SO,24,0.5,19.0,1.5027628031419384,False,1.5027628031419384
E3,SO,24,1.0,19.0,1.5027628031419384,False,1.5027628031419384
E3,SO,25,0.0,18.0,1.3937274818561558,False,1.3937274818561558
E3,SO,25,0.01,18.0,1.3937274818561558,False,1.3937274818561558
E3,SO,25,0.02,18.0,1.3937274818561558,False,1.3937274818561558
E3,SO,25,0.05,18.0,1.3937274818561558,False,1.3937274818561558
E3,SO,25,0.1,18.0,1.3937274818561558,False,1.3937274818561558
E3,SO,25,0.2,18.0,1.3937274818561558,False,1.3937274818561558
E3,SO,25,0.5,18.0,1.3937274818561558,False,1.3937274818561558
E3,SO,25,1.0,18.0,1.3937274818561558,False,1.3937274818561558
E3,SO,26,0.0,19.0,1.4325346169094877,False,1.4325346169094877
E3,SO,26,0.01,19.0,1.4325346169094877,False,1.4325346169094877
E3,SO,26,0.02,19.0,1.4325346169094877,False,1.4325346169094877
E3,SO,26,0.05,19.0,1.4325346169094877,False,1.4325346169094877
E3,SO,26,0.1,19.0,1.4325346169094877,False,1.4325346169094877
E3,SO,26,0.2,19.0,1.4325346169094877,False,1.4325346169094877
E3,SO,26,0.5,19.0,1.4325346169094877,False,1.4325346169094877
E3,SO,26,1.0,19.0,1.4325346169094877,False,1.4325346169094877
E3,SO,27,0.0,19.0,1.4625786496880029,False,1.4625786496880029
E3,SO,27,0.01,19.0,1.4625786496880029,False,1.4625786496880029
E3,SO,27,0.02,19.0,1.4625786496880029,False,1.4625786496880029
E3,SO,27,0.05,19.0,1.4625786496880029,False,1.4625786496880029
E3,SO,27,0.1,19.0,1.4625786496880029,False,1.4625786496880029
E3,SO,27,0.2,19.0,1.4625786496880029,False,1.4625786496880029
E3,SO,27,0.5,19.0,1.4625786496880029,False,1.4625786496880029
E3,SO,27,1.0,19.0,1.4625786496880029,False,1.4625786496880029
E3,SO,28,0.0,14.0,1.5473864518772669,False,1.5473864518772669
E3,SO,28,0.01,14.0,1.5473864518772669,False,1.5473864518772669
E3,SO,28,0.02,14.0,1.5473864518772669,False,1.5473864518772669
E3,SO,28,0.05,14.0,1.5473864518772669,False,1.5473864518772669
E3,SO,28,0.1,14.0,1.5473864518772669,False,1.5473864518772669
E3,SO,28,0.2,14.0,1.5473864518772669,False,1.5473864518772669
E3,SO,28,0.5,14.0,1.5473864518772669,False,1.5473864518772669
E3,SO,28,1.0,14.0,1.5473864518772669,False,1.5473864518772669
E3,SO,29,0.0,16.0,,False,
E3,SO,29,0.01,16.0,,False,
E3,SO,29,0.02,16.0,,False,
E3,SO,29,0.05,16.0,,False,
E3,SO,29,0.1,16.0,,False,
E3,SO,29,0.2,16.0,,False,
E3,SO,29,0.5,16.0,,False,
E3,SO,29,1.0,16.0,,False,
