arm,scenario,example,config,seed,error_reference,HV_val
native,karatsuba,E1,SO,0,1.0,0.738187919463087
native,karatsuba,E1,SO,0,0.2,0.14763758389261725
native,karatsuba,E1,SO,0,0.1,0.07381879194630853
native,karatsuba,E1,SO,1,1.0,0.6403355704697984
native,karatsuba,E1,SO,1,0.2,0.12806711409395952
native,karatsuba,E1,SO,1,0.1,0.06403355704697966
native,karatsuba,E1,SO,2,1.0,0.6892617449664428
native,karatsuba,E1,SO,2,0.2,0.13785234899328844
native,karatsuba,E1,SO,2,0.1,0.06892617449664415
native,karatsuba,E1,SO,3,1.0,0.538187919463087
native,karatsuba,E1,SO,3,0.2,0.1076375838926173
native,karatsuba,E1,SO,3,0.1,0.05381879194630857
native,karatsuba,E1,SO,4,1.0,0.7381879194630871
native,karatsuba,E1,SO,4,0.2,0.14763758389261725
native,karatsuba,E1,SO,4,0.1,0.07381879194630854
native,karatsuba,E1,SO,5,1.0,0.68496644295302
native,karatsuba,E1,SO,5,0.2,0.13699328859060386
native,karatsuba,E1,SO,5,0.1,0.06849664429530185
native,karatsuba,E1,SO,6,1.0,0.7914093959731541
native,karatsuba,E1,SO,6,0.2,0.15828187919463066
native,karatsuba,E1,SO,6,0.1,0.07914093959731522
native,karatsuba,E1,SO,7,1.0,0.738187919463087
native,karatsuba,E1,SO,7,0.2,0.14763758389261716
native,karatsuba,E1,SO,7,0.1,0.07381879194630846
native,karatsuba,E1,SO,8,1.0,0.5871140939597314
native,karatsuba,E1,SO,8,0.2,0.11742281879194616
native,karatsuba,E1,SO,8,0.1,0.058711409395973
native,karatsuba,E1,SO,9,1.0,0.7914093959731541
native,karatsuba,E1,SO,9,0.2,0.15828187919463066
native,karatsuba,E1,SO,9,0.1,0.07914093959731522
native,karatsuba,E1,SO,10,1.0,0.7914093959731541
native,karatsuba,E1,SO,10,0.2,0.15828187919463066
native,karatsuba,E1,SO,10,0.1,0.07914093959731522
native,karatsuba,E1,SO,11,1.0,0.7914093959731541
native,karatsuba,E1,SO,11,0.2,0.15828187919463066
native,karatsuba,E1,SO,11,0.1,0.07914093959731522
native,karatsuba,E1,SO,12,1.0,0.6403355704697985
native,karatsuba,E1,SO,12,0.2,0.1280671140939596
native,karatsuba,E1,SO,12,0.1,0.06403355704697973
native,karatsuba,E1,SO,13,1.0,0.7914093959731541
native,karatsuba,E1,SO,13,0.2,0.15828187919463066
native,karatsuba,E1,SO,13,0.1,0.07914093959731522
native,karatsuba,E1,SO,14,1.0,0.7381879194630871
native,karatsuba,E1,SO,14,0.2,0.1476375838926173
native,karatsuba,E1,SO,14,0.1,0.07381879194630855
native,karatsuba,E1,SO,15,1.0,0.7381879194630871
native,karatsuba,E1,SO,15,0.2,0.14763758389261725
native,karatsuba,E1,SO,15,0.1,0.07381879194630853
native,karatsuba,E1,SO,16,1.0,0.7381879194630871
native,karatsuba,E1,SO,16,0.2,0.1476375838926173
native,karatsuba,E1,SO,16,0.1,0.07381879194630855
native,karatsuba,E1,SO,17,1.0,0.738187919463087
native,karatsuba,E1,SO,17,0.2,0.14763758389261722
native,karatsuba,E1,SO,17,0.1,0.07381879194630848
native,karatsuba,E1,SO,18,1.0,0.6892617449664428
native,karatsuba,E1,SO,18,0.2,0.1378523489932884
native,karatsuba,E1,SO,18,0.1,0.06892617449664414
native,karatsuba,E1,SO,19,1.0,0.7914093959731541
native,karatsuba,E1,SO,19,0.2,0.15828187919463066
native,karatsuba,E1,SO,19,0.1,0.07914093959731522
native,karatsuba,E1,SO,20,1.0,0.7914093959731541
native,karatsuba,E1,SO,20,0.2,0.15828187919463066
native,karatsuba,E1,SO,20,0.1,0.07914093959731522
native,karatsuba,E1,SO,21,1.0,0.6403355704697984
native,karatsuba,E1,SO,21,0.2,0.12806711409395954
native,karatsuba,E1,SO,21,0.1,0.06403355704697967
native,karatsuba,E1,SO,22,1.0,0.6849664429530199
native,karatsuba,E1,SO,22,0.2,0.1369932885906038
native,karatsuba,E1,SO,22,0.1,0.06849664429530179
native,karatsuba,E1,SO,23,1.0,0.5381879194630871
native,karatsuba,E1,SO,23,0.2,0.10763758389261731
native,karatsuba,E1,SO,23,0.1,0.053818791946308585
native,karatsuba,E1,SO,24,1.0,0.7381879194630871
native,karatsuba,E1,SO,24,0.2,0.1476375838926173
native,karatsuba,E1,SO,24,0.1,0.07381879194630858
native,karatsuba,E1,SO,25,1.0,0.68496644295302
native,karatsuba,E1,SO,25,0.2,0.13699328859060386
native,karatsuba,E1,SO,25,0.1,0.06849664429530185
native,karatsuba,E1,SO,26,1.0,0.7381879194630871
native,karatsuba,E1,SO,26,0.2,0.1476375838926173
native,karatsuba,E1,SO,26,0.1,0.07381879194630855
native,karatsuba,E1,SO,27,1.0,0.7381879194630871
native,karatsuba,E1,SO,27,0.2,0.1476375838926173
native,karatsuba,E1,SO,27,0.1,0.07381879194630855
native,karatsuba,E1,SO,28,1.0,0.7381879194630871
native,karatsuba,E1,SO,28,0.2,0.1476375838926173
native,karatsuba,E1,SO,28,0.1,0.07381879194630855
native,karatsuba,E1,SO,29,1.0,0.7381879194630871
native,karatsuba,E1,SO,29,0.2,0.1476375838926173
native,karatsuba,E1,SO,29,0.1,0.07381879194630855
native,karatsuba,E1,MO-lex,0,1.0,0.8827886748689627
native,karatsuba,E1,MO-lex,0,0.2,0.16794303728507023
native,karatsuba,E1,MO-lex,0,0.1,0.0791409395973152
native,karatsuba,E1,MO-lex,1,1.0,0.8827886748689628
native,karatsuba,E1,MO-lex,1,0.2,0.16794303728507032
native,karatsuba,E1,MO-lex,1,0.1,0.07914093959731518
native,karatsuba,E1,MO-lex,2,1.0,0.8827886748689628
native,karatsuba,E1,MO-lex,2,0.2,0.16794303728507035
native,karatsuba,E1,MO-lex,2,0.1,0.07914093959731526
native,karatsuba,E1,MO-lex,3,1.0,0.8827886748689628
native,karatsuba,E1,MO-lex,3,0.2,0.1679430372850704
native,karatsuba,E1,MO-lex,3,0.1,0.07914093959731526
native,karatsuba,E1,MO-lex,4,1.0,0.8349490317835488
native,karatsuba,E1,MO-lex,4,0.2,0.16268057540771005
native,karatsuba,E1,MO-lex,4,0.1,0.07914093959731522
native,karatsuba,E1,MO-lex,5,1.0,0.8272761819063648
native,karatsuba,E1,MO-lex,5,0.2,0.1582818791946307
native,karatsuba,E1,MO-lex,5,0.1,0.07914093959731523
native,karatsuba,E1,MO-lex,6,1.0,0.8827886748689628
native,karatsuba,E1,MO-lex,6,0.2,0.1679430372850703
native,karatsuba,E1,MO-lex,6,0.1,0.07914093959731522
native,karatsuba,E1,MO-lex,7,1.0,0.8827886748689628
native,karatsuba,E1,MO-lex,7,0.2,0.16794303728507032
native,karatsuba,E1,MO-lex,7,0.1,0.07914093959731518
native,karatsuba,E1,MO-lex,8,1.0,0.8827886748689628
native,karatsuba,E1,MO-lex,8,0.2,0.16794303728507032
native,karatsuba,E1,MO-lex,8,0.1,0.07914093959731522
native,karatsuba,E1,MO-lex,9,1.0,0.882788674868963
native,karatsuba,E1,MO-lex,9,0.2,0.16794303728507032
native,karatsuba,E1,MO-lex,9,0.1,0.07914093959731522
native,karatsuba,E1,MO-lex,10,1.0,0.8827886748689628
native,karatsuba,E1,MO-lex,10,0.2,0.16794303728507037
native,karatsuba,E1,MO-lex,10,0.1,0.07914093959731522
native,karatsuba,E1,MO-lex,11,1.0,0.7914093959731541
native,karatsuba,E1,MO-lex,11,0.2,0.15828187919463066
native,karatsuba,E1,MO-lex,11,0.1,0.07914093959731522
native,karatsuba,E1,MO-lex,12,1.0,0.8827886748689628
native,karatsuba,E1,MO-lex,12,0.2,0.16794303728507037
native,karatsuba,E1,MO-lex,12,0.1,0.07914093959731526
native,karatsuba,E1,MO-lex,13,1.0,0.8827886748689628
native,karatsuba,E1,MO-lex,13,0.2,0.16794303728507026
native,karatsuba,E1,MO-lex,13,0.1,0.07914093959731522
native,karatsuba,E1,MO-lex,14,1.0,0.8827886748689628
native,karatsuba,E1,MO-lex,14,0.2,0.1679430372850703
native,karatsuba,E1,MO-lex,14,0.1,0.07914093959731525
native,karatsuba,E1,MO-lex,15,1.0,0.8827886748689628
native,karatsuba,E1,MO-lex,15,0.2,0.16794303728507035
native,karatsuba,E1,MO-lex,15,0.1,0.07914093959731522
native,karatsuba,E1,MO-lex,16,1.0,0.882788674868963
native,karatsuba,E1,MO-lex,16,0.2,0.16794303728507035
native,karatsuba,E1,MO-lex,16,0.1,0.07914093959731525
native,karatsuba,E1,MO-lex,17,1.0,0.883265889680197
native,karatsuba,E1,MO-lex,17,0.2,0.16842025209630457
native,karatsuba,E1,MO-lex,17,0.1,0.07914093959731518
native,karatsuba,E1,MO-lex,18,1.0,0.8425524494901206
native,karatsuba,E1,MO-lex,18,0.2,0.16286604971151342
native,karatsuba,E1,MO-lex,18,0.1,0.07914093959731523
native,karatsuba,E1,MO-lex,19,1.0,0.8317166978319881
native,karatsuba,E1,MO-lex,19,0.2,0.15944824145614925
native,karatsuba,E1,MO-lex,19,0.1,0.07914093959731522
native,karatsuba,E1,MO-lex,20,1.0,0.8832658896801971
native,karatsuba,E1,MO-lex,20,0.2,0.16842025209630462
native,karatsuba,E1,MO-lex,20,0.1,0.07914093959731522
native,karatsuba,E1,MO-lex,21,1.0,0.8382241813987888
native,karatsuba,E1,MO-lex,21,0.2,0.16251948341221167
native,karatsuba,E1,MO-lex,21,0.1,0.07914093959731519
native,karatsuba,E1,MO-lex,22,1.0,0.8827886748689628
native,karatsuba,E1,MO-lex,22,0.2,0.16794303728507023
native,karatsuba,E1,MO-lex,22,0.1,0.07914093959731522
native,karatsuba,E1,MO-lex,23,1.0,0.8346670691661681
native,karatsuba,E1,MO-lex,23,0.2,0.16239861279032922
native,karatsuba,E1,MO-lex,23,0.1,0.07914093959731522
native,karatsuba,E1,MO-lex,24,1.0,0.882788674868963
native,karatsuba,E1,MO-lex,24,0.2,0.16794303728507037
native,karatsuba,E1,MO-lex,24,0.1,0.07914093959731526
native,karatsuba,E1,MO-lex,25,1.0,0.882788674868963
native,karatsuba,E1,MO-lex,25,0.2,0.16794303728507035
native,karatsuba,E1,MO-lex,25,0.1,0.07914093959731523
native,karatsuba,E1,MO-lex,26,1.0,0.8832658896801971
native,karatsuba,E1,MO-lex,26,0.2,0.16842025209630465
native,karatsuba,E1,MO-lex,26,0.1,0.07914093959731525
native,karatsuba,E1,MO-lex,27,1.0,0.882788674868963
native,karatsuba,E1,MO-lex,27,0.2,0.16794303728507035
native,karatsuba,E1,MO-lex,27,0.1,0.07914093959731525
native,karatsuba,E1,MO-lex,28,1.0,0.882788674868963
native,karatsuba,E1,MO-lex,28,0.2,0.16794303728507032
native,karatsuba,E1,MO-lex,28,0.1,0.07914093959731523
native,karatsuba,E1,MO-lex,29,1.0,0.8347468112918427
native,karatsuba,E1,MO-lex,29,0.2,0.16247835491600374
native,karatsuba,E1,MO-lex,29,0.1,0.07914093959731525
native,karatsuba,E1,Green,0,1.0,0.9267834457864882
native,karatsuba,E1,Green,0,0.2,0.16936062699454194
native,karatsuba,E1,Green,0,0.1,0.07914093959731519
native,karatsuba,E1,Green,1,1.0,0.9267834457864881
native,karatsuba,E1,Green,1,0.2,0.16936062699454182
native,karatsuba,E1,Green,1,0.1,0.07914093959731507
native,karatsuba,E1,Green,2,1.0,0.9267834457864881
native,karatsuba,E1,Green,2,0.2,0.16936062699454188
native,karatsuba,E1,Green,2,0.1,0.07914093959731511
native,karatsuba,E1,Green,3,1.0,0.926783445786488
native,karatsuba,E1,Green,3,0.2,0.16936062699454182
native,karatsuba,E1,Green,3,0.1,0.07914093959731507
native,karatsuba,E1,Green,4,1.0,0.926783445786488
native,karatsuba,E1,Green,4,0.2,0.16936062699454177
native,karatsuba,E1,Green,4,0.1,0.079140939597315
native,karatsuba,E1,Green,5,1.0,0.9307908982299968
native,karatsuba,E1,Green,5,0.2,0.17336807943805044
native,karatsuba,E1,Green,5,0.1,0.08309138178307907
native,karatsuba,E1,Green,6,1.0,0.9307908982299968
native,karatsuba,E1,Green,6,0.2,0.17336807943805055
native,karatsuba,E1,Green,6,0.1,0.08309138178307922
native,karatsuba,E1,Green,7,1.0,0.926783445786488
native,karatsuba,E1,Green,7,0.2,0.1693606269945418
native,karatsuba,E1,Green,7,0.1,0.07914093959731504
native,karatsuba,E1,Green,8,1.0,0.9267834457864882
native,karatsuba,E1,Green,8,0.2,0.16936062699454202
native,karatsuba,E1,Green,8,0.1,0.07914093959731523
native,karatsuba,E1,Green,9,1.0,0.9267834457864883
native,karatsuba,E1,Green,9,0.2,0.169360626994542
native,karatsuba,E1,Green,9,0.1,0.07914093959731522
native,karatsuba,E1,Green,10,1.0,0.9267834457864881
native,karatsuba,E1,Green,10,0.2,0.16936062699454182
native,karatsuba,E1,Green,10,0.1,0.07914093959731507
native,karatsuba,E1,Green,11,1.0,0.9267834457864882
native,karatsuba,E1,Green,11,0.2,0.16936062699454194
native,karatsuba,E1,Green,11,0.1,0.07914093959731516
native,karatsuba,E1,Green,12,1.0,0.9305840694662862
native,karatsuba,E1,Green,12,0.2,0.17316125067433985
native,karatsuba,E1,Green,12,0.1,0.08288455301936853
native,karatsuba,E1,Green,13,1.0,0.9267834457864883
native,karatsuba,E1,Green,13,0.2,0.169360626994542
native,karatsuba,E1,Green,13,0.1,0.07914093959731522
native,karatsuba,E1,Green,14,1.0,0.9299747948310565
native,karatsuba,E1,Green,14,0.2,0.1725519760391103
native,karatsuba,E1,Green,14,0.1,0.08227527838413895
native,karatsuba,E1,Green,15,1.0,0.9267834457864881
native,karatsuba,E1,Green,15,0.2,0.16936062699454182
native,karatsuba,E1,Green,15,0.1,0.07914093959731508
native,karatsuba,E1,Green,16,1.0,0.926783445786488
native,karatsuba,E1,Green,16,0.2,0.16936062699454188
native,karatsuba,E1,Green,16,0.1,0.07914093959731511
native,karatsuba,E1,Green,17,1.0,0.9267834457864881
native,karatsuba,E1,Green,17,0.2,0.16936062699454185
native,karatsuba,E1,Green,17,0.1,0.0791409395973151
native,karatsuba,E1,Green,18,1.0,0.9267834457864882
native,karatsuba,E1,Green,18,0.2,0.16936062699454194
native,karatsuba,E1,Green,18,0.1,0.07914093959731518
native,karatsuba,E1,Green,19,1.0,0.9267834457864882
native,karatsuba,E1,Green,19,0.2,0.1693606269945419
native,karatsuba,E1,Green,19,0.1,0.07914093959731515
native,karatsuba,E1,Green,20,1.0,0.9267834457864882
native,karatsuba,E1,Green,20,0.2,0.1693606269945419
native,karatsuba,E1,Green,20,0.1,0.07914093959731516
native,karatsuba,E1,Green,21,1.0,0.9267834457864883
native,karatsuba,E1,Green,21,0.2,0.169360626994542
native,karatsuba,E1,Green,21,0.1,0.07914093959731522
native,karatsuba,E1,Green,22,1.0,0.9267834457864882
native,karatsuba,E1,Green,22,0.2,0.1693606269945419
native,karatsuba,E1,Green,22,0.1,0.07914093959731516
native,karatsuba,E1,Green,23,1.0,0.9267834457864881
native,karatsuba,E1,Green,23,0.2,0.16936062699454185
native,karatsuba,E1,Green,23,0.1,0.07914093959731511
native,karatsuba,E1,Green,24,1.0,0.9267834457864882
native,karatsuba,E1,Green,24,0.2,0.1693606269945419
native,karatsuba,E1,Green,24,0.1,0.07914093959731515
native,karatsuba,E1,Green,25,1.0,0.9267834457864881
native,karatsuba,E1,Green,25,0.2,0.1693606269945419
native,karatsuba,E1,Green,25,0.1,0.0791409395973151
native,karatsuba,E1,Green,26,1.0,0.9314046046644068
native,karatsuba,E1,Green,26,0.2,0.1739817858724608
native,karatsuba,E1,Green,26,0.1,0.08053651477868991
native,karatsuba,E1,Green,27,1.0,0.9267834457864882
native,karatsuba,E1,Green,27,0.2,0.1693606269945419
native,karatsuba,E1,Green,27,0.1,0.07914093959731514
native,karatsuba,E1,Green,28,1.0,0.9267834457864882
native,karatsuba,E1,Green,28,0.2,0.16936062699454194
native,karatsuba,E1,Green,28,0.1,0.07914093959731514
native,karatsuba,E1,Green,29,1.0,0.9267834457864882
native,karatsuba,E1,Green,29,0.2,0.1693606269945419
native,karatsuba,E1,Green,29,0.1,0.07914093959731515
native,karatsuba,E2,SO,0,1.0,0.6179518901677896
native,karatsuba,E2,SO,0,0.2,0.10911967540268887
native,karatsuba,E2,SO,0,0.1,0.04551564855705129
native,karatsuba,E2,SO,1,1.0,0.6182474892815101
native,karatsuba,E2,SO,1,0.2,0.10941527451640938
native,karatsuba,E2,SO,1,0.1,0.04581124767077179
native,karatsuba,E2,SO,2,1.0,0.6182674718058003
native,karatsuba,E2,SO,2,0.2,0.10943525704069965
native,karatsuba,E2,SO,2,0.1,0.04583123019506207
native,karatsuba,E2,SO,3,1.0,0.6179160006699826
native,karatsuba,E2,SO,3,0.2,0.10908378590488195
native,karatsuba,E2,SO,3,0.1,0.04547975905924437
native,karatsuba,E2,SO,4,1.0,0.6179160006699825
native,karatsuba,E2,SO,4,0.2,0.10908378590488185
native,karatsuba,E2,SO,4,0.1,0.04547975905924426
native,karatsuba,E2,SO,5,1.0,0.6178953825375029
native,karatsuba,E2,SO,5,0.2,0.10906316777240216
native,karatsuba,E2,SO,5,0.1,0.04545914092676457
native,karatsuba,E2,SO,6,1.0,0.6182674718058004
native,karatsuba,E2,SO,6,0.2,0.10943525704069976
native,karatsuba,E2,SO,6,0.1,0.04583123019506217
native,karatsuba,E2,SO,7,1.0,0.6178953825375028
native,karatsuba,E2,SO,7,0.2,0.1090631677724021
native,karatsuba,E2,SO,7,0.1,0.04545914092676451
native,karatsuba,E2,SO,8,1.0,0.6179518901677896
native,karatsuba,E2,SO,8,0.2,0.10911967540268887
native,karatsuba,E2,SO,8,0.1,0.04551564855705129
native,karatsuba,E2,SO,9,1.0,0.6182674718058004
native,karatsuba,E2,SO,9,0.2,0.10943525704069972
native,karatsuba,E2,SO,9,0.1,0.04583123019506212
native,karatsuba,E2,SO,10,1.0,0.6182674718058004
native,karatsuba,E2,SO,10,0.2,0.10943525704069972
native,karatsuba,E2,SO,10,0.1,0.04583123019506212
native,karatsuba,E2,SO,11,1.0,0.6179160006699826
native,karatsuba,E2,SO,11,0.2,0.10908378590488199
native,karatsuba,E2,SO,11,0.1,0.0454797590592444
native,karatsuba,E2,SO,12,1.0,0.6179160006699825
native,karatsuba,E2,SO,12,0.2,0.10908378590488192
native,karatsuba,E2,SO,12,0.1,0.04547975905924433
native,karatsuba,E2,SO,13,1.0,0.6179160006699825
native,karatsuba,E2,SO,13,0.2,0.10908378590488191
native,karatsuba,E2,SO,13,0.1,0.045479759059244305
native,karatsuba,E2,SO,14,1.0,0.6182674718058004
native,karatsuba,E2,SO,14,0.2,0.1094352570406997
native,karatsuba,E2,SO,14,0.1,0.04583123019506212
native,karatsuba,E2,SO,15,1.0,0.6179518901677895
native,karatsuba,E2,SO,15,0.2,0.10911967540268887
native,karatsuba,E2,SO,15,0.1,0.045515648557051286
native,karatsuba,E2,SO,16,1.0,0.6182674718058003
native,karatsuba,E2,SO,16,0.2,0.10943525704069966
native,karatsuba,E2,SO,16,0.1,0.04583123019506208
native,karatsuba,E2,SO,17,1.0,0.6182676985950566
native,karatsuba,E2,SO,17,0.2,0.10943548382995588
native,karatsuba,E2,SO,17,0.1,0.0458314569843183
native,karatsuba,E2,SO,18,1.0,0.6179518901677896
native,karatsuba,E2,SO,18,0.2,0.1091196754026889
native,karatsuba,E2,SO,18,0.1,0.0455156485570513
native,karatsuba,E2,SO,19,1.0,0.6179160006699825
native,karatsuba,E2,SO,19,0.2,0.10908378590488188
native,karatsuba,E2,SO,19,0.1,0.0454797590592443
native,karatsuba,E2,SO,20,1.0,0.6182674718058004
native,karatsuba,E2,SO,20,0.2,0.10943525704069976
native,karatsuba,E2,SO,20,0.1,0.045831230195062175
native,karatsuba,E2,SO,21,1.0,0.6182674718058004
native,karatsuba,E2,SO,21,0.2,0.10943525704069974
native,karatsuba,E2,SO,21,0.1,0.04583123019506215
native,karatsuba,E2,SO,22,1.0,0.6179160006699826
native,karatsuba,E2,SO,22,0.2,0.10908378590488198
native,karatsuba,E2,SO,22,0.1,0.045479759059244375
native,karatsuba,E2,SO,23,1.0,0.6182674718058004
native,karatsuba,E2,SO,23,0.2,0.10943525704069977
native,karatsuba,E2,SO,23,0.1,0.04583123019506218
native,karatsuba,E2,SO,24,1.0,0.6179160006699825
native,karatsuba,E2,SO,24,0.2,0.10908378590488194
native,karatsuba,E2,SO,24,0.1,0.04547975905924434
native,karatsuba,E2,SO,25,1.0,0.6179160006699826
native,karatsuba,E2,SO,25,0.2,0.10908378590488194
native,karatsuba,E2,SO,25,0.1,0.045479759059244354
native,karatsuba,E2,SO,26,1.0,0.6178953825375028
native,karatsuba,E2,SO,26,0.2,0.10906316777240209
native,karatsuba,E2,SO,26,0.1,0.0454591409267645
native,karatsuba,E2,SO,27,1.0,0.6182674718058004
native,karatsuba,E2,SO,27,0.2,0.1094352570406997
native,karatsuba,E2,SO,27,0.1,0.04583123019506212
native,karatsuba,E2,SO,28,1.0,0.6179160006699825
native,karatsuba,E2,SO,28,0.2,0.10908378590488191
native,karatsuba,E2,SO,28,0.1,0.04547975905924432
native,karatsuba,E2,SO,29,1.0,0.6179518901677896
native,karatsuba,E2,SO,29,0.2,0.1091196754026889
native,karatsuba,E2,SO,29,0.1,0.045515648557051314
native,karatsuba,E2,MO-lex,0,1.0,0.7679928755790592
native,karatsuba,E2,MO-lex,0,0.2,0.1348653588005356
native,karatsuba,E2,MO-lex,0,0.1,0.05572441920322018
native,karatsuba,E2,MO-lex,1,1.0,0.7684867521471717
native,karatsuba,E2,MO-lex,1,0.2,0.1353592353686483
native,karatsuba,E2,MO-lex,1,0.1,0.056218295771332846
native,karatsuba,E2,MO-lex,2,1.0,0.7688259130067908
native,karatsuba,E2,MO-lex,2,0.2,0.1356983962282673
native,karatsuba,E2,MO-lex,2,0.1,0.056557456630951866
native,karatsuba,E2,MO-lex,3,1.0,0.7583350549284168
native,karatsuba,E2,MO-lex,3,0.2,0.1286437797606316
native,karatsuba,E2,MO-lex,3,0.1,0.052958557802239445
native,karatsuba,E2,MO-lex,4,1.0,0.7670930596303067
native,karatsuba,E2,MO-lex,4,0.2,0.1339655428517833
native,karatsuba,E2,MO-lex,4,0.1,0.0548246032544679
native,karatsuba,E2,MO-lex,5,1.0,0.7686605576379899
native,karatsuba,E2,MO-lex,5,0.2,0.1355330408594664
native,karatsuba,E2,MO-lex,5,0.1,0.056392101262150975
native,karatsuba,E2,MO-lex,6,1.0,0.7175492807300999
native,karatsuba,E2,MO-lex,6,0.2,0.12699894515963006
native,karatsuba,E2,MO-lex,6,0.1,0.05318015321332133
native,karatsuba,E2,MO-lex,7,1.0,0.8118374004329671
native,karatsuba,E2,MO-lex,7,0.2,0.13956894405712827
native,karatsuba,E2,MO-lex,7,0.1,0.055844391251204134
native,karatsuba,E2,MO-lex,8,1.0,0.7690225032889086
native,karatsuba,E2,MO-lex,8,0.2,0.13589498651038515
native,karatsuba,E2,MO-lex,8,0.1,0.056754046913069706
native,karatsuba,E2,MO-lex,9,1.0,0.8128452573066617
native,karatsuba,E2,MO-lex,9,0.2,0.14057680093082278
native,karatsuba,E2,MO-lex,9,0.1,0.05699080063847192
native,karatsuba,E2,MO-lex,10,1.0,0.7588990902328983
native,karatsuba,E2,MO-lex,10,0.2,0.12920781506511317
native,karatsuba,E2,MO-lex,10,0.1,0.05291369198444203
native,karatsuba,E2,MO-lex,11,1.0,0.7169454942783953
native,karatsuba,E2,MO-lex,11,0.2,0.12639515870792542
native,karatsuba,E2,MO-lex,11,0.1,0.052576366761616714
native,karatsuba,E2,MO-lex,12,1.0,0.7683382212859827
native,karatsuba,E2,MO-lex,12,0.2,0.1352107045074593
native,karatsuba,E2,MO-lex,12,0.1,0.0560697649101439
native,karatsuba,E2,MO-lex,13,1.0,0.7687207241356424
native,karatsuba,E2,MO-lex,13,0.2,0.13559320735711905
native,karatsuba,E2,MO-lex,13,0.1,0.056452267759803616
native,karatsuba,E2,MO-lex,14,1.0,0.8066413095861414
native,karatsuba,E2,MO-lex,14,0.2,0.13437285321030246
native,karatsuba,E2,MO-lex,14,0.1,0.05318121731792572
native,karatsuba,E2,MO-lex,15,1.0,0.768464626567292
native,karatsuba,E2,MO-lex,15,0.2,0.13533710978876848
native,karatsuba,E2,MO-lex,15,0.1,0.05619617019145304
native,karatsuba,E2,MO-lex,16,1.0,0.7177282376544594
native,karatsuba,E2,MO-lex,16,0.2,0.1271779020839895
native,karatsuba,E2,MO-lex,16,0.1,0.053359110137680785
native,karatsuba,E2,MO-lex,17,1.0,0.769262887943402
native,karatsuba,E2,MO-lex,17,0.2,0.13613537116487864
native,karatsuba,E2,MO-lex,17,0.1,0.05699443156756322
native,karatsuba,E2,MO-lex,18,1.0,0.7171140877552153
native,karatsuba,E2,MO-lex,18,0.2,0.1265637521847456
native,karatsuba,E2,MO-lex,18,0.1,0.05274496023843689
native,karatsuba,E2,MO-lex,19,1.0,0.761482950425104
native,karatsuba,E2,MO-lex,19,0.2,0.1317916752573189
native,karatsuba,E2,MO-lex,19,0.1,0.053297088550010856
native,karatsuba,E2,MO-lex,20,1.0,0.769262661154146
native,karatsuba,E2,MO-lex,20,0.2,0.13613514437562255
native,karatsuba,E2,MO-lex,20,0.1,0.056994204778307106
native,karatsuba,E2,MO-lex,21,1.0,0.7175503448347044
native,karatsuba,E2,MO-lex,21,0.2,0.12700000926423446
native,karatsuba,E2,MO-lex,21,0.1,0.05318121731792575
native,karatsuba,E2,MO-lex,22,1.0,0.7691907893323046
native,karatsuba,E2,MO-lex,22,0.2,0.13606327255378112
native,karatsuba,E2,MO-lex,22,0.1,0.05692233295646568
native,karatsuba,E2,MO-lex,23,1.0,0.8130526874751715
native,karatsuba,E2,MO-lex,23,0.2,0.14078423109933247
native,karatsuba,E2,MO-lex,23,0.1,0.05699420477830711
native,karatsuba,E2,MO-lex,24,1.0,0.717270250707746
native,karatsuba,E2,MO-lex,24,0.2,0.1267199151372762
native,karatsuba,E2,MO-lex,24,0.1,0.052901123190967486
native,karatsuba,E2,MO-lex,25,1.0,0.760558833297832
native,karatsuba,E2,MO-lex,25,0.2,0.13086755813004686
native,karatsuba,E2,MO-lex,25,0.1,0.05284340893510192
native,karatsuba,E2,MO-lex,26,1.0,0.7693981742136279
native,karatsuba,E2,MO-lex,26,0.2,0.1362706574351045
native,karatsuba,E2,MO-lex,26,0.1,0.05712971783778904
native,karatsuba,E2,MO-lex,27,1.0,0.809141592439492
native,karatsuba,E2,MO-lex,27,0.2,0.13687313606365314
native,karatsuba,E2,MO-lex,27,0.1,0.053499538270046706
native,karatsuba,E2,MO-lex,28,1.0,0.7608201991378176
native,karatsuba,E2,MO-lex,28,0.2,0.13112892397003242
native,karatsuba,E2,MO-lex,28,0.1,0.05262873115631572
native,karatsuba,E2,MO-lex,29,1.0,0.7582587344611442
native,karatsuba,E2,MO-lex,29,0.2,0.12856745929335897
native,karatsuba,E2,MO-lex,29,0.1,0.052978573957187095
native,karatsuba,E2,Green,0,1.0,0.9062964872607959
native,karatsuba,E2,Green,0,0.2,0.14887366846884964
native,karatsuba,E2,Green,0,0.1,0.05907972875949646
native,karatsuba,E2,Green,1,1.0,0.9038665533960859
native,karatsuba,E2,Green,1,0.2,0.14644373460413954
native,karatsuba,E2,Green,1,0.1,0.0569942047783071
native,karatsuba,E2,Green,2,1.0,0.9057749480926918
native,karatsuba,E2,Green,2,0.2,0.14835212930074548
native,karatsuba,E2,Green,2,0.1,0.0585581895913923
native,karatsuba,E2,Green,3,1.0,0.9094246004216887
native,karatsuba,E2,Green,3,0.2,0.15200178162974237
native,karatsuba,E2,Green,3,0.1,0.05911436078643674
native,karatsuba,E2,Green,4,1.0,0.9093899683947484
native,karatsuba,E2,Green,4,0.2,0.15196714960280205
native,karatsuba,E2,Green,4,0.1,0.059079728759496436
native,karatsuba,E2,Green,5,1.0,0.90389534727758
native,karatsuba,E2,Green,5,0.2,0.14647252848563366
native,karatsuba,E2,Green,5,0.1,0.05694991550796682
native,karatsuba,E2,Green,6,1.0,0.9073856608851206
native,karatsuba,E2,Green,6,0.2,0.14996284209317426
native,karatsuba,E2,Green,6,0.1,0.06016890238382108
native,karatsuba,E2,Green,7,1.0,0.908848446702354
native,karatsuba,E2,Green,7,0.2,0.15142562791040762
native,karatsuba,E2,Green,7,0.1,0.05853820706710202
native,karatsuba,E2,Green,8,1.0,0.9061958090387734
native,karatsuba,E2,Green,8,0.2,0.14877299024682708
native,karatsuba,E2,Green,8,0.1,0.05897905053747391
native,karatsuba,E2,Green,9,1.0,0.9052080300830158
native,karatsuba,E2,Green,9,0.2,0.1477852112910694
native,karatsuba,E2,Green,9,0.1,0.05799127158171623
native,karatsuba,E2,Green,10,1.0,0.9094175509462497
native,karatsuba,E2,Green,10,0.2,0.15199473215430317
native,karatsuba,E2,Green,10,0.1,0.05910731131099757
native,karatsuba,E2,Green,11,1.0,0.9038591006820728
native,karatsuba,E2,Green,11,0.2,0.14643628189012642
native,karatsuba,E2,Green,11,0.1,0.05698675206429399
native,karatsuba,E2,Green,12,1.0,0.9094506749209103
native,karatsuba,E2,Green,12,0.2,0.15202785612896377
native,karatsuba,E2,Green,12,0.1,0.05914043528565819
native,karatsuba,E2,Green,13,1.0,0.9052329776878256
native,karatsuba,E2,Green,13,0.2,0.14781015889587942
native,karatsuba,E2,Green,13,0.1,0.058016219186526226
native,karatsuba,E2,Green,14,1.0,0.9094524788054638
native,karatsuba,E2,Green,14,0.2,0.15202966001351748
native,karatsuba,E2,Green,14,0.1,0.059142239170211844
native,karatsuba,E2,Green,15,1.0,0.9037946815742444
native,karatsuba,E2,Green,15,0.2,0.1463718627822981
native,karatsuba,E2,Green,15,0.1,0.05692233295646568
native,karatsuba,E2,Green,16,1.0,0.9038677647260788
native,karatsuba,E2,Green,16,0.2,0.14644494593413246
native,karatsuba,E2,Green,16,0.1,0.056922332956465684
native,karatsuba,E2,Green,17,1.0,0.9093788030990688
native,karatsuba,E2,Green,17,0.2,0.15195598430712243
native,karatsuba,E2,Green,17,0.1,0.05906856346381681
native,karatsuba,E2,Green,18,1.0,0.9038465708717953
native,karatsuba,E2,Green,18,0.2,0.1464237520798491
native,karatsuba,E2,Green,18,0.1,0.05697422225401665
native,karatsuba,E2,Green,19,1.0,0.9038465708717955
native,karatsuba,E2,Green,19,0.2,0.14642375207984912
native,karatsuba,E2,Green,19,0.1,0.056974222254016695
native,karatsuba,E2,Green,20,1.0,0.9038677647260788
native,karatsuba,E2,Green,20,0.2,0.14644494593413243
native,karatsuba,E2,Green,20,0.1,0.05692233295646567
native,karatsuba,E2,Green,21,1.0,0.9052080300830158
native,karatsuba,E2,Green,21,0.2,0.1477852112910694
native,karatsuba,E2,Green,21,0.1,0.05799127158171622
native,karatsuba,E2,Green,22,1.0,0.9038677647260788
native,karatsuba,E2,Green,22,0.2,0.14644494593413246
native,karatsuba,E2,Green,22,0.1,0.05692233295646569
native,karatsuba,E2,Green,23,1.0,0.9052799019048572
native,karatsuba,E2,Green,23,0.2,0.14785708311291082
native,karatsuba,E2,Green,23,0.1,0.05806314340355765
native,karatsuba,E2,Green,24,1.0,0.9055132546053262
native,karatsuba,E2,Green,24,0.2,0.1480904358133798
native,karatsuba,E2,Green,24,0.1,0.058296496104026624
native,karatsuba,E2,Green,25,1.0,0.911944920765764
native,karatsuba,E2,Green,25,0.2,0.15452210197381785
native,karatsuba,E2,Green,25,0.1,0.06043001647030104
native,karatsuba,E2,Green,26,1.0,0.9094392610899532
native,karatsuba,E2,Green,26,0.2,0.15201644229800687
native,karatsuba,E2,Green,26,0.1,0.05912902145470126
native,karatsuba,E2,Green,27,1.0,0.9094506749209101
native,karatsuba,E2,Green,27,0.2,0.15202785612896383
native,karatsuba,E2,Green,27,0.1,0.059140435285658176
native,karatsuba,E2,Green,28,1.0,0.9052080300830158
native,karatsuba,E2,Green,28,0.2,0.14778521129106942
native,karatsuba,E2,Green,28,0.1,0.057991271581716256
native,karatsuba,E2,Green,29,1.0,0.9093788030990687
native,karatsuba,E2,Green,29,0.2,0.15195598430712243
native,karatsuba,E2,Green,29,0.1,0.05906856346381682
native,karatsuba,E3,SO,0,1.0,0.0
native,karatsuba,E3,SO,0,0.2,0.0
native,karatsuba,E3,SO,0,0.1,0.0
native,karatsuba,E3,SO,1,1.0,0.0
native,karatsuba,E3,SO,1,0.2,0.0
native,karatsuba,E3,SO,1,0.1,0.0
native,karatsuba,E3,SO,2,1.0,0.0
native,karatsuba,E3,SO,2,0.2,0.0
native,karatsuba,E3,SO,2,0.1,0.0
native,karatsuba,E3,SO,3,1.0,0.0
native,karatsuba,E3,SO,3,0.2,0.0
native,karatsuba,E3,SO,3,0.1,0.0
native,karatsuba,E3,SO,4,1.0,0.0
native,karatsuba,E3,SO,4,0.2,0.0
native,karatsuba,E3,SO,4,0.1,0.0
native,karatsuba,E3,SO,5,1.0,0.0
native,karatsuba,E3,SO,5,0.2,0.0
native,karatsuba,E3,SO,5,0.1,0.0
native,karatsuba,E3,SO,6,1.0,0.0
native,karatsuba,E3,SO,6,0.2,0.0
native,karatsuba,E3,SO,6,0.1,0.0
native,karatsuba,E3,SO,7,1.0,0.0
native,karatsuba,E3,SO,7,0.2,0.0
native,karatsuba,E3,SO,7,0.1,0.0
native,karatsuba,E3,SO,8,1.0,0.0
native,karatsuba,E3,SO,8,0.2,0.0
native,karatsuba,E3,SO,8,0.1,0.0
native,karatsuba,E3,SO,9,1.0,0.0
native,karatsuba,E3,SO,9,0.2,0.0
native,karatsuba,E3,SO,9,0.1,0.0
native,karatsuba,E3,SO,10,1.0,0.3546739849785311
native,karatsuba,E3,SO,10,0.2,0.0
native,karatsuba,E3,SO,10,0.1,0.0
native,karatsuba,E3,SO,11,1.0,0.62363258552068
native,karatsuba,E3,SO,11,0.2,0.03014547561565959
native,karatsuba,E3,SO,11,0.1,0.0
native,karatsuba,E3,SO,12,1.0,0.0
native,karatsuba,E3,SO,12,0.2,0.0
native,karatsuba,E3,SO,12,0.1,0.0
native,karatsuba,E3,SO,13,1.0,0.0
native,karatsuba,E3,SO,13,0.2,0.0
native,karatsuba,E3,SO,13,0.1,0.0
native,karatsuba,E3,SO,14,1.0,0.0
native,karatsuba,E3,SO,14,0.2,0.0
native,karatsuba,E3,SO,14,0.1,0.0
native,karatsuba,E3,SO,15,1.0,0.0
native,karatsuba,E3,SO,15,0.2,0.0
native,karatsuba,E3,SO,15,0.1,0.0
native,karatsuba,E3,SO,16,1.0,0.0
native,karatsuba,E3,SO,16,0.2,0.0
native,karatsuba,E3,SO,16,0.1,0.0
native,karatsuba,E3,SO,17,1.0,0.0
native,karatsuba,E3,SO,17,0.2,0.0
native,karatsuba,E3,SO,17,0.1,0.0
native,karatsuba,E3,SO,18,1.0,0.0
native,karatsuba,E3,SO,18,0.2,0.0
native,karatsuba,E3,SO,18,0.1,0.0
native,karatsuba,E3,SO,19,1.0,0.0
native,karatsuba,E3,SO,19,0.2,0.0
native,karatsuba,E3,SO,19,0.1,0.0
native,karatsuba,E3,SO,20,1.0,0.0
native,karatsuba,E3,SO,20,0.2,0.0
native,karatsuba,E3,SO,20,0.1,0.0
native,karatsuba,E3,SO,21,1.0,0.0
native,karatsuba,E3,SO,21,0.2,0.0
native,karatsuba,E3,SO,21,0.1,0.0
native,karatsuba,E3,SO,22,1.0,0.0
native,karatsuba,E3,SO,22,0.2,0.0
native,karatsuba,E3,SO,22,0.1,0.0
native,karatsuba,E3,SO,23,1.0,0.7253917624333601
native,karatsuba,E3,SO,23,0.2,0.10609054126646739
native,karatsuba,E3,SO,23,0.1,0.028677888620605784
native,karatsuba,E3,SO,24,1.0,0.0
native,karatsuba,E3,SO,24,0.2,0.0
native,karatsuba,E3,SO,24,0.1,0.0
native,karatsuba,E3,SO,25,1.0,0.0
native,karatsuba,E3,SO,25,0.2,0.0
native,karatsuba,E3,SO,25,0.1,0.0
native,karatsuba,E3,SO,26,1.0,0.0
native,karatsuba,E3,SO,26,0.2,0.0
native,karatsuba,E3,SO,26,0.1,0.0
native,karatsuba,E3,SO,27,1.0,0.0
native,karatsuba,E3,SO,27,0.2,0.0
native,karatsuba,E3,SO,27,0.1,0.0
native,karatsuba,E3,SO,28,1.0,0.0
native,karatsuba,E3,SO,28,0.2,0.0
native,karatsuba,E3,SO,28,0.1,0.0
native,karatsuba,E3,SO,29,1.0,0.0
native,karatsuba,E3,SO,29,0.2,0.0
native,karatsuba,E3,SO,29,0.1,0.0
native,karatsuba,E3,MO-lex,0,1.0,0.0
native,karatsuba,E3,MO-lex,0,0.2,0.0
native,karatsuba,E3,MO-lex,0,0.1,0.0
native,karatsuba,E3,MO-lex,1,1.0,0.0
native,karatsuba,E3,MO-lex,1,0.2,0.0
native,karatsuba,E3,MO-lex,1,0.1,0.0
native,karatsuba,E3,MO-lex,2,1.0,0.0
native,karatsuba,E3,MO-lex,2,0.2,0.0
native,karatsuba,E3,MO-lex,2,0.1,0.0
native,karatsuba,E3,MO-lex,3,1.0,0.0
native,karatsuba,E3,MO-lex,3,0.2,0.0
native,karatsuba,E3,MO-lex,3,0.1,0.0
native,karatsuba,E3,MO-lex,4,1.0,0.0
native,karatsuba,E3,MO-lex,4,0.2,0.0
native,karatsuba,E3,MO-lex,4,0.1,0.0
native,karatsuba,E3,MO-lex,5,1.0,0.0
native,karatsuba,E3,MO-lex,5,0.2,0.0
native,karatsuba,E3,MO-lex,5,0.1,0.0
native,karatsuba,E3,MO-lex,6,1.0,0.6208322770300893
native,karatsuba,E3,MO-lex,6,0.2,0.0
native,karatsuba,E3,MO-lex,6,0.1,0.0
native,karatsuba,E3,MO-lex,7,1.0,0.7457546599635434
native,karatsuba,E3,MO-lex,7,0.2,0.05226755005852304
native,karatsuba,E3,MO-lex,7,0.1,0.0
native,karatsuba,E3,MO-lex,8,1.0,0.8145448566254881
native,karatsuba,E3,MO-lex,8,0.2,0.10656603592345382
native,karatsuba,E3,MO-lex,8,0.1,0.018198922626303203
native,karatsuba,E3,MO-lex,9,1.0,0.0
native,karatsuba,E3,MO-lex,9,0.2,0.0
native,karatsuba,E3,MO-lex,9,0.1,0.0
native,karatsuba,E3,MO-lex,10,1.0,0.3935183287809404
native,karatsuba,E3,MO-lex,10,0.2,0.0
native,karatsuba,E3,MO-lex,10,0.1,0.0
native,karatsuba,E3,MO-lex,11,1.0,0.62363258552068
native,karatsuba,E3,MO-lex,11,0.2,0.03014547561565959
native,karatsuba,E3,MO-lex,11,0.1,0.0
native,karatsuba,E3,MO-lex,12,1.0,0.0
native,karatsuba,E3,MO-lex,12,0.2,0.0
native,karatsuba,E3,MO-lex,12,0.1,0.0
native,karatsuba,E3,MO-lex,13,1.0,0.0
native,karatsuba,E3,MO-lex,13,0.2,0.0
native,karatsuba,E3,MO-lex,13,0.1,0.0
native,karatsuba,E3,MO-lex,14,1.0,0.8443597430030974
native,karatsuba,E3,MO-lex,14,0.2,0.09815892889183545
native,karatsuba,E3,MO-lex,14,0.1,0.00760260492769356
native,karatsuba,E3,MO-lex,15,1.0,0.5299697406518601
native,karatsuba,E3,MO-lex,15,0.2,0.0
native,karatsuba,E3,MO-lex,15,0.1,0.0
native,karatsuba,E3,MO-lex,16,1.0,0.0
native,karatsuba,E3,MO-lex,16,0.2,0.0
native,karatsuba,E3,MO-lex,16,0.1,0.0
native,karatsuba,E3,MO-lex,17,1.0,0.0
native,karatsuba,E3,MO-lex,17,0.2,0.0
native,karatsuba,E3,MO-lex,17,0.1,0.0
native,karatsuba,E3,MO-lex,18,1.0,0.0
native,karatsuba,E3,MO-lex,18,0.2,0.0
native,karatsuba,E3,MO-lex,18,0.1,0.0
native,karatsuba,E3,MO-lex,19,1.0,0.0
native,karatsuba,E3,MO-lex,19,0.2,0.0
native,karatsuba,E3,MO-lex,19,0.1,0.0
native,karatsuba,E3,MO-lex,20,1.0,0.0
native,karatsuba,E3,MO-lex,20,0.2,0.0
native,karatsuba,E3,MO-lex,20,0.1,0.0
native,karatsuba,E3,MO-lex,21,1.0,0.4722111419707227
native,karatsuba,E3,MO-lex,21,0.2,0.0
native,karatsuba,E3,MO-lex,21,0.1,0.0
native,karatsuba,E3,MO-lex,22,1.0,0.0
native,karatsuba,E3,MO-lex,22,0.2,0.0
native,karatsuba,E3,MO-lex,22,0.1,0.0
native,karatsuba,E3,MO-lex,23,1.0,0.7555791856839796
native,karatsuba,E3,MO-lex,23,0.2,0.11046385325521442
native,karatsuba,E3,MO-lex,23,0.1,0.029824436701618762
native,karatsuba,E3,MO-lex,24,1.0,0.0
native,karatsuba,E3,MO-lex,24,0.2,0.0
native,karatsuba,E3,MO-lex,24,0.1,0.0
native,karatsuba,E3,MO-lex,25,1.0,0.5922037200748398
native,karatsuba,E3,MO-lex,25,0.2,0.0
native,karatsuba,E3,MO-lex,25,0.1,0.0
native,karatsuba,E3,MO-lex,26,1.0,0.0
native,karatsuba,E3,MO-lex,26,0.2,0.0
native,karatsuba,E3,MO-lex,26,0.1,0.0
native,karatsuba,E3,MO-lex,27,1.0,0.0
native,karatsuba,E3,MO-lex,27,0.2,0.0
native,karatsuba,E3,MO-lex,27,0.1,0.0
native,karatsuba,E3,MO-lex,28,1.0,0.0
native,karatsuba,E3,MO-lex,28,0.2,0.0
native,karatsuba,E3,MO-lex,28,0.1,0.0
native,karatsuba,E3,MO-lex,29,1.0,0.0
native,karatsuba,E3,MO-lex,29,0.2,0.0
native,karatsuba,E3,MO-lex,29,0.1,0.0
native,karatsuba,E3,Green,0,1.0,0.8877769578916491
native,karatsuba,E3,Green,0,0.2,0.11467655083601813
native,karatsuba,E3,Green,0,0.1,0.01803899995406425
native,karatsuba,E3,Green,1,1.0,0.8904003968815571
native,karatsuba,E3,Green,1,0.2,0.11729998982592614
native,karatsuba,E3,Green,1,0.1,0.020662438943972263
native,karatsuba,E3,Green,2,1.0,0.9209467201530848
native,karatsuba,E3,Green,2,0.2,0.14784631309745375
native,karatsuba,E3,Green,2,0.1,0.05120876221549987
native,karatsuba,E3,Green,3,1.0,0.9044356323268579
native,karatsuba,E3,Green,3,0.2,0.11788542879904242
native,karatsuba,E3,Green,3,0.1,0.02066243894397222
native,karatsuba,E3,Green,4,1.0,0.8904003968815573
native,karatsuba,E3,Green,4,0.2,0.11729998982592622
native,karatsuba,E3,Green,4,0.1,0.020662438943972343
native,karatsuba,E3,Green,5,1.0,0.9044356323268579
native,karatsuba,E3,Green,5,0.2,0.11788542879904242
native,karatsuba,E3,Green,5,0.1,0.02066243894397222
native,karatsuba,E3,Green,6,1.0,0.8904003968815571
native,karatsuba,E3,Green,6,0.2,0.1172999898259261
native,karatsuba,E3,Green,6,0.1,0.02066243894397222
native,karatsuba,E3,Green,7,1.0,0.9044356323268579
native,karatsuba,E3,Green,7,0.2,0.11788542879904242
native,karatsuba,E3,Green,7,0.1,0.02066243894397222
native,karatsuba,E3,Green,8,1.0,0.8872467340002846
native,karatsuba,E3,Green,8,0.2,0.11414632694465361
native,karatsuba,E3,Green,8,0.1,0.017508776062699738
native,karatsuba,E3,Green,9,1.0,0.8829845024445351
native,karatsuba,E3,Green,9,0.2,0.10988409538890416
native,karatsuba,E3,Green,9,0.1,0.01324654450695028
native,karatsuba,E3,Green,10,1.0,0.8877769578916487
native,karatsuba,E3,Green,10,0.2,0.11467655083601774
native,karatsuba,E3,Green,10,0.1,0.018038999954063863
native,karatsuba,E3,Green,11,1.0,0.9044356323268579
native,karatsuba,E3,Green,11,0.2,0.11788542879904246
native,karatsuba,E3,Green,11,0.1,0.020662438943972263
native,karatsuba,E3,Green,12,1.0,0.9044356323268579
native,karatsuba,E3,Green,12,0.2,0.11788542879904246
native,karatsuba,E3,Green,12,0.1,0.020662438943972263
native,karatsuba,E3,Green,13,1.0,0.8881864775555508
native,karatsuba,E3,Green,13,0.2,0.11508607049991984
native,karatsuba,E3,Green,13,0.1,0.018448519617965963
native,karatsuba,E3,Green,14,1.0,0.8948770150432019
native,karatsuba,E3,Green,14,0.2,0.12177660798757102
native,karatsuba,E3,Green,14,0.1,0.025139057105617132
native,karatsuba,E3,Green,15,1.0,0.8829845024445352
native,karatsuba,E3,Green,15,0.2,0.1098840953889042
native,karatsuba,E3,Green,15,0.1,0.01324654450695032
native,karatsuba,E3,Green,16,1.0,0.9044356323268579
native,karatsuba,E3,Green,16,0.2,0.11788542879904247
native,karatsuba,E3,Green,16,0.1,0.020662438943972277
native,karatsuba,E3,Green,17,1.0,0.9044356323268579
native,karatsuba,E3,Green,17,0.2,0.11788542879904242
native,karatsuba,E3,Green,17,0.1,0.02066243894397222
native,karatsuba,E3,Green,18,1.0,0.9044356323268578
native,karatsuba,E3,Green,18,0.2,0.11788542879904237
native,karatsuba,E3,Green,18,0.1,0.020662438943972183
native,karatsuba,E3,Green,19,1.0,0.9044356323268579
native,karatsuba,E3,Green,19,0.2,0.11788542879904246
native,karatsuba,E3,Green,19,0.1,0.020662438943972263
native,karatsuba,E3,Green,20,1.0,0.9044356323268579
native,karatsuba,E3,Green,20,0.2,0.11788542879904247
native,karatsuba,E3,Green,20,0.1,0.020662438943972277
native,karatsuba,E3,Green,21,1.0,0.9044356323268579
native,karatsuba,E3,Green,21,0.2,0.11788542879904246
native,karatsuba,E3,Green,21,0.1,0.020662438943972263
native,karatsuba,E3,Green,22,1.0,0.8829845024445353
native,karatsuba,E3,Green,22,0.2,0.10988409538890433
native,karatsuba,E3,Green,22,0.1,0.013246544506950453
native,karatsuba,E3,Green,23,1.0,0.8904003968815571
native,karatsuba,E3,Green,23,0.2,0.1172999898259261
native,karatsuba,E3,Green,23,0.1,0.02066243894397222
native,karatsuba,E3,Green,24,1.0,0.9044356323268579
native,karatsuba,E3,Green,24,0.2,0.11788542879904246
native,karatsuba,E3,Green,24,0.1,0.020662438943972263
native,karatsuba,E3,Green,25,1.0,0.9044356323268578
native,karatsuba,E3,Green,25,0.2,0.11788542879904237
native,karatsuba,E3,Green,25,0.1,0.020662438943972183
native,karatsuba,E3,Green,26,1.0,0.8877769578916479
native,karatsuba,E3,Green,26,0.2,0.11467655083601695
native,karatsuba,E3,Green,26,0.1,0.01803899995406307
native,karatsuba,E3,Green,27,1.0,0.9044356323268579
native,karatsuba,E3,Green,27,0.2,0.11788542879904247
native,karatsuba,E3,Green,27,0.1,0.020662438943972277
native,karatsuba,E3,Green,28,1.0,0.9044356323268579
native,karatsuba,E3,Green,28,0.2,0.11788542879904246
native,karatsuba,E3,Green,28,0.1,0.020662438943972263
native,karatsuba,E3,Green,29,1.0,0.8829845024445353
native,karatsuba,E3,Green,29,0.2,0.1098840953889043
native,karatsuba,E3,Green,29,0.1,0.013246544506950427
native,ops,E1,Green,0,1.0,0.8933346292606134
native,ops,E1,Green,0,0.2,0.1573346292606132
native,ops,E1,Green,0,0.1,0.07199999999999977
native,ops,E1,Green,1,1.0,0.8933346292606129
native,ops,E1,Green,1,0.2,0.15733462926061287
native,ops,E1,Green,1,0.1,0.07199999999999948
native,ops,E1,Green,2,1.0,0.893334629260613
native,ops,E1,Green,2,0.2,0.15733462926061298
native,ops,E1,Green,2,0.1,0.07199999999999958
native,ops,E1,Green,3,1.0,0.8933346292606131
native,ops,E1,Green,3,0.2,0.15733462926061317
native,ops,E1,Green,3,0.1,0.07199999999999977
native,ops,E1,Green,4,1.0,0.893334629260613
native,ops,E1,Green,4,0.2,0.157334629260613
native,ops,E1,Green,4,0.1,0.07199999999999962
native,ops,E1,Green,5,1.0,0.893334629260613
native,ops,E1,Green,5,0.2,0.15733462926061303
native,ops,E1,Green,5,0.1,0.07199999999999963
native,ops,E1,Green,6,1.0,0.8933346292606131
native,ops,E1,Green,6,0.2,0.15733462926061312
native,ops,E1,Green,6,0.1,0.07199999999999973
native,ops,E1,Green,7,1.0,0.8933346292606131
native,ops,E1,Green,7,0.2,0.15733462926061312
native,ops,E1,Green,7,0.1,0.07199999999999969
native,ops,E1,Green,8,1.0,0.8981317138269755
native,ops,E1,Green,8,0.2,0.16213171382697558
native,ops,E1,Green,8,0.1,0.07671138945005507
native,ops,E1,Green,9,1.0,0.8933346292606134
native,ops,E1,Green,9,0.2,0.1573346292606132
native,ops,E1,Green,9,0.1,0.07199999999999979
native,ops,E1,Green,10,1.0,0.893334629260613
native,ops,E1,Green,10,0.2,0.15733462926061303
native,ops,E1,Green,10,0.1,0.07199999999999966
native,ops,E1,Green,11,1.0,0.8933346292606131
native,ops,E1,Green,11,0.2,0.1573346292606131
native,ops,E1,Green,11,0.1,0.0719999999999997
native,ops,E1,Green,12,1.0,0.893334629260613
native,ops,E1,Green,12,0.2,0.15733462926061306
native,ops,E1,Green,12,0.1,0.07199999999999966
native,ops,E1,Green,13,1.0,0.8933346292606132
native,ops,E1,Green,13,0.2,0.15733462926061328
native,ops,E1,Green,13,0.1,0.07199999999999984
native,ops,E1,Green,14,1.0,0.8933346292606132
native,ops,E1,Green,14,0.2,0.1573346292606132
native,ops,E1,Green,14,0.1,0.07199999999999977
native,ops,E1,Green,15,1.0,0.8933346292606131
native,ops,E1,Green,15,0.2,0.15733462926061303
native,ops,E1,Green,15,0.1,0.07199999999999962
native,ops,E1,Green,16,1.0,0.893334629260613
native,ops,E1,Green,16,0.2,0.157334629260613
native,ops,E1,Green,16,0.1,0.07199999999999962
native,ops,E1,Green,17,1.0,0.897049397527023
native,ops,E1,Green,17,0.2,0.1610493975270229
native,ops,E1,Green,17,0.1,0.0756290731501024
native,ops,E1,Green,18,1.0,0.8933346292606132
native,ops,E1,Green,18,0.2,0.1573346292606132
native,ops,E1,Green,18,0.1,0.07199999999999977
native,ops,E1,Green,19,1.0,0.893334629260613
native,ops,E1,Green,19,0.2,0.15733462926061306
native,ops,E1,Green,19,0.1,0.07199999999999965
native,ops,E1,Green,20,1.0,0.8933346292606131
native,ops,E1,Green,20,0.2,0.15733462926061315
native,ops,E1,Green,20,0.1,0.07199999999999974
native,ops,E1,Green,21,1.0,0.8933346292606132
native,ops,E1,Green,21,0.2,0.15733462926061315
native,ops,E1,Green,21,0.1,0.07199999999999976
native,ops,E1,Green,22,1.0,0.8933346292606131
native,ops,E1,Green,22,0.2,0.15733462926061306
native,ops,E1,Green,22,0.1,0.07199999999999968
native,ops,E1,Green,23,1.0,0.8933346292606131
native,ops,E1,Green,23,0.2,0.15733462926061303
native,ops,E1,Green,23,0.1,0.0719999999999996
native,ops,E1,Green,24,1.0,0.9056533315976076
native,ops,E1,Green,24,0.2,0.16965333159760768
native,ops,E1,Green,24,0.1,0.07765333159760768
native,ops,E1,Green,25,1.0,0.8962480611602329
native,ops,E1,Green,25,0.2,0.16024806116023282
native,ops,E1,Green,25,0.1,0.07482773678331232
native,ops,E1,Green,26,1.0,0.8933346292606131
native,ops,E1,Green,26,0.2,0.15733462926061303
native,ops,E1,Green,26,0.1,0.0719999999999996
native,ops,E1,Green,27,1.0,0.8933346292606132
native,ops,E1,Green,27,0.2,0.15733462926061315
native,ops,E1,Green,27,0.1,0.07199999999999974
native,ops,E1,Green,28,1.0,0.8933346292606132
native,ops,E1,Green,28,0.2,0.15733462926061317
native,ops,E1,Green,28,0.1,0.07199999999999979
native,ops,E1,Green,29,1.0,0.893334629260613
native,ops,E1,Green,29,0.2,0.15733462926061295
native,ops,E1,Green,29,0.1,0.07199999999999955
native,ops,E1,MO-lex,0,1.0,0.8273496390707659
native,ops,E1,MO-lex,0,0.2,0.1553496390707659
native,ops,E1,MO-lex,0,0.1,0.0719999999999998
native,ops,E1,MO-lex,1,1.0,0.8273496390707659
native,ops,E1,MO-lex,1,0.2,0.155349639070766
native,ops,E1,MO-lex,1,0.1,0.07199999999999977
native,ops,E1,MO-lex,2,1.0,0.827349639070766
native,ops,E1,MO-lex,2,0.2,0.155349639070766
native,ops,E1,MO-lex,2,0.1,0.07199999999999984
native,ops,E1,MO-lex,3,1.0,0.8273496390707659
native,ops,E1,MO-lex,3,0.2,0.15534963907076604
native,ops,E1,MO-lex,3,0.1,0.07199999999999983
native,ops,E1,MO-lex,4,1.0,0.7555961905939577
native,ops,E1,MO-lex,4,0.2,0.1475961905939577
native,ops,E1,MO-lex,4,0.1,0.07199999999999981
native,ops,E1,MO-lex,5,1.0,0.7493231884995794
native,ops,E1,MO-lex,5,0.2,0.14399999999999982
native,ops,E1,MO-lex,5,0.1,0.07199999999999983
native,ops,E1,MO-lex,6,1.0,0.827349639070766
native,ops,E1,MO-lex,6,0.2,0.15534963907076593
native,ops,E1,MO-lex,6,0.1,0.07199999999999981
native,ops,E1,MO-lex,7,1.0,0.8273496390707659
native,ops,E1,MO-lex,7,0.2,0.155349639070766
native,ops,E1,MO-lex,7,0.1,0.07199999999999977
native,ops,E1,MO-lex,8,1.0,0.827349639070766
native,ops,E1,MO-lex,8,0.2,0.15534963907076596
native,ops,E1,MO-lex,8,0.1,0.07199999999999981
native,ops,E1,MO-lex,9,1.0,0.827349639070766
native,ops,E1,MO-lex,9,0.2,0.15534963907076596
native,ops,E1,MO-lex,9,0.1,0.07199999999999981
native,ops,E1,MO-lex,10,1.0,0.827349639070766
native,ops,E1,MO-lex,10,0.2,0.15534963907076604
native,ops,E1,MO-lex,10,0.1,0.07199999999999981
native,ops,E1,MO-lex,11,1.0,0.7199999999999999
native,ops,E1,MO-lex,11,0.2,0.1439999999999998
native,ops,E1,MO-lex,11,0.1,0.07199999999999981
native,ops,E1,MO-lex,12,1.0,0.827349639070766
native,ops,E1,MO-lex,12,0.2,0.15534963907076602
native,ops,E1,MO-lex,12,0.1,0.07199999999999986
native,ops,E1,MO-lex,13,1.0,0.8273496390707659
native,ops,E1,MO-lex,13,0.2,0.15534963907076593
native,ops,E1,MO-lex,13,0.1,0.07199999999999981
native,ops,E1,MO-lex,14,1.0,0.8273496390707659
native,ops,E1,MO-lex,14,0.2,0.15534963907076596
native,ops,E1,MO-lex,14,0.1,0.07199999999999984
native,ops,E1,MO-lex,15,1.0,0.8273496390707659
native,ops,E1,MO-lex,15,0.2,0.15534963907076602
native,ops,E1,MO-lex,15,0.1,0.0719999999999998
native,ops,E1,MO-lex,16,1.0,0.827349639070766
native,ops,E1,MO-lex,16,0.2,0.155349639070766
native,ops,E1,MO-lex,16,0.1,0.07199999999999984
native,ops,E1,MO-lex,17,1.0,0.8279102567333724
native,ops,E1,MO-lex,17,0.2,0.15591025673337233
native,ops,E1,MO-lex,17,0.1,0.07199999999999976
native,ops,E1,MO-lex,18,1.0,0.7668981274524346
native,ops,E1,MO-lex,18,0.2,0.14774782665029076
native,ops,E1,MO-lex,18,0.1,0.0719999999999998
native,ops,E1,MO-lex,19,1.0,0.7529535691465912
native,ops,E1,MO-lex,19,0.2,0.14495356914659116
native,ops,E1,MO-lex,19,0.1,0.07199999999999981
native,ops,E1,MO-lex,20,1.0,0.8279102567333724
native,ops,E1,MO-lex,20,0.2,0.1559102567333724
native,ops,E1,MO-lex,20,0.1,0.07199999999999981
native,ops,E1,MO-lex,21,1.0,0.788684761443684
native,ops,E1,MO-lex,21,0.2,0.14868476144368387
native,ops,E1,MO-lex,21,0.1,0.07199999999999979
native,ops,E1,MO-lex,22,1.0,0.8273496390707659
native,ops,E1,MO-lex,22,0.2,0.1553496390707659
native,ops,E1,MO-lex,22,0.1,0.0719999999999998
native,ops,E1,MO-lex,23,1.0,0.755365669716099
native,ops,E1,MO-lex,23,0.2,0.14736566971609905
native,ops,E1,MO-lex,23,0.1,0.07199999999999977
native,ops,E1,MO-lex,24,1.0,0.827349639070766
native,ops,E1,MO-lex,24,0.2,0.155349639070766
native,ops,E1,MO-lex,24,0.1,0.07199999999999986
native,ops,E1,MO-lex,25,1.0,0.827349639070766
native,ops,E1,MO-lex,25,0.2,0.15534963907076602
native,ops,E1,MO-lex,25,0.1,0.07199999999999983
native,ops,E1,MO-lex,26,1.0,0.8279102567333724
native,ops,E1,MO-lex,26,0.2,0.15591025673337242
native,ops,E1,MO-lex,26,0.1,0.07199999999999984
native,ops,E1,MO-lex,27,1.0,0.827349639070766
native,ops,E1,MO-lex,27,0.2,0.15534963907076602
native,ops,E1,MO-lex,27,0.1,0.07199999999999984
native,ops,E1,MO-lex,28,1.0,0.827349639070766
native,ops,E1,MO-lex,28,0.2,0.15534963907076596
native,ops,E1,MO-lex,28,0.1,0.0719999999999998
native,ops,E1,MO-lex,29,1.0,0.7554308635527273
native,ops,E1,MO-lex,29,0.2,0.14743086355272733
native,ops,E1,MO-lex,29,0.1,0.07199999999999984
native,ops,E1,SO,0,1.0,0.6399999999999998
native,ops,E1,SO,0,0.2,0.12799999999999984
native,ops,E1,SO,0,0.1,0.06399999999999982
native,ops,E1,SO,1,1.0,0.5599999999999998
native,ops,E1,SO,1,0.2,0.11199999999999984
native,ops,E1,SO,1,0.1,0.05599999999999983
native,ops,E1,SO,2,1.0,0.5999999999999999
native,ops,E1,SO,2,0.2,0.11999999999999987
native,ops,E1,SO,2,0.1,0.05999999999999987
native,ops,E1,SO,3,1.0,0.4399999999999998
native,ops,E1,SO,3,0.2,0.08799999999999987
native,ops,E1,SO,3,0.1,0.04399999999999987
native,ops,E1,SO,4,1.0,0.6399999999999999
native,ops,E1,SO,4,0.2,0.12799999999999984
native,ops,E1,SO,4,0.1,0.06399999999999983
native,ops,E1,SO,5,1.0,0.5599999999999999
native,ops,E1,SO,5,0.2,0.11199999999999988
native,ops,E1,SO,5,0.1,0.05599999999999987
native,ops,E1,SO,6,1.0,0.7199999999999999
native,ops,E1,SO,6,0.2,0.1439999999999998
native,ops,E1,SO,6,0.1,0.07199999999999981
native,ops,E1,SO,7,1.0,0.6399999999999998
native,ops,E1,SO,7,0.2,0.12799999999999975
native,ops,E1,SO,7,0.1,0.06399999999999977
native,ops,E1,SO,8,1.0,0.47999999999999987
native,ops,E1,SO,8,0.2,0.09599999999999988
native,ops,E1,SO,8,0.1,0.047999999999999876
native,ops,E1,SO,9,1.0,0.7199999999999999
native,ops,E1,SO,9,0.2,0.1439999999999998
native,ops,E1,SO,9,0.1,0.07199999999999981
native,ops,E1,SO,10,1.0,0.7199999999999999
native,ops,E1,SO,10,0.2,0.1439999999999998
native,ops,E1,SO,10,0.1,0.07199999999999981
native,ops,E1,SO,11,1.0,0.7199999999999999
native,ops,E1,SO,11,0.2,0.1439999999999998
native,ops,E1,SO,11,0.1,0.07199999999999981
native,ops,E1,SO,12,1.0,0.5599999999999999
native,ops,E1,SO,12,0.2,0.1119999999999999
native,ops,E1,SO,12,0.1,0.05599999999999989
native,ops,E1,SO,13,1.0,0.7199999999999999
native,ops,E1,SO,13,0.2,0.1439999999999998
native,ops,E1,SO,13,0.1,0.07199999999999981
native,ops,E1,SO,14,1.0,0.6399999999999999
native,ops,E1,SO,14,0.2,0.12799999999999986
native,ops,E1,SO,14,0.1,0.06399999999999985
native,ops,E1,SO,15,1.0,0.6399999999999999
native,ops,E1,SO,15,0.2,0.12799999999999984
native,ops,E1,SO,15,0.1,0.06399999999999982
native,ops,E1,SO,16,1.0,0.6399999999999999
native,ops,E1,SO,16,0.2,0.12799999999999986
native,ops,E1,SO,16,0.1,0.06399999999999985
native,ops,E1,SO,17,1.0,0.6399999999999998
native,ops,E1,SO,17,0.2,0.1279999999999998
native,ops,E1,SO,17,0.1,0.0639999999999998
native,ops,E1,SO,18,1.0,0.5999999999999999
native,ops,E1,SO,18,0.2,0.11999999999999986
native,ops,E1,SO,18,0.1,0.05999999999999986
native,ops,E1,SO,19,1.0,0.7199999999999999
native,ops,E1,SO,19,0.2,0.1439999999999998
native,ops,E1,SO,19,0.1,0.07199999999999981
native,ops,E1,SO,20,1.0,0.7199999999999999
native,ops,E1,SO,20,0.2,0.1439999999999998
native,ops,E1,SO,20,0.1,0.07199999999999981
native,ops,E1,SO,21,1.0,0.5599999999999998
native,ops,E1,SO,21,0.2,0.11199999999999985
native,ops,E1,SO,21,0.1,0.055999999999999835
native,ops,E1,SO,22,1.0,0.5599999999999998
native,ops,E1,SO,22,0.2,0.11199999999999984
native,ops,E1,SO,22,0.1,0.05599999999999983
native,ops,E1,SO,23,1.0,0.43999999999999984
native,ops,E1,SO,23,0.2,0.08799999999999988
native,ops,E1,SO,23,0.1,0.043999999999999886
native,ops,E1,SO,24,1.0,0.6399999999999999
native,ops,E1,SO,24,0.2,0.12799999999999986
native,ops,E1,SO,24,0.1,0.06399999999999988
native,ops,E1,SO,25,1.0,0.5599999999999999
native,ops,E1,SO,25,0.2,0.11199999999999988
native,ops,E1,SO,25,0.1,0.05599999999999987
native,ops,E1,SO,26,1.0,0.6399999999999999
native,ops,E1,SO,26,0.2,0.12799999999999986
native,ops,E1,SO,26,0.1,0.06399999999999985
native,ops,E1,SO,27,1.0,0.6399999999999999
native,ops,E1,SO,27,0.2,0.12799999999999986
native,ops,E1,SO,27,0.1,0.06399999999999985
native,ops,E1,SO,28,1.0,0.6399999999999999
native,ops,E1,SO,28,0.2,0.12799999999999986
native,ops,E1,SO,28,0.1,0.06399999999999985
native,ops,E1,SO,29,1.0,0.6399999999999999
native,ops,E1,SO,29,0.2,0.12799999999999986
native,ops,E1,SO,29,0.1,0.06399999999999985
native,ops,E2,Green,0,1.0,0.872335533150443
native,ops,E2,Green,0,0.2,0.13633553315044292
native,ops,E2,Green,0,0.1,0.05191768126416434
native,ops,E2,Green,1,1.0,0.8743023423897742
native,ops,E2,Green,1,0.2,0.1383023423897742
native,ops,E2,Green,1,0.1,0.053426539634042765
native,ops,E2,Green,2,1.0,0.8746890602173607
native,ops,E2,Green,2,0.2,0.13868906021736066
native,ops,E2,Green,2,0.1,0.053813257461629196
native,ops,E2,Green,3,1.0,0.8805980684688458
native,ops,E2,Green,3,0.2,0.14459806846884576
native,ops,E2,Green,3,0.1,0.05507229154959441
native,ops,E2,Green,4,1.0,0.8805884337738669
native,ops,E2,Green,4,0.2,0.1445884337738667
native,ops,E2,Green,4,0.1,0.05506265685461534
native,ops,E2,Green,5,1.0,0.8759547964889162
native,ops,E2,Green,5,0.2,0.1399547964889161
native,ops,E2,Green,5,0.1,0.05507899373318465
native,ops,E2,Green,6,1.0,0.8743561793250063
native,ops,E2,Green,6,0.2,0.1383561793250063
native,ops,E2,Green,6,0.1,0.05348037656927484
native,ops,E2,Green,7,1.0,0.8722539505410111
native,ops,E2,Green,7,0.2,0.13625395054101103
native,ops,E2,Green,7,0.1,0.05183609865473239
native,ops,E2,Green,8,1.0,0.874318864681782
native,ops,E2,Green,8,0.2,0.13831886468178212
native,ops,E2,Green,8,0.1,0.05344306192605066
native,ops,E2,Green,9,1.0,0.8721951911365975
native,ops,E2,Green,9,0.2,0.13619519113659742
native,ops,E2,Green,9,0.1,0.051777339250318834
native,ops,E2,Green,10,1.0,0.87425991986393
native,ops,E2,Green,10,0.2,0.13825991986393005
native,ops,E2,Green,10,0.1,0.053384117108198605
native,ops,E2,Green,11,1.0,0.8806491743739027
native,ops,E2,Green,11,0.2,0.14464917437390254
native,ops,E2,Green,11,0.1,0.05512339745465119
native,ops,E2,Green,12,1.0,0.8750464723467717
native,ops,E2,Green,12,0.2,0.1390464723467717
native,ops,E2,Green,12,0.1,0.05417066959104025
native,ops,E2,Green,13,1.0,0.879368693057203
native,ops,E2,Green,13,0.2,0.14336869305720285
native,ops,E2,Green,13,0.1,0.0538429161379515
native,ops,E2,Green,14,1.0,0.8743023423897742
native,ops,E2,Green,14,0.2,0.13830234238977424
native,ops,E2,Green,14,0.1,0.05342653963404281
native,ops,E2,Green,15,1.0,0.8742622990771214
native,ops,E2,Green,15,0.2,0.1382622990771214
native,ops,E2,Green,15,0.1,0.05338649632138994
native,ops,E2,Green,16,1.0,0.8818282210546979
native,ops,E2,Green,16,0.2,0.14582822105469787
native,ops,E2,Green,16,0.1,0.056302444135446515
native,ops,E2,Green,17,1.0,0.8721951911365974
native,ops,E2,Green,17,0.2,0.13619519113659742
native,ops,E2,Green,17,0.1,0.05177733925031883
native,ops,E2,Green,18,1.0,0.8803903021263533
native,ops,E2,Green,18,0.2,0.14439030212635312
native,ops,E2,Green,18,0.1,0.05486452520710177
native,ops,E2,Green,19,1.0,0.8721778639251394
native,ops,E2,Green,19,0.2,0.13617786392513945
native,ops,E2,Green,19,0.1,0.05181976177616303
native,ops,E2,Green,20,1.0,0.8746459908436833
native,ops,E2,Green,20,0.2,0.1386459908436833
native,ops,E2,Green,20,0.1,0.053770188087951816
native,ops,E2,Green,21,1.0,0.8743023423897743
native,ops,E2,Green,21,0.2,0.1383023423897743
native,ops,E2,Green,21,0.1,0.053426539634042834
native,ops,E2,Green,22,1.0,0.8722539505410111
native,ops,E2,Green,22,0.2,0.13625395054101094
native,ops,E2,Green,22,0.1,0.05183609865473236
native,ops,E2,Green,23,1.0,0.8742599198639301
native,ops,E2,Green,23,0.2,0.13825991986393008
native,ops,E2,Green,23,0.1,0.05338411710819862
native,ops,E2,Green,24,1.0,0.8743023423897742
native,ops,E2,Green,24,0.2,0.13830234238977424
native,ops,E2,Green,24,0.1,0.05342653963404279
native,ops,E2,Green,25,1.0,0.8748581173949537
native,ops,E2,Green,25,0.2,0.13885811739495366
native,ops,E2,Green,25,0.1,0.05398231463922218
native,ops,E2,Green,26,1.0,0.8721951911365975
native,ops,E2,Green,26,0.2,0.1361951911365975
native,ops,E2,Green,26,0.1,0.05177733925031887
native,ops,E2,Green,27,1.0,0.8721951911365974
native,ops,E2,Green,27,0.2,0.13619519113659742
native,ops,E2,Green,27,0.1,0.051777339250318785
native,ops,E2,Green,28,1.0,0.8758960370845025
native,ops,E2,Green,28,0.2,0.13989603708450257
native,ops,E2,Green,28,0.1,0.0550202343287711
native,ops,E2,Green,29,1.0,0.8722463903471743
native,ops,E2,Green,29,0.2,0.13624639034717437
native,ops,E2,Green,29,0.1,0.05182853846089576
native,ops,E2,MO-lex,0,1.0,0.698225830435735
native,ops,E2,MO-lex,0,0.2,0.122225830435735
native,ops,E2,MO-lex,0,0.1,0.050225830435735024
native,ops,E2,MO-lex,1,1.0,0.6986827593855197
native,ops,E2,MO-lex,1,0.2,0.12268275938551967
native,ops,E2,MO-lex,1,0.1,0.05068275938551968
native,ops,E2,MO-lex,2,1.0,0.6993147500272441
native,ops,E2,MO-lex,2,0.2,0.12331475002724408
native,ops,E2,MO-lex,2,0.1,0.051314750027244074
native,ops,E2,MO-lex,3,1.0,0.6554429082396733
native,ops,E2,MO-lex,3,0.2,0.11144290823967336
native,ops,E2,MO-lex,3,0.1,0.045916992893717624
native,ops,E2,MO-lex,4,1.0,0.6970101173163908
native,ops,E2,MO-lex,4,0.2,0.12101011731639093
native,ops,E2,MO-lex,4,0.1,0.049010117316390926
native,ops,E2,MO-lex,5,1.0,0.6992472996233817
native,ops,E2,MO-lex,5,0.2,0.12324729962338173
native,ops,E2,MO-lex,5,0.1,0.051247299623381724
native,ops,E2,MO-lex,6,1.0,0.6221029971850439
native,ops,E2,MO-lex,6,0.2,0.11010299718504385
native,ops,E2,MO-lex,6,0.1,0.046102997185043834
native,ops,E2,MO-lex,7,1.0,0.7338957311077321
native,ops,E2,MO-lex,7,0.2,0.1258957311077322
native,ops,E2,MO-lex,7,0.1,0.050148360089445815
native,ops,E2,MO-lex,8,1.0,0.6995243796491486
native,ops,E2,MO-lex,8,0.2,0.12352437964914863
native,ops,E2,MO-lex,8,0.1,0.05152437964914862
native,ops,E2,MO-lex,9,1.0,0.7354639602094721
native,ops,E2,MO-lex,9,0.2,0.12746396020947212
native,ops,E2,MO-lex,9,0.1,0.05182986394851038
native,ops,E2,MO-lex,10,1.0,0.6559040399838036
native,ops,E2,MO-lex,10,0.2,0.11190403998380365
native,ops,E2,MO-lex,10,0.1,0.04588031247203415
native,ops,E2,MO-lex,11,1.0,0.6215887353983772
native,ops,E2,MO-lex,11,0.2,0.10958873539837727
native,ops,E2,MO-lex,11,0.1,0.04558873539837726
native,ops,E2,MO-lex,12,1.0,0.6984871310874989
native,ops,E2,MO-lex,12,0.2,0.12248713108749901
native,ops,E2,MO-lex,12,0.1,0.05048713108749901
native,ops,E2,MO-lex,13,1.0,0.6991924589278591
native,ops,E2,MO-lex,13,0.2,0.12319245892785911
native,ops,E2,MO-lex,13,0.1,0.05119245892785912
native,ops,E2,MO-lex,14,1.0,0.7267652633257675
native,ops,E2,MO-lex,14,0.2,0.1187652633257674
native,ops,E2,MO-lex,14,0.1,0.0461038671525942
native,ops,E2,MO-lex,15,1.0,0.6986948874653867
native,ops,E2,MO-lex,15,0.2,0.12269488746538679
native,ops,E2,MO-lex,15,0.1,0.050694887465386786
native,ops,E2,MO-lex,16,1.0,0.6222617032705632
native,ops,E2,MO-lex,16,0.2,0.11026170327056313
native,ops,E2,MO-lex,16,0.1,0.046261703270563136
native,ops,E2,MO-lex,17,1.0,0.6998362840681709
native,ops,E2,MO-lex,17,0.2,0.12383628406817089
native,ops,E2,MO-lex,17,0.1,0.05183628406817089
native,ops,E2,MO-lex,18,1.0,0.6217146936423233
native,ops,E2,MO-lex,18,0.2,0.10971469364232339
native,ops,E2,MO-lex,18,0.1,0.045714693642323403
native,ops,E2,MO-lex,19,1.0,0.6580306661154806
native,ops,E2,MO-lex,19,0.2,0.11403066611548059
native,ops,E2,MO-lex,19,0.1,0.046207931304018866
native,ops,E2,MO-lex,20,1.0,0.6998360986547325
native,ops,E2,MO-lex,20,0.2,0.12383609865473241
native,ops,E2,MO-lex,20,0.1,0.05183609865473242
native,ops,E2,MO-lex,21,1.0,0.6221038671525944
native,ops,E2,MO-lex,21,0.2,0.11010386715259422
native,ops,E2,MO-lex,21,0.1,0.04610386715259424
native,ops,E2,MO-lex,22,1.0,0.6997773392503188
native,ops,E2,MO-lex,22,0.2,0.12377733925031886
native,ops,E2,MO-lex,22,0.1,0.051777339250318855
native,ops,E2,MO-lex,23,1.0,0.7356369980886572
native,ops,E2,MO-lex,23,0.2,0.12763699808865714
native,ops,E2,MO-lex,23,0.1,0.051836098654732425
native,ops,E2,MO-lex,24,1.0,0.6218646341257447
native,ops,E2,MO-lex,24,0.2,0.1098646341257447
native,ops,E2,MO-lex,24,0.1,0.0458646341257447
native,ops,E2,MO-lex,25,1.0,0.6572303772438602
native,ops,E2,MO-lex,25,0.2,0.11323037724386024
native,ops,E2,MO-lex,25,0.1,0.04579225252481059
native,ops,E2,MO-lex,26,1.0,0.6999513584276074
native,ops,E2,MO-lex,26,0.2,0.12395135842760743
native,ops,E2,MO-lex,26,0.1,0.051951358427607425
native,ops,E2,MO-lex,27,1.0,0.7311648845337518
native,ops,E2,MO-lex,27,0.2,0.1231648845337519
native,ops,E2,MO-lex,27,0.1,0.047859599198651404
native,ops,E2,MO-lex,28,1.0,0.6574588644741189
native,ops,E2,MO-lex,28,0.2,0.11345886447411903
native,ops,E2,MO-lex,28,0.1,0.045631546343837634
native,ops,E2,MO-lex,29,1.0,0.6553846862575279
native,ops,E2,MO-lex,29,0.2,0.1113846862575279
native,ops,E2,MO-lex,29,0.1,0.045937531716569835
native,ops,E2,SO,0,1.0,0.5052116962139953
native,ops,E2,SO,0,0.2,0.08921169621399529
native,ops,E2,SO,0,0.1,0.037211696213995296
native,ops,E2,SO,1,1.0,0.5054533657226064
native,ops,E2,SO,1,0.2,0.0894533657226063
native,ops,E2,SO,1,0.1,0.0374533657226063
native,ops,E2,SO,2,1.0,0.5054697026011756
native,ops,E2,SO,2,0.2,0.08946970260117557
native,ops,E2,SO,2,0.1,0.037469702601175575
native,ops,E2,SO,3,1.0,0.5051823544572149
native,ops,E2,SO,3,0.2,0.08918235445721488
native,ops,E2,SO,3,0.1,0.03718235445721487
native,ops,E2,SO,4,1.0,0.5051823544572148
native,ops,E2,SO,4,0.2,0.08918235445721479
native,ops,E2,SO,4,0.1,0.03718235445721479
native,ops,E2,SO,5,1.0,0.5051654979318954
native,ops,E2,SO,5,0.2,0.08916549793189532
native,ops,E2,SO,5,0.1,0.03716549793189532
native,ops,E2,SO,6,1.0,0.5054697026011756
native,ops,E2,SO,6,0.2,0.08946970260117566
native,ops,E2,SO,6,0.1,0.03746970260117565
native,ops,E2,SO,7,1.0,0.5051654979318952
native,ops,E2,SO,7,0.2,0.08916549793189528
native,ops,E2,SO,7,0.1,0.03716549793189527
native,ops,E2,SO,8,1.0,0.5052116962139953
native,ops,E2,SO,8,0.2,0.08921169621399529
native,ops,E2,SO,8,0.1,0.037211696213995296
native,ops,E2,SO,9,1.0,0.5054697026011756
native,ops,E2,SO,9,0.2,0.08946970260117564
native,ops,E2,SO,9,0.1,0.03746970260117562
native,ops,E2,SO,10,1.0,0.5054697026011756
native,ops,E2,SO,10,0.2,0.08946970260117564
native,ops,E2,SO,10,0.1,0.03746970260117562
native,ops,E2,SO,11,1.0,0.5051823544572149
native,ops,E2,SO,11,0.2,0.08918235445721491
native,ops,E2,SO,11,0.1,0.037182354457214906
native,ops,E2,SO,12,1.0,0.5051823544572148
native,ops,E2,SO,12,0.2,0.08918235445721485
native,ops,E2,SO,12,0.1,0.03718235445721484
native,ops,E2,SO,13,1.0,0.5051823544572148
native,ops,E2,SO,13,0.2,0.08918235445721484
native,ops,E2,SO,13,0.1,0.03718235445721482
native,ops,E2,SO,14,1.0,0.5054697026011756
native,ops,E2,SO,14,0.2,0.08946970260117562
native,ops,E2,SO,14,0.1,0.03746970260117562
native,ops,E2,SO,15,1.0,0.5052116962139953
native,ops,E2,SO,15,0.2,0.08921169621399529
native,ops,E2,SO,15,0.1,0.03721169621399529
native,ops,E2,SO,16,1.0,0.5054697026011756
native,ops,E2,SO,16,0.2,0.0894697026011756
native,ops,E2,SO,16,0.1,0.03746970260117558
native,ops,E2,SO,17,1.0,0.5054698880146141
native,ops,E2,SO,17,0.2,0.08946988801461414
native,ops,E2,SO,17,0.1,0.037469888014614136
native,ops,E2,SO,18,1.0,0.5052116962139953
native,ops,E2,SO,18,0.2,0.08921169621399531
native,ops,E2,SO,18,0.1,0.0372116962139953
native,ops,E2,SO,19,1.0,0.5051823544572148
native,ops,E2,SO,19,0.2,0.08918235445721483
native,ops,E2,SO,19,0.1,0.037182354457214815
native,ops,E2,SO,20,1.0,0.5054697026011757
native,ops,E2,SO,20,0.2,0.08946970260117566
native,ops,E2,SO,20,0.1,0.03746970260117566
native,ops,E2,SO,21,1.0,0.5054697026011756
native,ops,E2,SO,21,0.2,0.08946970260117565
native,ops,E2,SO,21,0.1,0.03746970260117564
native,ops,E2,SO,22,1.0,0.5051823544572149
native,ops,E2,SO,22,0.2,0.0891823544572149
native,ops,E2,SO,22,0.1,0.03718235445721488
native,ops,E2,SO,23,1.0,0.5054697026011757
native,ops,E2,SO,23,0.2,0.08946970260117568
native,ops,E2,SO,23,0.1,0.037469702601175665
native,ops,E2,SO,24,1.0,0.5051823544572148
native,ops,E2,SO,24,0.2,0.08918235445721487
native,ops,E2,SO,24,0.1,0.03718235445721485
native,ops,E2,SO,25,1.0,0.5051823544572149
native,ops,E2,SO,25,0.2,0.08918235445721487
native,ops,E2,SO,25,0.1,0.037182354457214864
native,ops,E2,SO,26,1.0,0.5051654979318952
native,ops,E2,SO,26,0.2,0.08916549793189527
native,ops,E2,SO,26,0.1,0.03716549793189526
native,ops,E2,SO,27,1.0,0.5054697026011756
native,ops,E2,SO,27,0.2,0.08946970260117562
native,ops,E2,SO,27,0.1,0.03746970260117562
native,ops,E2,SO,28,1.0,0.5051823544572148
native,ops,E2,SO,28,0.2,0.08918235445721484
native,ops,E2,SO,28,0.1,0.037182354457214836
native,ops,E2,SO,29,1.0,0.5052116962139953
native,ops,E2,SO,29,0.2,0.08921169621399531
native,ops,E2,SO,29,0.1,0.03721169621399531
native,ops,E3,Green,0,1.0,0.8676296203023196
native,ops,E3,Green,0,0.2,0.1120740647467641
native,ops,E3,Green,0,0.1,0.017629620302319647
native,ops,E3,Green,1,1.0,0.8933830274775352
native,ops,E3,Green,1,0.2,0.11560524969975748
native,ops,E3,Green,1,0.1,0.020193522591590518
native,ops,E3,Green,2,1.0,0.8933830274775352
native,ops,E3,Green,2,0.2,0.11560524969975748
native,ops,E3,Green,2,0.1,0.020193522591590518
native,ops,E3,Green,3,1.0,0.8701935225915904
native,ops,E3,Green,3,0.2,0.11463796703603489
native,ops,E3,Green,3,0.1,0.02019352259159044
native,ops,E3,Green,4,1.0,0.8701935225915906
native,ops,E3,Green,4,0.2,0.11463796703603497
native,ops,E3,Green,4,0.1,0.020193522591590532
native,ops,E3,Green,5,1.0,0.8933830274775352
native,ops,E3,Green,5,0.2,0.11560524969975748
native,ops,E3,Green,5,0.1,0.020193522591590518
native,ops,E3,Green,6,1.0,0.8933830274775352
native,ops,E3,Green,6,0.2,0.11560524969975744
native,ops,E3,Green,6,0.1,0.02019352259159048
native,ops,E3,Green,7,1.0,0.8933830274775352
native,ops,E3,Green,7,0.2,0.1156052496997575
native,ops,E3,Green,7,0.1,0.020193522591590532
native,ops,E3,Green,8,1.0,0.8933830274775352
native,ops,E3,Green,8,0.2,0.11560524969975748
native,ops,E3,Green,8,0.1,0.020193522591590518
native,ops,E3,Green,9,1.0,0.8701935225915906
native,ops,E3,Green,9,0.2,0.11463796703603496
native,ops,E3,Green,9,0.1,0.020193522591590518
native,ops,E3,Green,10,1.0,0.8676296203023188
native,ops,E3,Green,10,0.2,0.11207406474676335
native,ops,E3,Green,10,0.1,0.0176296203023189
native,ops,E3,Green,11,1.0,0.8933830274775352
native,ops,E3,Green,11,0.2,0.1156052496997575
native,ops,E3,Green,11,0.1,0.020193522591590532
native,ops,E3,Green,12,1.0,0.8933830274775352
native,ops,E3,Green,12,0.2,0.11560524969975748
native,ops,E3,Green,12,0.1,0.020193522591590518
native,ops,E3,Green,13,1.0,0.8676296203023198
native,ops,E3,Green,13,0.2,0.11207406474676432
native,ops,E3,Green,13,0.1,0.01762962030231987
native,ops,E3,Green,14,1.0,0.8676296203023194
native,ops,E3,Green,14,0.2,0.1120740647467639
native,ops,E3,Green,14,0.1,0.01762962030231945
native,ops,E3,Green,15,1.0,0.8933830274775352
native,ops,E3,Green,15,0.2,0.11560524969975748
native,ops,E3,Green,15,0.1,0.020193522591590518
native,ops,E3,Green,16,1.0,0.8676296203023192
native,ops,E3,Green,16,0.2,0.1120740647467637
native,ops,E3,Green,16,0.1,0.01762962030231924
native,ops,E3,Green,17,1.0,0.8933830274775353
native,ops,E3,Green,17,0.2,0.11560524969975756
native,ops,E3,Green,17,0.1,0.020193522591590598
native,ops,E3,Green,18,1.0,0.8701935225915906
native,ops,E3,Green,18,0.2,0.11463796703603493
native,ops,E3,Green,18,0.1,0.02019352259159048
native,ops,E3,Green,19,1.0,0.8977580526246742
native,ops,E3,Green,19,0.2,0.11998027484689656
native,ops,E3,Green,19,0.1,0.02456854773872959
native,ops,E3,Green,20,1.0,0.8933830274775352
native,ops,E3,Green,20,0.2,0.1156052496997575
native,ops,E3,Green,20,0.1,0.020193522591590532
native,ops,E3,Green,21,1.0,0.8933830274775352
native,ops,E3,Green,21,0.2,0.11560524969975748
native,ops,E3,Green,21,0.1,0.020193522591590518
native,ops,E3,Green,22,1.0,0.8676296203023198
native,ops,E3,Green,22,0.2,0.11207406474676432
native,ops,E3,Green,22,0.1,0.01762962030231987
native,ops,E3,Green,23,1.0,0.8676296203023198
native,ops,E3,Green,23,0.2,0.11207406474676425
native,ops,E3,Green,23,0.1,0.017629620302319803
native,ops,E3,Green,24,1.0,0.8933830274775352
native,ops,E3,Green,24,0.2,0.11560524969975748
native,ops,E3,Green,24,0.1,0.020193522591590518
native,ops,E3,Green,25,1.0,0.8933830274775352
native,ops,E3,Green,25,0.2,0.11560524969975741
native,ops,E3,Green,25,0.1,0.02019352259159044
native,ops,E3,Green,26,1.0,0.8933830274775352
native,ops,E3,Green,26,0.2,0.11560524969975741
native,ops,E3,Green,26,0.1,0.02019352259159044
native,ops,E3,Green,27,1.0,0.8933830274775352
native,ops,E3,Green,27,0.2,0.1156052496997575
native,ops,E3,Green,27,0.1,0.020193522591590532
native,ops,E3,Green,28,1.0,0.8933830274775352
native,ops,E3,Green,28,0.2,0.1156052496997575
native,ops,E3,Green,28,0.1,0.020193522591590532
native,ops,E3,Green,29,1.0,0.8712988605758826
native,ops,E3,Green,29,0.2,0.1157433050203271
native,ops,E3,Green,29,0.1,0.021298860575882657
native,ops,E3,MO-lex,0,1.0,0.0
native,ops,E3,MO-lex,0,0.2,0.0
native,ops,E3,MO-lex,0,0.1,0.0
native,ops,E3,MO-lex,1,1.0,0.0
native,ops,E3,MO-lex,1,0.2,0.0
native,ops,E3,MO-lex,1,0.1,0.0
native,ops,E3,MO-lex,2,1.0,0.0
native,ops,E3,MO-lex,2,0.2,0.0
native,ops,E3,MO-lex,2,0.1,0.0
native,ops,E3,MO-lex,3,1.0,0.0
native,ops,E3,MO-lex,3,0.2,0.0
native,ops,E3,MO-lex,3,0.1,0.0
native,ops,E3,MO-lex,4,1.0,0.0
native,ops,E3,MO-lex,4,0.2,0.0
native,ops,E3,MO-lex,4,0.1,0.0
native,ops,E3,MO-lex,5,1.0,0.0
native,ops,E3,MO-lex,5,0.2,0.0
native,ops,E3,MO-lex,5,0.1,0.0
native,ops,E3,MO-lex,6,1.0,0.5760260579090576
native,ops,E3,MO-lex,6,0.2,0.0
native,ops,E3,MO-lex,6,0.1,0.0
native,ops,E3,MO-lex,7,1.0,0.6810671429902496
native,ops,E3,MO-lex,7,0.2,0.04773380965691632
native,ops,E3,MO-lex,7,0.1,0.0
native,ops,E3,MO-lex,8,1.0,0.7650413454408588
native,ops,E3,MO-lex,8,0.2,0.09882063908809059
native,ops,E3,MO-lex,8,0.1,0.01687619464364615
native,ops,E3,MO-lex,9,1.0,0.0
native,ops,E3,MO-lex,9,0.2,0.0
native,ops,E3,MO-lex,9,0.1,0.0
native,ops,E3,MO-lex,10,1.0,0.3599670560596355
native,ops,E3,MO-lex,10,0.2,0.0
native,ops,E3,MO-lex,10,0.1,0.0
native,ops,E3,MO-lex,11,1.0,0.5604233690336732
native,ops,E3,MO-lex,11,0.2,0.02709003570033973
native,ops,E3,MO-lex,11,0.1,0.0
native,ops,E3,MO-lex,12,1.0,0.0
native,ops,E3,MO-lex,12,0.2,0.0
native,ops,E3,MO-lex,12,0.1,0.0
native,ops,E3,MO-lex,13,1.0,0.0
native,ops,E3,MO-lex,13,0.2,0.0
native,ops,E3,MO-lex,13,0.1,0.0
native,ops,E3,MO-lex,14,1.0,0.8025542282307918
native,ops,E3,MO-lex,14,0.2,0.09144311711968062
native,ops,E3,MO-lex,14,0.1,0.007046287613563032
native,ops,E3,MO-lex,15,1.0,0.48443734129092797
native,ops,E3,MO-lex,15,0.2,0.0
native,ops,E3,MO-lex,15,0.1,0.0
native,ops,E3,MO-lex,16,1.0,0.0
native,ops,E3,MO-lex,16,0.2,0.0
native,ops,E3,MO-lex,16,0.1,0.0
native,ops,E3,MO-lex,17,1.0,0.0
native,ops,E3,MO-lex,17,0.2,0.0
native,ops,E3,MO-lex,17,0.1,0.0
native,ops,E3,MO-lex,18,1.0,0.0
native,ops,E3,MO-lex,18,0.2,0.0
native,ops,E3,MO-lex,18,0.1,0.0
native,ops,E3,MO-lex,19,1.0,0.0
native,ops,E3,MO-lex,19,0.2,0.0
native,ops,E3,MO-lex,19,0.1,0.0
native,ops,E3,MO-lex,20,1.0,0.0
native,ops,E3,MO-lex,20,0.2,0.0
native,ops,E3,MO-lex,20,0.1,0.0
native,ops,E3,MO-lex,21,1.0,0.4316410779658481
native,ops,E3,MO-lex,21,0.2,0.0
native,ops,E3,MO-lex,21,0.1,0.0
native,ops,E3,MO-lex,22,1.0,0.0
native,ops,E3,MO-lex,22,0.2,0.0
native,ops,E3,MO-lex,22,0.1,0.0
native,ops,E3,MO-lex,23,1.0,0.7027210667150415
native,ops,E3,MO-lex,23,0.2,0.10272106671504158
native,ops,E3,MO-lex,23,0.1,0.02772106671504158
native,ops,E3,MO-lex,24,1.0,0.0
native,ops,E3,MO-lex,24,0.2,0.0
native,ops,E3,MO-lex,24,0.1,0.0
native,ops,E3,MO-lex,25,1.0,0.5488694700245627
native,ops,E3,MO-lex,25,0.2,0.0
native,ops,E3,MO-lex,25,0.1,0.0
native,ops,E3,MO-lex,26,1.0,0.0
native,ops,E3,MO-lex,26,0.2,0.0
native,ops,E3,MO-lex,26,0.1,0.0
native,ops,E3,MO-lex,27,1.0,0.0
native,ops,E3,MO-lex,27,0.2,0.0
native,ops,E3,MO-lex,27,0.1,0.0
native,ops,E3,MO-lex,28,1.0,0.0
native,ops,E3,MO-lex,28,0.2,0.0
native,ops,E3,MO-lex,28,0.1,0.0
native,ops,E3,MO-lex,29,1.0,0.0
native,ops,E3,MO-lex,29,0.2,0.0
native,ops,E3,MO-lex,29,0.1,0.0
native,ops,E3,SO,0,1.0,0.0
native,ops,E3,SO,0,0.2,0.0
native,ops,E3,SO,0,0.1,0.0
native,ops,E3,SO,1,1.0,0.0
native,ops,E3,SO,1,0.2,0.0
native,ops,E3,SO,1,0.1,0.0
native,ops,E3,SO,2,1.0,0.0
native,ops,E3,SO,2,0.2,0.0
native,ops,E3,SO,2,0.1,0.0
native,ops,E3,SO,3,1.0,0.0
native,ops,E3,SO,3,0.2,0.0
native,ops,E3,SO,3,0.1,0.0
native,ops,E3,SO,4,1.0,0.0
native,ops,E3,SO,4,0.2,0.0
native,ops,E3,SO,4,0.1,0.0
native,ops,E3,SO,5,1.0,0.0
native,ops,E3,SO,5,0.2,0.0
native,ops,E3,SO,5,0.1,0.0
native,ops,E3,SO,6,1.0,0.0
native,ops,E3,SO,6,0.2,0.0
native,ops,E3,SO,6,0.1,0.0
native,ops,E3,SO,7,1.0,0.0
native,ops,E3,SO,7,0.2,0.0
native,ops,E3,SO,7,0.1,0.0
native,ops,E3,SO,8,1.0,0.0
native,ops,E3,SO,8,0.2,0.0
native,ops,E3,SO,8,0.1,0.0
native,ops,E3,SO,9,1.0,0.0
native,ops,E3,SO,9,0.2,0.0
native,ops,E3,SO,9,0.1,0.0
native,ops,E3,SO,10,1.0,0.3187254710308519
native,ops,E3,SO,10,0.2,0.0
native,ops,E3,SO,10,0.1,0.0
native,ops,E3,SO,11,1.0,0.5604233690336732
native,ops,E3,SO,11,0.2,0.02709003570033973
native,ops,E3,SO,11,0.1,0.0
native,ops,E3,SO,12,1.0,0.0
native,ops,E3,SO,12,0.2,0.0
native,ops,E3,SO,12,0.1,0.0
native,ops,E3,SO,13,1.0,0.0
native,ops,E3,SO,13,0.2,0.0
native,ops,E3,SO,13,0.1,0.0
native,ops,E3,SO,14,1.0,0.0
native,ops,E3,SO,14,0.2,0.0
native,ops,E3,SO,14,0.1,0.0
native,ops,E3,SO,15,1.0,0.0
native,ops,E3,SO,15,0.2,0.0
native,ops,E3,SO,15,0.1,0.0
native,ops,E3,SO,16,1.0,0.0
native,ops,E3,SO,16,0.2,0.0
native,ops,E3,SO,16,0.1,0.0
native,ops,E3,SO,17,1.0,0.0
native,ops,E3,SO,17,0.2,0.0
native,ops,E3,SO,17,0.1,0.0
native,ops,E3,SO,18,1.0,0.0
native,ops,E3,SO,18,0.2,0.0
native,ops,E3,SO,18,0.1,0.0
native,ops,E3,SO,19,1.0,0.0
native,ops,E3,SO,19,0.2,0.0
native,ops,E3,SO,19,0.1,0.0
native,ops,E3,SO,20,1.0,0.0
native,ops,E3,SO,20,0.2,0.0
native,ops,E3,SO,20,0.1,0.0
native,ops,E3,SO,21,1.0,0.0
native,ops,E3,SO,21,0.2,0.0
native,ops,E3,SO,21,0.1,0.0
native,ops,E3,SO,22,1.0,0.0
native,ops,E3,SO,22,0.2,0.0
native,ops,E3,SO,22,0.1,0.0
native,ops,E3,SO,23,1.0,0.6637405482118325
native,ops,E3,SO,23,0.2,0.09707388154516586
native,ops,E3,SO,23,0.1,0.026240548211832526
native,ops,E3,SO,24,1.0,0.0
native,ops,E3,SO,24,0.2,0.0
native,ops,E3,SO,24,0.1,0.0
native,ops,E3,SO,25,1.0,0.0
native,ops,E3,SO,25,0.2,0.0
native,ops,E3,SO,25,0.1,0.0
native,ops,E3,SO,26,1.0,0.0
native,ops,E3,SO,26,0.2,0.0
native,ops,E3,SO,26,0.1,0.0
native,ops,E3,SO,27,1.0,0.0
native,ops,E3,SO,27,0.2,0.0
native,ops,E3,SO,27,0.1,0.0
native,ops,E3,SO,28,1.0,0.0
native,ops,E3,SO,28,0.2,0.0
native,ops,E3,SO,28,0.1,0.0
native,ops,E3,SO,29,1.0,0.0
native,ops,E3,SO,29,0.2,0.0
native,ops,E3,SO,29,0.1,0.0
equal_calls,karatsuba,E1,SO,0,1.0,0.738187919463087
equal_calls,karatsuba,E1,SO,0,0.2,0.14763758389261725
equal_calls,karatsuba,E1,SO,0,0.1,0.07381879194630853
equal_calls,karatsuba,E1,SO,1,1.0,0.6403355704697984
equal_calls,karatsuba,E1,SO,1,0.2,0.12806711409395952
equal_calls,karatsuba,E1,SO,1,0.1,0.06403355704697966
equal_calls,karatsuba,E1,SO,2,1.0,0.6892617449664428
equal_calls,karatsuba,E1,SO,2,0.2,0.13785234899328844
equal_calls,karatsuba,E1,SO,2,0.1,0.06892617449664415
equal_calls,karatsuba,E1,SO,3,1.0,0.538187919463087
equal_calls,karatsuba,E1,SO,3,0.2,0.1076375838926173
equal_calls,karatsuba,E1,SO,3,0.1,0.05381879194630857
equal_calls,karatsuba,E1,SO,4,1.0,0.7381879194630871
equal_calls,karatsuba,E1,SO,4,0.2,0.14763758389261725
equal_calls,karatsuba,E1,SO,4,0.1,0.07381879194630854
equal_calls,karatsuba,E1,SO,5,1.0,0.68496644295302
equal_calls,karatsuba,E1,SO,5,0.2,0.13699328859060386
equal_calls,karatsuba,E1,SO,5,0.1,0.06849664429530185
equal_calls,karatsuba,E1,SO,6,1.0,0.7914093959731541
equal_calls,karatsuba,E1,SO,6,0.2,0.15828187919463066
equal_calls,karatsuba,E1,SO,6,0.1,0.07914093959731522
equal_calls,karatsuba,E1,SO,7,1.0,0.738187919463087
equal_calls,karatsuba,E1,SO,7,0.2,0.14763758389261716
equal_calls,karatsuba,E1,SO,7,0.1,0.07381879194630846
equal_calls,karatsuba,E1,SO,8,1.0,0.5871140939597314
equal_calls,karatsuba,E1,SO,8,0.2,0.11742281879194616
equal_calls,karatsuba,E1,SO,8,0.1,0.058711409395973
equal_calls,karatsuba,E1,SO,9,1.0,0.7914093959731541
equal_calls,karatsuba,E1,SO,9,0.2,0.15828187919463066
equal_calls,karatsuba,E1,SO,9,0.1,0.07914093959731522
equal_calls,karatsuba,E1,SO,10,1.0,0.7914093959731541
equal_calls,karatsuba,E1,SO,10,0.2,0.15828187919463066
equal_calls,karatsuba,E1,SO,10,0.1,0.07914093959731522
equal_calls,karatsuba,E1,SO,11,1.0,0.7914093959731541
equal_calls,karatsuba,E1,SO,11,0.2,0.15828187919463066
equal_calls,karatsuba,E1,SO,11,0.1,0.07914093959731522
equal_calls,karatsuba,E1,SO,12,1.0,0.6403355704697985
equal_calls,karatsuba,E1,SO,12,0.2,0.1280671140939596
equal_calls,karatsuba,E1,SO,12,0.1,0.06403355704697973
equal_calls,karatsuba,E1,SO,13,1.0,0.7914093959731541
equal_calls,karatsuba,E1,SO,13,0.2,0.15828187919463066
equal_calls,karatsuba,E1,SO,13,0.1,0.07914093959731522
equal_calls,karatsuba,E1,SO,14,1.0,0.7381879194630871
equal_calls,karatsuba,E1,SO,14,0.2,0.1476375838926173
equal_calls,karatsuba,E1,SO,14,0.1,0.07381879194630855
equal_calls,karatsuba,E1,SO,15,1.0,0.7381879194630871
equal_calls,karatsuba,E1,SO,15,0.2,0.14763758389261725
equal_calls,karatsuba,E1,SO,15,0.1,0.07381879194630853
equal_calls,karatsuba,E1,SO,16,1.0,0.7381879194630871
equal_calls,karatsuba,E1,SO,16,0.2,0.1476375838926173
equal_calls,karatsuba,E1,SO,16,0.1,0.07381879194630855
equal_calls,karatsuba,E1,SO,17,1.0,0.738187919463087
equal_calls,karatsuba,E1,SO,17,0.2,0.14763758389261722
equal_calls,karatsuba,E1,SO,17,0.1,0.07381879194630848
equal_calls,karatsuba,E1,SO,18,1.0,0.6892617449664428
equal_calls,karatsuba,E1,SO,18,0.2,0.1378523489932884
equal_calls,karatsuba,E1,SO,18,0.1,0.06892617449664414
equal_calls,karatsuba,E1,SO,19,1.0,0.7914093959731541
equal_calls,karatsuba,E1,SO,19,0.2,0.15828187919463066
equal_calls,karatsuba,E1,SO,19,0.1,0.07914093959731522
equal_calls,karatsuba,E1,SO,20,1.0,0.7914093959731541
equal_calls,karatsuba,E1,SO,20,0.2,0.15828187919463066
equal_calls,karatsuba,E1,SO,20,0.1,0.07914093959731522
equal_calls,karatsuba,E1,SO,21,1.0,0.6403355704697984
equal_calls,karatsuba,E1,SO,21,0.2,0.12806711409395954
equal_calls,karatsuba,E1,SO,21,0.1,0.06403355704697967
equal_calls,karatsuba,E1,SO,22,1.0,0.6849664429530199
equal_calls,karatsuba,E1,SO,22,0.2,0.1369932885906038
equal_calls,karatsuba,E1,SO,22,0.1,0.06849664429530179
equal_calls,karatsuba,E1,SO,23,1.0,0.5381879194630871
equal_calls,karatsuba,E1,SO,23,0.2,0.10763758389261731
equal_calls,karatsuba,E1,SO,23,0.1,0.053818791946308585
equal_calls,karatsuba,E1,SO,24,1.0,0.7381879194630871
equal_calls,karatsuba,E1,SO,24,0.2,0.1476375838926173
equal_calls,karatsuba,E1,SO,24,0.1,0.07381879194630858
equal_calls,karatsuba,E1,SO,25,1.0,0.68496644295302
equal_calls,karatsuba,E1,SO,25,0.2,0.13699328859060386
equal_calls,karatsuba,E1,SO,25,0.1,0.06849664429530185
equal_calls,karatsuba,E1,SO,26,1.0,0.7381879194630871
equal_calls,karatsuba,E1,SO,26,0.2,0.1476375838926173
equal_calls,karatsuba,E1,SO,26,0.1,0.07381879194630855
equal_calls,karatsuba,E1,SO,27,1.0,0.7381879194630871
equal_calls,karatsuba,E1,SO,27,0.2,0.1476375838926173
equal_calls,karatsuba,E1,SO,27,0.1,0.07381879194630855
equal_calls,karatsuba,E1,SO,28,1.0,0.7381879194630871
equal_calls,karatsuba,E1,SO,28,0.2,0.1476375838926173
equal_calls,karatsuba,E1,SO,28,0.1,0.07381879194630855
equal_calls,karatsuba,E1,SO,29,1.0,0.7381879194630871
equal_calls,karatsuba,E1,SO,29,0.2,0.1476375838926173
equal_calls,karatsuba,E1,SO,29,0.1,0.07381879194630855
equal_calls,karatsuba,E1,MO-lex,0,1.0,0.8827886748689627
equal_calls,karatsuba,E1,MO-lex,0,0.2,0.16794303728507023
equal_calls,karatsuba,E1,MO-lex,0,0.1,0.0791409395973152
equal_calls,karatsuba,E1,MO-lex,1,1.0,0.8827886748689628
equal_calls,karatsuba,E1,MO-lex,1,0.2,0.16794303728507032
equal_calls,karatsuba,E1,MO-lex,1,0.1,0.07914093959731518
equal_calls,karatsuba,E1,MO-lex,2,1.0,0.8827886748689628
equal_calls,karatsuba,E1,MO-lex,2,0.2,0.16794303728507035
equal_calls,karatsuba,E1,MO-lex,2,0.1,0.07914093959731526
equal_calls,karatsuba,E1,MO-lex,3,1.0,0.8827886748689628
equal_calls,karatsuba,E1,MO-lex,3,0.2,0.1679430372850704
equal_calls,karatsuba,E1,MO-lex,3,0.1,0.07914093959731526
equal_calls,karatsuba,E1,MO-lex,4,1.0,0.8349490317835488
equal_calls,karatsuba,E1,MO-lex,4,0.2,0.16268057540771005
equal_calls,karatsuba,E1,MO-lex,4,0.1,0.07914093959731522
equal_calls,karatsuba,E1,MO-lex,5,1.0,0.8272761819063648
equal_calls,karatsuba,E1,MO-lex,5,0.2,0.1582818791946307
equal_calls,karatsuba,E1,MO-lex,5,0.1,0.07914093959731523
equal_calls,karatsuba,E1,MO-lex,6,1.0,0.8827886748689628
equal_calls,karatsuba,E1,MO-lex,6,0.2,0.1679430372850703
equal_calls,karatsuba,E1,MO-lex,6,0.1,0.07914093959731522
equal_calls,karatsuba,E1,MO-lex,7,1.0,0.8827886748689628
equal_calls,karatsuba,E1,MO-lex,7,0.2,0.16794303728507032
equal_calls,karatsuba,E1,MO-lex,7,0.1,0.07914093959731518
equal_calls,karatsuba,E1,MO-lex,8,1.0,0.8827886748689628
equal_calls,karatsuba,E1,MO-lex,8,0.2,0.16794303728507032
equal_calls,karatsuba,E1,MO-lex,8,0.1,0.07914093959731522
equal_calls,karatsuba,E1,MO-lex,9,1.0,0.882788674868963
equal_calls,karatsuba,E1,MO-lex,9,0.2,0.16794303728507032
equal_calls,karatsuba,E1,MO-lex,9,0.1,0.07914093959731522
equal_calls,karatsuba,E1,MO-lex,10,1.0,0.8827886748689628
equal_calls,karatsuba,E1,MO-lex,10,0.2,0.16794303728507037
equal_calls,karatsuba,E1,MO-lex,10,0.1,0.07914093959731522
equal_calls,karatsuba,E1,MO-lex,11,1.0,0.7914093959731541
equal_calls,karatsuba,E1,MO-lex,11,0.2,0.15828187919463066
equal_calls,karatsuba,E1,MO-lex,11,0.1,0.07914093959731522
equal_calls,karatsuba,E1,MO-lex,12,1.0,0.8827886748689628
equal_calls,karatsuba,E1,MO-lex,12,0.2,0.16794303728507037
equal_calls,karatsuba,E1,MO-lex,12,0.1,0.07914093959731526
equal_calls,karatsuba,E1,MO-lex,13,1.0,0.8827886748689628
equal_calls,karatsuba,E1,MO-lex,13,0.2,0.16794303728507026
equal_calls,karatsuba,E1,MO-lex,13,0.1,0.07914093959731522
equal_calls,karatsuba,E1,MO-lex,14,1.0,0.8827886748689628
equal_calls,karatsuba,E1,MO-lex,14,0.2,0.1679430372850703
equal_calls,karatsuba,E1,MO-lex,14,0.1,0.07914093959731525
equal_calls,karatsuba,E1,MO-lex,15,1.0,0.8827886748689628
equal_calls,karatsuba,E1,MO-lex,15,0.2,0.16794303728507035
equal_calls,karatsuba,E1,MO-lex,15,0.1,0.07914093959731522
equal_calls,karatsuba,E1,MO-lex,16,1.0,0.882788674868963
equal_calls,karatsuba,E1,MO-lex,16,0.2,0.16794303728507035
equal_calls,karatsuba,E1,MO-lex,16,0.1,0.07914093959731525
equal_calls,karatsuba,E1,MO-lex,17,1.0,0.883265889680197
equal_calls,karatsuba,E1,MO-lex,17,0.2,0.16842025209630457
equal_calls,karatsuba,E1,MO-lex,17,0.1,0.07914093959731518
equal_calls,karatsuba,E1,MO-lex,18,1.0,0.8425524494901206
equal_calls,karatsuba,E1,MO-lex,18,0.2,0.16286604971151342
equal_calls,karatsuba,E1,MO-lex,18,0.1,0.07914093959731523
equal_calls,karatsuba,E1,MO-lex,19,1.0,0.8317166978319881
equal_calls,karatsuba,E1,MO-lex,19,0.2,0.15944824145614925
equal_calls,karatsuba,E1,MO-lex,19,0.1,0.07914093959731522
equal_calls,karatsuba,E1,MO-lex,20,1.0,0.8832658896801971
equal_calls,karatsuba,E1,MO-lex,20,0.2,0.16842025209630462
equal_calls,karatsuba,E1,MO-lex,20,0.1,0.07914093959731522
equal_calls,karatsuba,E1,MO-lex,21,1.0,0.8382241813987888
equal_calls,karatsuba,E1,MO-lex,21,0.2,0.16251948341221167
equal_calls,karatsuba,E1,MO-lex,21,0.1,0.07914093959731519
equal_calls,karatsuba,E1,MO-lex,22,1.0,0.8827886748689628
equal_calls,karatsuba,E1,MO-lex,22,0.2,0.16794303728507023
equal_calls,karatsuba,E1,MO-lex,22,0.1,0.07914093959731522
equal_calls,karatsuba,E1,MO-lex,23,1.0,0.8346670691661681
equal_calls,karatsuba,E1,MO-lex,23,0.2,0.16239861279032922
equal_calls,karatsuba,E1,MO-lex,23,0.1,0.07914093959731522
equal_calls,karatsuba,E1,MO-lex,24,1.0,0.882788674868963
equal_calls,karatsuba,E1,MO-lex,24,0.2,0.16794303728507037
equal_calls,karatsuba,E1,MO-lex,24,0.1,0.07914093959731526
equal_calls,karatsuba,E1,MO-lex,25,1.0,0.882788674868963
equal_calls,karatsuba,E1,MO-lex,25,0.2,0.16794303728507035
equal_calls,karatsuba,E1,MO-lex,25,0.1,0.07914093959731523
equal_calls,karatsuba,E1,MO-lex,26,1.0,0.8832658896801971
equal_calls,karatsuba,E1,MO-lex,26,0.2,0.16842025209630465
equal_calls,karatsuba,E1,MO-lex,26,0.1,0.07914093959731525
equal_calls,karatsuba,E1,MO-lex,27,1.0,0.882788674868963
equal_calls,karatsuba,E1,MO-lex,27,0.2,0.16794303728507035
equal_calls,karatsuba,E1,MO-lex,27,0.1,0.07914093959731525
equal_calls,karatsuba,E1,MO-lex,28,1.0,0.882788674868963
equal_calls,karatsuba,E1,MO-lex,28,0.2,0.16794303728507032
equal_calls,karatsuba,E1,MO-lex,28,0.1,0.07914093959731523
equal_calls,karatsuba,E1,MO-lex,29,1.0,0.8347468112918427
equal_calls,karatsuba,E1,MO-lex,29,0.2,0.16247835491600374
equal_calls,karatsuba,E1,MO-lex,29,0.1,0.07914093959731525
equal_calls,karatsuba,E1,Green,0,1.0,0.9267834457864882
equal_calls,karatsuba,E1,Green,0,0.2,0.16936062699454196
equal_calls,karatsuba,E1,Green,0,0.1,0.07914093959731519
equal_calls,karatsuba,E1,Green,1,1.0,0.926783445786488
equal_calls,karatsuba,E1,Green,1,0.2,0.16936062699454174
equal_calls,karatsuba,E1,Green,1,0.1,0.079140939597315
equal_calls,karatsuba,E1,Green,2,1.0,0.926783445786488
equal_calls,karatsuba,E1,Green,2,0.2,0.16936062699454177
equal_calls,karatsuba,E1,Green,2,0.1,0.07914093959731501
equal_calls,karatsuba,E1,Green,3,1.0,0.9267834457864883
equal_calls,karatsuba,E1,Green,3,0.2,0.1693606269945419
equal_calls,karatsuba,E1,Green,3,0.1,0.07914093959731512
equal_calls,karatsuba,E1,Green,4,1.0,0.9267834457864883
equal_calls,karatsuba,E1,Green,4,0.2,0.16936062699454194
equal_calls,karatsuba,E1,Green,4,0.1,0.07914093959731519
equal_calls,karatsuba,E1,Green,5,1.0,0.9267834457864882
equal_calls,karatsuba,E1,Green,5,0.2,0.16936062699454185
equal_calls,karatsuba,E1,Green,5,0.1,0.07914093959731507
equal_calls,karatsuba,E1,Green,6,1.0,0.9299747948310566
equal_calls,karatsuba,E1,Green,6,0.2,0.1725519760391103
equal_calls,karatsuba,E1,Green,6,0.1,0.08227527838413895
equal_calls,karatsuba,E1,Green,7,1.0,0.9267834457864881
equal_calls,karatsuba,E1,Green,7,0.2,0.16936062699454185
equal_calls,karatsuba,E1,Green,7,0.1,0.0791409395973151
equal_calls,karatsuba,E1,Green,8,1.0,0.9267834457864882
equal_calls,karatsuba,E1,Green,8,0.2,0.16936062699454188
equal_calls,karatsuba,E1,Green,8,0.1,0.07914093959731511
equal_calls,karatsuba,E1,Green,9,1.0,0.9267834457864881
equal_calls,karatsuba,E1,Green,9,0.2,0.1693606269945419
equal_calls,karatsuba,E1,Green,9,0.1,0.07914093959731512
equal_calls,karatsuba,E1,Green,10,1.0,0.9267834457864881
equal_calls,karatsuba,E1,Green,10,0.2,0.16936062699454177
equal_calls,karatsuba,E1,Green,10,0.1,0.07914093959731502
equal_calls,karatsuba,E1,Green,11,1.0,0.9267834457864882
equal_calls,karatsuba,E1,Green,11,0.2,0.16936062699454188
equal_calls,karatsuba,E1,Green,11,0.1,0.0791409395973151
equal_calls,karatsuba,E1,Green,12,1.0,0.9267834457864882
equal_calls,karatsuba,E1,Green,12,0.2,0.16936062699454188
equal_calls,karatsuba,E1,Green,12,0.1,0.0791409395973151
equal_calls,karatsuba,E1,Green,13,1.0,0.9267834457864882
equal_calls,karatsuba,E1,Green,13,0.2,0.16936062699454202
equal_calls,karatsuba,E1,Green,13,0.1,0.07914093959731527
equal_calls,karatsuba,E1,Green,14,1.0,0.9343981746446195
equal_calls,karatsuba,E1,Green,14,0.2,0.17697535585267324
equal_calls,karatsuba,E1,Green,14,0.1,0.08229750350367994
equal_calls,karatsuba,E1,Green,15,1.0,0.9267834457864881
equal_calls,karatsuba,E1,Green,15,0.2,0.16936062699454177
equal_calls,karatsuba,E1,Green,15,0.1,0.07914093959731504
equal_calls,karatsuba,E1,Green,16,1.0,0.9267834457864881
equal_calls,karatsuba,E1,Green,16,0.2,0.16936062699454188
equal_calls,karatsuba,E1,Green,16,0.1,0.07914093959731514
equal_calls,karatsuba,E1,Green,17,1.0,0.9324610055729868
equal_calls,karatsuba,E1,Green,17,0.2,0.17503818678104063
equal_calls,karatsuba,E1,Green,17,0.1,0.0815929156872697
equal_calls,karatsuba,E1,Green,18,1.0,0.9267834457864883
equal_calls,karatsuba,E1,Green,18,0.2,0.16936062699454194
equal_calls,karatsuba,E1,Green,18,0.1,0.07914093959731518
equal_calls,karatsuba,E1,Green,19,1.0,0.926783445786488
equal_calls,karatsuba,E1,Green,19,0.2,0.16936062699454177
equal_calls,karatsuba,E1,Green,19,0.1,0.07914093959731504
equal_calls,karatsuba,E1,Green,20,1.0,0.9267834457864882
equal_calls,karatsuba,E1,Green,20,0.2,0.16936062699454194
equal_calls,karatsuba,E1,Green,20,0.1,0.07914093959731519
equal_calls,karatsuba,E1,Green,21,1.0,0.9267834457864881
equal_calls,karatsuba,E1,Green,21,0.2,0.16936062699454188
equal_calls,karatsuba,E1,Green,21,0.1,0.07914093959731511
equal_calls,karatsuba,E1,Green,22,1.0,0.9299747948310565
equal_calls,karatsuba,E1,Green,22,0.2,0.17255197603911035
equal_calls,karatsuba,E1,Green,22,0.1,0.08227527838413898
equal_calls,karatsuba,E1,Green,23,1.0,0.9267834457864881
equal_calls,karatsuba,E1,Green,23,0.2,0.1693606269945418
equal_calls,karatsuba,E1,Green,23,0.1,0.07914093959731504
equal_calls,karatsuba,E1,Green,24,1.0,0.9300710468408855
equal_calls,karatsuba,E1,Green,24,0.2,0.17264822804893915
equal_calls,karatsuba,E1,Green,24,0.1,0.0823715303939678
equal_calls,karatsuba,E1,Green,25,1.0,0.9267834457864881
equal_calls,karatsuba,E1,Green,25,0.2,0.16936062699454188
equal_calls,karatsuba,E1,Green,25,0.1,0.07914093959731512
equal_calls,karatsuba,E1,Green,26,1.0,0.9267834457864882
equal_calls,karatsuba,E1,Green,26,0.2,0.16936062699454182
equal_calls,karatsuba,E1,Green,26,0.1,0.07914093959731511
equal_calls,karatsuba,E1,Green,27,1.0,0.9267834457864881
equal_calls,karatsuba,E1,Green,27,0.2,0.16936062699454185
equal_calls,karatsuba,E1,Green,27,0.1,0.07914093959731508
equal_calls,karatsuba,E1,Green,28,1.0,0.9267834457864884
equal_calls,karatsuba,E1,Green,28,0.2,0.16936062699454196
equal_calls,karatsuba,E1,Green,28,0.1,0.07914093959731519
equal_calls,karatsuba,E1,Green,29,1.0,0.9267834457864881
equal_calls,karatsuba,E1,Green,29,0.2,0.16936062699454188
equal_calls,karatsuba,E1,Green,29,0.1,0.07914093959731514
equal_calls,karatsuba,E1,Pareto-terms,0,1.0,0.9267834457864881
equal_calls,karatsuba,E1,Pareto-terms,0,0.2,0.16936062699454185
equal_calls,karatsuba,E1,Pareto-terms,0,0.1,0.07914093959731511
equal_calls,karatsuba,E1,Pareto-terms,1,1.0,0.926783445786488
equal_calls,karatsuba,E1,Pareto-terms,1,0.2,0.16936062699454166
equal_calls,karatsuba,E1,Pareto-terms,1,0.1,0.07914093959731487
equal_calls,karatsuba,E1,Pareto-terms,2,1.0,0.9267834457864877
equal_calls,karatsuba,E1,Pareto-terms,2,0.2,0.16936062699454146
equal_calls,karatsuba,E1,Pareto-terms,2,0.1,0.0791409395973147
equal_calls,karatsuba,E1,Pareto-terms,3,1.0,0.9267834457864882
equal_calls,karatsuba,E1,Pareto-terms,3,0.2,0.16936062699454188
equal_calls,karatsuba,E1,Pareto-terms,3,0.1,0.07914093959731512
equal_calls,karatsuba,E1,Pareto-terms,4,1.0,0.9267834457864882
equal_calls,karatsuba,E1,Pareto-terms,4,0.2,0.1693606269945419
equal_calls,karatsuba,E1,Pareto-terms,4,0.1,0.07914093959731516
equal_calls,karatsuba,E1,Pareto-terms,5,1.0,0.9267834457864881
equal_calls,karatsuba,E1,Pareto-terms,5,0.2,0.16936062699454185
equal_calls,karatsuba,E1,Pareto-terms,5,0.1,0.07914093959731507
equal_calls,karatsuba,E1,Pareto-terms,6,1.0,0.9267834457864882
equal_calls,karatsuba,E1,Pareto-terms,6,0.2,0.16936062699454185
equal_calls,karatsuba,E1,Pareto-terms,6,0.1,0.0791409395973151
equal_calls,karatsuba,E1,Pareto-terms,7,1.0,0.926783445786488
equal_calls,karatsuba,E1,Pareto-terms,7,0.2,0.16936062699454174
equal_calls,karatsuba,E1,Pareto-terms,7,0.1,0.07914093959731497
equal_calls,karatsuba,E1,Pareto-terms,8,1.0,0.9267834457864881
equal_calls,karatsuba,E1,Pareto-terms,8,0.2,0.16936062699454194
equal_calls,karatsuba,E1,Pareto-terms,8,0.1,0.07914093959731514
equal_calls,karatsuba,E1,Pareto-terms,9,1.0,0.9267834457864882
equal_calls,karatsuba,E1,Pareto-terms,9,0.2,0.1693606269945419
equal_calls,karatsuba,E1,Pareto-terms,9,0.1,0.07914093959731515
equal_calls,karatsuba,E1,Pareto-terms,10,1.0,0.9267834457864882
equal_calls,karatsuba,E1,Pareto-terms,10,0.2,0.1693606269945419
equal_calls,karatsuba,E1,Pareto-terms,10,0.1,0.07914093959731518
equal_calls,karatsuba,E1,Pareto-terms,11,1.0,0.9349837342848241
equal_calls,karatsuba,E1,Pareto-terms,11,0.2,0.17756091549287772
equal_calls,karatsuba,E1,Pareto-terms,11,0.1,0.08288306314388447
equal_calls,karatsuba,E1,Pareto-terms,12,1.0,0.9267834457864881
equal_calls,karatsuba,E1,Pareto-terms,12,0.2,0.1693606269945418
equal_calls,karatsuba,E1,Pareto-terms,12,0.1,0.07914093959731505
equal_calls,karatsuba,E1,Pareto-terms,13,1.0,0.9267834457864881
equal_calls,karatsuba,E1,Pareto-terms,13,0.2,0.16936062699454194
equal_calls,karatsuba,E1,Pareto-terms,13,0.1,0.07914093959731518
equal_calls,karatsuba,E1,Pareto-terms,14,1.0,0.9267834457864882
equal_calls,karatsuba,E1,Pareto-terms,14,0.2,0.169360626994542
equal_calls,karatsuba,E1,Pareto-terms,14,0.1,0.0791409395973152
equal_calls,karatsuba,E1,Pareto-terms,15,1.0,0.926783445786488
equal_calls,karatsuba,E1,Pareto-terms,15,0.2,0.16936062699454177
equal_calls,karatsuba,E1,Pareto-terms,15,0.1,0.079140939597315
equal_calls,karatsuba,E1,Pareto-terms,16,1.0,0.9350077617004778
equal_calls,karatsuba,E1,Pareto-terms,16,0.2,0.1775849429085316
equal_calls,karatsuba,E1,Pareto-terms,16,0.1,0.08290709055953832
equal_calls,karatsuba,E1,Pareto-terms,17,1.0,0.9242906655212927
equal_calls,karatsuba,E1,Pareto-terms,17,0.2,0.1668678467293465
equal_calls,karatsuba,E1,Pareto-terms,17,0.1,0.0805365147786898
equal_calls,karatsuba,E1,Pareto-terms,18,1.0,0.9267834457864882
equal_calls,karatsuba,E1,Pareto-terms,18,0.2,0.16936062699454196
equal_calls,karatsuba,E1,Pareto-terms,18,0.1,0.07914093959731518
equal_calls,karatsuba,E1,Pareto-terms,19,1.0,0.9267834457864881
equal_calls,karatsuba,E1,Pareto-terms,19,0.2,0.16936062699454196
equal_calls,karatsuba,E1,Pareto-terms,19,0.1,0.07914093959731522
equal_calls,karatsuba,E1,Pareto-terms,20,1.0,0.9267834457864883
equal_calls,karatsuba,E1,Pareto-terms,20,0.2,0.16936062699454196
equal_calls,karatsuba,E1,Pareto-terms,20,0.1,0.07914093959731523
equal_calls,karatsuba,E1,Pareto-terms,21,1.0,0.9267834457864881
equal_calls,karatsuba,E1,Pareto-terms,21,0.2,0.16936062699454185
equal_calls,karatsuba,E1,Pareto-terms,21,0.1,0.07914093959731508
equal_calls,karatsuba,E1,Pareto-terms,22,1.0,0.92681647302291
equal_calls,karatsuba,E1,Pareto-terms,22,0.2,0.16939365423096375
equal_calls,karatsuba,E1,Pareto-terms,22,0.1,0.07914093959731514
equal_calls,karatsuba,E1,Pareto-terms,23,1.0,0.9352142780435595
equal_calls,karatsuba,E1,Pareto-terms,23,0.2,0.17779145925161324
equal_calls,karatsuba,E1,Pareto-terms,23,0.1,0.08311360690261994
equal_calls,karatsuba,E1,Pareto-terms,24,1.0,0.9267834457864881
equal_calls,karatsuba,E1,Pareto-terms,24,0.2,0.16936062699454182
equal_calls,karatsuba,E1,Pareto-terms,24,0.1,0.07914093959731508
equal_calls,karatsuba,E1,Pareto-terms,25,1.0,0.9267834457864881
equal_calls,karatsuba,E1,Pareto-terms,25,0.2,0.16936062699454182
equal_calls,karatsuba,E1,Pareto-terms,25,0.1,0.0791409395973151
equal_calls,karatsuba,E1,Pareto-terms,26,1.0,0.9267834457864881
equal_calls,karatsuba,E1,Pareto-terms,26,0.2,0.16936062699454166
equal_calls,karatsuba,E1,Pareto-terms,26,0.1,0.07914093959731493
equal_calls,karatsuba,E1,Pareto-terms,27,1.0,0.926783445786488
equal_calls,karatsuba,E1,Pareto-terms,27,0.2,0.16936062699454182
equal_calls,karatsuba,E1,Pareto-terms,27,0.1,0.07914093959731505
equal_calls,karatsuba,E1,Pareto-terms,28,1.0,0.9267834457864881
equal_calls,karatsuba,E1,Pareto-terms,28,0.2,0.1693606269945419
equal_calls,karatsuba,E1,Pareto-terms,28,0.1,0.07914093959731511
equal_calls,karatsuba,E1,Pareto-terms,29,1.0,0.9267834457864882
equal_calls,karatsuba,E1,Pareto-terms,29,0.2,0.16936062699454188
equal_calls,karatsuba,E1,Pareto-terms,29,0.1,0.07914093959731512
equal_calls,karatsuba,E1,Pareto-nodes,0,1.0,0.883265889680197
equal_calls,karatsuba,E1,Pareto-nodes,0,0.2,0.16842025209630457
equal_calls,karatsuba,E1,Pareto-nodes,0,0.1,0.07914093959731515
equal_calls,karatsuba,E1,Pareto-nodes,1,1.0,0.8832658896801969
equal_calls,karatsuba,E1,Pareto-nodes,1,0.2,0.1684202520963045
equal_calls,karatsuba,E1,Pareto-nodes,1,0.1,0.07914093959731507
equal_calls,karatsuba,E1,Pareto-nodes,2,1.0,0.8832658896801968
equal_calls,karatsuba,E1,Pareto-nodes,2,0.2,0.1684202520963044
equal_calls,karatsuba,E1,Pareto-nodes,2,0.1,0.079140939597315
equal_calls,karatsuba,E1,Pareto-nodes,3,1.0,0.883265889680197
equal_calls,karatsuba,E1,Pareto-nodes,3,0.2,0.16842025209630454
equal_calls,karatsuba,E1,Pareto-nodes,3,0.1,0.07914093959731512
equal_calls,karatsuba,E1,Pareto-nodes,4,1.0,0.883265889680197
equal_calls,karatsuba,E1,Pareto-nodes,4,0.2,0.16842025209630454
equal_calls,karatsuba,E1,Pareto-nodes,4,0.1,0.0791409395973151
equal_calls,karatsuba,E1,Pareto-nodes,5,1.0,0.883265889680197
equal_calls,karatsuba,E1,Pareto-nodes,5,0.2,0.16842025209630454
equal_calls,karatsuba,E1,Pareto-nodes,5,0.1,0.07914093959731512
equal_calls,karatsuba,E1,Pareto-nodes,6,1.0,0.883265889680197
equal_calls,karatsuba,E1,Pareto-nodes,6,0.2,0.16842025209630454
equal_calls,karatsuba,E1,Pareto-nodes,6,0.1,0.0791409395973151
equal_calls,karatsuba,E1,Pareto-nodes,7,1.0,0.883265889680197
equal_calls,karatsuba,E1,Pareto-nodes,7,0.2,0.16842025209630457
equal_calls,karatsuba,E1,Pareto-nodes,7,0.1,0.07914093959731515
equal_calls,karatsuba,E1,Pareto-nodes,8,1.0,0.8832658896801971
equal_calls,karatsuba,E1,Pareto-nodes,8,0.2,0.16842025209630457
equal_calls,karatsuba,E1,Pareto-nodes,8,0.1,0.07914093959731516
equal_calls,karatsuba,E1,Pareto-nodes,9,1.0,0.883265889680197
equal_calls,karatsuba,E1,Pareto-nodes,9,0.2,0.16842025209630454
equal_calls,karatsuba,E1,Pareto-nodes,9,0.1,0.07914093959731514
equal_calls,karatsuba,E1,Pareto-nodes,10,1.0,0.8832658896801969
equal_calls,karatsuba,E1,Pareto-nodes,10,0.2,0.16842025209630448
equal_calls,karatsuba,E1,Pareto-nodes,10,0.1,0.07914093959731508
equal_calls,karatsuba,E1,Pareto-nodes,11,1.0,0.8832658896801971
equal_calls,karatsuba,E1,Pareto-nodes,11,0.2,0.16842025209630462
equal_calls,karatsuba,E1,Pareto-nodes,11,0.1,0.0791409395973152
equal_calls,karatsuba,E1,Pareto-nodes,12,1.0,0.883265889680197
equal_calls,karatsuba,E1,Pareto-nodes,12,0.2,0.16842025209630454
equal_calls,karatsuba,E1,Pareto-nodes,12,0.1,0.07914093959731511
equal_calls,karatsuba,E1,Pareto-nodes,13,1.0,0.883265889680197
equal_calls,karatsuba,E1,Pareto-nodes,13,0.2,0.16842025209630454
equal_calls,karatsuba,E1,Pareto-nodes,13,0.1,0.07914093959731516
equal_calls,karatsuba,E1,Pareto-nodes,14,1.0,0.8832658896801971
equal_calls,karatsuba,E1,Pareto-nodes,14,0.2,0.1684202520963046
equal_calls,karatsuba,E1,Pareto-nodes,14,0.1,0.07914093959731518
equal_calls,karatsuba,E1,Pareto-nodes,15,1.0,0.8832658896801969
equal_calls,karatsuba,E1,Pareto-nodes,15,0.2,0.1684202520963044
equal_calls,karatsuba,E1,Pareto-nodes,15,0.1,0.07914093959731501
equal_calls,karatsuba,E1,Pareto-nodes,16,1.0,0.883265889680197
equal_calls,karatsuba,E1,Pareto-nodes,16,0.2,0.16842025209630454
equal_calls,karatsuba,E1,Pareto-nodes,16,0.1,0.07914093959731508
equal_calls,karatsuba,E1,Pareto-nodes,17,1.0,0.883265889680197
equal_calls,karatsuba,E1,Pareto-nodes,17,0.2,0.16842025209630454
equal_calls,karatsuba,E1,Pareto-nodes,17,0.1,0.07914093959731512
equal_calls,karatsuba,E1,Pareto-nodes,18,1.0,0.8832658896801971
equal_calls,karatsuba,E1,Pareto-nodes,18,0.2,0.1684202520963046
equal_calls,karatsuba,E1,Pareto-nodes,18,0.1,0.07914093959731518
equal_calls,karatsuba,E1,Pareto-nodes,19,1.0,0.8832658896801969
equal_calls,karatsuba,E1,Pareto-nodes,19,0.2,0.16842025209630446
equal_calls,karatsuba,E1,Pareto-nodes,19,0.1,0.07914093959731504
equal_calls,karatsuba,E1,Pareto-nodes,20,1.0,0.8832658896801969
equal_calls,karatsuba,E1,Pareto-nodes,20,0.2,0.16842025209630443
equal_calls,karatsuba,E1,Pareto-nodes,20,0.1,0.07914093959731501
equal_calls,karatsuba,E1,Pareto-nodes,21,1.0,0.8832658896801971
equal_calls,karatsuba,E1,Pareto-nodes,21,0.2,0.1684202520963046
equal_calls,karatsuba,E1,Pareto-nodes,21,0.1,0.07914093959731519
equal_calls,karatsuba,E1,Pareto-nodes,22,1.0,0.8832658896801971
equal_calls,karatsuba,E1,Pareto-nodes,22,0.2,0.16842025209630465
equal_calls,karatsuba,E1,Pareto-nodes,22,0.1,0.07914093959731523
equal_calls,karatsuba,E1,Pareto-nodes,23,1.0,0.883265889680197
equal_calls,karatsuba,E1,Pareto-nodes,23,0.2,0.16842025209630446
equal_calls,karatsuba,E1,Pareto-nodes,23,0.1,0.07914093959731504
equal_calls,karatsuba,E1,Pareto-nodes,24,1.0,0.8832658896801971
equal_calls,karatsuba,E1,Pareto-nodes,24,0.2,0.16842025209630465
equal_calls,karatsuba,E1,Pareto-nodes,24,0.1,0.07914093959731522
equal_calls,karatsuba,E1,Pareto-nodes,25,1.0,0.8832658896801969
equal_calls,karatsuba,E1,Pareto-nodes,25,0.2,0.1684202520963045
equal_calls,karatsuba,E1,Pareto-nodes,25,0.1,0.07914093959731512
equal_calls,karatsuba,E1,Pareto-nodes,26,1.0,0.883265889680197
equal_calls,karatsuba,E1,Pareto-nodes,26,0.2,0.16842025209630448
equal_calls,karatsuba,E1,Pareto-nodes,26,0.1,0.07914093959731507
equal_calls,karatsuba,E1,Pareto-nodes,27,1.0,0.8832658896801971
equal_calls,karatsuba,E1,Pareto-nodes,27,0.2,0.16842025209630448
equal_calls,karatsuba,E1,Pareto-nodes,27,0.1,0.07914093959731504
equal_calls,karatsuba,E1,Pareto-nodes,28,1.0,0.883265889680197
equal_calls,karatsuba,E1,Pareto-nodes,28,0.2,0.1684202520963045
equal_calls,karatsuba,E1,Pareto-nodes,28,0.1,0.07914093959731511
equal_calls,karatsuba,E1,Pareto-nodes,29,1.0,0.883265889680197
equal_calls,karatsuba,E1,Pareto-nodes,29,0.2,0.16842025209630454
equal_calls,karatsuba,E1,Pareto-nodes,29,0.1,0.07914093959731515
equal_calls,karatsuba,E2,SO,0,1.0,0.6179518901677896
equal_calls,karatsuba,E2,SO,0,0.2,0.10911967540268887
equal_calls,karatsuba,E2,SO,0,0.1,0.04551564855705129
equal_calls,karatsuba,E2,SO,1,1.0,0.6182474892815101
equal_calls,karatsuba,E2,SO,1,0.2,0.10941527451640938
equal_calls,karatsuba,E2,SO,1,0.1,0.04581124767077179
equal_calls,karatsuba,E2,SO,2,1.0,0.6182674718058003
equal_calls,karatsuba,E2,SO,2,0.2,0.10943525704069965
equal_calls,karatsuba,E2,SO,2,0.1,0.04583123019506207
equal_calls,karatsuba,E2,SO,3,1.0,0.6179160006699826
equal_calls,karatsuba,E2,SO,3,0.2,0.10908378590488195
equal_calls,karatsuba,E2,SO,3,0.1,0.04547975905924437
equal_calls,karatsuba,E2,SO,4,1.0,0.6179160006699825
equal_calls,karatsuba,E2,SO,4,0.2,0.10908378590488185
equal_calls,karatsuba,E2,SO,4,0.1,0.04547975905924426
equal_calls,karatsuba,E2,SO,5,1.0,0.6178953825375029
equal_calls,karatsuba,E2,SO,5,0.2,0.10906316777240216
equal_calls,karatsuba,E2,SO,5,0.1,0.04545914092676457
equal_calls,karatsuba,E2,SO,6,1.0,0.6182674718058004
equal_calls,karatsuba,E2,SO,6,0.2,0.10943525704069976
equal_calls,karatsuba,E2,SO,6,0.1,0.04583123019506217
equal_calls,karatsuba,E2,SO,7,1.0,0.6178953825375028
equal_calls,karatsuba,E2,SO,7,0.2,0.1090631677724021
equal_calls,karatsuba,E2,SO,7,0.1,0.04545914092676451
equal_calls,karatsuba,E2,SO,8,1.0,0.6179518901677896
equal_calls,karatsuba,E2,SO,8,0.2,0.10911967540268887
equal_calls,karatsuba,E2,SO,8,0.1,0.04551564855705129
equal_calls,karatsuba,E2,SO,9,1.0,0.6182674718058004
equal_calls,karatsuba,E2,SO,9,0.2,0.10943525704069972
equal_calls,karatsuba,E2,SO,9,0.1,0.04583123019506212
equal_calls,karatsuba,E2,SO,10,1.0,0.6182674718058004
equal_calls,karatsuba,E2,SO,10,0.2,0.10943525704069972
equal_calls,karatsuba,E2,SO,10,0.1,0.04583123019506212
equal_calls,karatsuba,E2,SO,11,1.0,0.6179160006699826
equal_calls,karatsuba,E2,SO,11,0.2,0.10908378590488199
equal_calls,karatsuba,E2,SO,11,0.1,0.0454797590592444
equal_calls,karatsuba,E2,SO,12,1.0,0.6179160006699825
equal_calls,karatsuba,E2,SO,12,0.2,0.10908378590488192
equal_calls,karatsuba,E2,SO,12,0.1,0.04547975905924433
equal_calls,karatsuba,E2,SO,13,1.0,0.6179160006699825
equal_calls,karatsuba,E2,SO,13,0.2,0.10908378590488191
equal_calls,karatsuba,E2,SO,13,0.1,0.045479759059244305
equal_calls,karatsuba,E2,SO,14,1.0,0.6182674718058004
equal_calls,karatsuba,E2,SO,14,0.2,0.1094352570406997
equal_calls,karatsuba,E2,SO,14,0.1,0.04583123019506212
equal_calls,karatsuba,E2,SO,15,1.0,0.6179518901677895
equal_calls,karatsuba,E2,SO,15,0.2,0.10911967540268887
equal_calls,karatsuba,E2,SO,15,0.1,0.045515648557051286
equal_calls,karatsuba,E2,SO,16,1.0,0.6182674718058003
equal_calls,karatsuba,E2,SO,16,0.2,0.10943525704069966
equal_calls,karatsuba,E2,SO,16,0.1,0.04583123019506208
equal_calls,karatsuba,E2,SO,17,1.0,0.6182676985950566
equal_calls,karatsuba,E2,SO,17,0.2,0.10943548382995588
equal_calls,karatsuba,E2,SO,17,0.1,0.0458314569843183
equal_calls,karatsuba,E2,SO,18,1.0,0.6179518901677896
equal_calls,karatsuba,E2,SO,18,0.2,0.1091196754026889
equal_calls,karatsuba,E2,SO,18,0.1,0.0455156485570513
equal_calls,karatsuba,E2,SO,19,1.0,0.6179160006699825
equal_calls,karatsuba,E2,SO,19,0.2,0.10908378590488188
equal_calls,karatsuba,E2,SO,19,0.1,0.0454797590592443
equal_calls,karatsuba,E2,SO,20,1.0,0.6182674718058004
equal_calls,karatsuba,E2,SO,20,0.2,0.10943525704069976
equal_calls,karatsuba,E2,SO,20,0.1,0.045831230195062175
equal_calls,karatsuba,E2,SO,21,1.0,0.6182674718058004
equal_calls,karatsuba,E2,SO,21,0.2,0.10943525704069974
equal_calls,karatsuba,E2,SO,21,0.1,0.04583123019506215
equal_calls,karatsuba,E2,SO,22,1.0,0.6179160006699826
equal_calls,karatsuba,E2,SO,22,0.2,0.10908378590488198
equal_calls,karatsuba,E2,SO,22,0.1,0.045479759059244375
equal_calls,karatsuba,E2,SO,23,1.0,0.6182674718058004
equal_calls,karatsuba,E2,SO,23,0.2,0.10943525704069977
equal_calls,karatsuba,E2,SO,23,0.1,0.04583123019506218
equal_calls,karatsuba,E2,SO,24,1.0,0.6179160006699825
equal_calls,karatsuba,E2,SO,24,0.2,0.10908378590488194
equal_calls,karatsuba,E2,SO,24,0.1,0.04547975905924434
equal_calls,karatsuba,E2,SO,25,1.0,0.6179160006699826
equal_calls,karatsuba,E2,SO,25,0.2,0.10908378590488194
equal_calls,karatsuba,E2,SO,25,0.1,0.045479759059244354
equal_calls,karatsuba,E2,SO,26,1.0,0.6178953825375028
equal_calls,karatsuba,E2,SO,26,0.2,0.10906316777240209
equal_calls,karatsuba,E2,SO,26,0.1,0.0454591409267645
equal_calls,karatsuba,E2,SO,27,1.0,0.6182674718058004
equal_calls,karatsuba,E2,SO,27,0.2,0.1094352570406997
equal_calls,karatsuba,E2,SO,27,0.1,0.04583123019506212
equal_calls,karatsuba,E2,SO,28,1.0,0.6179160006699825
equal_calls,karatsuba,E2,SO,28,0.2,0.10908378590488191
equal_calls,karatsuba,E2,SO,28,0.1,0.04547975905924432
equal_calls,karatsuba,E2,SO,29,1.0,0.6179518901677896
equal_calls,karatsuba,E2,SO,29,0.2,0.1091196754026889
equal_calls,karatsuba,E2,SO,29,0.1,0.045515648557051314
equal_calls,karatsuba,E2,MO-lex,0,1.0,0.7679928755790592
equal_calls,karatsuba,E2,MO-lex,0,0.2,0.1348653588005356
equal_calls,karatsuba,E2,MO-lex,0,0.1,0.05572441920322018
equal_calls,karatsuba,E2,MO-lex,1,1.0,0.7684867521471717
equal_calls,karatsuba,E2,MO-lex,1,0.2,0.1353592353686483
equal_calls,karatsuba,E2,MO-lex,1,0.1,0.056218295771332846
equal_calls,karatsuba,E2,MO-lex,2,1.0,0.7688259130067908
equal_calls,karatsuba,E2,MO-lex,2,0.2,0.1356983962282673
equal_calls,karatsuba,E2,MO-lex,2,0.1,0.056557456630951866
equal_calls,karatsuba,E2,MO-lex,3,1.0,0.7583350549284168
equal_calls,karatsuba,E2,MO-lex,3,0.2,0.1286437797606316
equal_calls,karatsuba,E2,MO-lex,3,0.1,0.052958557802239445
equal_calls,karatsuba,E2,MO-lex,4,1.0,0.7670930596303067
equal_calls,karatsuba,E2,MO-lex,4,0.2,0.1339655428517833
equal_calls,karatsuba,E2,MO-lex,4,0.1,0.0548246032544679
equal_calls,karatsuba,E2,MO-lex,5,1.0,0.7686605576379899
equal_calls,karatsuba,E2,MO-lex,5,0.2,0.1355330408594664
equal_calls,karatsuba,E2,MO-lex,5,0.1,0.056392101262150975
equal_calls,karatsuba,E2,MO-lex,6,1.0,0.7175492807300999
equal_calls,karatsuba,E2,MO-lex,6,0.2,0.12699894515963006
equal_calls,karatsuba,E2,MO-lex,6,0.1,0.05318015321332133
equal_calls,karatsuba,E2,MO-lex,7,1.0,0.8118374004329671
equal_calls,karatsuba,E2,MO-lex,7,0.2,0.13956894405712827
equal_calls,karatsuba,E2,MO-lex,7,0.1,0.055844391251204134
equal_calls,karatsuba,E2,MO-lex,8,1.0,0.7690225032889086
equal_calls,karatsuba,E2,MO-lex,8,0.2,0.13589498651038515
equal_calls,karatsuba,E2,MO-lex,8,0.1,0.056754046913069706
equal_calls,karatsuba,E2,MO-lex,9,1.0,0.8128452573066617
equal_calls,karatsuba,E2,MO-lex,9,0.2,0.14057680093082278
equal_calls,karatsuba,E2,MO-lex,9,0.1,0.05699080063847192
equal_calls,karatsuba,E2,MO-lex,10,1.0,0.7588990902328983
equal_calls,karatsuba,E2,MO-lex,10,0.2,0.12920781506511317
equal_calls,karatsuba,E2,MO-lex,10,0.1,0.05291369198444203
equal_calls,karatsuba,E2,MO-lex,11,1.0,0.7169454942783953
equal_calls,karatsuba,E2,MO-lex,11,0.2,0.12639515870792542
equal_calls,karatsuba,E2,MO-lex,11,0.1,0.052576366761616714
equal_calls,karatsuba,E2,MO-lex,12,1.0,0.7683382212859827
equal_calls,karatsuba,E2,MO-lex,12,0.2,0.1352107045074593
equal_calls,karatsuba,E2,MO-lex,12,0.1,0.0560697649101439
equal_calls,karatsuba,E2,MO-lex,13,1.0,0.7687207241356424
equal_calls,karatsuba,E2,MO-lex,13,0.2,0.13559320735711905
equal_calls,karatsuba,E2,MO-lex,13,0.1,0.056452267759803616
equal_calls,karatsuba,E2,MO-lex,14,1.0,0.8066413095861414
equal_calls,karatsuba,E2,MO-lex,14,0.2,0.13437285321030246
equal_calls,karatsuba,E2,MO-lex,14,0.1,0.05318121731792572
equal_calls,karatsuba,E2,MO-lex,15,1.0,0.768464626567292
equal_calls,karatsuba,E2,MO-lex,15,0.2,0.13533710978876848
equal_calls,karatsuba,E2,MO-lex,15,0.1,0.05619617019145304
equal_calls,karatsuba,E2,MO-lex,16,1.0,0.7177282376544594
equal_calls,karatsuba,E2,MO-lex,16,0.2,0.1271779020839895
equal_calls,karatsuba,E2,MO-lex,16,0.1,0.053359110137680785
equal_calls,karatsuba,E2,MO-lex,17,1.0,0.769262887943402
equal_calls,karatsuba,E2,MO-lex,17,0.2,0.13613537116487864
equal_calls,karatsuba,E2,MO-lex,17,0.1,0.05699443156756322
equal_calls,karatsuba,E2,MO-lex,18,1.0,0.7171140877552153
equal_calls,karatsuba,E2,MO-lex,18,0.2,0.1265637521847456
equal_calls,karatsuba,E2,MO-lex,18,0.1,0.05274496023843689
equal_calls,karatsuba,E2,MO-lex,19,1.0,0.761482950425104
equal_calls,karatsuba,E2,MO-lex,19,0.2,0.1317916752573189
equal_calls,karatsuba,E2,MO-lex,19,0.1,0.053297088550010856
equal_calls,karatsuba,E2,MO-lex,20,1.0,0.769262661154146
equal_calls,karatsuba,E2,MO-lex,20,0.2,0.13613514437562255
equal_calls,karatsuba,E2,MO-lex,20,0.1,0.056994204778307106
equal_calls,karatsuba,E2,MO-lex,21,1.0,0.7175503448347044
equal_calls,karatsuba,E2,MO-lex,21,0.2,0.12700000926423446
equal_calls,karatsuba,E2,MO-lex,21,0.1,0.05318121731792575
equal_calls,karatsuba,E2,MO-lex,22,1.0,0.7691907893323046
equal_calls,karatsuba,E2,MO-lex,22,0.2,0.13606327255378112
equal_calls,karatsuba,E2,MO-lex,22,0.1,0.05692233295646568
equal_calls,karatsuba,E2,MO-lex,23,1.0,0.8130526874751715
equal_calls,karatsuba,E2,MO-lex,23,0.2,0.14078423109933247
equal_calls,karatsuba,E2,MO-lex,23,0.1,0.05699420477830711
equal_calls,karatsuba,E2,MO-lex,24,1.0,0.717270250707746
equal_calls,karatsuba,E2,MO-lex,24,0.2,0.1267199151372762
equal_calls,karatsuba,E2,MO-lex,24,0.1,0.052901123190967486
equal_calls,karatsuba,E2,MO-lex,25,1.0,0.760558833297832
equal_calls,karatsuba,E2,MO-lex,25,0.2,0.13086755813004686
equal_calls,karatsuba,E2,MO-lex,25,0.1,0.05284340893510192
equal_calls,karatsuba,E2,MO-lex,26,1.0,0.7693981742136279
equal_calls,karatsuba,E2,MO-lex,26,0.2,0.1362706574351045
equal_calls,karatsuba,E2,MO-lex,26,0.1,0.05712971783778904
equal_calls,karatsuba,E2,MO-lex,27,1.0,0.809141592439492
equal_calls,karatsuba,E2,MO-lex,27,0.2,0.13687313606365314
equal_calls,karatsuba,E2,MO-lex,27,0.1,0.053499538270046706
equal_calls,karatsuba,E2,MO-lex,28,1.0,0.7608201991378176
equal_calls,karatsuba,E2,MO-lex,28,0.2,0.13112892397003242
equal_calls,karatsuba,E2,MO-lex,28,0.1,0.05262873115631572
equal_calls,karatsuba,E2,MO-lex,29,1.0,0.7582587344611442
equal_calls,karatsuba,E2,MO-lex,29,0.2,0.12856745929335897
equal_calls,karatsuba,E2,MO-lex,29,0.1,0.052978573957187095
equal_calls,karatsuba,E2,Green,0,1.0,0.9038571919849598
equal_calls,karatsuba,E2,Green,0,0.2,0.1464343731930135
equal_calls,karatsuba,E2,Green,0,0.1,0.05698484336718106
equal_calls,karatsuba,E2,Green,1,1.0,0.9052599193805668
equal_calls,karatsuba,E2,Green,1,0.2,0.14783710058862043
equal_calls,karatsuba,E2,Green,1,0.1,0.05804316087926725
equal_calls,karatsuba,E2,Green,2,1.0,0.9039545988523774
equal_calls,karatsuba,E2,Green,2,0.2,0.1465317800604311
equal_calls,karatsuba,E2,Green,2,0.1,0.05700916708276431
equal_calls,karatsuba,E2,Green,3,1.0,0.9094966990327863
equal_calls,karatsuba,E2,Green,3,0.2,0.1520738802408399
equal_calls,karatsuba,E2,Green,3,0.1,0.05918645939753432
equal_calls,karatsuba,E2,Green,4,1.0,0.9062964872607959
equal_calls,karatsuba,E2,Green,4,0.2,0.14887366846884964
equal_calls,karatsuba,E2,Green,4,0.1,0.05907972875949647
equal_calls,karatsuba,E2,Green,5,1.0,0.9038677647260787
equal_calls,karatsuba,E2,Green,5,0.2,0.14644494593413246
equal_calls,karatsuba,E2,Green,5,0.1,0.05692233295646564
equal_calls,karatsuba,E2,Green,6,1.0,0.9037946815742444
equal_calls,karatsuba,E2,Green,6,0.2,0.1463718627822981
equal_calls,karatsuba,E2,Green,6,0.1,0.05692233295646569
equal_calls,karatsuba,E2,Green,7,1.0,0.9093899683947484
equal_calls,karatsuba,E2,Green,7,0.2,0.15196714960280203
equal_calls,karatsuba,E2,Green,7,0.1,0.059079728759496436
equal_calls,karatsuba,E2,Green,8,1.0,0.9038677647260787
equal_calls,karatsuba,E2,Green,8,0.2,0.14644494593413243
equal_calls,karatsuba,E2,Green,8,0.1,0.05692233295646565
equal_calls,karatsuba,E2,Green,9,1.0,0.9037331035798954
equal_calls,karatsuba,E2,Green,9,0.2,0.1463102847879492
equal_calls,karatsuba,E2,Green,9,0.1,0.0567876718102823
equal_calls,karatsuba,E2,Green,10,1.0,0.9039196540236301
equal_calls,karatsuba,E2,Green,10,0.2,0.14649683523168372
equal_calls,karatsuba,E2,Green,10,0.1,0.056974222254016736
equal_calls,karatsuba,E2,Green,11,1.0,0.9063936296984515
equal_calls,karatsuba,E2,Green,11,0.2,0.14897081090650532
equal_calls,karatsuba,E2,Green,11,0.1,0.05917687119715217
equal_calls,karatsuba,E2,Green,12,1.0,0.9074056434094108
equal_calls,karatsuba,E2,Green,12,0.2,0.14998282461746457
equal_calls,karatsuba,E2,Green,12,0.1,0.06018888490811137
equal_calls,karatsuba,E2,Green,13,1.0,0.9038677647260788
equal_calls,karatsuba,E2,Green,13,0.2,0.14644494593413251
equal_calls,karatsuba,E2,Green,13,0.1,0.05692233295646569
equal_calls,karatsuba,E2,Green,14,1.0,0.9074058701986669
equal_calls,karatsuba,E2,Green,14,0.2,0.14998305140672066
equal_calls,karatsuba,E2,Green,14,0.1,0.060189111697367494
equal_calls,karatsuba,E2,Green,15,1.0,0.9039196540236298
equal_calls,karatsuba,E2,Green,15,0.2,0.14649683523168353
equal_calls,karatsuba,E2,Green,15,0.1,0.05697422225401673
equal_calls,karatsuba,E2,Green,16,1.0,0.9038222641257455
equal_calls,karatsuba,E2,Green,16,0.2,0.14639944533379926
equal_calls,karatsuba,E2,Green,16,0.1,0.056949915507966804
equal_calls,karatsuba,E2,Green,17,1.0,0.9052599193805667
equal_calls,karatsuba,E2,Green,17,0.2,0.14783710058862043
equal_calls,karatsuba,E2,Green,17,0.1,0.05804316087926725
equal_calls,karatsuba,E2,Green,18,1.0,0.9039449034440408
equal_calls,karatsuba,E2,Green,18,0.2,0.14652208465209446
equal_calls,karatsuba,E2,Green,18,0.1,0.056999471674427656
equal_calls,karatsuba,E2,Green,19,1.0,0.9052080300830155
equal_calls,karatsuba,E2,Green,19,0.2,0.14778521129106936
equal_calls,karatsuba,E2,Green,19,0.1,0.057991271581716186
equal_calls,karatsuba,E2,Green,20,1.0,0.9039545988523775
equal_calls,karatsuba,E2,Green,20,0.2,0.14653178006043116
equal_calls,karatsuba,E2,Green,20,0.1,0.057009167082764274
equal_calls,karatsuba,E2,Green,21,1.0,0.9038677647260789
equal_calls,karatsuba,E2,Green,21,0.2,0.14644494593413254
equal_calls,karatsuba,E2,Green,21,0.1,0.05692233295646573
equal_calls,karatsuba,E2,Green,22,1.0,0.9039398633371764
equal_calls,karatsuba,E2,Green,22,0.2,0.14651704454523
equal_calls,karatsuba,E2,Green,22,0.1,0.056994431567563224
equal_calls,karatsuba,E2,Green,23,1.0,0.9039396365479203
equal_calls,karatsuba,E2,Green,23,0.2,0.14651681775597392
equal_calls,karatsuba,E2,Green,23,0.1,0.05699420477830709
equal_calls,karatsuba,E2,Green,24,1.0,0.9039398633371762
equal_calls,karatsuba,E2,Green,24,0.2,0.14651704454522996
equal_calls,karatsuba,E2,Green,24,0.1,0.0569944315675632
equal_calls,karatsuba,E2,Green,25,1.0,0.9038713483476201
equal_calls,karatsuba,E2,Green,25,0.2,0.14644852955567386
equal_calls,karatsuba,E2,Green,25,0.1,0.056998999729841425
equal_calls,karatsuba,E2,Green,26,1.0,0.9038677647260789
equal_calls,karatsuba,E2,Green,26,0.2,0.14644494593413257
equal_calls,karatsuba,E2,Green,26,0.1,0.0569223329564657
equal_calls,karatsuba,E2,Green,27,1.0,0.9086786075611201
equal_calls,karatsuba,E2,Green,27,0.2,0.15125578876917367
equal_calls,karatsuba,E2,Green,27,0.1,0.058368367925868025
equal_calls,karatsuba,E2,Green,28,1.0,0.9055560340342264
equal_calls,karatsuba,E2,Green,28,0.2,0.14813321524228015
equal_calls,karatsuba,E2,Green,28,0.1,0.05833927553292697
equal_calls,karatsuba,E2,Green,29,1.0,0.9037946815742445
equal_calls,karatsuba,E2,Green,29,0.2,0.14637186278229816
equal_calls,karatsuba,E2,Green,29,0.1,0.05692233295646573
equal_calls,karatsuba,E2,Pareto-terms,0,1.0,0.903768954302377
equal_calls,karatsuba,E2,Pareto-terms,0,0.2,0.14634613551043069
equal_calls,karatsuba,E2,Pareto-terms,0,0.1,0.056896605684598256
equal_calls,karatsuba,E2,Pareto-terms,1,1.0,0.9035877282575168
equal_calls,karatsuba,E2,Pareto-terms,1,0.2,0.14616490946557043
equal_calls,karatsuba,E2,Pareto-terms,1,0.1,0.05671537963973799
equal_calls,karatsuba,E2,Pareto-terms,2,1.0,0.9035889644503907
equal_calls,karatsuba,E2,Pareto-terms,2,0.2,0.14616614565844438
equal_calls,karatsuba,E2,Pareto-terms,2,0.1,0.05671661583261196
equal_calls,karatsuba,E2,Pareto-terms,3,1.0,0.9013694156249152
equal_calls,karatsuba,E2,Pareto-terms,3,0.2,0.14394659683296893
equal_calls,karatsuba,E2,Pareto-terms,3,0.1,0.058034732775952294
equal_calls,karatsuba,E2,Pareto-terms,4,1.0,0.9035877282575167
equal_calls,karatsuba,E2,Pareto-terms,4,0.2,0.14616490946557043
equal_calls,karatsuba,E2,Pareto-terms,4,0.1,0.05671537963973798
equal_calls,karatsuba,E2,Pareto-terms,5,1.0,0.9035877282575167
equal_calls,karatsuba,E2,Pareto-terms,5,0.2,0.14616490946557043
equal_calls,karatsuba,E2,Pareto-terms,5,0.1,0.056715379639738
equal_calls,karatsuba,E2,Pareto-terms,6,1.0,0.904023475520392
equal_calls,karatsuba,E2,Pareto-terms,6,0.2,0.1466006567284456
equal_calls,karatsuba,E2,Pareto-terms,6,0.1,0.05715112690261316
equal_calls,karatsuba,E2,Pareto-terms,7,1.0,0.9038879713669818
equal_calls,karatsuba,E2,Pareto-terms,7,0.2,0.14646515257503556
equal_calls,karatsuba,E2,Pareto-terms,7,0.1,0.05694558483715521
equal_calls,karatsuba,E2,Pareto-terms,8,1.0,0.90382515970286
equal_calls,karatsuba,E2,Pareto-terms,8,0.2,0.14640234091091378
equal_calls,karatsuba,E2,Pareto-terms,8,0.1,0.056952811085081365
equal_calls,karatsuba,E2,Pareto-terms,9,1.0,0.9035877282575168
equal_calls,karatsuba,E2,Pareto-terms,9,0.2,0.14616490946557043
equal_calls,karatsuba,E2,Pareto-terms,9,0.1,0.05671537963973798
equal_calls,karatsuba,E2,Pareto-terms,10,1.0,0.9034922505640565
equal_calls,karatsuba,E2,Pareto-terms,10,0.2,0.1460694317721102
equal_calls,karatsuba,E2,Pareto-terms,10,0.1,0.0566199019462778
equal_calls,karatsuba,E2,Pareto-terms,11,1.0,0.9076532103625278
equal_calls,karatsuba,E2,Pareto-terms,11,0.2,0.15023039157058152
equal_calls,karatsuba,E2,Pareto-terms,11,0.1,0.05838122828799666
equal_calls,karatsuba,E2,Pareto-terms,12,1.0,0.9038364200034724
equal_calls,karatsuba,E2,Pareto-terms,12,0.2,0.14641360121152616
equal_calls,karatsuba,E2,Pareto-terms,12,0.1,0.05696407138569376
equal_calls,karatsuba,E2,Pareto-terms,13,1.0,0.9035877282575168
equal_calls,karatsuba,E2,Pareto-terms,13,0.2,0.14616490946557043
equal_calls,karatsuba,E2,Pareto-terms,13,0.1,0.05671537963973798
equal_calls,karatsuba,E2,Pareto-terms,14,1.0,0.9091820418440735
equal_calls,karatsuba,E2,Pareto-terms,14,0.2,0.15175922305212713
equal_calls,karatsuba,E2,Pareto-terms,14,0.1,0.05991005976954228
equal_calls,karatsuba,E2,Pareto-terms,15,1.0,0.9022074582917318
equal_calls,karatsuba,E2,Pareto-terms,15,0.2,0.14478463949978546
equal_calls,karatsuba,E2,Pareto-terms,15,0.1,0.058872775442768824
equal_calls,karatsuba,E2,Pareto-terms,16,1.0,0.9038381427684805
equal_calls,karatsuba,E2,Pareto-terms,16,0.2,0.14641532397653423
equal_calls,karatsuba,E2,Pareto-terms,16,0.1,0.05696579415070177
equal_calls,karatsuba,E2,Pareto-terms,17,1.0,0.9084099075434647
equal_calls,karatsuba,E2,Pareto-terms,17,0.2,0.15098708875151848
equal_calls,karatsuba,E2,Pareto-terms,17,0.1,0.05913792546893363
equal_calls,karatsuba,E2,Pareto-terms,18,1.0,0.9035877282575168
equal_calls,karatsuba,E2,Pareto-terms,18,0.2,0.14616490946557043
equal_calls,karatsuba,E2,Pareto-terms,18,0.1,0.056715379639738
equal_calls,karatsuba,E2,Pareto-terms,19,1.0,0.9024576460134394
equal_calls,karatsuba,E2,Pareto-terms,19,0.2,0.1450348272214929
equal_calls,karatsuba,E2,Pareto-terms,19,0.1,0.05912296316447631
equal_calls,karatsuba,E2,Pareto-terms,20,1.0,0.9035877282575168
equal_calls,karatsuba,E2,Pareto-terms,20,0.2,0.14616490946557043
equal_calls,karatsuba,E2,Pareto-terms,20,0.1,0.05671537963973798
equal_calls,karatsuba,E2,Pareto-terms,21,1.0,0.9038451422271504
equal_calls,karatsuba,E2,Pareto-terms,21,0.2,0.1464223234352042
equal_calls,karatsuba,E2,Pareto-terms,21,0.1,0.056972793609371755
equal_calls,karatsuba,E2,Pareto-terms,22,1.0,0.903495157129469
equal_calls,karatsuba,E2,Pareto-terms,22,0.2,0.14607233833752267
equal_calls,karatsuba,E2,Pareto-terms,22,0.1,0.06016047428050601
equal_calls,karatsuba,E2,Pareto-terms,23,1.0,0.911509173502889
equal_calls,karatsuba,E2,Pareto-terms,23,0.2,0.15408635471094279
equal_calls,karatsuba,E2,Pareto-terms,23,0.1,0.059994269207425954
equal_calls,karatsuba,E2,Pareto-terms,24,1.0,0.9012248325288698
equal_calls,karatsuba,E2,Pareto-terms,24,0.2,0.14380201373692347
equal_calls,karatsuba,E2,Pareto-terms,24,0.1,0.057890149679906806
equal_calls,karatsuba,E2,Pareto-terms,25,1.0,0.9039392107977774
equal_calls,karatsuba,E2,Pareto-terms,25,0.2,0.14651639200583105
equal_calls,karatsuba,E2,Pareto-terms,25,0.1,0.057066862179998665
equal_calls,karatsuba,E2,Pareto-terms,26,1.0,0.9035877282575167
equal_calls,karatsuba,E2,Pareto-terms,26,0.2,0.1461649094655704
equal_calls,karatsuba,E2,Pareto-terms,26,0.1,0.05671537963973798
equal_calls,karatsuba,E2,Pareto-terms,27,1.0,0.9038451422271504
equal_calls,karatsuba,E2,Pareto-terms,27,0.2,0.14642232343520414
equal_calls,karatsuba,E2,Pareto-terms,27,0.1,0.056972793609371714
equal_calls,karatsuba,E2,Pareto-terms,28,1.0,0.9038465708717954
equal_calls,karatsuba,E2,Pareto-terms,28,0.2,0.14642375207984912
equal_calls,karatsuba,E2,Pareto-terms,28,0.1,0.056974222254016695
equal_calls,karatsuba,E2,Pareto-terms,29,1.0,0.9083837799433279
equal_calls,karatsuba,E2,Pareto-terms,29,0.2,0.15096096115138155
equal_calls,karatsuba,E2,Pareto-terms,29,0.1,0.0591117978687967
equal_calls,karatsuba,E2,Pareto-nodes,0,1.0,0.8601502269238472
equal_calls,karatsuba,E2,Pareto-nodes,0,0.2,0.1453045893399547
equal_calls,karatsuba,E2,Pareto-nodes,0,0.1,0.056819904131247954
equal_calls,karatsuba,E2,Pareto-nodes,1,1.0,0.860319230974936
equal_calls,karatsuba,E2,Pareto-nodes,1,0.2,0.14547359339104335
equal_calls,karatsuba,E2,Pareto-nodes,1,0.1,0.05698890818233661
equal_calls,karatsuba,E2,Pareto-nodes,2,1.0,0.8601589032921667
equal_calls,karatsuba,E2,Pareto-nodes,2,0.2,0.14531326570827402
equal_calls,karatsuba,E2,Pareto-nodes,2,0.1,0.05682858049956732
equal_calls,karatsuba,E2,Pareto-nodes,3,1.0,0.8602134718629373
equal_calls,karatsuba,E2,Pareto-nodes,3,0.2,0.1453678342790448
equal_calls,karatsuba,E2,Pareto-nodes,3,0.1,0.05688314907033812
equal_calls,karatsuba,E2,Pareto-nodes,4,1.0,0.8601879242720954
equal_calls,karatsuba,E2,Pareto-nodes,4,0.2,0.14534228668820282
equal_calls,karatsuba,E2,Pareto-nodes,4,0.1,0.0568576014794961
equal_calls,karatsuba,E2,Pareto-nodes,5,1.0,0.8601529964128811
equal_calls,karatsuba,E2,Pareto-nodes,5,0.2,0.14530735882898851
equal_calls,karatsuba,E2,Pareto-nodes,5,0.1,0.056822673620281844
equal_calls,karatsuba,E2,Pareto-nodes,6,1.0,0.8601502269238472
equal_calls,karatsuba,E2,Pareto-nodes,6,0.2,0.1453045893399547
equal_calls,karatsuba,E2,Pareto-nodes,6,0.1,0.05681990413124798
equal_calls,karatsuba,E2,Pareto-nodes,7,1.0,0.8601540386822797
equal_calls,karatsuba,E2,Pareto-nodes,7,0.2,0.14530840109838708
equal_calls,karatsuba,E2,Pareto-nodes,7,0.1,0.056823715889680354
equal_calls,karatsuba,E2,Pareto-nodes,8,1.0,0.8601508352855802
equal_calls,karatsuba,E2,Pareto-nodes,8,0.2,0.14530519770168768
equal_calls,karatsuba,E2,Pareto-nodes,8,0.1,0.05682051249298095
equal_calls,karatsuba,E2,Pareto-nodes,9,1.0,0.8601540386822796
equal_calls,karatsuba,E2,Pareto-nodes,9,0.2,0.14530840109838702
equal_calls,karatsuba,E2,Pareto-nodes,9,0.1,0.05682371588968039
equal_calls,karatsuba,E2,Pareto-nodes,10,1.0,0.8601502269238473
equal_calls,karatsuba,E2,Pareto-nodes,10,0.2,0.14530458933995472
equal_calls,karatsuba,E2,Pareto-nodes,10,0.1,0.05681990413124801
equal_calls,karatsuba,E2,Pareto-nodes,11,1.0,0.8601747065565849
equal_calls,karatsuba,E2,Pareto-nodes,11,0.2,0.14532906897269227
equal_calls,karatsuba,E2,Pareto-nodes,11,0.1,0.05684438376398553
equal_calls,karatsuba,E2,Pareto-nodes,12,1.0,0.8603105546066167
equal_calls,karatsuba,E2,Pareto-nodes,12,0.2,0.14546491702272402
equal_calls,karatsuba,E2,Pareto-nodes,12,0.1,0.05698023181401731
equal_calls,karatsuba,E2,Pareto-nodes,13,1.0,0.8601589032921667
equal_calls,karatsuba,E2,Pareto-nodes,13,0.2,0.14531326570827405
equal_calls,karatsuba,E2,Pareto-nodes,13,0.1,0.056828580499567315
equal_calls,karatsuba,E2,Pareto-nodes,14,1.0,0.8601502269238472
equal_calls,karatsuba,E2,Pareto-nodes,14,0.2,0.1453045893399547
equal_calls,karatsuba,E2,Pareto-nodes,14,0.1,0.05681990413124798
equal_calls,karatsuba,E2,Pareto-nodes,15,1.0,0.8601879242720953
equal_calls,karatsuba,E2,Pareto-nodes,15,0.2,0.14534228668820287
equal_calls,karatsuba,E2,Pareto-nodes,15,0.1,0.05685760147949613
equal_calls,karatsuba,E2,Pareto-nodes,16,1.0,0.8601975124724776
equal_calls,karatsuba,E2,Pareto-nodes,16,0.2,0.14535187488858498
equal_calls,karatsuba,E2,Pareto-nodes,16,0.1,0.05686718967987828
equal_calls,karatsuba,E2,Pareto-nodes,17,1.0,0.8601502269238471
equal_calls,karatsuba,E2,Pareto-nodes,17,0.2,0.14530458933995463
equal_calls,karatsuba,E2,Pareto-nodes,17,0.1,0.056819904131247996
equal_calls,karatsuba,E2,Pareto-nodes,18,1.0,0.8601502269238471
equal_calls,karatsuba,E2,Pareto-nodes,18,0.2,0.14530458933995466
equal_calls,karatsuba,E2,Pareto-nodes,18,0.1,0.056819904131248
equal_calls,karatsuba,E2,Pareto-nodes,19,1.0,0.8603105546066168
equal_calls,karatsuba,E2,Pareto-nodes,19,0.2,0.14546491702272404
equal_calls,karatsuba,E2,Pareto-nodes,19,0.1,0.05698023181401733
equal_calls,karatsuba,E2,Pareto-nodes,20,1.0,0.8601502269238472
equal_calls,karatsuba,E2,Pareto-nodes,20,0.2,0.14530458933995472
equal_calls,karatsuba,E2,Pareto-nodes,20,0.1,0.05681990413124803
equal_calls,karatsuba,E2,Pareto-nodes,21,1.0,0.8601502269238472
equal_calls,karatsuba,E2,Pareto-nodes,21,0.2,0.14530458933995466
equal_calls,karatsuba,E2,Pareto-nodes,21,0.1,0.056819904131247996
equal_calls,karatsuba,E2,Pareto-nodes,22,1.0,0.8603105546066167
equal_calls,karatsuba,E2,Pareto-nodes,22,0.2,0.145464917022724
equal_calls,karatsuba,E2,Pareto-nodes,22,0.1,0.0569802318140173
equal_calls,karatsuba,E2,Pareto-nodes,23,1.0,0.8601502269238472
equal_calls,karatsuba,E2,Pareto-nodes,23,0.2,0.14530458933995463
equal_calls,karatsuba,E2,Pareto-nodes,23,0.1,0.05681990413124798
equal_calls,karatsuba,E2,Pareto-nodes,24,1.0,0.8601502269238472
equal_calls,karatsuba,E2,Pareto-nodes,24,0.2,0.1453045893399547
equal_calls,karatsuba,E2,Pareto-nodes,24,0.1,0.05681990413124796
equal_calls,karatsuba,E2,Pareto-nodes,25,1.0,0.8602485731713204
equal_calls,karatsuba,E2,Pareto-nodes,25,0.2,0.14540293558742792
equal_calls,karatsuba,E2,Pareto-nodes,25,0.1,0.05691825037872127
equal_calls,karatsuba,E2,Pareto-nodes,26,1.0,0.8603105546066167
equal_calls,karatsuba,E2,Pareto-nodes,26,0.2,0.14546491702272396
equal_calls,karatsuba,E2,Pareto-nodes,26,0.1,0.05698023181401729
equal_calls,karatsuba,E2,Pareto-nodes,27,1.0,0.8601865153852446
equal_calls,karatsuba,E2,Pareto-nodes,27,0.2,0.14534087780135208
equal_calls,karatsuba,E2,Pareto-nodes,27,0.1,0.05685619259264542
equal_calls,karatsuba,E2,Pareto-nodes,28,1.0,0.8601972856832214
equal_calls,karatsuba,E2,Pareto-nodes,28,0.2,0.1453516480993288
equal_calls,karatsuba,E2,Pareto-nodes,28,0.1,0.056866962890622104
equal_calls,karatsuba,E2,Pareto-nodes,29,1.0,0.8601502269238473
equal_calls,karatsuba,E2,Pareto-nodes,29,0.2,0.14530458933995472
equal_calls,karatsuba,E2,Pareto-nodes,29,0.1,0.05681990413124799
equal_calls,karatsuba,E3,SO,0,1.0,0.0
equal_calls,karatsuba,E3,SO,0,0.2,0.0
equal_calls,karatsuba,E3,SO,0,0.1,0.0
equal_calls,karatsuba,E3,SO,1,1.0,0.0
equal_calls,karatsuba,E3,SO,1,0.2,0.0
equal_calls,karatsuba,E3,SO,1,0.1,0.0
equal_calls,karatsuba,E3,SO,2,1.0,0.0
equal_calls,karatsuba,E3,SO,2,0.2,0.0
equal_calls,karatsuba,E3,SO,2,0.1,0.0
equal_calls,karatsuba,E3,SO,3,1.0,0.0
equal_calls,karatsuba,E3,SO,3,0.2,0.0
equal_calls,karatsuba,E3,SO,3,0.1,0.0
equal_calls,karatsuba,E3,SO,4,1.0,0.0
equal_calls,karatsuba,E3,SO,4,0.2,0.0
equal_calls,karatsuba,E3,SO,4,0.1,0.0
equal_calls,karatsuba,E3,SO,5,1.0,0.0
equal_calls,karatsuba,E3,SO,5,0.2,0.0
equal_calls,karatsuba,E3,SO,5,0.1,0.0
equal_calls,karatsuba,E3,SO,6,1.0,0.0
equal_calls,karatsuba,E3,SO,6,0.2,0.0
equal_calls,karatsuba,E3,SO,6,0.1,0.0
equal_calls,karatsuba,E3,SO,7,1.0,0.0
equal_calls,karatsuba,E3,SO,7,0.2,0.0
equal_calls,karatsuba,E3,SO,7,0.1,0.0
equal_calls,karatsuba,E3,SO,8,1.0,0.0
equal_calls,karatsuba,E3,SO,8,0.2,0.0
equal_calls,karatsuba,E3,SO,8,0.1,0.0
equal_calls,karatsuba,E3,SO,9,1.0,0.0
equal_calls,karatsuba,E3,SO,9,0.2,0.0
equal_calls,karatsuba,E3,SO,9,0.1,0.0
equal_calls,karatsuba,E3,SO,10,1.0,0.3546739849785311
equal_calls,karatsuba,E3,SO,10,0.2,0.0
equal_calls,karatsuba,E3,SO,10,0.1,0.0
equal_calls,karatsuba,E3,SO,11,1.0,0.62363258552068
equal_calls,karatsuba,E3,SO,11,0.2,0.03014547561565959
equal_calls,karatsuba,E3,SO,11,0.1,0.0
equal_calls,karatsuba,E3,SO,12,1.0,0.0
equal_calls,karatsuba,E3,SO,12,0.2,0.0
equal_calls,karatsuba,E3,SO,12,0.1,0.0
equal_calls,karatsuba,E3,SO,13,1.0,0.0
equal_calls,karatsuba,E3,SO,13,0.2,0.0
equal_calls,karatsuba,E3,SO,13,0.1,0.0
equal_calls,karatsuba,E3,SO,14,1.0,0.0
equal_calls,karatsuba,E3,SO,14,0.2,0.0
equal_calls,karatsuba,E3,SO,14,0.1,0.0
equal_calls,karatsuba,E3,SO,15,1.0,0.0
equal_calls,karatsuba,E3,SO,15,0.2,0.0
equal_calls,karatsuba,E3,SO,15,0.1,0.0
equal_calls,karatsuba,E3,SO,16,1.0,0.0
equal_calls,karatsuba,E3,SO,16,0.2,0.0
equal_calls,karatsuba,E3,SO,16,0.1,0.0
equal_calls,karatsuba,E3,SO,17,1.0,0.0
equal_calls,karatsuba,E3,SO,17,0.2,0.0
equal_calls,karatsuba,E3,SO,17,0.1,0.0
equal_calls,karatsuba,E3,SO,18,1.0,0.0
equal_calls,karatsuba,E3,SO,18,0.2,0.0
equal_calls,karatsuba,E3,SO,18,0.1,0.0
equal_calls,karatsuba,E3,SO,19,1.0,0.0
equal_calls,karatsuba,E3,SO,19,0.2,0.0
equal_calls,karatsuba,E3,SO,19,0.1,0.0
equal_calls,karatsuba,E3,SO,20,1.0,0.0
equal_calls,karatsuba,E3,SO,20,0.2,0.0
equal_calls,karatsuba,E3,SO,20,0.1,0.0
equal_calls,karatsuba,E3,SO,21,1.0,0.0
equal_calls,karatsuba,E3,SO,21,0.2,0.0
equal_calls,karatsuba,E3,SO,21,0.1,0.0
equal_calls,karatsuba,E3,SO,22,1.0,0.0
equal_calls,karatsuba,E3,SO,22,0.2,0.0
equal_calls,karatsuba,E3,SO,22,0.1,0.0
equal_calls,karatsuba,E3,SO,23,1.0,0.7253917624333601
equal_calls,karatsuba,E3,SO,23,0.2,0.10609054126646739
equal_calls,karatsuba,E3,SO,23,0.1,0.028677888620605784
equal_calls,karatsuba,E3,SO,24,1.0,0.0
equal_calls,karatsuba,E3,SO,24,0.2,0.0
equal_calls,karatsuba,E3,SO,24,0.1,0.0
equal_calls,karatsuba,E3,SO,25,1.0,0.0
equal_calls,karatsuba,E3,SO,25,0.2,0.0
equal_calls,karatsuba,E3,SO,25,0.1,0.0
equal_calls,karatsuba,E3,SO,26,1.0,0.0
equal_calls,karatsuba,E3,SO,26,0.2,0.0
equal_calls,karatsuba,E3,SO,26,0.1,0.0
equal_calls,karatsuba,E3,SO,27,1.0,0.0
equal_calls,karatsuba,E3,SO,27,0.2,0.0
equal_calls,karatsuba,E3,SO,27,0.1,0.0
equal_calls,karatsuba,E3,SO,28,1.0,0.0
equal_calls,karatsuba,E3,SO,28,0.2,0.0
equal_calls,karatsuba,E3,SO,28,0.1,0.0
equal_calls,karatsuba,E3,SO,29,1.0,0.0
equal_calls,karatsuba,E3,SO,29,0.2,0.0
equal_calls,karatsuba,E3,SO,29,0.1,0.0
equal_calls,karatsuba,E3,MO-lex,0,1.0,0.0
equal_calls,karatsuba,E3,MO-lex,0,0.2,0.0
equal_calls,karatsuba,E3,MO-lex,0,0.1,0.0
equal_calls,karatsuba,E3,MO-lex,1,1.0,0.0
equal_calls,karatsuba,E3,MO-lex,1,0.2,0.0
equal_calls,karatsuba,E3,MO-lex,1,0.1,0.0
equal_calls,karatsuba,E3,MO-lex,2,1.0,0.0
equal_calls,karatsuba,E3,MO-lex,2,0.2,0.0
equal_calls,karatsuba,E3,MO-lex,2,0.1,0.0
equal_calls,karatsuba,E3,MO-lex,3,1.0,0.0
equal_calls,karatsuba,E3,MO-lex,3,0.2,0.0
equal_calls,karatsuba,E3,MO-lex,3,0.1,0.0
equal_calls,karatsuba,E3,MO-lex,4,1.0,0.0
equal_calls,karatsuba,E3,MO-lex,4,0.2,0.0
equal_calls,karatsuba,E3,MO-lex,4,0.1,0.0
equal_calls,karatsuba,E3,MO-lex,5,1.0,0.0
equal_calls,karatsuba,E3,MO-lex,5,0.2,0.0
equal_calls,karatsuba,E3,MO-lex,5,0.1,0.0
equal_calls,karatsuba,E3,MO-lex,6,1.0,0.6208322770300893
equal_calls,karatsuba,E3,MO-lex,6,0.2,0.0
equal_calls,karatsuba,E3,MO-lex,6,0.1,0.0
equal_calls,karatsuba,E3,MO-lex,7,1.0,0.7457546599635434
equal_calls,karatsuba,E3,MO-lex,7,0.2,0.05226755005852304
equal_calls,karatsuba,E3,MO-lex,7,0.1,0.0
equal_calls,karatsuba,E3,MO-lex,8,1.0,0.8145448566254881
equal_calls,karatsuba,E3,MO-lex,8,0.2,0.10656603592345382
equal_calls,karatsuba,E3,MO-lex,8,0.1,0.018198922626303203
equal_calls,karatsuba,E3,MO-lex,9,1.0,0.0
equal_calls,karatsuba,E3,MO-lex,9,0.2,0.0
equal_calls,karatsuba,E3,MO-lex,9,0.1,0.0
equal_calls,karatsuba,E3,MO-lex,10,1.0,0.3935183287809404
equal_calls,karatsuba,E3,MO-lex,10,0.2,0.0
equal_calls,karatsuba,E3,MO-lex,10,0.1,0.0
equal_calls,karatsuba,E3,MO-lex,11,1.0,0.62363258552068
equal_calls,karatsuba,E3,MO-lex,11,0.2,0.03014547561565959
equal_calls,karatsuba,E3,MO-lex,11,0.1,0.0
equal_calls,karatsuba,E3,MO-lex,12,1.0,0.0
equal_calls,karatsuba,E3,MO-lex,12,0.2,0.0
equal_calls,karatsuba,E3,MO-lex,12,0.1,0.0
equal_calls,karatsuba,E3,MO-lex,13,1.0,0.0
equal_calls,karatsuba,E3,MO-lex,13,0.2,0.0
equal_calls,karatsuba,E3,MO-lex,13,0.1,0.0
equal_calls,karatsuba,E3,MO-lex,14,1.0,0.8443597430030974
equal_calls,karatsuba,E3,MO-lex,14,0.2,0.09815892889183545
equal_calls,karatsuba,E3,MO-lex,14,0.1,0.00760260492769356
equal_calls,karatsuba,E3,MO-lex,15,1.0,0.5299697406518601
equal_calls,karatsuba,E3,MO-lex,15,0.2,0.0
equal_calls,karatsuba,E3,MO-lex,15,0.1,0.0
equal_calls,karatsuba,E3,MO-lex,16,1.0,0.0
equal_calls,karatsuba,E3,MO-lex,16,0.2,0.0
equal_calls,karatsuba,E3,MO-lex,16,0.1,0.0
equal_calls,karatsuba,E3,MO-lex,17,1.0,0.0
equal_calls,karatsuba,E3,MO-lex,17,0.2,0.0
equal_calls,karatsuba,E3,MO-lex,17,0.1,0.0
equal_calls,karatsuba,E3,MO-lex,18,1.0,0.0
equal_calls,karatsuba,E3,MO-lex,18,0.2,0.0
equal_calls,karatsuba,E3,MO-lex,18,0.1,0.0
equal_calls,karatsuba,E3,MO-lex,19,1.0,0.0
equal_calls,karatsuba,E3,MO-lex,19,0.2,0.0
equal_calls,karatsuba,E3,MO-lex,19,0.1,0.0
equal_calls,karatsuba,E3,MO-lex,20,1.0,0.0
equal_calls,karatsuba,E3,MO-lex,20,0.2,0.0
equal_calls,karatsuba,E3,MO-lex,20,0.1,0.0
equal_calls,karatsuba,E3,MO-lex,21,1.0,0.4722111419707227
equal_calls,karatsuba,E3,MO-lex,21,0.2,0.0
equal_calls,karatsuba,E3,MO-lex,21,0.1,0.0
equal_calls,karatsuba,E3,MO-lex,22,1.0,0.0
equal_calls,karatsuba,E3,MO-lex,22,0.2,0.0
equal_calls,karatsuba,E3,MO-lex,22,0.1,0.0
equal_calls,karatsuba,E3,MO-lex,23,1.0,0.7555791856839796
equal_calls,karatsuba,E3,MO-lex,23,0.2,0.11046385325521442
equal_calls,karatsuba,E3,MO-lex,23,0.1,0.029824436701618762
equal_calls,karatsuba,E3,MO-lex,24,1.0,0.0
equal_calls,karatsuba,E3,MO-lex,24,0.2,0.0
equal_calls,karatsuba,E3,MO-lex,24,0.1,0.0
equal_calls,karatsuba,E3,MO-lex,25,1.0,0.5922037200748398
equal_calls,karatsuba,E3,MO-lex,25,0.2,0.0
equal_calls,karatsuba,E3,MO-lex,25,0.1,0.0
equal_calls,karatsuba,E3,MO-lex,26,1.0,0.0
equal_calls,karatsuba,E3,MO-lex,26,0.2,0.0
equal_calls,karatsuba,E3,MO-lex,26,0.1,0.0
equal_calls,karatsuba,E3,MO-lex,27,1.0,0.0
equal_calls,karatsuba,E3,MO-lex,27,0.2,0.0
equal_calls,karatsuba,E3,MO-lex,27,0.1,0.0
equal_calls,karatsuba,E3,MO-lex,28,1.0,0.0
equal_calls,karatsuba,E3,MO-lex,28,0.2,0.0
equal_calls,karatsuba,E3,MO-lex,28,0.1,0.0
equal_calls,karatsuba,E3,MO-lex,29,1.0,0.0
equal_calls,karatsuba,E3,MO-lex,29,0.2,0.0
equal_calls,karatsuba,E3,MO-lex,29,0.1,0.0
equal_calls,karatsuba,E3,Green,0,1.0,0.9089122504885029
equal_calls,karatsuba,E3,Green,0,0.2,0.12236204696068749
equal_calls,karatsuba,E3,Green,0,0.1,0.025139057105617292
equal_calls,karatsuba,E3,Green,1,1.0,0.9044356323268579
equal_calls,karatsuba,E3,Green,1,0.2,0.11788542879904246
equal_calls,karatsuba,E3,Green,1,0.1,0.020662438943972263
equal_calls,karatsuba,E3,Green,2,1.0,0.9044356323268579
equal_calls,karatsuba,E3,Green,2,0.2,0.11788542879904247
equal_calls,karatsuba,E3,Green,2,0.1,0.020662438943972277
equal_calls,karatsuba,E3,Green,3,1.0,0.9044356323268579
equal_calls,karatsuba,E3,Green,3,0.2,0.11788542879904242
equal_calls,karatsuba,E3,Green,3,0.1,0.02066243894397222
equal_calls,karatsuba,E3,Green,4,1.0,0.9044356323268579
equal_calls,karatsuba,E3,Green,4,0.2,0.11788542879904247
equal_calls,karatsuba,E3,Green,4,0.1,0.020662438943972277
equal_calls,karatsuba,E3,Green,5,1.0,0.8881864775555509
equal_calls,karatsuba,E3,Green,5,0.2,0.11508607049991999
equal_calls,karatsuba,E3,Green,5,0.1,0.018448519617966123
equal_calls,karatsuba,E3,Green,6,1.0,0.9044356323268578
equal_calls,karatsuba,E3,Green,6,0.2,0.11788542879904237
equal_calls,karatsuba,E3,Green,6,0.1,0.020662438943972183
equal_calls,karatsuba,E3,Green,7,1.0,0.9044356323268579
equal_calls,karatsuba,E3,Green,7,0.2,0.11788542879904246
equal_calls,karatsuba,E3,Green,7,0.1,0.020662438943972263
equal_calls,karatsuba,E3,Green,8,1.0,0.8877769578916487
equal_calls,karatsuba,E3,Green,8,0.2,0.11467655083601777
equal_calls,karatsuba,E3,Green,8,0.1,0.01803899995406389
equal_calls,karatsuba,E3,Green,9,1.0,0.9044356323268579
equal_calls,karatsuba,E3,Green,9,0.2,0.11788542879904246
equal_calls,karatsuba,E3,Green,9,0.1,0.020662438943972263
equal_calls,karatsuba,E3,Green,10,1.0,0.8877769578916487
equal_calls,karatsuba,E3,Green,10,0.2,0.11467655083601777
equal_calls,karatsuba,E3,Green,10,0.1,0.01803899995406389
equal_calls,karatsuba,E3,Green,11,1.0,0.9089122504885028
equal_calls,karatsuba,E3,Green,11,0.2,0.12236204696068739
equal_calls,karatsuba,E3,Green,11,0.1,0.0251390571056172
equal_calls,karatsuba,E3,Green,12,1.0,0.9044356323268579
equal_calls,karatsuba,E3,Green,12,0.2,0.11788542879904242
equal_calls,karatsuba,E3,Green,12,0.1,0.02066243894397222
equal_calls,karatsuba,E3,Green,13,1.0,0.8877769578916491
equal_calls,karatsuba,E3,Green,13,0.2,0.11467655083601813
equal_calls,karatsuba,E3,Green,13,0.1,0.01803899995406425
equal_calls,karatsuba,E3,Green,14,1.0,0.8829845024445353
equal_calls,karatsuba,E3,Green,14,0.2,0.1098840953889043
equal_calls,karatsuba,E3,Green,14,0.1,0.013246544506950427
equal_calls,karatsuba,E3,Green,15,1.0,0.9089122504885028
equal_calls,karatsuba,E3,Green,15,0.2,0.12236204696068738
equal_calls,karatsuba,E3,Green,15,0.1,0.025139057105617185
equal_calls,karatsuba,E3,Green,16,1.0,0.9044356323268578
equal_calls,karatsuba,E3,Green,16,0.2,0.11788542879904237
equal_calls,karatsuba,E3,Green,16,0.1,0.020662438943972183
equal_calls,karatsuba,E3,Green,17,1.0,0.9044356323268579
equal_calls,karatsuba,E3,Green,17,0.2,0.11788542879904246
equal_calls,karatsuba,E3,Green,17,0.1,0.020662438943972263
equal_calls,karatsuba,E3,Green,18,1.0,0.8877769578916488
equal_calls,karatsuba,E3,Green,18,0.2,0.11467655083601788
equal_calls,karatsuba,E3,Green,18,0.1,0.01803899995406401
equal_calls,karatsuba,E3,Green,19,1.0,0.9044356323268579
equal_calls,karatsuba,E3,Green,19,0.2,0.11788542879904246
equal_calls,karatsuba,E3,Green,19,0.1,0.020662438943972263
equal_calls,karatsuba,E3,Green,20,1.0,0.9044356323268579
equal_calls,karatsuba,E3,Green,20,0.2,0.11788542879904247
equal_calls,karatsuba,E3,Green,20,0.1,0.020662438943972277
equal_calls,karatsuba,E3,Green,21,1.0,0.9044356323268579
equal_calls,karatsuba,E3,Green,21,0.2,0.11788542879904246
equal_calls,karatsuba,E3,Green,21,0.1,0.020662438943972263
equal_calls,karatsuba,E3,Green,22,1.0,0.8829845024445353
equal_calls,karatsuba,E3,Green,22,0.2,0.10988409538890434
equal_calls,karatsuba,E3,Green,22,0.1,0.013246544506950467
equal_calls,karatsuba,E3,Green,23,1.0,0.8877769578916488
equal_calls,karatsuba,E3,Green,23,0.2,0.11467655083601788
equal_calls,karatsuba,E3,Green,23,0.1,0.01803899995406401
equal_calls,karatsuba,E3,Green,24,1.0,0.9044356323268579
equal_calls,karatsuba,E3,Green,24,0.2,0.11788542879904246
equal_calls,karatsuba,E3,Green,24,0.1,0.020662438943972263
equal_calls,karatsuba,E3,Green,25,1.0,0.9044356323268579
equal_calls,karatsuba,E3,Green,25,0.2,0.11788542879904242
equal_calls,karatsuba,E3,Green,25,0.1,0.02066243894397222
equal_calls,karatsuba,E3,Green,26,1.0,0.9044356323268579
equal_calls,karatsuba,E3,Green,26,0.2,0.11788542879904247
equal_calls,karatsuba,E3,Green,26,0.1,0.020662438943972277
equal_calls,karatsuba,E3,Green,27,1.0,0.9044356323268579
equal_calls,karatsuba,E3,Green,27,0.2,0.11788542879904246
equal_calls,karatsuba,E3,Green,27,0.1,0.020662438943972263
equal_calls,karatsuba,E3,Green,28,1.0,0.904435632326858
equal_calls,karatsuba,E3,Green,28,0.2,0.11788542879904254
equal_calls,karatsuba,E3,Green,28,0.1,0.020662438943972343
equal_calls,karatsuba,E3,Green,29,1.0,0.8904003968815571
equal_calls,karatsuba,E3,Green,29,0.2,0.1172999898259261
equal_calls,karatsuba,E3,Green,29,0.1,0.02066243894397222
equal_calls,karatsuba,E3,Pareto-terms,0,1.0,0.8877769578916488
equal_calls,karatsuba,E3,Pareto-terms,0,0.2,0.11467655083601788
equal_calls,karatsuba,E3,Pareto-terms,0,0.1,0.01803899995406401
equal_calls,karatsuba,E3,Pareto-terms,1,1.0,0.8877769578916491
equal_calls,karatsuba,E3,Pareto-terms,1,0.2,0.11467655083601813
equal_calls,karatsuba,E3,Pareto-terms,1,0.1,0.01803899995406425
equal_calls,karatsuba,E3,Pareto-terms,2,1.0,0.8877769578916482
equal_calls,karatsuba,E3,Pareto-terms,2,0.2,0.11467655083601731
equal_calls,karatsuba,E3,Pareto-terms,2,0.1,0.018038999954063432
equal_calls,karatsuba,E3,Pareto-terms,3,1.0,0.9164413509848427
equal_calls,karatsuba,E3,Pareto-terms,3,0.2,0.1298911474570272
equal_calls,karatsuba,E3,Pareto-terms,3,0.1,0.032668157601957
equal_calls,karatsuba,E3,Pareto-terms,4,1.0,0.9089122504885029
equal_calls,karatsuba,E3,Pareto-terms,4,0.2,0.1223620469606875
equal_calls,karatsuba,E3,Pareto-terms,4,0.1,0.025139057105617306
equal_calls,karatsuba,E3,Pareto-terms,5,1.0,0.8857841862334207
equal_calls,karatsuba,E3,Pareto-terms,5,0.2,0.11268377917778973
equal_calls,karatsuba,E3,Pareto-terms,5,0.1,0.016046228295835848
equal_calls,karatsuba,E3,Pareto-terms,6,1.0,0.9071129609778622
equal_calls,karatsuba,E3,Pareto-terms,6,0.2,0.1205627574500468
equal_calls,karatsuba,E3,Pareto-terms,6,0.1,0.023339767594976597
equal_calls,karatsuba,E3,Pareto-terms,7,1.0,0.9073682691408239
equal_calls,karatsuba,E3,Pareto-terms,7,0.2,0.12081806561300854
equal_calls,karatsuba,E3,Pareto-terms,7,0.1,0.023595075757938344
equal_calls,karatsuba,E3,Pareto-terms,8,1.0,0.8890544514958185
equal_calls,karatsuba,E3,Pareto-terms,8,0.2,0.11595404444018757
equal_calls,karatsuba,E3,Pareto-terms,8,0.1,0.019316493558233703
equal_calls,karatsuba,E3,Pareto-terms,9,1.0,0.9410003380494832
equal_calls,karatsuba,E3,Pareto-terms,9,0.2,0.1544501345216679
equal_calls,karatsuba,E3,Pareto-terms,9,0.1,0.05722714466659773
equal_calls,karatsuba,E3,Pareto-terms,10,1.0,0.8877769578916489
equal_calls,karatsuba,E3,Pareto-terms,10,0.2,0.11467655083601794
equal_calls,karatsuba,E3,Pareto-terms,10,0.1,0.018038999954064064
equal_calls,karatsuba,E3,Pareto-terms,11,1.0,0.9089122504885028
equal_calls,karatsuba,E3,Pareto-terms,11,0.2,0.12236204696068738
equal_calls,karatsuba,E3,Pareto-terms,11,0.1,0.025139057105617185
equal_calls,karatsuba,E3,Pareto-terms,12,1.0,0.8815941480298548
equal_calls,karatsuba,E3,Pareto-terms,12,0.2,0.10849374097422383
equal_calls,karatsuba,E3,Pareto-terms,12,0.1,0.011856190092269951
equal_calls,karatsuba,E3,Pareto-terms,13,1.0,0.9044356323268579
equal_calls,karatsuba,E3,Pareto-terms,13,0.2,0.11788542879904246
equal_calls,karatsuba,E3,Pareto-terms,13,0.1,0.020662438943972263
equal_calls,karatsuba,E3,Pareto-terms,14,1.0,0.8877769578916487
equal_calls,karatsuba,E3,Pareto-terms,14,0.2,0.11467655083601777
equal_calls,karatsuba,E3,Pareto-terms,14,0.1,0.01803899995406389
equal_calls,karatsuba,E3,Pareto-terms,15,1.0,0.9044356323268579
equal_calls,karatsuba,E3,Pareto-terms,15,0.2,0.11788542879904246
equal_calls,karatsuba,E3,Pareto-terms,15,0.1,0.020662438943972263
equal_calls,karatsuba,E3,Pareto-terms,16,1.0,0.8924777638084366
equal_calls,karatsuba,E3,Pareto-terms,16,0.2,0.11937735675280561
equal_calls,karatsuba,E3,Pareto-terms,16,0.1,0.02273980587085173
equal_calls,karatsuba,E3,Pareto-terms,17,1.0,0.9107733992362118
equal_calls,karatsuba,E3,Pareto-terms,17,0.2,0.12422319570839646
equal_calls,karatsuba,E3,Pareto-terms,17,0.1,0.027000205853326274
equal_calls,karatsuba,E3,Pareto-terms,18,1.0,0.894877015043202
equal_calls,karatsuba,E3,Pareto-terms,18,0.2,0.12177660798757116
equal_calls,karatsuba,E3,Pareto-terms,18,0.1,0.025139057105617278
equal_calls,karatsuba,E3,Pareto-terms,19,1.0,0.9044356323268579
equal_calls,karatsuba,E3,Pareto-terms,19,0.2,0.11788542879904242
equal_calls,karatsuba,E3,Pareto-terms,19,0.1,0.02066243894397222
equal_calls,karatsuba,E3,Pareto-terms,20,1.0,0.9044356323268579
equal_calls,karatsuba,E3,Pareto-terms,20,0.2,0.11788542879904247
equal_calls,karatsuba,E3,Pareto-terms,20,0.1,0.020662438943972277
equal_calls,karatsuba,E3,Pareto-terms,21,1.0,0.9044356323268579
equal_calls,karatsuba,E3,Pareto-terms,21,0.2,0.11788542879904247
equal_calls,karatsuba,E3,Pareto-terms,21,0.1,0.020662438943972277
equal_calls,karatsuba,E3,Pareto-terms,22,1.0,0.9114497711849492
equal_calls,karatsuba,E3,Pareto-terms,22,0.2,0.1383493641293183
equal_calls,karatsuba,E3,Pareto-terms,22,0.1,0.04171181324736443
equal_calls,karatsuba,E3,Pareto-terms,23,1.0,0.926804366143896
equal_calls,karatsuba,E3,Pareto-terms,23,0.2,0.15370395908826515
equal_calls,karatsuba,E3,Pareto-terms,23,0.1,0.05706640820631126
equal_calls,karatsuba,E3,Pareto-terms,24,1.0,0.9045414917268794
equal_calls,karatsuba,E3,Pareto-terms,24,0.2,0.11799128819906388
equal_calls,karatsuba,E3,Pareto-terms,24,0.1,0.02076829834399369
equal_calls,karatsuba,E3,Pareto-terms,25,1.0,0.9044356323268579
equal_calls,karatsuba,E3,Pareto-terms,25,0.2,0.11788542879904247
equal_calls,karatsuba,E3,Pareto-terms,25,0.1,0.020662438943972277
equal_calls,karatsuba,E3,Pareto-terms,26,1.0,0.8948770150432019
equal_calls,karatsuba,E3,Pareto-terms,26,0.2,0.12177660798757099
equal_calls,karatsuba,E3,Pareto-terms,26,0.1,0.02513905710561712
equal_calls,karatsuba,E3,Pareto-terms,27,1.0,0.9044356323268579
equal_calls,karatsuba,E3,Pareto-terms,27,0.2,0.11788542879904246
equal_calls,karatsuba,E3,Pareto-terms,27,0.1,0.020662438943972263
equal_calls,karatsuba,E3,Pareto-terms,28,1.0,0.904435632326858
equal_calls,karatsuba,E3,Pareto-terms,28,0.2,0.11788542879904254
equal_calls,karatsuba,E3,Pareto-terms,28,0.1,0.020662438943972343
equal_calls,karatsuba,E3,Pareto-terms,29,1.0,0.9098956430078214
equal_calls,karatsuba,E3,Pareto-terms,29,0.2,0.13679523595219045
equal_calls,karatsuba,E3,Pareto-terms,29,0.1,0.04015768507023659
equal_calls,karatsuba,E3,Pareto-nodes,0,1.0,0.8877769578916486
equal_calls,karatsuba,E3,Pareto-nodes,0,0.2,0.11467655083601765
equal_calls,karatsuba,E3,Pareto-nodes,0,0.1,0.01803899995406377
equal_calls,karatsuba,E3,Pareto-nodes,1,1.0,0.8877769578916487
equal_calls,karatsuba,E3,Pareto-nodes,1,0.2,0.11467655083601777
equal_calls,karatsuba,E3,Pareto-nodes,1,0.1,0.01803899995406389
equal_calls,karatsuba,E3,Pareto-nodes,2,1.0,0.8877769578916489
equal_calls,karatsuba,E3,Pareto-nodes,2,0.2,0.11467655083601794
equal_calls,karatsuba,E3,Pareto-nodes,2,0.1,0.018038999954064064
equal_calls,karatsuba,E3,Pareto-nodes,3,1.0,0.8877769578916487
equal_calls,karatsuba,E3,Pareto-nodes,3,0.2,0.11467655083601777
equal_calls,karatsuba,E3,Pareto-nodes,3,0.1,0.01803899995406389
equal_calls,karatsuba,E3,Pareto-nodes,4,1.0,0.8877769578916481
equal_calls,karatsuba,E3,Pareto-nodes,4,0.2,0.11467655083601724
equal_calls,karatsuba,E3,Pareto-nodes,4,0.1,0.018038999954063367
equal_calls,karatsuba,E3,Pareto-nodes,5,1.0,0.8877769578916483
equal_calls,karatsuba,E3,Pareto-nodes,5,0.2,0.11467655083601744
equal_calls,karatsuba,E3,Pareto-nodes,5,0.1,0.018038999954063568
equal_calls,karatsuba,E3,Pareto-nodes,6,1.0,0.888186477555551
equal_calls,karatsuba,E3,Pareto-nodes,6,0.2,0.11508607049992003
equal_calls,karatsuba,E3,Pareto-nodes,6,0.1,0.018448519617966164
equal_calls,karatsuba,E3,Pareto-nodes,7,1.0,0.8877769578916488
equal_calls,karatsuba,E3,Pareto-nodes,7,0.2,0.11467655083601787
equal_calls,karatsuba,E3,Pareto-nodes,7,0.1,0.018038999954063998
equal_calls,karatsuba,E3,Pareto-nodes,8,1.0,0.8877769578916488
equal_calls,karatsuba,E3,Pareto-nodes,8,0.2,0.11467655083601788
equal_calls,karatsuba,E3,Pareto-nodes,8,0.1,0.01803899995406401
equal_calls,karatsuba,E3,Pareto-nodes,9,1.0,0.888186477555551
equal_calls,karatsuba,E3,Pareto-nodes,9,0.2,0.11508607049992003
equal_calls,karatsuba,E3,Pareto-nodes,9,0.1,0.018448519617966164
equal_calls,karatsuba,E3,Pareto-nodes,10,1.0,0.8877769578916483
equal_calls,karatsuba,E3,Pareto-nodes,10,0.2,0.11467655083601741
equal_calls,karatsuba,E3,Pareto-nodes,10,0.1,0.018038999954063526
equal_calls,karatsuba,E3,Pareto-nodes,11,1.0,0.8877769578916483
equal_calls,karatsuba,E3,Pareto-nodes,11,0.2,0.11467655083601741
equal_calls,karatsuba,E3,Pareto-nodes,11,0.1,0.018038999954063526
equal_calls,karatsuba,E3,Pareto-nodes,12,1.0,0.888186477555551
equal_calls,karatsuba,E3,Pareto-nodes,12,0.2,0.11508607049992009
equal_calls,karatsuba,E3,Pareto-nodes,12,0.1,0.018448519617966216
equal_calls,karatsuba,E3,Pareto-nodes,13,1.0,0.8877769578916488
equal_calls,karatsuba,E3,Pareto-nodes,13,0.2,0.11467655083601788
equal_calls,karatsuba,E3,Pareto-nodes,13,0.1,0.01803899995406401
equal_calls,karatsuba,E3,Pareto-nodes,14,1.0,0.8877769578916488
equal_calls,karatsuba,E3,Pareto-nodes,14,0.2,0.11467655083601781
equal_calls,karatsuba,E3,Pareto-nodes,14,0.1,0.018038999954063942
equal_calls,karatsuba,E3,Pareto-nodes,15,1.0,0.8877769578916488
equal_calls,karatsuba,E3,Pareto-nodes,15,0.2,0.11467655083601787
equal_calls,karatsuba,E3,Pareto-nodes,15,0.1,0.018038999954063998
equal_calls,karatsuba,E3,Pareto-nodes,16,1.0,0.8877769578916482
equal_calls,karatsuba,E3,Pareto-nodes,16,0.2,0.11467655083601737
equal_calls,karatsuba,E3,Pareto-nodes,16,0.1,0.018038999954063488
equal_calls,karatsuba,E3,Pareto-nodes,17,1.0,0.8877769578916491
equal_calls,karatsuba,E3,Pareto-nodes,17,0.2,0.11467655083601815
equal_calls,karatsuba,E3,Pareto-nodes,17,0.1,0.018038999954064265
equal_calls,karatsuba,E3,Pareto-nodes,18,1.0,0.8877769578916487
equal_calls,karatsuba,E3,Pareto-nodes,18,0.2,0.11467655083601777
equal_calls,karatsuba,E3,Pareto-nodes,18,0.1,0.01803899995406389
equal_calls,karatsuba,E3,Pareto-nodes,19,1.0,0.8877769578916487
equal_calls,karatsuba,E3,Pareto-nodes,19,0.2,0.11467655083601777
equal_calls,karatsuba,E3,Pareto-nodes,19,0.1,0.01803899995406389
equal_calls,karatsuba,E3,Pareto-nodes,20,1.0,0.8877769578916486
equal_calls,karatsuba,E3,Pareto-nodes,20,0.2,0.11467655083601765
equal_calls,karatsuba,E3,Pareto-nodes,20,0.1,0.01803899995406377
equal_calls,karatsuba,E3,Pareto-nodes,21,1.0,0.8877769578916487
equal_calls,karatsuba,E3,Pareto-nodes,21,0.2,0.11467655083601774
equal_calls,karatsuba,E3,Pareto-nodes,21,0.1,0.018038999954063863
equal_calls,karatsuba,E3,Pareto-nodes,22,1.0,0.8877769578916492
equal_calls,karatsuba,E3,Pareto-nodes,22,0.2,0.11467655083601824
equal_calls,karatsuba,E3,Pareto-nodes,22,0.1,0.018038999954064373
equal_calls,karatsuba,E3,Pareto-nodes,23,1.0,0.8877769578916479
equal_calls,karatsuba,E3,Pareto-nodes,23,0.2,0.11467655083601695
equal_calls,karatsuba,E3,Pareto-nodes,23,0.1,0.01803899995406307
equal_calls,karatsuba,E3,Pareto-nodes,24,1.0,0.8877769578916488
equal_calls,karatsuba,E3,Pareto-nodes,24,0.2,0.11467655083601788
equal_calls,karatsuba,E3,Pareto-nodes,24,0.1,0.01803899995406401
equal_calls,karatsuba,E3,Pareto-nodes,25,1.0,0.8877769578916485
equal_calls,karatsuba,E3,Pareto-nodes,25,0.2,0.11467655083601758
equal_calls,karatsuba,E3,Pareto-nodes,25,0.1,0.018038999954063703
equal_calls,karatsuba,E3,Pareto-nodes,26,1.0,0.8881864775555508
equal_calls,karatsuba,E3,Pareto-nodes,26,0.2,0.11508607049991984
equal_calls,karatsuba,E3,Pareto-nodes,26,0.1,0.018448519617965963
equal_calls,karatsuba,E3,Pareto-nodes,27,1.0,0.8877769578916488
equal_calls,karatsuba,E3,Pareto-nodes,27,0.2,0.11467655083601785
equal_calls,karatsuba,E3,Pareto-nodes,27,0.1,0.018038999954063984
equal_calls,karatsuba,E3,Pareto-nodes,28,1.0,0.8881864775555509
equal_calls,karatsuba,E3,Pareto-nodes,28,0.2,0.11508607049991998
equal_calls,karatsuba,E3,Pareto-nodes,28,0.1,0.01844851961796611
equal_calls,karatsuba,E3,Pareto-nodes,29,1.0,0.8877769578916483
equal_calls,karatsuba,E3,Pareto-nodes,29,0.2,0.11467655083601744
equal_calls,karatsuba,E3,Pareto-nodes,29,0.1,0.018038999954063568
equal_calls,ops,E1,Green,0,1.0,0.8933346292606131
equal_calls,ops,E1,Green,0,0.2,0.15733462926061315
equal_calls,ops,E1,Green,0,0.1,0.07199999999999972
equal_calls,ops,E1,Green,1,1.0,0.8933346292606129
equal_calls,ops,E1,Green,1,0.2,0.15733462926061295
equal_calls,ops,E1,Green,1,0.1,0.07199999999999955
equal_calls,ops,E1,Green,2,1.0,0.893334629260613
equal_calls,ops,E1,Green,2,0.2,0.15733462926061287
equal_calls,ops,E1,Green,2,0.1,0.07199999999999947
equal_calls,ops,E1,Green,3,1.0,0.893334629260613
equal_calls,ops,E1,Green,3,0.2,0.15733462926061303
equal_calls,ops,E1,Green,3,0.1,0.07199999999999965
equal_calls,ops,E1,Green,4,1.0,0.8933346292606131
equal_calls,ops,E1,Green,4,0.2,0.1573346292606131
equal_calls,ops,E1,Green,4,0.1,0.07199999999999968
equal_calls,ops,E1,Green,5,1.0,0.893334629260613
equal_calls,ops,E1,Green,5,0.2,0.15733462926061303
equal_calls,ops,E1,Green,5,0.1,0.07199999999999963
equal_calls,ops,E1,Green,6,1.0,0.8933346292606131
equal_calls,ops,E1,Green,6,0.2,0.1573346292606131
equal_calls,ops,E1,Green,6,0.1,0.07199999999999968
equal_calls,ops,E1,Green,7,1.0,0.8933346292606132
equal_calls,ops,E1,Green,7,0.2,0.15733462926061317
equal_calls,ops,E1,Green,7,0.1,0.07199999999999979
equal_calls,ops,E1,Green,8,1.0,0.8933346292606132
equal_calls,ops,E1,Green,8,0.2,0.15733462926061315
equal_calls,ops,E1,Green,8,0.1,0.07199999999999973
equal_calls,ops,E1,Green,9,1.0,0.8933346292606131
equal_calls,ops,E1,Green,9,0.2,0.15733462926061312
equal_calls,ops,E1,Green,9,0.1,0.07199999999999972
equal_calls,ops,E1,Green,10,1.0,0.893334629260613
equal_calls,ops,E1,Green,10,0.2,0.157334629260613
equal_calls,ops,E1,Green,10,0.1,0.07199999999999963
equal_calls,ops,E1,Green,11,1.0,0.8981317138269754
equal_calls,ops,E1,Green,11,0.2,0.16213171382697547
equal_calls,ops,E1,Green,11,0.1,0.07671138945005494
equal_calls,ops,E1,Green,12,1.0,0.8933346292606131
equal_calls,ops,E1,Green,12,0.2,0.15733462926061303
equal_calls,ops,E1,Green,12,0.1,0.07199999999999966
equal_calls,ops,E1,Green,13,1.0,0.8933346292606132
equal_calls,ops,E1,Green,13,0.2,0.15733462926061323
equal_calls,ops,E1,Green,13,0.1,0.07199999999999979
equal_calls,ops,E1,Green,14,1.0,0.9047374988546145
equal_calls,ops,E1,Green,14,0.2,0.1687374988546145
equal_calls,ops,E1,Green,14,0.1,0.07673749885461449
equal_calls,ops,E1,Green,15,1.0,0.893334629260613
equal_calls,ops,E1,Green,15,0.2,0.157334629260613
equal_calls,ops,E1,Green,15,0.1,0.0719999999999996
equal_calls,ops,E1,Green,16,1.0,0.8933346292606131
equal_calls,ops,E1,Green,16,0.2,0.15733462926061303
equal_calls,ops,E1,Green,16,0.1,0.07199999999999963
equal_calls,ops,E1,Green,17,1.0,0.893334629260613
equal_calls,ops,E1,Green,17,0.2,0.15733462926061303
equal_calls,ops,E1,Green,17,0.1,0.0719999999999996
equal_calls,ops,E1,Green,18,1.0,0.8933346292606132
equal_calls,ops,E1,Green,18,0.2,0.1573346292606132
equal_calls,ops,E1,Green,18,0.1,0.07199999999999977
equal_calls,ops,E1,Green,19,1.0,0.893334629260613
equal_calls,ops,E1,Green,19,0.2,0.157334629260613
equal_calls,ops,E1,Green,19,0.1,0.07199999999999958
equal_calls,ops,E1,Green,20,1.0,0.8933346292606131
equal_calls,ops,E1,Green,20,0.2,0.15733462926061315
equal_calls,ops,E1,Green,20,0.1,0.07199999999999974
equal_calls,ops,E1,Green,21,1.0,0.8933346292606131
equal_calls,ops,E1,Green,21,0.2,0.15733462926061303
equal_calls,ops,E1,Green,21,0.1,0.07199999999999965
equal_calls,ops,E1,Green,22,1.0,0.8933346292606134
equal_calls,ops,E1,Green,22,0.2,0.1573346292606132
equal_calls,ops,E1,Green,22,0.1,0.0719999999999998
equal_calls,ops,E1,Green,23,1.0,0.8981317138269757
equal_calls,ops,E1,Green,23,0.2,0.1621317138269756
equal_calls,ops,E1,Green,23,0.1,0.0767113894500551
equal_calls,ops,E1,Green,24,1.0,0.8981317138269759
equal_calls,ops,E1,Green,24,0.2,0.16213171382697572
equal_calls,ops,E1,Green,24,0.1,0.0767113894500552
equal_calls,ops,E1,Green,25,1.0,0.8933346292606131
equal_calls,ops,E1,Green,25,0.2,0.15733462926061315
equal_calls,ops,E1,Green,25,0.1,0.07199999999999974
equal_calls,ops,E1,Green,26,1.0,0.8933346292606129
equal_calls,ops,E1,Green,26,0.2,0.15733462926061295
equal_calls,ops,E1,Green,26,0.1,0.07199999999999952
equal_calls,ops,E1,Green,27,1.0,0.8933346292606132
equal_calls,ops,E1,Green,27,0.2,0.15733462926061306
equal_calls,ops,E1,Green,27,0.1,0.07199999999999969
equal_calls,ops,E1,Green,28,1.0,0.8933346292606132
equal_calls,ops,E1,Green,28,0.2,0.15733462926061315
equal_calls,ops,E1,Green,28,0.1,0.07199999999999973
equal_calls,ops,E1,Green,29,1.0,0.8933346292606132
equal_calls,ops,E1,Green,29,0.2,0.15733462926061312
equal_calls,ops,E1,Green,29,0.1,0.07199999999999972
equal_calls,ops,E1,MO-lex,0,1.0,0.8273496390707659
equal_calls,ops,E1,MO-lex,0,0.2,0.1553496390707659
equal_calls,ops,E1,MO-lex,0,0.1,0.0719999999999998
equal_calls,ops,E1,MO-lex,1,1.0,0.8273496390707659
equal_calls,ops,E1,MO-lex,1,0.2,0.155349639070766
equal_calls,ops,E1,MO-lex,1,0.1,0.07199999999999977
equal_calls,ops,E1,MO-lex,2,1.0,0.827349639070766
equal_calls,ops,E1,MO-lex,2,0.2,0.155349639070766
equal_calls,ops,E1,MO-lex,2,0.1,0.07199999999999984
equal_calls,ops,E1,MO-lex,3,1.0,0.8273496390707659
equal_calls,ops,E1,MO-lex,3,0.2,0.15534963907076604
equal_calls,ops,E1,MO-lex,3,0.1,0.07199999999999983
equal_calls,ops,E1,MO-lex,4,1.0,0.7555961905939577
equal_calls,ops,E1,MO-lex,4,0.2,0.1475961905939577
equal_calls,ops,E1,MO-lex,4,0.1,0.07199999999999981
equal_calls,ops,E1,MO-lex,5,1.0,0.7493231884995794
equal_calls,ops,E1,MO-lex,5,0.2,0.14399999999999982
equal_calls,ops,E1,MO-lex,5,0.1,0.07199999999999983
equal_calls,ops,E1,MO-lex,6,1.0,0.827349639070766
equal_calls,ops,E1,MO-lex,6,0.2,0.15534963907076593
equal_calls,ops,E1,MO-lex,6,0.1,0.07199999999999981
equal_calls,ops,E1,MO-lex,7,1.0,0.8273496390707659
equal_calls,ops,E1,MO-lex,7,0.2,0.155349639070766
equal_calls,ops,E1,MO-lex,7,0.1,0.07199999999999977
equal_calls,ops,E1,MO-lex,8,1.0,0.827349639070766
equal_calls,ops,E1,MO-lex,8,0.2,0.15534963907076596
equal_calls,ops,E1,MO-lex,8,0.1,0.07199999999999981
equal_calls,ops,E1,MO-lex,9,1.0,0.827349639070766
equal_calls,ops,E1,MO-lex,9,0.2,0.15534963907076596
equal_calls,ops,E1,MO-lex,9,0.1,0.07199999999999981
equal_calls,ops,E1,MO-lex,10,1.0,0.827349639070766
equal_calls,ops,E1,MO-lex,10,0.2,0.15534963907076604
equal_calls,ops,E1,MO-lex,10,0.1,0.07199999999999981
equal_calls,ops,E1,MO-lex,11,1.0,0.7199999999999999
equal_calls,ops,E1,MO-lex,11,0.2,0.1439999999999998
equal_calls,ops,E1,MO-lex,11,0.1,0.07199999999999981
equal_calls,ops,E1,MO-lex,12,1.0,0.827349639070766
equal_calls,ops,E1,MO-lex,12,0.2,0.15534963907076602
equal_calls,ops,E1,MO-lex,12,0.1,0.07199999999999986
equal_calls,ops,E1,MO-lex,13,1.0,0.8273496390707659
equal_calls,ops,E1,MO-lex,13,0.2,0.15534963907076593
equal_calls,ops,E1,MO-lex,13,0.1,0.07199999999999981
equal_calls,ops,E1,MO-lex,14,1.0,0.8273496390707659
equal_calls,ops,E1,MO-lex,14,0.2,0.15534963907076596
equal_calls,ops,E1,MO-lex,14,0.1,0.07199999999999984
equal_calls,ops,E1,MO-lex,15,1.0,0.8273496390707659
equal_calls,ops,E1,MO-lex,15,0.2,0.15534963907076602
equal_calls,ops,E1,MO-lex,15,0.1,0.0719999999999998
equal_calls,ops,E1,MO-lex,16,1.0,0.827349639070766
equal_calls,ops,E1,MO-lex,16,0.2,0.155349639070766
equal_calls,ops,E1,MO-lex,16,0.1,0.07199999999999984
equal_calls,ops,E1,MO-lex,17,1.0,0.8279102567333724
equal_calls,ops,E1,MO-lex,17,0.2,0.15591025673337233
equal_calls,ops,E1,MO-lex,17,0.1,0.07199999999999976
equal_calls,ops,E1,MO-lex,18,1.0,0.7668981274524346
equal_calls,ops,E1,MO-lex,18,0.2,0.14774782665029076
equal_calls,ops,E1,MO-lex,18,0.1,0.0719999999999998
equal_calls,ops,E1,MO-lex,19,1.0,0.7529535691465912
equal_calls,ops,E1,MO-lex,19,0.2,0.14495356914659116
equal_calls,ops,E1,MO-lex,19,0.1,0.07199999999999981
equal_calls,ops,E1,MO-lex,20,1.0,0.8279102567333724
equal_calls,ops,E1,MO-lex,20,0.2,0.1559102567333724
equal_calls,ops,E1,MO-lex,20,0.1,0.07199999999999981
equal_calls,ops,E1,MO-lex,21,1.0,0.788684761443684
equal_calls,ops,E1,MO-lex,21,0.2,0.14868476144368387
equal_calls,ops,E1,MO-lex,21,0.1,0.07199999999999979
equal_calls,ops,E1,MO-lex,22,1.0,0.8273496390707659
equal_calls,ops,E1,MO-lex,22,0.2,0.1553496390707659
equal_calls,ops,E1,MO-lex,22,0.1,0.0719999999999998
equal_calls,ops,E1,MO-lex,23,1.0,0.755365669716099
equal_calls,ops,E1,MO-lex,23,0.2,0.14736566971609905
equal_calls,ops,E1,MO-lex,23,0.1,0.07199999999999977
equal_calls,ops,E1,MO-lex,24,1.0,0.827349639070766
equal_calls,ops,E1,MO-lex,24,0.2,0.155349639070766
equal_calls,ops,E1,MO-lex,24,0.1,0.07199999999999986
equal_calls,ops,E1,MO-lex,25,1.0,0.827349639070766
equal_calls,ops,E1,MO-lex,25,0.2,0.15534963907076602
equal_calls,ops,E1,MO-lex,25,0.1,0.07199999999999983
equal_calls,ops,E1,MO-lex,26,1.0,0.8279102567333724
equal_calls,ops,E1,MO-lex,26,0.2,0.15591025673337242
equal_calls,ops,E1,MO-lex,26,0.1,0.07199999999999984
equal_calls,ops,E1,MO-lex,27,1.0,0.827349639070766
equal_calls,ops,E1,MO-lex,27,0.2,0.15534963907076602
equal_calls,ops,E1,MO-lex,27,0.1,0.07199999999999984
equal_calls,ops,E1,MO-lex,28,1.0,0.827349639070766
equal_calls,ops,E1,MO-lex,28,0.2,0.15534963907076596
equal_calls,ops,E1,MO-lex,28,0.1,0.0719999999999998
equal_calls,ops,E1,MO-lex,29,1.0,0.7554308635527273
equal_calls,ops,E1,MO-lex,29,0.2,0.14743086355272733
equal_calls,ops,E1,MO-lex,29,0.1,0.07199999999999984
equal_calls,ops,E1,Pareto-nodes,0,1.0,0.8279102567333723
equal_calls,ops,E1,Pareto-nodes,0,0.2,0.1559102567333723
equal_calls,ops,E1,Pareto-nodes,0,0.1,0.07199999999999973
equal_calls,ops,E1,Pareto-nodes,1,1.0,0.8279102567333722
equal_calls,ops,E1,Pareto-nodes,1,0.2,0.15591025673337217
equal_calls,ops,E1,Pareto-nodes,1,0.1,0.07199999999999959
equal_calls,ops,E1,Pareto-nodes,2,1.0,0.8279102567333722
equal_calls,ops,E1,Pareto-nodes,2,0.2,0.15591025673337205
equal_calls,ops,E1,Pareto-nodes,2,0.1,0.07199999999999951
equal_calls,ops,E1,Pareto-nodes,3,1.0,0.8279102567333724
equal_calls,ops,E1,Pareto-nodes,3,0.2,0.1559102567333723
equal_calls,ops,E1,Pareto-nodes,3,0.1,0.0719999999999997
equal_calls,ops,E1,Pareto-nodes,4,1.0,0.8279102567333723
equal_calls,ops,E1,Pareto-nodes,4,0.2,0.15591025673337225
equal_calls,ops,E1,Pareto-nodes,4,0.1,0.07199999999999968
equal_calls,ops,E1,Pareto-nodes,5,1.0,0.8279102567333723
equal_calls,ops,E1,Pareto-nodes,5,0.2,0.15591025673337225
equal_calls,ops,E1,Pareto-nodes,5,0.1,0.07199999999999966
equal_calls,ops,E1,Pareto-nodes,6,1.0,0.8279102567333723
equal_calls,ops,E1,Pareto-nodes,6,0.2,0.15591025673337228
equal_calls,ops,E1,Pareto-nodes,6,0.1,0.07199999999999969
equal_calls,ops,E1,Pareto-nodes,7,1.0,0.8279102567333723
equal_calls,ops,E1,Pareto-nodes,7,0.2,0.1559102567333723
equal_calls,ops,E1,Pareto-nodes,7,0.1,0.07199999999999972
equal_calls,ops,E1,Pareto-nodes,8,1.0,0.8279102567333724
equal_calls,ops,E1,Pareto-nodes,8,0.2,0.15591025673337233
equal_calls,ops,E1,Pareto-nodes,8,0.1,0.07199999999999973
equal_calls,ops,E1,Pareto-nodes,9,1.0,0.8279102567333723
equal_calls,ops,E1,Pareto-nodes,9,0.2,0.1559102567333723
equal_calls,ops,E1,Pareto-nodes,9,0.1,0.07199999999999972
equal_calls,ops,E1,Pareto-nodes,10,1.0,0.8279102567333722
equal_calls,ops,E1,Pareto-nodes,10,0.2,0.15591025673337222
equal_calls,ops,E1,Pareto-nodes,10,0.1,0.07199999999999963
equal_calls,ops,E1,Pareto-nodes,11,1.0,0.8279102567333725
equal_calls,ops,E1,Pareto-nodes,11,0.2,0.15591025673337236
equal_calls,ops,E1,Pareto-nodes,11,0.1,0.07199999999999977
equal_calls,ops,E1,Pareto-nodes,12,1.0,0.8279102567333722
equal_calls,ops,E1,Pareto-nodes,12,0.2,0.15591025673337225
equal_calls,ops,E1,Pareto-nodes,12,0.1,0.07199999999999966
equal_calls,ops,E1,Pareto-nodes,13,1.0,0.8279102567333723
equal_calls,ops,E1,Pareto-nodes,13,0.2,0.1559102567333723
equal_calls,ops,E1,Pareto-nodes,13,0.1,0.07199999999999974
equal_calls,ops,E1,Pareto-nodes,14,1.0,0.8279102567333724
equal_calls,ops,E1,Pareto-nodes,14,0.2,0.15591025673337236
equal_calls,ops,E1,Pareto-nodes,14,0.1,0.07199999999999977
equal_calls,ops,E1,Pareto-nodes,15,1.0,0.827910256733372
equal_calls,ops,E1,Pareto-nodes,15,0.2,0.15591025673337214
equal_calls,ops,E1,Pareto-nodes,15,0.1,0.07199999999999956
equal_calls,ops,E1,Pareto-nodes,16,1.0,0.8279102567333724
equal_calls,ops,E1,Pareto-nodes,16,0.2,0.15591025673337222
equal_calls,ops,E1,Pareto-nodes,16,0.1,0.07199999999999963
equal_calls,ops,E1,Pareto-nodes,17,1.0,0.8279102567333723
equal_calls,ops,E1,Pareto-nodes,17,0.2,0.15591025673337225
equal_calls,ops,E1,Pareto-nodes,17,0.1,0.07199999999999965
equal_calls,ops,E1,Pareto-nodes,18,1.0,0.8279102567333724
equal_calls,ops,E1,Pareto-nodes,18,0.2,0.15591025673337236
equal_calls,ops,E1,Pareto-nodes,18,0.1,0.07199999999999977
equal_calls,ops,E1,Pareto-nodes,19,1.0,0.8279102567333723
equal_calls,ops,E1,Pareto-nodes,19,0.2,0.1559102567333722
equal_calls,ops,E1,Pareto-nodes,19,0.1,0.0719999999999996
equal_calls,ops,E1,Pareto-nodes,20,1.0,0.8279102567333722
equal_calls,ops,E1,Pareto-nodes,20,0.2,0.15591025673337214
equal_calls,ops,E1,Pareto-nodes,20,0.1,0.07199999999999954
equal_calls,ops,E1,Pareto-nodes,21,1.0,0.8279102567333724
equal_calls,ops,E1,Pareto-nodes,21,0.2,0.1559102567333724
equal_calls,ops,E1,Pareto-nodes,21,0.1,0.07199999999999977
equal_calls,ops,E1,Pareto-nodes,22,1.0,0.8279102567333724
equal_calls,ops,E1,Pareto-nodes,22,0.2,0.1559102567333724
equal_calls,ops,E1,Pareto-nodes,22,0.1,0.0719999999999998
equal_calls,ops,E1,Pareto-nodes,23,1.0,0.8279102567333723
equal_calls,ops,E1,Pareto-nodes,23,0.2,0.15591025673337208
equal_calls,ops,E1,Pareto-nodes,23,0.1,0.07199999999999951
equal_calls,ops,E1,Pareto-nodes,24,1.0,0.8279102567333724
equal_calls,ops,E1,Pareto-nodes,24,0.2,0.15591025673337233
equal_calls,ops,E1,Pareto-nodes,24,0.1,0.07199999999999976
equal_calls,ops,E1,Pareto-nodes,25,1.0,0.8279102567333723
equal_calls,ops,E1,Pareto-nodes,25,0.2,0.15591025673337228
equal_calls,ops,E1,Pareto-nodes,25,0.1,0.07199999999999969
equal_calls,ops,E1,Pareto-nodes,26,1.0,0.8279102567333723
equal_calls,ops,E1,Pareto-nodes,26,0.2,0.15591025673337222
equal_calls,ops,E1,Pareto-nodes,26,0.1,0.0719999999999996
equal_calls,ops,E1,Pareto-nodes,27,1.0,0.8279102567333723
equal_calls,ops,E1,Pareto-nodes,27,0.2,0.1559102567333722
equal_calls,ops,E1,Pareto-nodes,27,0.1,0.0719999999999996
equal_calls,ops,E1,Pareto-nodes,28,1.0,0.8279102567333724
equal_calls,ops,E1,Pareto-nodes,28,0.2,0.15591025673337228
equal_calls,ops,E1,Pareto-nodes,28,0.1,0.07199999999999968
equal_calls,ops,E1,Pareto-nodes,29,1.0,0.8279102567333723
equal_calls,ops,E1,Pareto-nodes,29,0.2,0.1559102567333723
equal_calls,ops,E1,Pareto-nodes,29,0.1,0.07199999999999973
equal_calls,ops,E1,Pareto-terms,0,1.0,0.8933346292606132
equal_calls,ops,E1,Pareto-terms,0,0.2,0.15733462926061312
equal_calls,ops,E1,Pareto-terms,0,0.1,0.07199999999999969
equal_calls,ops,E1,Pareto-terms,1,1.0,0.8933346292606128
equal_calls,ops,E1,Pareto-terms,1,0.2,0.15733462926061284
equal_calls,ops,E1,Pareto-terms,1,0.1,0.07199999999999943
equal_calls,ops,E1,Pareto-terms,2,1.0,0.8933346292606128
equal_calls,ops,E1,Pareto-terms,2,0.2,0.15733462926061267
equal_calls,ops,E1,Pareto-terms,2,0.1,0.07199999999999927
equal_calls,ops,E1,Pareto-terms,3,1.0,0.8933346292606131
equal_calls,ops,E1,Pareto-terms,3,0.2,0.15733462926061312
equal_calls,ops,E1,Pareto-terms,3,0.1,0.0719999999999997
equal_calls,ops,E1,Pareto-terms,4,1.0,0.8933346292606132
equal_calls,ops,E1,Pareto-terms,4,0.2,0.15733462926061312
equal_calls,ops,E1,Pareto-terms,4,0.1,0.07199999999999972
equal_calls,ops,E1,Pareto-terms,5,1.0,0.893334629260613
equal_calls,ops,E1,Pareto-terms,5,0.2,0.157334629260613
equal_calls,ops,E1,Pareto-terms,5,0.1,0.0719999999999996
equal_calls,ops,E1,Pareto-terms,6,1.0,0.8933346292606131
equal_calls,ops,E1,Pareto-terms,6,0.2,0.1573346292606131
equal_calls,ops,E1,Pareto-terms,6,0.1,0.07199999999999969
equal_calls,ops,E1,Pareto-terms,7,1.0,0.893334629260613
equal_calls,ops,E1,Pareto-terms,7,0.2,0.15733462926061295
equal_calls,ops,E1,Pareto-terms,7,0.1,0.07199999999999952
equal_calls,ops,E1,Pareto-terms,8,1.0,0.8933346292606132
equal_calls,ops,E1,Pareto-terms,8,0.2,0.15733462926061315
equal_calls,ops,E1,Pareto-terms,8,0.1,0.07199999999999973
equal_calls,ops,E1,Pareto-terms,9,1.0,0.8933346292606131
equal_calls,ops,E1,Pareto-terms,9,0.2,0.15733462926061312
equal_calls,ops,E1,Pareto-terms,9,0.1,0.07199999999999972
equal_calls,ops,E1,Pareto-terms,10,1.0,0.8933346292606131
equal_calls,ops,E1,Pareto-terms,10,0.2,0.15733462926061315
equal_calls,ops,E1,Pareto-terms,10,0.1,0.07199999999999976
equal_calls,ops,E1,Pareto-terms,11,1.0,0.9056176843415299
equal_calls,ops,E1,Pareto-terms,11,0.2,0.1696176843415298
equal_calls,ops,E1,Pareto-terms,11,0.1,0.07761768434152978
equal_calls,ops,E1,Pareto-terms,12,1.0,0.893334629260613
equal_calls,ops,E1,Pareto-terms,12,0.2,0.157334629260613
equal_calls,ops,E1,Pareto-terms,12,0.1,0.0719999999999996
equal_calls,ops,E1,Pareto-terms,13,1.0,0.8933346292606131
equal_calls,ops,E1,Pareto-terms,13,0.2,0.15733462926061317
equal_calls,ops,E1,Pareto-terms,13,0.1,0.07199999999999976
equal_calls,ops,E1,Pareto-terms,14,1.0,0.8933346292606132
equal_calls,ops,E1,Pareto-terms,14,0.2,0.15733462926061323
equal_calls,ops,E1,Pareto-terms,14,0.1,0.0719999999999998
equal_calls,ops,E1,Pareto-terms,15,1.0,0.893334629260613
equal_calls,ops,E1,Pareto-terms,15,0.2,0.15733462926061298
equal_calls,ops,E1,Pareto-terms,15,0.1,0.07199999999999958
equal_calls,ops,E1,Pareto-terms,16,1.0,0.9056538012134837
equal_calls,ops,E1,Pareto-terms,16,0.2,0.16965380121348367
equal_calls,ops,E1,Pareto-terms,16,0.1,0.07765380121348364
equal_calls,ops,E1,Pareto-terms,17,1.0,0.8922925203442233
equal_calls,ops,E1,Pareto-terms,17,0.2,0.15629252034422328
equal_calls,ops,E1,Pareto-terms,17,0.1,0.07409776244161213
equal_calls,ops,E1,Pareto-terms,18,1.0,0.8933346292606132
equal_calls,ops,E1,Pareto-terms,18,0.2,0.15733462926061317
equal_calls,ops,E1,Pareto-terms,18,0.1,0.07199999999999977
equal_calls,ops,E1,Pareto-terms,19,1.0,0.8933346292606132
equal_calls,ops,E1,Pareto-terms,19,0.2,0.1573346292606132
equal_calls,ops,E1,Pareto-terms,19,0.1,0.07199999999999977
equal_calls,ops,E1,Pareto-terms,20,1.0,0.8933346292606132
equal_calls,ops,E1,Pareto-terms,20,0.2,0.1573346292606132
equal_calls,ops,E1,Pareto-terms,20,0.1,0.0719999999999998
equal_calls,ops,E1,Pareto-terms,21,1.0,0.8933346292606132
equal_calls,ops,E1,Pareto-terms,21,0.2,0.15733462926061306
equal_calls,ops,E1,Pareto-terms,21,0.1,0.07199999999999965
equal_calls,ops,E1,Pareto-terms,22,1.0,0.8933734286684464
equal_calls,ops,E1,Pareto-terms,22,0.2,0.1573734286684464
equal_calls,ops,E1,Pareto-terms,22,0.1,0.07199999999999973
equal_calls,ops,E1,Pareto-terms,23,1.0,0.9059642267884563
equal_calls,ops,E1,Pareto-terms,23,0.2,0.1699642267884563
equal_calls,ops,E1,Pareto-terms,23,0.1,0.0779642267884563
equal_calls,ops,E1,Pareto-terms,24,1.0,0.893334629260613
equal_calls,ops,E1,Pareto-terms,24,0.2,0.157334629260613
equal_calls,ops,E1,Pareto-terms,24,0.1,0.07199999999999962
equal_calls,ops,E1,Pareto-terms,25,1.0,0.8933346292606131
equal_calls,ops,E1,Pareto-terms,25,0.2,0.15733462926061306
equal_calls,ops,E1,Pareto-terms,25,0.1,0.07199999999999968
equal_calls,ops,E1,Pareto-terms,26,1.0,0.8933346292606129
equal_calls,ops,E1,Pareto-terms,26,0.2,0.15733462926061292
equal_calls,ops,E1,Pareto-terms,26,0.1,0.0719999999999995
equal_calls,ops,E1,Pareto-terms,27,1.0,0.8933346292606131
equal_calls,ops,E1,Pareto-terms,27,0.2,0.15733462926061303
equal_calls,ops,E1,Pareto-terms,27,0.1,0.07199999999999963
equal_calls,ops,E1,Pareto-terms,28,1.0,0.8933346292606131
equal_calls,ops,E1,Pareto-terms,28,0.2,0.1573346292606131
equal_calls,ops,E1,Pareto-terms,28,0.1,0.07199999999999969
equal_calls,ops,E1,Pareto-terms,29,1.0,0.8933346292606131
equal_calls,ops,E1,Pareto-terms,29,0.2,0.1573346292606131
equal_calls,ops,E1,Pareto-terms,29,0.1,0.0719999999999997
equal_calls,ops,E1,SO,0,1.0,0.6399999999999998
equal_calls,ops,E1,SO,0,0.2,0.12799999999999984
equal_calls,ops,E1,SO,0,0.1,0.06399999999999982
equal_calls,ops,E1,SO,1,1.0,0.5599999999999998
equal_calls,ops,E1,SO,1,0.2,0.11199999999999984
equal_calls,ops,E1,SO,1,0.1,0.05599999999999983
equal_calls,ops,E1,SO,2,1.0,0.5999999999999999
equal_calls,ops,E1,SO,2,0.2,0.11999999999999987
equal_calls,ops,E1,SO,2,0.1,0.05999999999999987
equal_calls,ops,E1,SO,3,1.0,0.4399999999999998
equal_calls,ops,E1,SO,3,0.2,0.08799999999999987
equal_calls,ops,E1,SO,3,0.1,0.04399999999999987
equal_calls,ops,E1,SO,4,1.0,0.6399999999999999
equal_calls,ops,E1,SO,4,0.2,0.12799999999999984
equal_calls,ops,E1,SO,4,0.1,0.06399999999999983
equal_calls,ops,E1,SO,5,1.0,0.5599999999999999
equal_calls,ops,E1,SO,5,0.2,0.11199999999999988
equal_calls,ops,E1,SO,5,0.1,0.05599999999999987
equal_calls,ops,E1,SO,6,1.0,0.7199999999999999
equal_calls,ops,E1,SO,6,0.2,0.1439999999999998
equal_calls,ops,E1,SO,6,0.1,0.07199999999999981
equal_calls,ops,E1,SO,7,1.0,0.6399999999999998
equal_calls,ops,E1,SO,7,0.2,0.12799999999999975
equal_calls,ops,E1,SO,7,0.1,0.06399999999999977
equal_calls,ops,E1,SO,8,1.0,0.47999999999999987
equal_calls,ops,E1,SO,8,0.2,0.09599999999999988
equal_calls,ops,E1,SO,8,0.1,0.047999999999999876
equal_calls,ops,E1,SO,9,1.0,0.7199999999999999
equal_calls,ops,E1,SO,9,0.2,0.1439999999999998
equal_calls,ops,E1,SO,9,0.1,0.07199999999999981
equal_calls,ops,E1,SO,10,1.0,0.7199999999999999
equal_calls,ops,E1,SO,10,0.2,0.1439999999999998
equal_calls,ops,E1,SO,10,0.1,0.07199999999999981
equal_calls,ops,E1,SO,11,1.0,0.7199999999999999
equal_calls,ops,E1,SO,11,0.2,0.1439999999999998
equal_calls,ops,E1,SO,11,0.1,0.07199999999999981
equal_calls,ops,E1,SO,12,1.0,0.5599999999999999
equal_calls,ops,E1,SO,12,0.2,0.1119999999999999
equal_calls,ops,E1,SO,12,0.1,0.05599999999999989
equal_calls,ops,E1,SO,13,1.0,0.7199999999999999
equal_calls,ops,E1,SO,13,0.2,0.1439999999999998
equal_calls,ops,E1,SO,13,0.1,0.07199999999999981
equal_calls,ops,E1,SO,14,1.0,0.6399999999999999
equal_calls,ops,E1,SO,14,0.2,0.12799999999999986
equal_calls,ops,E1,SO,14,0.1,0.06399999999999985
equal_calls,ops,E1,SO,15,1.0,0.6399999999999999
equal_calls,ops,E1,SO,15,0.2,0.12799999999999984
equal_calls,ops,E1,SO,15,0.1,0.06399999999999982
equal_calls,ops,E1,SO,16,1.0,0.6399999999999999
equal_calls,ops,E1,SO,16,0.2,0.12799999999999986
equal_calls,ops,E1,SO,16,0.1,0.06399999999999985
equal_calls,ops,E1,SO,17,1.0,0.6399999999999998
equal_calls,ops,E1,SO,17,0.2,0.1279999999999998
equal_calls,ops,E1,SO,17,0.1,0.0639999999999998
equal_calls,ops,E1,SO,18,1.0,0.5999999999999999
equal_calls,ops,E1,SO,18,0.2,0.11999999999999986
equal_calls,ops,E1,SO,18,0.1,0.05999999999999986
equal_calls,ops,E1,SO,19,1.0,0.7199999999999999
equal_calls,ops,E1,SO,19,0.2,0.1439999999999998
equal_calls,ops,E1,SO,19,0.1,0.07199999999999981
equal_calls,ops,E1,SO,20,1.0,0.7199999999999999
equal_calls,ops,E1,SO,20,0.2,0.1439999999999998
equal_calls,ops,E1,SO,20,0.1,0.07199999999999981
equal_calls,ops,E1,SO,21,1.0,0.5599999999999998
equal_calls,ops,E1,SO,21,0.2,0.11199999999999985
equal_calls,ops,E1,SO,21,0.1,0.055999999999999835
equal_calls,ops,E1,SO,22,1.0,0.5599999999999998
equal_calls,ops,E1,SO,22,0.2,0.11199999999999984
equal_calls,ops,E1,SO,22,0.1,0.05599999999999983
equal_calls,ops,E1,SO,23,1.0,0.43999999999999984
equal_calls,ops,E1,SO,23,0.2,0.08799999999999988
equal_calls,ops,E1,SO,23,0.1,0.043999999999999886
equal_calls,ops,E1,SO,24,1.0,0.6399999999999999
equal_calls,ops,E1,SO,24,0.2,0.12799999999999986
equal_calls,ops,E1,SO,24,0.1,0.06399999999999988
equal_calls,ops,E1,SO,25,1.0,0.5599999999999999
equal_calls,ops,E1,SO,25,0.2,0.11199999999999988
equal_calls,ops,E1,SO,25,0.1,0.05599999999999987
equal_calls,ops,E1,SO,26,1.0,0.6399999999999999
equal_calls,ops,E1,SO,26,0.2,0.12799999999999986
equal_calls,ops,E1,SO,26,0.1,0.06399999999999985
equal_calls,ops,E1,SO,27,1.0,0.6399999999999999
equal_calls,ops,E1,SO,27,0.2,0.12799999999999986
equal_calls,ops,E1,SO,27,0.1,0.06399999999999985
equal_calls,ops,E1,SO,28,1.0,0.6399999999999999
equal_calls,ops,E1,SO,28,0.2,0.12799999999999986
equal_calls,ops,E1,SO,28,0.1,0.06399999999999985
equal_calls,ops,E1,SO,29,1.0,0.6399999999999999
equal_calls,ops,E1,SO,29,0.2,0.12799999999999986
equal_calls,ops,E1,SO,29,0.1,0.06399999999999985
equal_calls,ops,E2,Green,0,1.0,0.8722376136624417
equal_calls,ops,E2,Green,0,0.2,0.13623761366244164
equal_calls,ops,E2,Green,0,0.1,0.05181976177616304
equal_calls,ops,E2,Green,1,1.0,0.8721468995023112
equal_calls,ops,E2,Green,1,0.2,0.1361468995023112
equal_calls,ops,E2,Green,1,0.1,0.05178879735333476
equal_calls,ops,E2,Green,2,1.0,0.8721951911365975
equal_calls,ops,E2,Green,2,0.2,0.13619519113659745
equal_calls,ops,E2,Green,2,0.1,0.051777339250318875
equal_calls,ops,E2,Green,3,1.0,0.8743023423897742
equal_calls,ops,E2,Green,3,0.2,0.1383023423897743
equal_calls,ops,E2,Green,3,0.1,0.0534265396340428
equal_calls,ops,E2,Green,4,1.0,0.8721778639251394
equal_calls,ops,E2,Green,4,0.2,0.13617786392513948
equal_calls,ops,E2,Green,4,0.1,0.05181976177616304
equal_calls,ops,E2,Green,5,1.0,0.8722462970416545
equal_calls,ops,E2,Green,5,0.2,0.1362462970416543
equal_calls,ops,E2,Green,5,0.1,0.051828445155375644
equal_calls,ops,E2,Green,6,1.0,0.872260142365837
equal_calls,ops,E2,Green,6,0.2,0.13626014236583703
equal_calls,ops,E2,Green,6,0.1,0.051819761776163036
equal_calls,ops,E2,Green,7,1.0,0.8805716506308024
equal_calls,ops,E2,Green,7,0.2,0.1445716506308023
equal_calls,ops,E2,Green,7,0.1,0.055045873711550945
equal_calls,ops,E2,Green,8,1.0,0.8722298680551664
equal_calls,ops,E2,Green,8,0.2,0.13622986805516651
equal_calls,ops,E2,Green,8,0.1,0.05181201616888789
equal_calls,ops,E2,Green,9,1.0,0.8775101088673228
equal_calls,ops,E2,Green,9,0.2,0.14151010886732276
equal_calls,ops,E2,Green,9,0.1,0.056634306111591294
equal_calls,ops,E2,Green,10,1.0,0.8721052381459687
equal_calls,ops,E2,Green,10,0.2,0.13610523814596878
equal_calls,ops,E2,Green,10,0.1,0.051747135996992356
equal_calls,ops,E2,Green,11,1.0,0.8721354413992953
equal_calls,ops,E2,Green,11,0.2,0.1361354413992953
equal_calls,ops,E2,Green,11,0.1,0.05177733925031888
equal_calls,ops,E2,Green,12,1.0,0.8721951911365975
equal_calls,ops,E2,Green,12,0.2,0.13619519113659745
equal_calls,ops,E2,Green,12,0.1,0.05177733925031888
equal_calls,ops,E2,Green,13,1.0,0.8743309118245254
equal_calls,ops,E2,Green,13,0.2,0.13833091182452542
equal_calls,ops,E2,Green,13,0.1,0.05345510906879396
equal_calls,ops,E2,Green,14,1.0,0.8743188646817822
equal_calls,ops,E2,Green,14,0.2,0.13831886468178212
equal_calls,ops,E2,Green,14,0.1,0.05344306192605069
equal_calls,ops,E2,Green,15,1.0,0.8721815814872793
equal_calls,ops,E2,Green,15,0.2,0.1361815814872793
equal_calls,ops,E2,Green,15,0.1,0.05182347933830283
equal_calls,ops,E2,Green,16,1.0,0.8743023423897743
equal_calls,ops,E2,Green,16,0.2,0.13830234238977424
equal_calls,ops,E2,Green,16,0.1,0.053426539634042786
equal_calls,ops,E2,Green,17,1.0,0.8722462970416542
equal_calls,ops,E2,Green,17,0.2,0.1362462970416542
equal_calls,ops,E2,Green,17,0.1,0.05182844515537559
equal_calls,ops,E2,Green,18,1.0,0.8743307291776903
equal_calls,ops,E2,Green,18,0.2,0.1383307291776903
equal_calls,ops,E2,Green,18,0.1,0.053454926421958836
equal_calls,ops,E2,Green,19,1.0,0.8721942008037089
equal_calls,ops,E2,Green,19,0.2,0.1361942008037088
equal_calls,ops,E2,Green,19,0.1,0.05183609865473239
equal_calls,ops,E2,Green,20,1.0,0.8721951911365975
equal_calls,ops,E2,Green,20,0.2,0.13619519113659745
equal_calls,ops,E2,Green,20,0.1,0.05177733925031885
equal_calls,ops,E2,Green,21,1.0,0.8754573199885634
equal_calls,ops,E2,Green,21,0.2,0.13945731998856342
equal_calls,ops,E2,Green,21,0.1,0.05458151723283195
equal_calls,ops,E2,Green,22,1.0,0.8742599198639301
equal_calls,ops,E2,Green,22,0.2,0.13825991986393008
equal_calls,ops,E2,Green,22,0.1,0.053384117108198625
equal_calls,ops,E2,Green,23,1.0,0.8758792539414383
equal_calls,ops,E2,Green,23,0.2,0.13987925394143816
equal_calls,ops,E2,Green,23,0.1,0.05500345118570673
equal_calls,ops,E2,Green,24,1.0,0.8720864537219813
equal_calls,ops,E2,Green,24,0.2,0.13608645372198122
equal_calls,ops,E2,Green,24,0.1,0.05166860183570258
equal_calls,ops,E2,Green,25,1.0,0.8721816241468052
equal_calls,ops,E2,Green,25,0.2,0.13618162414680524
equal_calls,ops,E2,Green,25,0.1,0.05176377226052656
equal_calls,ops,E2,Green,26,1.0,0.8720900074485568
equal_calls,ops,E2,Green,26,0.2,0.13609000744855682
equal_calls,ops,E2,Green,26,0.1,0.051672155562278235
equal_calls,ops,E2,Green,27,1.0,0.8821052078653164
equal_calls,ops,E2,Green,27,0.2,0.14610520786531642
equal_calls,ops,E2,Green,27,0.1,0.05657943094606504
equal_calls,ops,E2,Green,28,1.0,0.872253950541011
equal_calls,ops,E2,Green,28,0.2,0.13625395054101097
equal_calls,ops,E2,Green,28,0.1,0.05183609865473238
equal_calls,ops,E2,Green,29,1.0,0.8721943862171474
equal_calls,ops,E2,Green,29,0.2,0.1361943862171473
equal_calls,ops,E2,Green,29,0.1,0.051836284068170875
equal_calls,ops,E2,MO-lex,0,1.0,0.698225830435735
equal_calls,ops,E2,MO-lex,0,0.2,0.122225830435735
equal_calls,ops,E2,MO-lex,0,0.1,0.050225830435735024
equal_calls,ops,E2,MO-lex,1,1.0,0.6986827593855197
equal_calls,ops,E2,MO-lex,1,0.2,0.12268275938551967
equal_calls,ops,E2,MO-lex,1,0.1,0.05068275938551968
equal_calls,ops,E2,MO-lex,2,1.0,0.6993147500272441
equal_calls,ops,E2,MO-lex,2,0.2,0.12331475002724408
equal_calls,ops,E2,MO-lex,2,0.1,0.051314750027244074
equal_calls,ops,E2,MO-lex,3,1.0,0.6554429082396733
equal_calls,ops,E2,MO-lex,3,0.2,0.11144290823967336
equal_calls,ops,E2,MO-lex,3,0.1,0.045916992893717624
equal_calls,ops,E2,MO-lex,4,1.0,0.6970101173163908
equal_calls,ops,E2,MO-lex,4,0.2,0.12101011731639093
equal_calls,ops,E2,MO-lex,4,0.1,0.049010117316390926
equal_calls,ops,E2,MO-lex,5,1.0,0.6992472996233817
equal_calls,ops,E2,MO-lex,5,0.2,0.12324729962338173
equal_calls,ops,E2,MO-lex,5,0.1,0.051247299623381724
equal_calls,ops,E2,MO-lex,6,1.0,0.6221029971850439
equal_calls,ops,E2,MO-lex,6,0.2,0.11010299718504385
equal_calls,ops,E2,MO-lex,6,0.1,0.046102997185043834
equal_calls,ops,E2,MO-lex,7,1.0,0.7338957311077321
equal_calls,ops,E2,MO-lex,7,0.2,0.1258957311077322
equal_calls,ops,E2,MO-lex,7,0.1,0.050148360089445815
equal_calls,ops,E2,MO-lex,8,1.0,0.6995243796491486
equal_calls,ops,E2,MO-lex,8,0.2,0.12352437964914863
equal_calls,ops,E2,MO-lex,8,0.1,0.05152437964914862
equal_calls,ops,E2,MO-lex,9,1.0,0.7354639602094721
equal_calls,ops,E2,MO-lex,9,0.2,0.12746396020947212
equal_calls,ops,E2,MO-lex,9,0.1,0.05182986394851038
equal_calls,ops,E2,MO-lex,10,1.0,0.6559040399838036
equal_calls,ops,E2,MO-lex,10,0.2,0.11190403998380365
equal_calls,ops,E2,MO-lex,10,0.1,0.04588031247203415
equal_calls,ops,E2,MO-lex,11,1.0,0.6215887353983772
equal_calls,ops,E2,MO-lex,11,0.2,0.10958873539837727
equal_calls,ops,E2,MO-lex,11,0.1,0.04558873539837726
equal_calls,ops,E2,MO-lex,12,1.0,0.6984871310874989
equal_calls,ops,E2,MO-lex,12,0.2,0.12248713108749901
equal_calls,ops,E2,MO-lex,12,0.1,0.05048713108749901
equal_calls,ops,E2,MO-lex,13,1.0,0.6991924589278591
equal_calls,ops,E2,MO-lex,13,0.2,0.12319245892785911
equal_calls,ops,E2,MO-lex,13,0.1,0.05119245892785912
equal_calls,ops,E2,MO-lex,14,1.0,0.7267652633257675
equal_calls,ops,E2,MO-lex,14,0.2,0.1187652633257674
equal_calls,ops,E2,MO-lex,14,0.1,0.0461038671525942
equal_calls,ops,E2,MO-lex,15,1.0,0.6986948874653867
equal_calls,ops,E2,MO-lex,15,0.2,0.12269488746538679
equal_calls,ops,E2,MO-lex,15,0.1,0.050694887465386786
equal_calls,ops,E2,MO-lex,16,1.0,0.6222617032705632
equal_calls,ops,E2,MO-lex,16,0.2,0.11026170327056313
equal_calls,ops,E2,MO-lex,16,0.1,0.046261703270563136
equal_calls,ops,E2,MO-lex,17,1.0,0.6998362840681709
equal_calls,ops,E2,MO-lex,17,0.2,0.12383628406817089
equal_calls,ops,E2,MO-lex,17,0.1,0.05183628406817089
equal_calls,ops,E2,MO-lex,18,1.0,0.6217146936423233
equal_calls,ops,E2,MO-lex,18,0.2,0.10971469364232339
equal_calls,ops,E2,MO-lex,18,0.1,0.045714693642323403
equal_calls,ops,E2,MO-lex,19,1.0,0.6580306661154806
equal_calls,ops,E2,MO-lex,19,0.2,0.11403066611548059
equal_calls,ops,E2,MO-lex,19,0.1,0.046207931304018866
equal_calls,ops,E2,MO-lex,20,1.0,0.6998360986547325
equal_calls,ops,E2,MO-lex,20,0.2,0.12383609865473241
equal_calls,ops,E2,MO-lex,20,0.1,0.05183609865473242
equal_calls,ops,E2,MO-lex,21,1.0,0.6221038671525944
equal_calls,ops,E2,MO-lex,21,0.2,0.11010386715259422
equal_calls,ops,E2,MO-lex,21,0.1,0.04610386715259424
equal_calls,ops,E2,MO-lex,22,1.0,0.6997773392503188
equal_calls,ops,E2,MO-lex,22,0.2,0.12377733925031886
equal_calls,ops,E2,MO-lex,22,0.1,0.051777339250318855
equal_calls,ops,E2,MO-lex,23,1.0,0.7356369980886572
equal_calls,ops,E2,MO-lex,23,0.2,0.12763699808865714
equal_calls,ops,E2,MO-lex,23,0.1,0.051836098654732425
equal_calls,ops,E2,MO-lex,24,1.0,0.6218646341257447
equal_calls,ops,E2,MO-lex,24,0.2,0.1098646341257447
equal_calls,ops,E2,MO-lex,24,0.1,0.0458646341257447
equal_calls,ops,E2,MO-lex,25,1.0,0.6572303772438602
equal_calls,ops,E2,MO-lex,25,0.2,0.11323037724386024
equal_calls,ops,E2,MO-lex,25,0.1,0.04579225252481059
equal_calls,ops,E2,MO-lex,26,1.0,0.6999513584276074
equal_calls,ops,E2,MO-lex,26,0.2,0.12395135842760743
equal_calls,ops,E2,MO-lex,26,0.1,0.051951358427607425
equal_calls,ops,E2,MO-lex,27,1.0,0.7311648845337518
equal_calls,ops,E2,MO-lex,27,0.2,0.1231648845337519
equal_calls,ops,E2,MO-lex,27,0.1,0.047859599198651404
equal_calls,ops,E2,MO-lex,28,1.0,0.6574588644741189
equal_calls,ops,E2,MO-lex,28,0.2,0.11345886447411903
equal_calls,ops,E2,MO-lex,28,0.1,0.045631546343837634
equal_calls,ops,E2,MO-lex,29,1.0,0.6553846862575279
equal_calls,ops,E2,MO-lex,29,0.2,0.1113846862575279
equal_calls,ops,E2,MO-lex,29,0.1,0.045937531716569835
equal_calls,ops,E2,Pareto-nodes,0,1.0,0.8065818052114614
equal_calls,ops,E2,Pareto-nodes,0,0.2,0.13458180521146143
equal_calls,ops,E2,Pareto-nodes,0,0.1,0.051605052811219895
equal_calls,ops,E2,Pareto-nodes,1,1.0,0.8067259243445439
equal_calls,ops,E2,Pareto-nodes,1,0.2,0.13472592434454397
equal_calls,ops,E2,Pareto-nodes,1,0.1,0.05174917194430244
equal_calls,ops,E2,Pareto-nodes,2,1.0,0.8065948471169302
equal_calls,ops,E2,Pareto-nodes,2,0.2,0.13459484711693012
equal_calls,ops,E2,Pareto-nodes,2,0.1,0.0516180947166886
equal_calls,ops,E2,Pareto-nodes,3,1.0,0.8066335116362867
equal_calls,ops,E2,Pareto-nodes,3,0.2,0.1346335116362868
equal_calls,ops,E2,Pareto-nodes,3,0.1,0.05165675923604533
equal_calls,ops,E2,Pareto-nodes,4,1.0,0.8066126249913734
equal_calls,ops,E2,Pareto-nodes,4,0.2,0.1346126249913735
equal_calls,ops,E2,Pareto-nodes,4,0.1,0.05163587259113198
equal_calls,ops,E2,Pareto-nodes,5,1.0,0.8065840694302051
equal_calls,ops,E2,Pareto-nodes,5,0.2,0.13458406943020518
equal_calls,ops,E2,Pareto-nodes,5,0.1,0.051607317029963656
equal_calls,ops,E2,Pareto-nodes,6,1.0,0.8065818052114614
equal_calls,ops,E2,Pareto-nodes,6,0.2,0.13458180521146149
equal_calls,ops,E2,Pareto-nodes,6,0.1,0.05160505281121994
equal_calls,ops,E2,Pareto-nodes,7,1.0,0.8065849215462019
equal_calls,ops,E2,Pareto-nodes,7,0.2,0.13458492154620177
equal_calls,ops,E2,Pareto-nodes,7,0.1,0.05160816914596024
equal_calls,ops,E2,Pareto-nodes,8,1.0,0.8065823025826452
equal_calls,ops,E2,Pareto-nodes,8,0.2,0.13458230258264506
equal_calls,ops,E2,Pareto-nodes,8,0.1,0.05160555018240354
equal_calls,ops,E2,Pareto-nodes,9,1.0,0.8065849215462018
equal_calls,ops,E2,Pareto-nodes,9,0.2,0.13458492154620172
equal_calls,ops,E2,Pareto-nodes,9,0.1,0.05160816914596028
equal_calls,ops,E2,Pareto-nodes,10,1.0,0.8065818052114615
equal_calls,ops,E2,Pareto-nodes,10,0.2,0.13458180521146149
equal_calls,ops,E2,Pareto-nodes,10,0.1,0.05160505281121996
equal_calls,ops,E2,Pareto-nodes,11,1.0,0.8066018187383635
equal_calls,ops,E2,Pareto-nodes,11,0.2,0.1346018187383635
equal_calls,ops,E2,Pareto-nodes,11,0.1,0.05162506633812196
equal_calls,ops,E2,Pareto-nodes,12,1.0,0.8067128824390754
equal_calls,ops,E2,Pareto-nodes,12,0.2,0.13471288243907537
equal_calls,ops,E2,Pareto-nodes,12,0.1,0.05173613003883381
equal_calls,ops,E2,Pareto-nodes,13,1.0,0.8065948471169302
equal_calls,ops,E2,Pareto-nodes,13,0.2,0.13459484711693012
equal_calls,ops,E2,Pareto-nodes,13,0.1,0.051618094716688594
equal_calls,ops,E2,Pareto-nodes,14,1.0,0.8065818052114614
equal_calls,ops,E2,Pareto-nodes,14,0.2,0.13458180521146143
equal_calls,ops,E2,Pareto-nodes,14,0.1,0.05160505281121992
equal_calls,ops,E2,Pareto-nodes,15,1.0,0.8066126249913735
equal_calls,ops,E2,Pareto-nodes,15,0.2,0.13461262499137358
equal_calls,ops,E2,Pareto-nodes,15,0.1,0.05163587259113201
equal_calls,ops,E2,Pareto-nodes,16,1.0,0.8066204639041687
equal_calls,ops,E2,Pareto-nodes,16,0.2,0.13462046390416882
equal_calls,ops,E2,Pareto-nodes,16,0.1,0.05164371150392729
equal_calls,ops,E2,Pareto-nodes,17,1.0,0.8065818052114614
equal_calls,ops,E2,Pareto-nodes,17,0.2,0.13458180521146135
equal_calls,ops,E2,Pareto-nodes,17,0.1,0.051605052811219944
equal_calls,ops,E2,Pareto-nodes,18,1.0,0.8065818052114614
equal_calls,ops,E2,Pareto-nodes,18,0.2,0.1345818052114614
equal_calls,ops,E2,Pareto-nodes,18,0.1,0.05160505281121994
equal_calls,ops,E2,Pareto-nodes,19,1.0,0.8067128824390755
equal_calls,ops,E2,Pareto-nodes,19,0.2,0.13471288243907537
equal_calls,ops,E2,Pareto-nodes,19,0.1,0.05173613003883383
equal_calls,ops,E2,Pareto-nodes,20,1.0,0.8065818052114614
equal_calls,ops,E2,Pareto-nodes,20,0.2,0.13458180521146146
equal_calls,ops,E2,Pareto-nodes,20,0.1,0.05160505281121999
equal_calls,ops,E2,Pareto-nodes,21,1.0,0.8065818052114614
equal_calls,ops,E2,Pareto-nodes,21,0.2,0.1345818052114614
equal_calls,ops,E2,Pareto-nodes,21,0.1,0.051605052811219944
equal_calls,ops,E2,Pareto-nodes,22,1.0,0.8067128824390754
equal_calls,ops,E2,Pareto-nodes,22,0.2,0.1347128824390753
equal_calls,ops,E2,Pareto-nodes,22,0.1,0.0517361300388338
equal_calls,ops,E2,Pareto-nodes,23,1.0,0.8065818052114615
equal_calls,ops,E2,Pareto-nodes,23,0.2,0.13458180521146143
equal_calls,ops,E2,Pareto-nodes,23,0.1,0.05160505281121993
equal_calls,ops,E2,Pareto-nodes,24,1.0,0.8065818052114615
equal_calls,ops,E2,Pareto-nodes,24,0.2,0.13458180521146146
equal_calls,ops,E2,Pareto-nodes,24,0.1,0.05160505281121991
equal_calls,ops,E2,Pareto-nodes,25,1.0,0.8067081446410631
equal_calls,ops,E2,Pareto-nodes,25,0.2,0.1347081446410631
equal_calls,ops,E2,Pareto-nodes,25,0.1,0.05173139224082166
equal_calls,ops,E2,Pareto-nodes,26,1.0,0.8067128824390754
equal_calls,ops,E2,Pareto-nodes,26,0.2,0.1347128824390753
equal_calls,ops,E2,Pareto-nodes,26,0.1,0.051736130038833796
equal_calls,ops,E2,Pareto-nodes,27,1.0,0.8066114731442362
equal_calls,ops,E2,Pareto-nodes,27,0.2,0.13461147314423627
equal_calls,ops,E2,Pareto-nodes,27,0.1,0.05163472074399479
equal_calls,ops,E2,Pareto-nodes,28,1.0,0.8066202784907303
equal_calls,ops,E2,Pareto-nodes,28,0.2,0.1346202784907303
equal_calls,ops,E2,Pareto-nodes,28,0.1,0.05164352609048876
equal_calls,ops,E2,Pareto-nodes,29,1.0,0.8065818052114615
equal_calls,ops,E2,Pareto-nodes,29,0.2,0.13458180521146149
equal_calls,ops,E2,Pareto-nodes,29,0.1,0.051605052811219944
equal_calls,ops,E2,Pareto-terms,0,1.0,0.8721041782331512
equal_calls,ops,E2,Pareto-terms,0,0.2,0.13610417823315127
equal_calls,ops,E2,Pareto-terms,0,0.1,0.05174607608417485
equal_calls,ops,E2,Pareto-terms,1,1.0,0.8719560153761736
equal_calls,ops,E2,Pareto-terms,1,0.2,0.13595601537617363
equal_calls,ops,E2,Pareto-terms,1,0.1,0.05159791322719719
equal_calls,ops,E2,Pareto-terms,2,1.0,0.8719289919342469
equal_calls,ops,E2,Pareto-terms,2,0.2,0.13592899193424687
equal_calls,ops,E2,Pareto-terms,2,0.1,0.05157088978527043
equal_calls,ops,E2,Pareto-terms,3,1.0,0.8711113991353789
equal_calls,ops,E2,Pareto-terms,3,0.2,0.1351113991353788
equal_calls,ops,E2,Pareto-terms,3,0.1,0.053409419546715346
equal_calls,ops,E2,Pareto-terms,4,1.0,0.8719560153761736
equal_calls,ops,E2,Pareto-terms,4,0.2,0.1359560153761736
equal_calls,ops,E2,Pareto-terms,4,0.1,0.05159791322719717
equal_calls,ops,E2,Pareto-terms,5,1.0,0.8719560153761737
equal_calls,ops,E2,Pareto-terms,5,0.2,0.1359560153761736
equal_calls,ops,E2,Pareto-terms,5,0.1,0.051597913227197194
equal_calls,ops,E2,Pareto-terms,6,1.0,0.8723524448738097
equal_calls,ops,E2,Pareto-terms,6,0.2,0.1363524448738097
equal_calls,ops,E2,Pareto-terms,6,0.1,0.051994342724833276
equal_calls,ops,E2,Pareto-terms,7,1.0,0.8722264999865017
equal_calls,ops,E2,Pareto-terms,7,0.2,0.13622649998650171
equal_calls,ops,E2,Pareto-terms,7,0.1,0.05178611939682772
equal_calls,ops,E2,Pareto-terms,8,1.0,0.872155083699055
equal_calls,ops,E2,Pareto-terms,8,0.2,0.13615508369905505
equal_calls,ops,E2,Pareto-terms,8,0.1,0.051796981550078634
equal_calls,ops,E2,Pareto-terms,9,1.0,0.8719560153761736
equal_calls,ops,E2,Pareto-terms,9,0.2,0.13595601537617363
equal_calls,ops,E2,Pareto-terms,9,0.1,0.05159791322719717
equal_calls,ops,E2,Pareto-terms,10,1.0,0.871853779422523
equal_calls,ops,E2,Pareto-terms,10,0.2,0.13585377942252294
equal_calls,ops,E2,Pareto-terms,10,0.1,0.051495677273546564
equal_calls,ops,E2,Pareto-terms,11,1.0,0.8787144339973859
equal_calls,ops,E2,Pareto-terms,11,0.2,0.1427144339973858
equal_calls,ops,E2,Pareto-terms,11,0.1,0.054037493163442474
equal_calls,ops,E2,Pareto-terms,12,1.0,0.8721647278745325
equal_calls,ops,E2,Pareto-terms,12,0.2,0.13616472787453252
equal_calls,ops,E2,Pareto-terms,12,0.1,0.05180662572555606
equal_calls,ops,E2,Pareto-terms,13,1.0,0.8719560153761736
equal_calls,ops,E2,Pareto-terms,13,0.2,0.13595601537617363
equal_calls,ops,E2,Pareto-terms,13,0.1,0.05159791322719717
equal_calls,ops,E2,Pareto-terms,14,1.0,0.8810769457568868
equal_calls,ops,E2,Pareto-terms,14,0.2,0.14507694575688668
equal_calls,ops,E2,Pareto-terms,14,0.1,0.05640000492294336
equal_calls,ops,E2,Pareto-terms,15,1.0,0.8725427878943129
equal_calls,ops,E2,Pareto-terms,15,0.2,0.136542787894313
equal_calls,ops,E2,Pareto-terms,15,0.1,0.05484080830564954
equal_calls,ops,E2,Pareto-terms,16,1.0,0.8721607438378121
equal_calls,ops,E2,Pareto-terms,16,0.2,0.13616074383781207
equal_calls,ops,E2,Pareto-terms,16,0.1,0.05180264168883561
equal_calls,ops,E2,Pareto-terms,17,1.0,0.8797345247439746
equal_calls,ops,E2,Pareto-terms,17,0.2,0.1437345247439745
equal_calls,ops,E2,Pareto-terms,17,0.1,0.05505758391003119
equal_calls,ops,E2,Pareto-terms,18,1.0,0.8719560153761736
equal_calls,ops,E2,Pareto-terms,18,0.2,0.13595601537617363
equal_calls,ops,E2,Pareto-terms,18,0.1,0.051597913227197194
equal_calls,ops,E2,Pareto-terms,19,1.0,0.8727473309425128
equal_calls,ops,E2,Pareto-terms,19,0.2,0.1367473309425128
equal_calls,ops,E2,Pareto-terms,19,0.1,0.055045351353849345
equal_calls,ops,E2,Pareto-terms,20,1.0,0.8719560153761736
equal_calls,ops,E2,Pareto-terms,20,0.2,0.13595601537617363
equal_calls,ops,E2,Pareto-terms,20,0.1,0.05159791322719717
equal_calls,ops,E2,Pareto-terms,21,1.0,0.8721714205776244
equal_calls,ops,E2,Pareto-terms,21,0.2,0.13617142057762444
equal_calls,ops,E2,Pareto-terms,21,0.1,0.05181331842864801
equal_calls,ops,E2,Pareto-terms,22,1.0,0.8743067129732451
equal_calls,ops,E2,Pareto-terms,22,0.2,0.1383067129732452
equal_calls,ops,E2,Pareto-terms,22,0.1,0.05660473338458175
equal_calls,ops,E2,Pareto-terms,23,1.0,0.8838384432170372
equal_calls,ops,E2,Pareto-terms,23,0.2,0.14783844321703732
equal_calls,ops,E2,Pareto-terms,23,0.1,0.05652658455718966
equal_calls,ops,E2,Pareto-terms,24,1.0,0.870998796559755
equal_calls,ops,E2,Pareto-terms,24,0.2,0.13499879655975494
equal_calls,ops,E2,Pareto-terms,24,0.1,0.05329681697109149
equal_calls,ops,E2,Pareto-terms,25,1.0,0.8722757834131408
equal_calls,ops,E2,Pareto-terms,25,0.2,0.13627578341314073
equal_calls,ops,E2,Pareto-terms,25,0.1,0.05191768126416432
equal_calls,ops,E2,Pareto-terms,26,1.0,0.8719560153761736
equal_calls,ops,E2,Pareto-terms,26,0.2,0.13595601537617358
equal_calls,ops,E2,Pareto-terms,26,0.1,0.05159791322719717
equal_calls,ops,E2,Pareto-terms,27,1.0,0.8721714205776244
equal_calls,ops,E2,Pareto-terms,27,0.2,0.13617142057762444
equal_calls,ops,E2,Pareto-terms,27,0.1,0.051813318428647975
equal_calls,ops,E2,Pareto-terms,28,1.0,0.8721778639251394
equal_calls,ops,E2,Pareto-terms,28,0.2,0.13617786392513945
equal_calls,ops,E2,Pareto-terms,28,0.1,0.05181976177616303
equal_calls,ops,E2,Pareto-terms,29,1.0,0.8797055090447282
equal_calls,ops,E2,Pareto-terms,29,0.2,0.1437055090447282
equal_calls,ops,E2,Pareto-terms,29,0.1,0.05502856821078491
equal_calls,ops,E2,SO,0,1.0,0.5052116962139953
equal_calls,ops,E2,SO,0,0.2,0.08921169621399529
equal_calls,ops,E2,SO,0,0.1,0.037211696213995296
equal_calls,ops,E2,SO,1,1.0,0.5054533657226064
equal_calls,ops,E2,SO,1,0.2,0.0894533657226063
equal_calls,ops,E2,SO,1,0.1,0.0374533657226063
equal_calls,ops,E2,SO,2,1.0,0.5054697026011756
equal_calls,ops,E2,SO,2,0.2,0.08946970260117557
equal_calls,ops,E2,SO,2,0.1,0.037469702601175575
equal_calls,ops,E2,SO,3,1.0,0.5051823544572149
equal_calls,ops,E2,SO,3,0.2,0.08918235445721488
equal_calls,ops,E2,SO,3,0.1,0.03718235445721487
equal_calls,ops,E2,SO,4,1.0,0.5051823544572148
equal_calls,ops,E2,SO,4,0.2,0.08918235445721479
equal_calls,ops,E2,SO,4,0.1,0.03718235445721479
equal_calls,ops,E2,SO,5,1.0,0.5051654979318954
equal_calls,ops,E2,SO,5,0.2,0.08916549793189532
equal_calls,ops,E2,SO,5,0.1,0.03716549793189532
equal_calls,ops,E2,SO,6,1.0,0.5054697026011756
equal_calls,ops,E2,SO,6,0.2,0.08946970260117566
equal_calls,ops,E2,SO,6,0.1,0.03746970260117565
equal_calls,ops,E2,SO,7,1.0,0.5051654979318952
equal_calls,ops,E2,SO,7,0.2,0.08916549793189528
equal_calls,ops,E2,SO,7,0.1,0.03716549793189527
equal_calls,ops,E2,SO,8,1.0,0.5052116962139953
equal_calls,ops,E2,SO,8,0.2,0.08921169621399529
equal_calls,ops,E2,SO,8,0.1,0.037211696213995296
equal_calls,ops,E2,SO,9,1.0,0.5054697026011756
equal_calls,ops,E2,SO,9,0.2,0.08946970260117564
equal_calls,ops,E2,SO,9,0.1,0.03746970260117562
equal_calls,ops,E2,SO,10,1.0,0.5054697026011756
equal_calls,ops,E2,SO,10,0.2,0.08946970260117564
equal_calls,ops,E2,SO,10,0.1,0.03746970260117562
equal_calls,ops,E2,SO,11,1.0,0.5051823544572149
equal_calls,ops,E2,SO,11,0.2,0.08918235445721491
equal_calls,ops,E2,SO,11,0.1,0.037182354457214906
equal_calls,ops,E2,SO,12,1.0,0.5051823544572148
equal_calls,ops,E2,SO,12,0.2,0.08918235445721485
equal_calls,ops,E2,SO,12,0.1,0.03718235445721484
equal_calls,ops,E2,SO,13,1.0,0.5051823544572148
equal_calls,ops,E2,SO,13,0.2,0.08918235445721484
equal_calls,ops,E2,SO,13,0.1,0.03718235445721482
equal_calls,ops,E2,SO,14,1.0,0.5054697026011756
equal_calls,ops,E2,SO,14,0.2,0.08946970260117562
equal_calls,ops,E2,SO,14,0.1,0.03746970260117562
equal_calls,ops,E2,SO,15,1.0,0.5052116962139953
equal_calls,ops,E2,SO,15,0.2,0.08921169621399529
equal_calls,ops,E2,SO,15,0.1,0.03721169621399529
equal_calls,ops,E2,SO,16,1.0,0.5054697026011756
equal_calls,ops,E2,SO,16,0.2,0.0894697026011756
equal_calls,ops,E2,SO,16,0.1,0.03746970260117558
equal_calls,ops,E2,SO,17,1.0,0.5054698880146141
equal_calls,ops,E2,SO,17,0.2,0.08946988801461414
equal_calls,ops,E2,SO,17,0.1,0.037469888014614136
equal_calls,ops,E2,SO,18,1.0,0.5052116962139953
equal_calls,ops,E2,SO,18,0.2,0.08921169621399531
equal_calls,ops,E2,SO,18,0.1,0.0372116962139953
equal_calls,ops,E2,SO,19,1.0,0.5051823544572148
equal_calls,ops,E2,SO,19,0.2,0.08918235445721483
equal_calls,ops,E2,SO,19,0.1,0.037182354457214815
equal_calls,ops,E2,SO,20,1.0,0.5054697026011757
equal_calls,ops,E2,SO,20,0.2,0.08946970260117566
equal_calls,ops,E2,SO,20,0.1,0.03746970260117566
equal_calls,ops,E2,SO,21,1.0,0.5054697026011756
equal_calls,ops,E2,SO,21,0.2,0.08946970260117565
equal_calls,ops,E2,SO,21,0.1,0.03746970260117564
equal_calls,ops,E2,SO,22,1.0,0.5051823544572149
equal_calls,ops,E2,SO,22,0.2,0.0891823544572149
equal_calls,ops,E2,SO,22,0.1,0.03718235445721488
equal_calls,ops,E2,SO,23,1.0,0.5054697026011757
equal_calls,ops,E2,SO,23,0.2,0.08946970260117568
equal_calls,ops,E2,SO,23,0.1,0.037469702601175665
equal_calls,ops,E2,SO,24,1.0,0.5051823544572148
equal_calls,ops,E2,SO,24,0.2,0.08918235445721487
equal_calls,ops,E2,SO,24,0.1,0.03718235445721485
equal_calls,ops,E2,SO,25,1.0,0.5051823544572149
equal_calls,ops,E2,SO,25,0.2,0.08918235445721487
equal_calls,ops,E2,SO,25,0.1,0.037182354457214864
equal_calls,ops,E2,SO,26,1.0,0.5051654979318952
equal_calls,ops,E2,SO,26,0.2,0.08916549793189527
equal_calls,ops,E2,SO,26,0.1,0.03716549793189526
equal_calls,ops,E2,SO,27,1.0,0.5054697026011756
equal_calls,ops,E2,SO,27,0.2,0.08946970260117562
equal_calls,ops,E2,SO,27,0.1,0.03746970260117562
equal_calls,ops,E2,SO,28,1.0,0.5051823544572148
equal_calls,ops,E2,SO,28,0.2,0.08918235445721484
equal_calls,ops,E2,SO,28,0.1,0.037182354457214836
equal_calls,ops,E2,SO,29,1.0,0.5052116962139953
equal_calls,ops,E2,SO,29,0.2,0.08921169621399531
equal_calls,ops,E2,SO,29,0.1,0.03721169621399531
equal_calls,ops,E3,Green,0,1.0,0.8701935225915906
equal_calls,ops,E3,Green,0,0.2,0.11463796703603496
equal_calls,ops,E3,Green,0,0.1,0.020193522591590518
equal_calls,ops,E3,Green,1,1.0,0.8676296203023193
equal_calls,ops,E3,Green,1,0.2,0.11207406474676378
equal_calls,ops,E3,Green,1,0.1,0.01762962030231933
equal_calls,ops,E3,Green,2,1.0,0.8933830274775352
equal_calls,ops,E3,Green,2,0.2,0.11560524969975741
equal_calls,ops,E3,Green,2,0.1,0.02019352259159044
equal_calls,ops,E3,Green,3,1.0,0.8933830274775352
equal_calls,ops,E3,Green,3,0.2,0.11560524969975744
equal_calls,ops,E3,Green,3,0.1,0.02019352259159048
equal_calls,ops,E3,Green,4,1.0,0.8676296203023192
equal_calls,ops,E3,Green,4,0.2,0.11207406474676371
equal_calls,ops,E3,Green,4,0.1,0.017629620302319265
equal_calls,ops,E3,Green,5,1.0,0.8977580526246742
equal_calls,ops,E3,Green,5,0.2,0.11998027484689651
equal_calls,ops,E3,Green,5,0.1,0.02456854773872954
equal_calls,ops,E3,Green,6,1.0,0.8933830274775352
equal_calls,ops,E3,Green,6,0.2,0.11560524969975741
equal_calls,ops,E3,Green,6,0.1,0.02019352259159044
equal_calls,ops,E3,Green,7,1.0,0.8933830274775352
equal_calls,ops,E3,Green,7,0.2,0.1156052496997575
equal_calls,ops,E3,Green,7,0.1,0.020193522591590532
equal_calls,ops,E3,Green,8,1.0,0.8933830274775352
equal_calls,ops,E3,Green,8,0.2,0.11560524969975748
equal_calls,ops,E3,Green,8,0.1,0.020193522591590518
equal_calls,ops,E3,Green,9,1.0,0.8933830274775352
equal_calls,ops,E3,Green,9,0.2,0.11560524969975748
equal_calls,ops,E3,Green,9,0.1,0.020193522591590518
equal_calls,ops,E3,Green,10,1.0,0.867629620302319
equal_calls,ops,E3,Green,10,0.2,0.11207406474676354
equal_calls,ops,E3,Green,10,0.1,0.017629620302319095
equal_calls,ops,E3,Green,11,1.0,0.8676296203023193
equal_calls,ops,E3,Green,11,0.2,0.1120740647467638
equal_calls,ops,E3,Green,11,0.1,0.01762962030231936
equal_calls,ops,E3,Green,12,1.0,0.865682072889866
equal_calls,ops,E3,Green,12,0.2,0.11012651733431049
equal_calls,ops,E3,Green,12,0.1,0.015682072889866037
equal_calls,ops,E3,Green,13,1.0,0.8933830274775352
equal_calls,ops,E3,Green,13,0.2,0.11560524969975748
equal_calls,ops,E3,Green,13,0.1,0.020193522591590518
equal_calls,ops,E3,Green,14,1.0,0.8676296203023195
equal_calls,ops,E3,Green,14,0.2,0.11207406474676401
equal_calls,ops,E3,Green,14,0.1,0.017629620302319567
equal_calls,ops,E3,Green,15,1.0,0.8933830274775352
equal_calls,ops,E3,Green,15,0.2,0.1156052496997575
equal_calls,ops,E3,Green,15,0.1,0.020193522591590532
equal_calls,ops,E3,Green,16,1.0,0.8676296203023194
equal_calls,ops,E3,Green,16,0.2,0.11207406474676387
equal_calls,ops,E3,Green,16,0.1,0.017629620302319425
equal_calls,ops,E3,Green,17,1.0,0.8977580526246741
equal_calls,ops,E3,Green,17,0.2,0.11998027484689643
equal_calls,ops,E3,Green,17,0.1,0.024568547738729463
equal_calls,ops,E3,Green,18,1.0,0.8933830274775352
equal_calls,ops,E3,Green,18,0.2,0.1156052496997575
equal_calls,ops,E3,Green,18,0.1,0.020193522591590532
equal_calls,ops,E3,Green,19,1.0,0.8933830274775352
equal_calls,ops,E3,Green,19,0.2,0.11560524969975748
equal_calls,ops,E3,Green,19,0.1,0.020193522591590518
equal_calls,ops,E3,Green,20,1.0,0.8701935225915906
equal_calls,ops,E3,Green,20,0.2,0.11463796703603493
equal_calls,ops,E3,Green,20,0.1,0.02019352259159048
equal_calls,ops,E3,Green,21,1.0,0.8933830274775352
equal_calls,ops,E3,Green,21,0.2,0.11560524969975748
equal_calls,ops,E3,Green,21,0.1,0.020193522591590518
equal_calls,ops,E3,Green,22,1.0,0.8933830274775352
equal_calls,ops,E3,Green,22,0.2,0.11560524969975748
equal_calls,ops,E3,Green,22,0.1,0.020193522591590518
equal_calls,ops,E3,Green,23,1.0,0.8676296203023187
equal_calls,ops,E3,Green,23,0.2,0.1120740647467631
equal_calls,ops,E3,Green,23,0.1,0.01762962030231865
equal_calls,ops,E3,Green,24,1.0,0.8933830274775352
equal_calls,ops,E3,Green,24,0.2,0.11560524969975748
equal_calls,ops,E3,Green,24,0.1,0.020193522591590518
equal_calls,ops,E3,Green,25,1.0,0.8933830274775352
equal_calls,ops,E3,Green,25,0.2,0.11560524969975741
equal_calls,ops,E3,Green,25,0.1,0.02019352259159044
equal_calls,ops,E3,Green,26,1.0,0.8701935225915906
equal_calls,ops,E3,Green,26,0.2,0.11463796703603499
equal_calls,ops,E3,Green,26,0.1,0.020193522591590546
equal_calls,ops,E3,Green,27,1.0,0.8933830274775352
equal_calls,ops,E3,Green,27,0.2,0.1156052496997575
equal_calls,ops,E3,Green,27,0.1,0.020193522591590532
equal_calls,ops,E3,Green,28,1.0,0.8933830274775352
equal_calls,ops,E3,Green,28,0.2,0.1156052496997575
equal_calls,ops,E3,Green,28,0.1,0.020193522591590532
equal_calls,ops,E3,Green,29,1.0,0.8933830274775352
equal_calls,ops,E3,Green,29,0.2,0.11560524969975748
equal_calls,ops,E3,Green,29,0.1,0.020193522591590518
equal_calls,ops,E3,MO-lex,0,1.0,0.0
equal_calls,ops,E3,MO-lex,0,0.2,0.0
equal_calls,ops,E3,MO-lex,0,0.1,0.0
equal_calls,ops,E3,MO-lex,1,1.0,0.0
equal_calls,ops,E3,MO-lex,1,0.2,0.0
equal_calls,ops,E3,MO-lex,1,0.1,0.0
equal_calls,ops,E3,MO-lex,2,1.0,0.0
equal_calls,ops,E3,MO-lex,2,0.2,0.0
equal_calls,ops,E3,MO-lex,2,0.1,0.0
equal_calls,ops,E3,MO-lex,3,1.0,0.0
equal_calls,ops,E3,MO-lex,3,0.2,0.0
equal_calls,ops,E3,MO-lex,3,0.1,0.0
equal_calls,ops,E3,MO-lex,4,1.0,0.0
equal_calls,ops,E3,MO-lex,4,0.2,0.0
equal_calls,ops,E3,MO-lex,4,0.1,0.0
equal_calls,ops,E3,MO-lex,5,1.0,0.0
equal_calls,ops,E3,MO-lex,5,0.2,0.0
equal_calls,ops,E3,MO-lex,5,0.1,0.0
equal_calls,ops,E3,MO-lex,6,1.0,0.5760260579090576
equal_calls,ops,E3,MO-lex,6,0.2,0.0
equal_calls,ops,E3,MO-lex,6,0.1,0.0
equal_calls,ops,E3,MO-lex,7,1.0,0.6810671429902496
equal_calls,ops,E3,MO-lex,7,0.2,0.04773380965691632
equal_calls,ops,E3,MO-lex,7,0.1,0.0
equal_calls,ops,E3,MO-lex,8,1.0,0.7650413454408588
equal_calls,ops,E3,MO-lex,8,0.2,0.09882063908809059
equal_calls,ops,E3,MO-lex,8,0.1,0.01687619464364615
equal_calls,ops,E3,MO-lex,9,1.0,0.0
equal_calls,ops,E3,MO-lex,9,0.2,0.0
equal_calls,ops,E3,MO-lex,9,0.1,0.0
equal_calls,ops,E3,MO-lex,10,1.0,0.3599670560596355
equal_calls,ops,E3,MO-lex,10,0.2,0.0
equal_calls,ops,E3,MO-lex,10,0.1,0.0
equal_calls,ops,E3,MO-lex,11,1.0,0.5604233690336732
equal_calls,ops,E3,MO-lex,11,0.2,0.02709003570033973
equal_calls,ops,E3,MO-lex,11,0.1,0.0
equal_calls,ops,E3,MO-lex,12,1.0,0.0
equal_calls,ops,E3,MO-lex,12,0.2,0.0
equal_calls,ops,E3,MO-lex,12,0.1,0.0
equal_calls,ops,E3,MO-lex,13,1.0,0.0
equal_calls,ops,E3,MO-lex,13,0.2,0.0
equal_calls,ops,E3,MO-lex,13,0.1,0.0
equal_calls,ops,E3,MO-lex,14,1.0,0.8025542282307918
equal_calls,ops,E3,MO-lex,14,0.2,0.09144311711968062
equal_calls,ops,E3,MO-lex,14,0.1,0.007046287613563032
equal_calls,ops,E3,MO-lex,15,1.0,0.48443734129092797
equal_calls,ops,E3,MO-lex,15,0.2,0.0
equal_calls,ops,E3,MO-lex,15,0.1,0.0
equal_calls,ops,E3,MO-lex,16,1.0,0.0
equal_calls,ops,E3,MO-lex,16,0.2,0.0
equal_calls,ops,E3,MO-lex,16,0.1,0.0
equal_calls,ops,E3,MO-lex,17,1.0,0.0
equal_calls,ops,E3,MO-lex,17,0.2,0.0
equal_calls,ops,E3,MO-lex,17,0.1,0.0
equal_calls,ops,E3,MO-lex,18,1.0,0.0
equal_calls,ops,E3,MO-lex,18,0.2,0.0
equal_calls,ops,E3,MO-lex,18,0.1,0.0
equal_calls,ops,E3,MO-lex,19,1.0,0.0
equal_calls,ops,E3,MO-lex,19,0.2,0.0
equal_calls,ops,E3,MO-lex,19,0.1,0.0
equal_calls,ops,E3,MO-lex,20,1.0,0.0
equal_calls,ops,E3,MO-lex,20,0.2,0.0
equal_calls,ops,E3,MO-lex,20,0.1,0.0
equal_calls,ops,E3,MO-lex,21,1.0,0.4316410779658481
equal_calls,ops,E3,MO-lex,21,0.2,0.0
equal_calls,ops,E3,MO-lex,21,0.1,0.0
equal_calls,ops,E3,MO-lex,22,1.0,0.0
equal_calls,ops,E3,MO-lex,22,0.2,0.0
equal_calls,ops,E3,MO-lex,22,0.1,0.0
equal_calls,ops,E3,MO-lex,23,1.0,0.7027210667150415
equal_calls,ops,E3,MO-lex,23,0.2,0.10272106671504158
equal_calls,ops,E3,MO-lex,23,0.1,0.02772106671504158
equal_calls,ops,E3,MO-lex,24,1.0,0.0
equal_calls,ops,E3,MO-lex,24,0.2,0.0
equal_calls,ops,E3,MO-lex,24,0.1,0.0
equal_calls,ops,E3,MO-lex,25,1.0,0.5488694700245627
equal_calls,ops,E3,MO-lex,25,0.2,0.0
equal_calls,ops,E3,MO-lex,25,0.1,0.0
equal_calls,ops,E3,MO-lex,26,1.0,0.0
equal_calls,ops,E3,MO-lex,26,0.2,0.0
equal_calls,ops,E3,MO-lex,26,0.1,0.0
equal_calls,ops,E3,MO-lex,27,1.0,0.0
equal_calls,ops,E3,MO-lex,27,0.2,0.0
equal_calls,ops,E3,MO-lex,27,0.1,0.0
equal_calls,ops,E3,MO-lex,28,1.0,0.0
equal_calls,ops,E3,MO-lex,28,0.2,0.0
equal_calls,ops,E3,MO-lex,28,0.1,0.0
equal_calls,ops,E3,MO-lex,29,1.0,0.0
equal_calls,ops,E3,MO-lex,29,0.2,0.0
equal_calls,ops,E3,MO-lex,29,0.1,0.0
equal_calls,ops,E3,Pareto-nodes,0,1.0,0.8676296203023193
equal_calls,ops,E3,Pareto-nodes,0,0.2,0.11207406474676378
equal_calls,ops,E3,Pareto-nodes,0,0.1,0.01762962030231933
equal_calls,ops,E3,Pareto-nodes,1,1.0,0.8676296203023194
equal_calls,ops,E3,Pareto-nodes,1,0.2,0.1120740647467639
equal_calls,ops,E3,Pareto-nodes,1,0.1,0.01762962030231945
equal_calls,ops,E3,Pareto-nodes,2,1.0,0.8676296203023196
equal_calls,ops,E3,Pareto-nodes,2,0.2,0.11207406474676407
equal_calls,ops,E3,Pareto-nodes,2,0.1,0.01762962030231962
equal_calls,ops,E3,Pareto-nodes,3,1.0,0.8676296203023194
equal_calls,ops,E3,Pareto-nodes,3,0.2,0.1120740647467639
equal_calls,ops,E3,Pareto-nodes,3,0.1,0.01762962030231945
equal_calls,ops,E3,Pareto-nodes,4,1.0,0.8676296203023188
equal_calls,ops,E3,Pareto-nodes,4,0.2,0.11207406474676339
equal_calls,ops,E3,Pareto-nodes,4,0.1,0.01762962030231894
equal_calls,ops,E3,Pareto-nodes,5,1.0,0.867629620302319
equal_calls,ops,E3,Pareto-nodes,5,0.2,0.11207406474676358
equal_calls,ops,E3,Pareto-nodes,5,0.1,0.017629620302319137
equal_calls,ops,E3,Pareto-nodes,6,1.0,0.8680298462682441
equal_calls,ops,E3,Pareto-nodes,6,0.2,0.11247429071268858
equal_calls,ops,E3,Pareto-nodes,6,0.1,0.018029846268244134
equal_calls,ops,E3,Pareto-nodes,7,1.0,0.8676296203023195
equal_calls,ops,E3,Pareto-nodes,7,0.2,0.112074064746764
equal_calls,ops,E3,Pareto-nodes,7,0.1,0.017629620302319553
equal_calls,ops,E3,Pareto-nodes,8,1.0,0.8676296203023195
equal_calls,ops,E3,Pareto-nodes,8,0.2,0.11207406474676401
equal_calls,ops,E3,Pareto-nodes,8,0.1,0.017629620302319567
equal_calls,ops,E3,Pareto-nodes,9,1.0,0.8680298462682441
equal_calls,ops,E3,Pareto-nodes,9,0.2,0.11247429071268858
equal_calls,ops,E3,Pareto-nodes,9,0.1,0.018029846268244134
equal_calls,ops,E3,Pareto-nodes,10,1.0,0.867629620302319
equal_calls,ops,E3,Pareto-nodes,10,0.2,0.11207406474676354
equal_calls,ops,E3,Pareto-nodes,10,0.1,0.017629620302319095
equal_calls,ops,E3,Pareto-nodes,11,1.0,0.867629620302319
equal_calls,ops,E3,Pareto-nodes,11,0.2,0.11207406474676354
equal_calls,ops,E3,Pareto-nodes,11,0.1,0.017629620302319095
equal_calls,ops,E3,Pareto-nodes,12,1.0,0.8680298462682441
equal_calls,ops,E3,Pareto-nodes,12,0.2,0.11247429071268863
equal_calls,ops,E3,Pareto-nodes,12,0.1,0.018029846268244186
equal_calls,ops,E3,Pareto-nodes,13,1.0,0.8676296203023195
equal_calls,ops,E3,Pareto-nodes,13,0.2,0.11207406474676401
equal_calls,ops,E3,Pareto-nodes,13,0.1,0.017629620302319567
equal_calls,ops,E3,Pareto-nodes,14,1.0,0.8676296203023195
equal_calls,ops,E3,Pareto-nodes,14,0.2,0.11207406474676394
equal_calls,ops,E3,Pareto-nodes,14,0.1,0.0176296203023195
equal_calls,ops,E3,Pareto-nodes,15,1.0,0.8676296203023195
equal_calls,ops,E3,Pareto-nodes,15,0.2,0.112074064746764
equal_calls,ops,E3,Pareto-nodes,15,0.1,0.017629620302319553
equal_calls,ops,E3,Pareto-nodes,16,1.0,0.8676296203023189
equal_calls,ops,E3,Pareto-nodes,16,0.2,0.1120740647467635
equal_calls,ops,E3,Pareto-nodes,16,0.1,0.017629620302319057
equal_calls,ops,E3,Pareto-nodes,17,1.0,0.8676296203023198
equal_calls,ops,E3,Pareto-nodes,17,0.2,0.11207406474676426
equal_calls,ops,E3,Pareto-nodes,17,0.1,0.017629620302319817
equal_calls,ops,E3,Pareto-nodes,18,1.0,0.8676296203023194
equal_calls,ops,E3,Pareto-nodes,18,0.2,0.1120740647467639
equal_calls,ops,E3,Pareto-nodes,18,0.1,0.01762962030231945
equal_calls,ops,E3,Pareto-nodes,19,1.0,0.8676296203023194
equal_calls,ops,E3,Pareto-nodes,19,0.2,0.1120740647467639
equal_calls,ops,E3,Pareto-nodes,19,0.1,0.01762962030231945
equal_calls,ops,E3,Pareto-nodes,20,1.0,0.8676296203023193
equal_calls,ops,E3,Pareto-nodes,20,0.2,0.11207406474676378
equal_calls,ops,E3,Pareto-nodes,20,0.1,0.01762962030231933
equal_calls,ops,E3,Pareto-nodes,21,1.0,0.8676296203023194
equal_calls,ops,E3,Pareto-nodes,21,0.2,0.11207406474676387
equal_calls,ops,E3,Pareto-nodes,21,0.1,0.017629620302319425
equal_calls,ops,E3,Pareto-nodes,22,1.0,0.8676296203023199
equal_calls,ops,E3,Pareto-nodes,22,0.2,0.11207406474676437
equal_calls,ops,E3,Pareto-nodes,22,0.1,0.01762962030231992
equal_calls,ops,E3,Pareto-nodes,23,1.0,0.8676296203023187
equal_calls,ops,E3,Pareto-nodes,23,0.2,0.1120740647467631
equal_calls,ops,E3,Pareto-nodes,23,0.1,0.01762962030231865
equal_calls,ops,E3,Pareto-nodes,24,1.0,0.8676296203023195
equal_calls,ops,E3,Pareto-nodes,24,0.2,0.11207406474676401
equal_calls,ops,E3,Pareto-nodes,24,0.1,0.017629620302319567
equal_calls,ops,E3,Pareto-nodes,25,1.0,0.8676296203023192
equal_calls,ops,E3,Pareto-nodes,25,0.2,0.11207406474676371
equal_calls,ops,E3,Pareto-nodes,25,0.1,0.017629620302319265
equal_calls,ops,E3,Pareto-nodes,26,1.0,0.8680298462682439
equal_calls,ops,E3,Pareto-nodes,26,0.2,0.11247429071268839
equal_calls,ops,E3,Pareto-nodes,26,0.1,0.01802984626824394
equal_calls,ops,E3,Pareto-nodes,27,1.0,0.8676296203023195
equal_calls,ops,E3,Pareto-nodes,27,0.2,0.11207406474676399
equal_calls,ops,E3,Pareto-nodes,27,0.1,0.017629620302319543
equal_calls,ops,E3,Pareto-nodes,28,1.0,0.868029846268244
equal_calls,ops,E3,Pareto-nodes,28,0.2,0.11247429071268852
equal_calls,ops,E3,Pareto-nodes,28,0.1,0.018029846268244082
equal_calls,ops,E3,Pareto-nodes,29,1.0,0.867629620302319
equal_calls,ops,E3,Pareto-nodes,29,0.2,0.11207406474676358
equal_calls,ops,E3,Pareto-nodes,29,0.1,0.017629620302319137
equal_calls,ops,E3,Pareto-terms,0,1.0,0.8676296203023195
equal_calls,ops,E3,Pareto-terms,0,0.2,0.11207406474676401
equal_calls,ops,E3,Pareto-terms,0,0.1,0.017629620302319567
equal_calls,ops,E3,Pareto-terms,1,1.0,0.8676296203023198
equal_calls,ops,E3,Pareto-terms,1,0.2,0.11207406474676425
equal_calls,ops,E3,Pareto-terms,1,0.1,0.017629620302319803
equal_calls,ops,E3,Pareto-terms,2,1.0,0.8676296203023189
equal_calls,ops,E3,Pareto-terms,2,0.2,0.11207406474676346
equal_calls,ops,E3,Pareto-terms,2,0.1,0.017629620302319005
equal_calls,ops,E3,Pareto-terms,3,1.0,0.9049621383965695
equal_calls,ops,E3,Pareto-terms,3,0.2,0.12718436061879182
equal_calls,ops,E3,Pareto-terms,3,0.1,0.031772633510624856
equal_calls,ops,E3,Pareto-terms,4,1.0,0.8977580526246742
equal_calls,ops,E3,Pareto-terms,4,0.2,0.11998027484689652
equal_calls,ops,E3,Pareto-terms,4,0.1,0.024568547738729553
equal_calls,ops,E3,Pareto-terms,5,1.0,0.865682072889866
equal_calls,ops,E3,Pareto-terms,5,0.2,0.11012651733431052
equal_calls,ops,E3,Pareto-terms,5,0.1,0.015682072889866065
equal_calls,ops,E3,Pareto-terms,6,1.0,0.8959736128744016
equal_calls,ops,E3,Pareto-terms,6,0.2,0.11819583509662393
equal_calls,ops,E3,Pareto-terms,6,0.1,0.022784107988456963
equal_calls,ops,E3,Pareto-terms,7,1.0,0.896227690712181
equal_calls,ops,E3,Pareto-terms,7,0.2,0.11844991293440332
equal_calls,ops,E3,Pareto-terms,7,0.1,0.02303818582623636
equal_calls,ops,E3,Pareto-terms,8,1.0,0.868878122283444
equal_calls,ops,E3,Pareto-terms,8,0.2,0.1133225667278885
equal_calls,ops,E3,Pareto-terms,8,0.1,0.018878122283444054
equal_calls,ops,E3,Pareto-terms,9,1.0,0.9270582588845444
equal_calls,ops,E3,Pareto-terms,9,0.2,0.14928048110676673
equal_calls,ops,E3,Pareto-terms,9,0.1,0.053868753998599764
equal_calls,ops,E3,Pareto-terms,10,1.0,0.8676296203023196
equal_calls,ops,E3,Pareto-terms,10,0.2,0.11207406474676407
equal_calls,ops,E3,Pareto-terms,10,0.1,0.01762962030231962
equal_calls,ops,E3,Pareto-terms,11,1.0,0.8977580526246741
equal_calls,ops,E3,Pareto-terms,11,0.2,0.1199802748468964
equal_calls,ops,E3,Pareto-terms,11,0.1,0.024568547738729435
equal_calls,ops,E3,Pareto-terms,12,1.0,0.8615871240141421
equal_calls,ops,E3,Pareto-terms,12,0.2,0.1060315684585865
equal_calls,ops,E3,Pareto-terms,12,0.1,0.01158712401414205
equal_calls,ops,E3,Pareto-terms,13,1.0,0.8933830274775352
equal_calls,ops,E3,Pareto-terms,13,0.2,0.11560524969975748
equal_calls,ops,E3,Pareto-terms,13,0.1,0.020193522591590518
equal_calls,ops,E3,Pareto-terms,14,1.0,0.8676296203023194
equal_calls,ops,E3,Pareto-terms,14,0.2,0.1120740647467639
equal_calls,ops,E3,Pareto-terms,14,0.1,0.01762962030231945
equal_calls,ops,E3,Pareto-terms,15,1.0,0.8933830274775352
equal_calls,ops,E3,Pareto-terms,15,0.2,0.11560524969975748
equal_calls,ops,E3,Pareto-terms,15,0.1,0.020193522591590518
equal_calls,ops,E3,Pareto-terms,16,1.0,0.8721781239598609
equal_calls,ops,E3,Pareto-terms,16,0.2,0.11662256840430543
equal_calls,ops,E3,Pareto-terms,16,0.1,0.022178123959860983
equal_calls,ops,E3,Pareto-terms,17,1.0,0.8995388596705184
equal_calls,ops,E3,Pareto-terms,17,0.2,0.12176108189274074
equal_calls,ops,E3,Pareto-terms,17,0.1,0.02634935478457377
equal_calls,ops,E3,Pareto-terms,18,1.0,0.8745685477387295
equal_calls,ops,E3,Pareto-terms,18,0.2,0.11901299218317397
equal_calls,ops,E3,Pareto-terms,18,0.1,0.024568547738729525
equal_calls,ops,E3,Pareto-terms,19,1.0,0.8933830274775352
equal_calls,ops,E3,Pareto-terms,19,0.2,0.11560524969975744
equal_calls,ops,E3,Pareto-terms,19,0.1,0.02019352259159048
equal_calls,ops,E3,Pareto-terms,20,1.0,0.8933830274775352
equal_calls,ops,E3,Pareto-terms,20,0.2,0.1156052496997575
equal_calls,ops,E3,Pareto-terms,20,0.1,0.020193522591590532
equal_calls,ops,E3,Pareto-terms,21,1.0,0.8933830274775352
equal_calls,ops,E3,Pareto-terms,21,0.2,0.1156052496997575
equal_calls,ops,E3,Pareto-terms,21,0.1,0.020193522591590532
equal_calls,ops,E3,Pareto-terms,22,1.0,0.8899130899510456
equal_calls,ops,E3,Pareto-terms,22,0.2,0.1343575343954901
equal_calls,ops,E3,Pareto-terms,22,0.1,0.039913089951045665
equal_calls,ops,E3,Pareto-terms,23,1.0,0.9040599720940636
equal_calls,ops,E3,Pareto-terms,23,0.2,0.14850441653850793
equal_calls,ops,E3,Pareto-terms,23,0.1,0.054059972094063484
equal_calls,ops,E3,Pareto-terms,24,1.0,0.893485457119751
equal_calls,ops,E3,Pareto-terms,24,0.2,0.1157076793419733
equal_calls,ops,E3,Pareto-terms,24,0.1,0.020295952233806345
equal_calls,ops,E3,Pareto-terms,25,1.0,0.8933830274775352
equal_calls,ops,E3,Pareto-terms,25,0.2,0.1156052496997575
equal_calls,ops,E3,Pareto-terms,25,0.1,0.020193522591590532
equal_calls,ops,E3,Pareto-terms,26,1.0,0.8745685477387294
equal_calls,ops,E3,Pareto-terms,26,0.2,0.11901299218317382
equal_calls,ops,E3,Pareto-terms,26,0.1,0.02456854773872937
equal_calls,ops,E3,Pareto-terms,27,1.0,0.8933830274775352
equal_calls,ops,E3,Pareto-terms,27,0.2,0.11560524969975748
equal_calls,ops,E3,Pareto-terms,27,0.1,0.020193522591590518
equal_calls,ops,E3,Pareto-terms,28,1.0,0.8933830274775353
equal_calls,ops,E3,Pareto-terms,28,0.2,0.11560524969975756
equal_calls,ops,E3,Pareto-terms,28,0.1,0.020193522591590598
equal_calls,ops,E3,Pareto-terms,29,1.0,0.8889255128866936
equal_calls,ops,E3,Pareto-terms,29,0.2,0.13336995733113804
equal_calls,ops,E3,Pareto-terms,29,0.1,0.03892551288669362
equal_calls,ops,E3,SO,0,1.0,0.0
equal_calls,ops,E3,SO,0,0.2,0.0
equal_calls,ops,E3,SO,0,0.1,0.0
equal_calls,ops,E3,SO,1,1.0,0.0
equal_calls,ops,E3,SO,1,0.2,0.0
equal_calls,ops,E3,SO,1,0.1,0.0
equal_calls,ops,E3,SO,2,1.0,0.0
equal_calls,ops,E3,SO,2,0.2,0.0
equal_calls,ops,E3,SO,2,0.1,0.0
equal_calls,ops,E3,SO,3,1.0,0.0
equal_calls,ops,E3,SO,3,0.2,0.0
equal_calls,ops,E3,SO,3,0.1,0.0
equal_calls,ops,E3,SO,4,1.0,0.0
equal_calls,ops,E3,SO,4,0.2,0.0
equal_calls,ops,E3,SO,4,0.1,0.0
equal_calls,ops,E3,SO,5,1.0,0.0
equal_calls,ops,E3,SO,5,0.2,0.0
equal_calls,ops,E3,SO,5,0.1,0.0
equal_calls,ops,E3,SO,6,1.0,0.0
equal_calls,ops,E3,SO,6,0.2,0.0
equal_calls,ops,E3,SO,6,0.1,0.0
equal_calls,ops,E3,SO,7,1.0,0.0
equal_calls,ops,E3,SO,7,0.2,0.0
equal_calls,ops,E3,SO,7,0.1,0.0
equal_calls,ops,E3,SO,8,1.0,0.0
equal_calls,ops,E3,SO,8,0.2,0.0
equal_calls,ops,E3,SO,8,0.1,0.0
equal_calls,ops,E3,SO,9,1.0,0.0
equal_calls,ops,E3,SO,9,0.2,0.0
equal_calls,ops,E3,SO,9,0.1,0.0
equal_calls,ops,E3,SO,10,1.0,0.3187254710308519
equal_calls,ops,E3,SO,10,0.2,0.0
equal_calls,ops,E3,SO,10,0.1,0.0
equal_calls,ops,E3,SO,11,1.0,0.5604233690336732
equal_calls,ops,E3,SO,11,0.2,0.02709003570033973
equal_calls,ops,E3,SO,11,0.1,0.0
equal_calls,ops,E3,SO,12,1.0,0.0
equal_calls,ops,E3,SO,12,0.2,0.0
equal_calls,ops,E3,SO,12,0.1,0.0
equal_calls,ops,E3,SO,13,1.0,0.0
equal_calls,ops,E3,SO,13,0.2,0.0
equal_calls,ops,E3,SO,13,0.1,0.0
equal_calls,ops,E3,SO,14,1.0,0.0
equal_calls,ops,E3,SO,14,0.2,0.0
equal_calls,ops,E3,SO,14,0.1,0.0
equal_calls,ops,E3,SO,15,1.0,0.0
equal_calls,ops,E3,SO,15,0.2,0.0
equal_calls,ops,E3,SO,15,0.1,0.0
equal_calls,ops,E3,SO,16,1.0,0.0
equal_calls,ops,E3,SO,16,0.2,0.0
equal_calls,ops,E3,SO,16,0.1,0.0
equal_calls,ops,E3,SO,17,1.0,0.0
equal_calls,ops,E3,SO,17,0.2,0.0
equal_calls,ops,E3,SO,17,0.1,0.0
equal_calls,ops,E3,SO,18,1.0,0.0
equal_calls,ops,E3,SO,18,0.2,0.0
equal_calls,ops,E3,SO,18,0.1,0.0
equal_calls,ops,E3,SO,19,1.0,0.0
equal_calls,ops,E3,SO,19,0.2,0.0
equal_calls,ops,E3,SO,19,0.1,0.0
equal_calls,ops,E3,SO,20,1.0,0.0
equal_calls,ops,E3,SO,20,0.2,0.0
equal_calls,ops,E3,SO,20,0.1,0.0
equal_calls,ops,E3,SO,21,1.0,0.0
equal_calls,ops,E3,SO,21,0.2,0.0
equal_calls,ops,E3,SO,21,0.1,0.0
equal_calls,ops,E3,SO,22,1.0,0.0
equal_calls,ops,E3,SO,22,0.2,0.0
equal_calls,ops,E3,SO,22,0.1,0.0
equal_calls,ops,E3,SO,23,1.0,0.6637405482118325
equal_calls,ops,E3,SO,23,0.2,0.09707388154516586
equal_calls,ops,E3,SO,23,0.1,0.026240548211832526
equal_calls,ops,E3,SO,24,1.0,0.0
equal_calls,ops,E3,SO,24,0.2,0.0
equal_calls,ops,E3,SO,24,0.1,0.0
equal_calls,ops,E3,SO,25,1.0,0.0
equal_calls,ops,E3,SO,25,0.2,0.0
equal_calls,ops,E3,SO,25,0.1,0.0
equal_calls,ops,E3,SO,26,1.0,0.0
equal_calls,ops,E3,SO,26,0.2,0.0
equal_calls,ops,E3,SO,26,0.1,0.0
equal_calls,ops,E3,SO,27,1.0,0.0
equal_calls,ops,E3,SO,27,0.2,0.0
equal_calls,ops,E3,SO,27,0.1,0.0
equal_calls,ops,E3,SO,28,1.0,0.0
equal_calls,ops,E3,SO,28,0.2,0.0
equal_calls,ops,E3,SO,28,0.1,0.0
equal_calls,ops,E3,SO,29,1.0,0.0
equal_calls,ops,E3,SO,29,0.2,0.0
equal_calls,ops,E3,SO,29,0.1,0.0
