arm,scenario,example,config,seed,tau,C,val,recovered
native,karatsuba,E1,SO,0,0.0,60.953125,2.821447395164707e-16,True
native,karatsuba,E1,SO,0,0.01,60.953125,2.821447395164707e-16,True
native,karatsuba,E1,SO,0,0.02,60.953125,2.821447395164707e-16,True
native,karatsuba,E1,SO,0,0.05,60.953125,2.821447395164707e-16,True
native,karatsuba,E1,SO,0,0.1,60.953125,2.821447395164707e-16,True
native,karatsuba,E1,SO,0,0.2,60.953125,2.821447395164707e-16,True
native,karatsuba,E1,SO,0,0.5,60.953125,2.821447395164707e-16,True
native,karatsuba,E1,SO,0,1.0,60.953125,2.821447395164707e-16,True
native,karatsuba,E1,SO,1,0.0,83.734375,3.207588230161238e-16,True
native,karatsuba,E1,SO,1,0.01,83.734375,3.207588230161238e-16,True
native,karatsuba,E1,SO,1,0.02,83.734375,3.207588230161238e-16,True
native,karatsuba,E1,SO,1,0.05,83.734375,3.207588230161238e-16,True
native,karatsuba,E1,SO,1,0.1,83.734375,3.207588230161238e-16,True
native,karatsuba,E1,SO,1,0.2,83.734375,3.207588230161238e-16,True
native,karatsuba,E1,SO,1,0.5,83.734375,3.207588230161238e-16,True
native,karatsuba,E1,SO,1,1.0,83.734375,3.207588230161238e-16,True
native,karatsuba,E1,SO,2,0.0,72.34375,2.1438683212081093e-16,True
native,karatsuba,E1,SO,2,0.01,72.34375,2.1438683212081093e-16,True
native,karatsuba,E1,SO,2,0.02,72.34375,2.1438683212081093e-16,True
native,karatsuba,E1,SO,2,0.05,72.34375,2.1438683212081093e-16,True
native,karatsuba,E1,SO,2,0.1,72.34375,2.1438683212081093e-16,True
native,karatsuba,E1,SO,2,0.2,72.34375,2.1438683212081093e-16,True
native,karatsuba,E1,SO,2,0.5,72.34375,2.1438683212081093e-16,True
native,karatsuba,E1,SO,2,1.0,72.34375,2.1438683212081093e-16,True
native,karatsuba,E1,SO,3,0.0,107.515625,2.8354989479731118e-16,True
native,karatsuba,E1,SO,3,0.01,107.515625,2.8354989479731118e-16,True
native,karatsuba,E1,SO,3,0.02,107.515625,2.8354989479731118e-16,True
native,karatsuba,E1,SO,3,0.05,107.515625,2.8354989479731118e-16,True
native,karatsuba,E1,SO,3,0.1,107.515625,2.8354989479731118e-16,True
native,karatsuba,E1,SO,3,0.2,107.515625,2.8354989479731118e-16,True
native,karatsuba,E1,SO,3,0.5,107.515625,2.8354989479731118e-16,True
native,karatsuba,E1,SO,3,1.0,107.515625,2.8354989479731118e-16,True
native,karatsuba,E1,SO,4,0.0,60.953125,2.6508865607196936e-16,True
native,karatsuba,E1,SO,4,0.01,60.953125,2.6508865607196936e-16,True
native,karatsuba,E1,SO,4,0.02,60.953125,2.6508865607196936e-16,True
native,karatsuba,E1,SO,4,0.05,60.953125,2.6508865607196936e-16,True
native,karatsuba,E1,SO,4,0.1,60.953125,2.6508865607196936e-16,True
native,karatsuba,E1,SO,4,0.2,60.953125,2.6508865607196936e-16,True
native,karatsuba,E1,SO,4,0.5,60.953125,2.6508865607196936e-16,True
native,karatsuba,E1,SO,4,1.0,60.953125,2.6508865607196936e-16,True
native,karatsuba,E1,SO,5,0.0,73.34375,2.4491431876450457e-16,True
native,karatsuba,E1,SO,5,0.01,73.34375,2.4491431876450457e-16,True
native,karatsuba,E1,SO,5,0.02,73.34375,2.4491431876450457e-16,True
native,karatsuba,E1,SO,5,0.05,73.34375,2.4491431876450457e-16,True
native,karatsuba,E1,SO,5,0.1,73.34375,2.4491431876450457e-16,True
native,karatsuba,E1,SO,5,0.2,73.34375,2.4491431876450457e-16,True
native,karatsuba,E1,SO,5,0.5,73.34375,2.4491431876450457e-16,True
native,karatsuba,E1,SO,5,1.0,73.34375,2.4491431876450457e-16,True
native,karatsuba,E1,SO,6,0.0,48.5625,2.700813343538282e-16,True
native,karatsuba,E1,SO,6,0.01,48.5625,2.700813343538282e-16,True
native,karatsuba,E1,SO,6,0.02,48.5625,2.700813343538282e-16,True
native,karatsuba,E1,SO,6,0.05,48.5625,2.700813343538282e-16,True
native,karatsuba,E1,SO,6,0.1,48.5625,2.700813343538282e-16,True
native,karatsuba,E1,SO,6,0.2,48.5625,2.700813343538282e-16,True
native,karatsuba,E1,SO,6,0.5,48.5625,2.700813343538282e-16,True
native,karatsuba,E1,SO,6,1.0,48.5625,2.700813343538282e-16,True
native,karatsuba,E1,SO,7,0.0,60.953125,3.785052985690101e-16,True
native,karatsuba,E1,SO,7,0.01,60.953125,3.785052985690101e-16,True
native,karatsuba,E1,SO,7,0.02,60.953125,3.785052985690101e-16,True
native,karatsuba,E1,SO,7,0.05,60.953125,3.785052985690101e-16,True
native,karatsuba,E1,SO,7,0.1,60.953125,3.785052985690101e-16,True
native,karatsuba,E1,SO,7,0.2,60.953125,3.785052985690101e-16,True
native,karatsuba,E1,SO,7,0.5,60.953125,3.785052985690101e-16,True
native,karatsuba,E1,SO,7,1.0,60.953125,3.785052985690101e-16,True
native,karatsuba,E1,SO,8,0.0,96.125,2.582002893023232e-16,True
native,karatsuba,E1,SO,8,0.01,96.125,2.582002893023232e-16,True
native,karatsuba,E1,SO,8,0.02,96.125,2.582002893023232e-16,True
native,karatsuba,E1,SO,8,0.05,96.125,2.582002893023232e-16,True
native,karatsuba,E1,SO,8,0.1,96.125,2.582002893023232e-16,True
native,karatsuba,E1,SO,8,0.2,96.125,2.582002893023232e-16,True
native,karatsuba,E1,SO,8,0.5,96.125,2.582002893023232e-16,True
native,karatsuba,E1,SO,8,1.0,96.125,2.582002893023232e-16,True
native,karatsuba,E1,SO,9,0.0,48.5625,2.700813343538282e-16,True
native,karatsuba,E1,SO,9,0.01,48.5625,2.700813343538282e-16,True
native,karatsuba,E1,SO,9,0.02,48.5625,2.700813343538282e-16,True
native,karatsuba,E1,SO,9,0.05,48.5625,2.700813343538282e-16,True
native,karatsuba,E1,SO,9,0.1,48.5625,2.700813343538282e-16,True
native,karatsuba,E1,SO,9,0.2,48.5625,2.700813343538282e-16,True
native,karatsuba,E1,SO,9,0.5,48.5625,2.700813343538282e-16,True
native,karatsuba,E1,SO,9,1.0,48.5625,2.700813343538282e-16,True
native,karatsuba,E1,SO,10,0.0,48.5625,2.700813343538282e-16,True
native,karatsuba,E1,SO,10,0.01,48.5625,2.700813343538282e-16,True
native,karatsuba,E1,SO,10,0.02,48.5625,2.700813343538282e-16,True
native,karatsuba,E1,SO,10,0.05,48.5625,2.700813343538282e-16,True
native,karatsuba,E1,SO,10,0.1,48.5625,2.700813343538282e-16,True
native,karatsuba,E1,SO,10,0.2,48.5625,2.700813343538282e-16,True
native,karatsuba,E1,SO,10,0.5,48.5625,2.700813343538282e-16,True
native,karatsuba,E1,SO,10,1.0,48.5625,2.700813343538282e-16,True
native,karatsuba,E1,SO,11,0.0,48.5625,2.700813343538282e-16,True
native,karatsuba,E1,SO,11,0.01,48.5625,2.700813343538282e-16,True
native,karatsuba,E1,SO,11,0.02,48.5625,2.700813343538282e-16,True
native,karatsuba,E1,SO,11,0.05,48.5625,2.700813343538282e-16,True
native,karatsuba,E1,SO,11,0.1,48.5625,2.700813343538282e-16,True
native,karatsuba,E1,SO,11,0.2,48.5625,2.700813343538282e-16,True
native,karatsuba,E1,SO,11,0.5,48.5625,2.700813343538282e-16,True
native,karatsuba,E1,SO,11,1.0,48.5625,2.700813343538282e-16,True
native,karatsuba,E1,SO,12,0.0,83.734375,2.043428099927965e-16,True
native,karatsuba,E1,SO,12,0.01,83.734375,2.043428099927965e-16,True
native,karatsuba,E1,SO,12,0.02,83.734375,2.043428099927965e-16,True
native,karatsuba,E1,SO,12,0.05,83.734375,2.043428099927965e-16,True
native,karatsuba,E1,SO,12,0.1,83.734375,2.043428099927965e-16,True
native,karatsuba,E1,SO,12,0.2,83.734375,2.043428099927965e-16,True
native,karatsuba,E1,SO,12,0.5,83.734375,2.043428099927965e-16,True
native,karatsuba,E1,SO,12,1.0,83.734375,2.043428099927965e-16,True
native,karatsuba,E1,SO,13,0.0,48.5625,2.700813343538282e-16,True
native,karatsuba,E1,SO,13,0.01,48.5625,2.700813343538282e-16,True
native,karatsuba,E1,SO,13,0.02,48.5625,2.700813343538282e-16,True
native,karatsuba,E1,SO,13,0.05,48.5625,2.700813343538282e-16,True
native,karatsuba,E1,SO,13,0.1,48.5625,2.700813343538282e-16,True
native,karatsuba,E1,SO,13,0.2,48.5625,2.700813343538282e-16,True
native,karatsuba,E1,SO,13,0.5,48.5625,2.700813343538282e-16,True
native,karatsuba,E1,SO,13,1.0,48.5625,2.700813343538282e-16,True
native,karatsuba,E1,SO,14,0.0,60.953125,2.3458695068017613e-16,True
native,karatsuba,E1,SO,14,0.01,60.953125,2.3458695068017613e-16,True
native,karatsuba,E1,SO,14,0.02,60.953125,2.3458695068017613e-16,True
native,karatsuba,E1,SO,14,0.05,60.953125,2.3458695068017613e-16,True
native,karatsuba,E1,SO,14,0.1,60.953125,2.3458695068017613e-16,True
native,karatsuba,E1,SO,14,0.2,60.953125,2.3458695068017613e-16,True
native,karatsuba,E1,SO,14,0.5,60.953125,2.3458695068017613e-16,True
native,karatsuba,E1,SO,14,1.0,60.953125,2.3458695068017613e-16,True
native,karatsuba,E1,SO,15,0.0,60.953125,2.7227928526362325e-16,True
native,karatsuba,E1,SO,15,0.01,60.953125,2.7227928526362325e-16,True
native,karatsuba,E1,SO,15,0.02,60.953125,2.7227928526362325e-16,True
native,karatsuba,E1,SO,15,0.05,60.953125,2.7227928526362325e-16,True
native,karatsuba,E1,SO,15,0.1,60.953125,2.7227928526362325e-16,True
native,karatsuba,E1,SO,15,0.2,60.953125,2.7227928526362325e-16,True
native,karatsuba,E1,SO,15,0.5,60.953125,2.7227928526362325e-16,True
native,karatsuba,E1,SO,15,1.0,60.953125,2.7227928526362325e-16,True
native,karatsuba,E1,SO,16,0.0,60.953125,2.3458695068017613e-16,True
native,karatsuba,E1,SO,16,0.01,60.953125,2.3458695068017613e-16,True
native,karatsuba,E1,SO,16,0.02,60.953125,2.3458695068017613e-16,True
native,karatsuba,E1,SO,16,0.05,60.953125,2.3458695068017613e-16,True
native,karatsuba,E1,SO,16,0.1,60.953125,2.3458695068017613e-16,True
native,karatsuba,E1,SO,16,0.2,60.953125,2.3458695068017613e-16,True
native,karatsuba,E1,SO,16,0.5,60.953125,2.3458695068017613e-16,True
native,karatsuba,E1,SO,16,1.0,60.953125,2.3458695068017613e-16,True
native,karatsuba,E1,SO,17,0.0,60.953125,3.323602781771804e-16,True
native,karatsuba,E1,SO,17,0.01,60.953125,3.323602781771804e-16,True
native,karatsuba,E1,SO,17,0.02,60.953125,3.323602781771804e-16,True
native,karatsuba,E1,SO,17,0.05,60.953125,3.323602781771804e-16,True
native,karatsuba,E1,SO,17,0.1,60.953125,3.323602781771804e-16,True
native,karatsuba,E1,SO,17,0.2,60.953125,3.323602781771804e-16,True
native,karatsuba,E1,SO,17,0.5,60.953125,3.323602781771804e-16,True
native,karatsuba,E1,SO,17,1.0,60.953125,3.323602781771804e-16,True
native,karatsuba,E1,SO,18,0.0,72.34375,2.4149382677767686e-16,True
native,karatsuba,E1,SO,18,0.01,72.34375,2.4149382677767686e-16,True
native,karatsuba,E1,SO,18,0.02,72.34375,2.4149382677767686e-16,True
native,karatsuba,E1,SO,18,0.05,72.34375,2.4149382677767686e-16,True
native,karatsuba,E1,SO,18,0.1,72.34375,2.4149382677767686e-16,True
native,karatsuba,E1,SO,18,0.2,72.34375,2.4149382677767686e-16,True
native,karatsuba,E1,SO,18,0.5,72.34375,2.4149382677767686e-16,True
native,karatsuba,E1,SO,18,1.0,72.34375,2.4149382677767686e-16,True
native,karatsuba,E1,SO,19,0.0,48.5625,2.700813343538282e-16,True
native,karatsuba,E1,SO,19,0.01,48.5625,2.700813343538282e-16,True
native,karatsuba,E1,SO,19,0.02,48.5625,2.700813343538282e-16,True
native,karatsuba,E1,SO,19,0.05,48.5625,2.700813343538282e-16,True
native,karatsuba,E1,SO,19,0.1,48.5625,2.700813343538282e-16,True
native,karatsuba,E1,SO,19,0.2,48.5625,2.700813343538282e-16,True
native,karatsuba,E1,SO,19,0.5,48.5625,2.700813343538282e-16,True
native,karatsuba,E1,SO,19,1.0,48.5625,2.700813343538282e-16,True
native,karatsuba,E1,SO,20,0.0,48.5625,2.700813343538282e-16,True
native,karatsuba,E1,SO,20,0.01,48.5625,2.700813343538282e-16,True
native,karatsuba,E1,SO,20,0.02,48.5625,2.700813343538282e-16,True
native,karatsuba,E1,SO,20,0.05,48.5625,2.700813343538282e-16,True
native,karatsuba,E1,SO,20,0.1,48.5625,2.700813343538282e-16,True
native,karatsuba,E1,SO,20,0.2,48.5625,2.700813343538282e-16,True
native,karatsuba,E1,SO,20,0.5,48.5625,2.700813343538282e-16,True
native,karatsuba,E1,SO,20,1.0,48.5625,2.700813343538282e-16,True
native,karatsuba,E1,SO,21,0.0,83.734375,3.048215388922267e-16,True
native,karatsuba,E1,SO,21,0.01,83.734375,3.048215388922267e-16,True
native,karatsuba,E1,SO,21,0.02,83.734375,3.048215388922267e-16,True
native,karatsuba,E1,SO,21,0.05,83.734375,3.048215388922267e-16,True
native,karatsuba,E1,SO,21,0.1,83.734375,3.048215388922267e-16,True
native,karatsuba,E1,SO,21,0.2,83.734375,3.048215388922267e-16,True
native,karatsuba,E1,SO,21,0.5,83.734375,3.048215388922267e-16,True
native,karatsuba,E1,SO,21,1.0,83.734375,3.048215388922267e-16,True
native,karatsuba,E1,SO,22,0.0,73.34375,3.260402014746928e-16,True
native,karatsuba,E1,SO,22,0.01,73.34375,3.260402014746928e-16,True
native,karatsuba,E1,SO,22,0.02,73.34375,3.260402014746928e-16,True
native,karatsuba,E1,SO,22,0.05,73.34375,3.260402014746928e-16,True
native,karatsuba,E1,SO,22,0.1,73.34375,3.260402014746928e-16,True
native,karatsuba,E1,SO,22,0.2,73.34375,3.260402014746928e-16,True
native,karatsuba,E1,SO,22,0.5,73.34375,3.260402014746928e-16,True
native,karatsuba,E1,SO,22,1.0,73.34375,3.260402014746928e-16,True
native,karatsuba,E1,SO,23,0.0,107.515625,2.540337108856375e-16,True
native,karatsuba,E1,SO,23,0.01,107.515625,2.540337108856375e-16,True
native,karatsuba,E1,SO,23,0.02,107.515625,2.540337108856375e-16,True
native,karatsuba,E1,SO,23,0.05,107.515625,2.540337108856375e-16,True
native,karatsuba,E1,SO,23,0.1,107.515625,2.540337108856375e-16,True
native,karatsuba,E1,SO,23,0.2,107.515625,2.540337108856375e-16,True
native,karatsuba,E1,SO,23,0.5,107.515625,2.540337108856375e-16,True
native,karatsuba,E1,SO,23,1.0,107.515625,2.540337108856375e-16,True
native,karatsuba,E1,SO,24,0.0,60.953125,2.1087021151122103e-16,True
native,karatsuba,E1,SO,24,0.01,60.953125,2.1087021151122103e-16,True
native,karatsuba,E1,SO,24,0.02,60.953125,2.1087021151122103e-16,True
native,karatsuba,E1,SO,24,0.05,60.953125,2.1087021151122103e-16,True
native,karatsuba,E1,SO,24,0.1,60.953125,2.1087021151122103e-16,True
native,karatsuba,E1,SO,24,0.2,60.953125,2.1087021151122103e-16,True
native,karatsuba,E1,SO,24,0.5,60.953125,2.1087021151122103e-16,True
native,karatsuba,E1,SO,24,1.0,60.953125,2.1087021151122103e-16,True
native,karatsuba,E1,SO,25,0.0,73.34375,2.4491431876450457e-16,True
native,karatsuba,E1,SO,25,0.01,73.34375,2.4491431876450457e-16,True
native,karatsuba,E1,SO,25,0.02,73.34375,2.4491431876450457e-16,True
native,karatsuba,E1,SO,25,0.05,73.34375,2.4491431876450457e-16,True
native,karatsuba,E1,SO,25,0.1,73.34375,2.4491431876450457e-16,True
native,karatsuba,E1,SO,25,0.2,73.34375,2.4491431876450457e-16,True
native,karatsuba,E1,SO,25,0.5,73.34375,2.4491431876450457e-16,True
native,karatsuba,E1,SO,25,1.0,73.34375,2.4491431876450457e-16,True
native,karatsuba,E1,SO,26,0.0,60.953125,2.3458695068017613e-16,True
native,karatsuba,E1,SO,26,0.01,60.953125,2.3458695068017613e-16,True
native,karatsuba,E1,SO,26,0.02,60.953125,2.3458695068017613e-16,True
native,karatsuba,E1,SO,26,0.05,60.953125,2.3458695068017613e-16,True
native,karatsuba,E1,SO,26,0.1,60.953125,2.3458695068017613e-16,True
native,karatsuba,E1,SO,26,0.2,60.953125,2.3458695068017613e-16,True
native,karatsuba,E1,SO,26,0.5,60.953125,2.3458695068017613e-16,True
native,karatsuba,E1,SO,26,1.0,60.953125,2.3458695068017613e-16,True
native,karatsuba,E1,SO,27,0.0,60.953125,2.3458695068017613e-16,True
native,karatsuba,E1,SO,27,0.01,60.953125,2.3458695068017613e-16,True
native,karatsuba,E1,SO,27,0.02,60.953125,2.3458695068017613e-16,True
native,karatsuba,E1,SO,27,0.05,60.953125,2.3458695068017613e-16,True
native,karatsuba,E1,SO,27,0.1,60.953125,2.3458695068017613e-16,True
native,karatsuba,E1,SO,27,0.2,60.953125,2.3458695068017613e-16,True
native,karatsuba,E1,SO,27,0.5,60.953125,2.3458695068017613e-16,True
native,karatsuba,E1,SO,27,1.0,60.953125,2.3458695068017613e-16,True
native,karatsuba,E1,SO,28,0.0,60.953125,2.3458695068017613e-16,True
native,karatsuba,E1,SO,28,0.01,60.953125,2.3458695068017613e-16,True
native,karatsuba,E1,SO,28,0.02,60.953125,2.3458695068017613e-16,True
native,karatsuba,E1,SO,28,0.05,60.953125,2.3458695068017613e-16,True
native,karatsuba,E1,SO,28,0.1,60.953125,2.3458695068017613e-16,True
native,karatsuba,E1,SO,28,0.2,60.953125,2.3458695068017613e-16,True
native,karatsuba,E1,SO,28,0.5,60.953125,2.3458695068017613e-16,True
native,karatsuba,E1,SO,28,1.0,60.953125,2.3458695068017613e-16,True
native,karatsuba,E1,SO,29,0.0,60.953125,2.3458695068017613e-16,True
native,karatsuba,E1,SO,29,0.01,60.953125,2.3458695068017613e-16,True
native,karatsuba,E1,SO,29,0.02,60.953125,2.3458695068017613e-16,True
native,karatsuba,E1,SO,29,0.05,60.953125,2.3458695068017613e-16,True
native,karatsuba,E1,SO,29,0.1,60.953125,2.3458695068017613e-16,True
native,karatsuba,E1,SO,29,0.2,60.953125,2.3458695068017613e-16,True
native,karatsuba,E1,SO,29,0.5,60.953125,2.3458695068017613e-16,True
native,karatsuba,E1,SO,29,1.0,60.953125,2.3458695068017613e-16,True
native,karatsuba,E1,MO-lex,0,0.0,48.5625,3.25075120964195e-16,True
native,karatsuba,E1,MO-lex,0,0.01,48.5625,3.25075120964195e-16,True
native,karatsuba,E1,MO-lex,0,0.02,48.5625,3.25075120964195e-16,True
native,karatsuba,E1,MO-lex,0,0.05,48.5625,3.25075120964195e-16,True
native,karatsuba,E1,MO-lex,0,0.1,48.5625,3.25075120964195e-16,True
native,karatsuba,E1,MO-lex,0,0.2,48.5625,3.25075120964195e-16,True
native,karatsuba,E1,MO-lex,0,0.5,48.5625,3.25075120964195e-16,True
native,karatsuba,E1,MO-lex,0,1.0,48.5625,3.25075120964195e-16,True
native,karatsuba,E1,MO-lex,1,0.0,48.5625,3.25075120964195e-16,True
native,karatsuba,E1,MO-lex,1,0.01,48.5625,3.25075120964195e-16,True
native,karatsuba,E1,MO-lex,1,0.02,48.5625,3.25075120964195e-16,True
native,karatsuba,E1,MO-lex,1,0.05,48.5625,3.25075120964195e-16,True
native,karatsuba,E1,MO-lex,1,0.1,48.5625,3.25075120964195e-16,True
native,karatsuba,E1,MO-lex,1,0.2,48.5625,3.25075120964195e-16,True
native,karatsuba,E1,MO-lex,1,0.5,48.5625,3.25075120964195e-16,True
native,karatsuba,E1,MO-lex,1,1.0,48.5625,3.25075120964195e-16,True
native,karatsuba,E1,MO-lex,2,0.0,48.5625,2.700813343538282e-16,True
native,karatsuba,E1,MO-lex,2,0.01,48.5625,2.700813343538282e-16,True
native,karatsuba,E1,MO-lex,2,0.02,48.5625,2.700813343538282e-16,True
native,karatsuba,E1,MO-lex,2,0.05,48.5625,2.700813343538282e-16,True
native,karatsuba,E1,MO-lex,2,0.1,48.5625,2.700813343538282e-16,True
native,karatsuba,E1,MO-lex,2,0.2,48.5625,2.700813343538282e-16,True
native,karatsuba,E1,MO-lex,2,0.5,48.5625,2.700813343538282e-16,True
native,karatsuba,E1,MO-lex,2,1.0,48.5625,2.700813343538282e-16,True
native,karatsuba,E1,MO-lex,3,0.0,48.5625,3.3132865428115775e-16,True
native,karatsuba,E1,MO-lex,3,0.01,48.5625,3.3132865428115775e-16,True
native,karatsuba,E1,MO-lex,3,0.02,48.5625,3.3132865428115775e-16,True
native,karatsuba,E1,MO-lex,3,0.05,48.5625,3.3132865428115775e-16,True
native,karatsuba,E1,MO-lex,3,0.1,48.5625,3.3132865428115775e-16,True
native,karatsuba,E1,MO-lex,3,0.2,48.5625,3.3132865428115775e-16,True
native,karatsuba,E1,MO-lex,3,0.5,48.5625,3.3132865428115775e-16,True
native,karatsuba,E1,MO-lex,3,1.0,48.5625,3.3132865428115775e-16,True
native,karatsuba,E1,MO-lex,4,0.0,48.5625,3.26099261257318e-16,True
native,karatsuba,E1,MO-lex,4,0.01,48.5625,3.26099261257318e-16,True
native,karatsuba,E1,MO-lex,4,0.02,48.5625,3.26099261257318e-16,True
native,karatsuba,E1,MO-lex,4,0.05,48.5625,3.26099261257318e-16,True
native,karatsuba,E1,MO-lex,4,0.1,48.5625,3.26099261257318e-16,True
native,karatsuba,E1,MO-lex,4,0.2,48.5625,3.26099261257318e-16,True
native,karatsuba,E1,MO-lex,4,0.5,48.5625,3.26099261257318e-16,True
native,karatsuba,E1,MO-lex,4,1.0,48.5625,3.26099261257318e-16,True
native,karatsuba,E1,MO-lex,5,0.0,48.5625,2.700813343538282e-16,True
native,karatsuba,E1,MO-lex,5,0.01,48.5625,2.700813343538282e-16,True
native,karatsuba,E1,MO-lex,5,0.02,48.5625,2.700813343538282e-16,True
native,karatsuba,E1,MO-lex,5,0.05,48.5625,2.700813343538282e-16,True
native,karatsuba,E1,MO-lex,5,0.1,48.5625,2.700813343538282e-16,True
native,karatsuba,E1,MO-lex,5,0.2,48.5625,2.700813343538282e-16,True
native,karatsuba,E1,MO-lex,5,0.5,48.5625,2.700813343538282e-16,True
native,karatsuba,E1,MO-lex,5,1.0,48.5625,2.700813343538282e-16,True
native,karatsuba,E1,MO-lex,6,0.0,48.5625,2.700813343538282e-16,True
native,karatsuba,E1,MO-lex,6,0.01,48.5625,2.700813343538282e-16,True
native,karatsuba,E1,MO-lex,6,0.02,48.5625,2.700813343538282e-16,True
native,karatsuba,E1,MO-lex,6,0.05,48.5625,2.700813343538282e-16,True
native,karatsuba,E1,MO-lex,6,0.1,48.5625,2.700813343538282e-16,True
native,karatsuba,E1,MO-lex,6,0.2,48.5625,2.700813343538282e-16,True
native,karatsuba,E1,MO-lex,6,0.5,48.5625,2.700813343538282e-16,True
native,karatsuba,E1,MO-lex,6,1.0,48.5625,2.700813343538282e-16,True
native,karatsuba,E1,MO-lex,7,0.0,48.5625,3.25075120964195e-16,True
native,karatsuba,E1,MO-lex,7,0.01,48.5625,3.25075120964195e-16,True
native,karatsuba,E1,MO-lex,7,0.02,48.5625,3.25075120964195e-16,True
native,karatsuba,E1,MO-lex,7,0.05,48.5625,3.25075120964195e-16,True
native,karatsuba,E1,MO-lex,7,0.1,48.5625,3.25075120964195e-16,True
native,karatsuba,E1,MO-lex,7,0.2,48.5625,3.25075120964195e-16,True
native,karatsuba,E1,MO-lex,7,0.5,48.5625,3.25075120964195e-16,True
native,karatsuba,E1,MO-lex,7,1.0,48.5625,3.25075120964195e-16,True
native,karatsuba,E1,MO-lex,8,0.0,48.5625,3.25075120964195e-16,True
native,karatsuba,E1,MO-lex,8,0.01,48.5625,3.25075120964195e-16,True
native,karatsuba,E1,MO-lex,8,0.02,48.5625,3.25075120964195e-16,True
native,karatsuba,E1,MO-lex,8,0.05,48.5625,3.25075120964195e-16,True
native,karatsuba,E1,MO-lex,8,0.1,48.5625,3.25075120964195e-16,True
native,karatsuba,E1,MO-lex,8,0.2,48.5625,3.25075120964195e-16,True
native,karatsuba,E1,MO-lex,8,0.5,48.5625,3.25075120964195e-16,True
native,karatsuba,E1,MO-lex,8,1.0,48.5625,3.25075120964195e-16,True
native,karatsuba,E1,MO-lex,9,0.0,48.5625,2.700813343538282e-16,True
native,karatsuba,E1,MO-lex,9,0.01,48.5625,2.700813343538282e-16,True
native,karatsuba,E1,MO-lex,9,0.02,48.5625,2.700813343538282e-16,True
native,karatsuba,E1,MO-lex,9,0.05,48.5625,2.700813343538282e-16,True
native,karatsuba,E1,MO-lex,9,0.1,48.5625,2.700813343538282e-16,True
native,karatsuba,E1,MO-lex,9,0.2,48.5625,2.700813343538282e-16,True
native,karatsuba,E1,MO-lex,9,0.5,48.5625,2.700813343538282e-16,True
native,karatsuba,E1,MO-lex,9,1.0,48.5625,2.700813343538282e-16,True
native,karatsuba,E1,MO-lex,10,0.0,48.5625,2.700813343538282e-16,True
native,karatsuba,E1,MO-lex,10,0.01,48.5625,2.700813343538282e-16,True
native,karatsuba,E1,MO-lex,10,0.02,48.5625,2.700813343538282e-16,True
native,karatsuba,E1,MO-lex,10,0.05,48.5625,2.700813343538282e-16,True
native,karatsuba,E1,MO-lex,10,0.1,48.5625,2.700813343538282e-16,True
native,karatsuba,E1,MO-lex,10,0.2,48.5625,2.700813343538282e-16,True
native,karatsuba,E1,MO-lex,10,0.5,48.5625,2.700813343538282e-16,True
native,karatsuba,E1,MO-lex,10,1.0,48.5625,2.700813343538282e-16,True
native,karatsuba,E1,MO-lex,11,0.0,48.5625,2.700813343538282e-16,True
native,karatsuba,E1,MO-lex,11,0.01,48.5625,2.700813343538282e-16,True
native,karatsuba,E1,MO-lex,11,0.02,48.5625,2.700813343538282e-16,True
native,karatsuba,E1,MO-lex,11,0.05,48.5625,2.700813343538282e-16,True
native,karatsuba,E1,MO-lex,11,0.1,48.5625,2.700813343538282e-16,True
native,karatsuba,E1,MO-lex,11,0.2,48.5625,2.700813343538282e-16,True
native,karatsuba,E1,MO-lex,11,0.5,48.5625,2.700813343538282e-16,True
native,karatsuba,E1,MO-lex,11,1.0,48.5625,2.700813343538282e-16,True
native,karatsuba,E1,MO-lex,12,0.0,48.5625,2.700813343538282e-16,True
native,karatsuba,E1,MO-lex,12,0.01,48.5625,2.700813343538282e-16,True
native,karatsuba,E1,MO-lex,12,0.02,48.5625,2.700813343538282e-16,True
native,karatsuba,E1,MO-lex,12,0.05,48.5625,2.700813343538282e-16,True
native,karatsuba,E1,MO-lex,12,0.1,48.5625,2.700813343538282e-16,True
native,karatsuba,E1,MO-lex,12,0.2,48.5625,2.700813343538282e-16,True
native,karatsuba,E1,MO-lex,12,0.5,48.5625,2.700813343538282e-16,True
native,karatsuba,E1,MO-lex,12,1.0,48.5625,2.700813343538282e-16,True
native,karatsuba,E1,MO-lex,13,0.0,48.5625,2.700813343538282e-16,True
native,karatsuba,E1,MO-lex,13,0.01,48.5625,2.700813343538282e-16,True
native,karatsuba,E1,MO-lex,13,0.02,48.5625,2.700813343538282e-16,True
native,karatsuba,E1,MO-lex,13,0.05,48.5625,2.700813343538282e-16,True
native,karatsuba,E1,MO-lex,13,0.1,48.5625,2.700813343538282e-16,True
native,karatsuba,E1,MO-lex,13,0.2,48.5625,2.700813343538282e-16,True
native,karatsuba,E1,MO-lex,13,0.5,48.5625,2.700813343538282e-16,True
native,karatsuba,E1,MO-lex,13,1.0,48.5625,2.700813343538282e-16,True
native,karatsuba,E1,MO-lex,14,0.0,48.5625,2.700813343538282e-16,True
native,karatsuba,E1,MO-lex,14,0.01,48.5625,2.700813343538282e-16,True
native,karatsuba,E1,MO-lex,14,0.02,48.5625,2.700813343538282e-16,True
native,karatsuba,E1,MO-lex,14,0.05,48.5625,2.700813343538282e-16,True
native,karatsuba,E1,MO-lex,14,0.1,48.5625,2.700813343538282e-16,True
native,karatsuba,E1,MO-lex,14,0.2,48.5625,2.700813343538282e-16,True
native,karatsuba,E1,MO-lex,14,0.5,48.5625,2.700813343538282e-16,True
native,karatsuba,E1,MO-lex,14,1.0,48.5625,2.700813343538282e-16,True
native,karatsuba,E1,MO-lex,15,0.0,48.5625,3.25075120964195e-16,True
native,karatsuba,E1,MO-lex,15,0.01,48.5625,3.25075120964195e-16,True
native,karatsuba,E1,MO-lex,15,0.02,48.5625,3.25075120964195e-16,True
native,karatsuba,E1,MO-lex,15,0.05,48.5625,3.25075120964195e-16,True
native,karatsuba,E1,MO-lex,15,0.1,48.5625,3.25075120964195e-16,True
native,karatsuba,E1,MO-lex,15,0.2,48.5625,3.25075120964195e-16,True
native,karatsuba,E1,MO-lex,15,0.5,48.5625,3.25075120964195e-16,True
native,karatsuba,E1,MO-lex,15,1.0,48.5625,3.25075120964195e-16,True
native,karatsuba,E1,MO-lex,16,0.0,48.5625,2.700813343538282e-16,True
native,karatsuba,E1,MO-lex,16,0.01,48.5625,2.700813343538282e-16,True
native,karatsuba,E1,MO-lex,16,0.02,48.5625,2.700813343538282e-16,True
native,karatsuba,E1,MO-lex,16,0.05,48.5625,2.700813343538282e-16,True
native,karatsuba,E1,MO-lex,16,0.1,48.5625,2.700813343538282e-16,True
native,karatsuba,E1,MO-lex,16,0.2,48.5625,2.700813343538282e-16,True
native,karatsuba,E1,MO-lex,16,0.5,48.5625,2.700813343538282e-16,True
native,karatsuba,E1,MO-lex,16,1.0,48.5625,2.700813343538282e-16,True
native,karatsuba,E1,MO-lex,17,0.0,48.5625,3.3132865428115775e-16,True
native,karatsuba,E1,MO-lex,17,0.01,48.5625,3.3132865428115775e-16,True
native,karatsuba,E1,MO-lex,17,0.02,48.5625,3.3132865428115775e-16,True
native,karatsuba,E1,MO-lex,17,0.05,48.5625,3.3132865428115775e-16,True
native,karatsuba,E1,MO-lex,17,0.1,48.5625,3.3132865428115775e-16,True
native,karatsuba,E1,MO-lex,17,0.2,48.5625,3.3132865428115775e-16,True
native,karatsuba,E1,MO-lex,17,0.5,48.5625,3.3132865428115775e-16,True
native,karatsuba,E1,MO-lex,17,1.0,48.5625,3.3132865428115775e-16,True
native,karatsuba,E1,MO-lex,18,0.0,48.5625,6.156117865385776e-16,True
native,karatsuba,E1,MO-lex,18,0.01,48.5625,6.156117865385776e-16,True
native,karatsuba,E1,MO-lex,18,0.02,48.5625,6.156117865385776e-16,True
native,karatsuba,E1,MO-lex,18,0.05,48.5625,6.156117865385776e-16,True
native,karatsuba,E1,MO-lex,18,0.1,48.5625,6.156117865385776e-16,True
native,karatsuba,E1,MO-lex,18,0.2,48.5625,6.156117865385776e-16,True
native,karatsuba,E1,MO-lex,18,0.5,48.5625,6.156117865385776e-16,True
native,karatsuba,E1,MO-lex,18,1.0,48.5625,6.156117865385776e-16,True
native,karatsuba,E1,MO-lex,19,0.0,48.5625,2.700813343538282e-16,True
native,karatsuba,E1,MO-lex,19,0.01,48.5625,2.700813343538282e-16,True
native,karatsuba,E1,MO-lex,19,0.02,48.5625,2.700813343538282e-16,True
native,karatsuba,E1,MO-lex,19,0.05,48.5625,2.700813343538282e-16,True
native,karatsuba,E1,MO-lex,19,0.1,48.5625,2.700813343538282e-16,True
native,karatsuba,E1,MO-lex,19,0.2,48.5625,2.700813343538282e-16,True
native,karatsuba,E1,MO-lex,19,0.5,48.5625,2.700813343538282e-16,True
native,karatsuba,E1,MO-lex,19,1.0,48.5625,2.700813343538282e-16,True
native,karatsuba,E1,MO-lex,20,0.0,48.5625,2.700813343538282e-16,True
native,karatsuba,E1,MO-lex,20,0.01,48.5625,2.700813343538282e-16,True
native,karatsuba,E1,MO-lex,20,0.02,48.5625,2.700813343538282e-16,True
native,karatsuba,E1,MO-lex,20,0.05,48.5625,2.700813343538282e-16,True
native,karatsuba,E1,MO-lex,20,0.1,48.5625,2.700813343538282e-16,True
native,karatsuba,E1,MO-lex,20,0.2,48.5625,2.700813343538282e-16,True
native,karatsuba,E1,MO-lex,20,0.5,48.5625,2.700813343538282e-16,True
native,karatsuba,E1,MO-lex,20,1.0,48.5625,2.700813343538282e-16,True
native,karatsuba,E1,MO-lex,21,0.0,48.5625,3.25075120964195e-16,True
native,karatsuba,E1,MO-lex,21,0.01,48.5625,3.25075120964195e-16,True
native,karatsuba,E1,MO-lex,21,0.02,48.5625,3.25075120964195e-16,True
native,karatsuba,E1,MO-lex,21,0.05,48.5625,3.25075120964195e-16,True
native,karatsuba,E1,MO-lex,21,0.1,48.5625,3.25075120964195e-16,True
native,karatsuba,E1,MO-lex,21,0.2,48.5625,3.25075120964195e-16,True
native,karatsuba,E1,MO-lex,21,0.5,48.5625,3.25075120964195e-16,True
native,karatsuba,E1,MO-lex,21,1.0,48.5625,3.25075120964195e-16,True
native,karatsuba,E1,MO-lex,22,0.0,48.5625,3.25075120964195e-16,True
native,karatsuba,E1,MO-lex,22,0.01,48.5625,3.25075120964195e-16,True
native,karatsuba,E1,MO-lex,22,0.02,48.5625,3.25075120964195e-16,True
native,karatsuba,E1,MO-lex,22,0.05,48.5625,3.25075120964195e-16,True
native,karatsuba,E1,MO-lex,22,0.1,48.5625,3.25075120964195e-16,True
native,karatsuba,E1,MO-lex,22,0.2,48.5625,3.25075120964195e-16,True
native,karatsuba,E1,MO-lex,22,0.5,48.5625,3.25075120964195e-16,True
native,karatsuba,E1,MO-lex,22,1.0,48.5625,3.25075120964195e-16,True
native,karatsuba,E1,MO-lex,23,0.0,48.5625,7.495765931930908e-16,True
native,karatsuba,E1,MO-lex,23,0.01,48.5625,7.495765931930908e-16,True
native,karatsuba,E1,MO-lex,23,0.02,48.5625,7.495765931930908e-16,True
native,karatsuba,E1,MO-lex,23,0.05,48.5625,7.495765931930908e-16,True
native,karatsuba,E1,MO-lex,23,0.1,48.5625,7.495765931930908e-16,True
native,karatsuba,E1,MO-lex,23,0.2,48.5625,7.495765931930908e-16,True
native,karatsuba,E1,MO-lex,23,0.5,48.5625,7.495765931930908e-16,True
native,karatsuba,E1,MO-lex,23,1.0,48.5625,7.495765931930908e-16,True
native,karatsuba,E1,MO-lex,24,0.0,48.5625,2.700813343538282e-16,True
native,karatsuba,E1,MO-lex,24,0.01,48.5625,2.700813343538282e-16,True
native,karatsuba,E1,MO-lex,24,0.02,48.5625,2.700813343538282e-16,True
native,karatsuba,E1,MO-lex,24,0.05,48.5625,2.700813343538282e-16,True
native,karatsuba,E1,MO-lex,24,0.1,48.5625,2.700813343538282e-16,True
native,karatsuba,E1,MO-lex,24,0.2,48.5625,2.700813343538282e-16,True
native,karatsuba,E1,MO-lex,24,0.5,48.5625,2.700813343538282e-16,True
native,karatsuba,E1,MO-lex,24,1.0,48.5625,2.700813343538282e-16,True
native,karatsuba,E1,MO-lex,25,0.0,48.5625,2.700813343538282e-16,True
native,karatsuba,E1,MO-lex,25,0.01,48.5625,2.700813343538282e-16,True
native,karatsuba,E1,MO-lex,25,0.02,48.5625,2.700813343538282e-16,True
native,karatsuba,E1,MO-lex,25,0.05,48.5625,2.700813343538282e-16,True
native,karatsuba,E1,MO-lex,25,0.1,48.5625,2.700813343538282e-16,True
native,karatsuba,E1,MO-lex,25,0.2,48.5625,2.700813343538282e-16,True
native,karatsuba,E1,MO-lex,25,0.5,48.5625,2.700813343538282e-16,True
native,karatsuba,E1,MO-lex,25,1.0,48.5625,2.700813343538282e-16,True
native,karatsuba,E1,MO-lex,26,0.0,48.5625,2.700813343538282e-16,True
native,karatsuba,E1,MO-lex,26,0.01,48.5625,2.700813343538282e-16,True
native,karatsuba,E1,MO-lex,26,0.02,48.5625,2.700813343538282e-16,True
native,karatsuba,E1,MO-lex,26,0.05,48.5625,2.700813343538282e-16,True
native,karatsuba,E1,MO-lex,26,0.1,48.5625,2.700813343538282e-16,True
native,karatsuba,E1,MO-lex,26,0.2,48.5625,2.700813343538282e-16,True
native,karatsuba,E1,MO-lex,26,0.5,48.5625,2.700813343538282e-16,True
native,karatsuba,E1,MO-lex,26,1.0,48.5625,2.700813343538282e-16,True
native,karatsuba,E1,MO-lex,27,0.0,48.5625,2.700813343538282e-16,True
native,karatsuba,E1,MO-lex,27,0.01,48.5625,2.700813343538282e-16,True
native,karatsuba,E1,MO-lex,27,0.02,48.5625,2.700813343538282e-16,True
native,karatsuba,E1,MO-lex,27,0.05,48.5625,2.700813343538282e-16,True
native,karatsuba,E1,MO-lex,27,0.1,48.5625,2.700813343538282e-16,True
native,karatsuba,E1,MO-lex,27,0.2,48.5625,2.700813343538282e-16,True
native,karatsuba,E1,MO-lex,27,0.5,48.5625,2.700813343538282e-16,True
native,karatsuba,E1,MO-lex,27,1.0,48.5625,2.700813343538282e-16,True
native,karatsuba,E1,MO-lex,28,0.0,48.5625,5.369700045505021e-16,True
native,karatsuba,E1,MO-lex,28,0.01,48.5625,5.369700045505021e-16,True
native,karatsuba,E1,MO-lex,28,0.02,48.5625,5.369700045505021e-16,True
native,karatsuba,E1,MO-lex,28,0.05,48.5625,5.369700045505021e-16,True
native,karatsuba,E1,MO-lex,28,0.1,48.5625,5.369700045505021e-16,True
native,karatsuba,E1,MO-lex,28,0.2,48.5625,5.369700045505021e-16,True
native,karatsuba,E1,MO-lex,28,0.5,48.5625,5.369700045505021e-16,True
native,karatsuba,E1,MO-lex,28,1.0,48.5625,5.369700045505021e-16,True
native,karatsuba,E1,MO-lex,29,0.0,48.5625,2.700813343538282e-16,True
native,karatsuba,E1,MO-lex,29,0.01,48.5625,2.700813343538282e-16,True
native,karatsuba,E1,MO-lex,29,0.02,48.5625,2.700813343538282e-16,True
native,karatsuba,E1,MO-lex,29,0.05,48.5625,2.700813343538282e-16,True
native,karatsuba,E1,MO-lex,29,0.1,48.5625,2.700813343538282e-16,True
native,karatsuba,E1,MO-lex,29,0.2,48.5625,2.700813343538282e-16,True
native,karatsuba,E1,MO-lex,29,0.5,48.5625,2.700813343538282e-16,True
native,karatsuba,E1,MO-lex,29,1.0,48.5625,2.700813343538282e-16,True
native,karatsuba,E1,Green,0,0.0,48.5625,7.142928451732104e-16,True
native,karatsuba,E1,Green,0,0.01,48.5625,7.142928451732104e-16,True
native,karatsuba,E1,Green,0,0.02,48.5625,7.142928451732104e-16,True
native,karatsuba,E1,Green,0,0.05,48.5625,7.142928451732104e-16,True
native,karatsuba,E1,Green,0,0.1,48.5625,7.142928451732104e-16,True
native,karatsuba,E1,Green,0,0.2,48.5625,7.142928451732104e-16,True
native,karatsuba,E1,Green,0,0.5,48.5625,7.142928451732104e-16,True
native,karatsuba,E1,Green,0,1.0,48.5625,7.142928451732104e-16,True
native,karatsuba,E1,Green,1,0.0,48.5625,3.0443950575286657e-15,True
native,karatsuba,E1,Green,1,0.01,48.5625,3.0443950575286657e-15,True
native,karatsuba,E1,Green,1,0.02,48.5625,3.0443950575286657e-15,True
native,karatsuba,E1,Green,1,0.05,48.5625,3.0443950575286657e-15,True
native,karatsuba,E1,Green,1,0.1,48.5625,3.0443950575286657e-15,True
native,karatsuba,E1,Green,1,0.2,48.5625,3.0443950575286657e-15,True
native,karatsuba,E1,Green,1,0.5,48.5625,3.0443950575286657e-15,True
native,karatsuba,E1,Green,1,1.0,48.5625,3.0443950575286657e-15,True
native,karatsuba,E1,Green,2,0.0,48.5625,3.133304983038018e-15,True
native,karatsuba,E1,Green,2,0.01,48.5625,3.133304983038018e-15,True
native,karatsuba,E1,Green,2,0.02,48.5625,3.133304983038018e-15,True
native,karatsuba,E1,Green,2,0.05,48.5625,3.133304983038018e-15,True
native,karatsuba,E1,Green,2,0.1,48.5625,3.133304983038018e-15,True
native,karatsuba,E1,Green,2,0.2,48.5625,3.133304983038018e-15,True
native,karatsuba,E1,Green,2,0.5,48.5625,3.133304983038018e-15,True
native,karatsuba,E1,Green,2,1.0,48.5625,3.133304983038018e-15,True
native,karatsuba,E1,Green,3,0.0,48.5625,7.142928451732104e-16,True
native,karatsuba,E1,Green,3,0.01,48.5625,7.142928451732104e-16,True
native,karatsuba,E1,Green,3,0.02,48.5625,7.142928451732104e-16,True
native,karatsuba,E1,Green,3,0.05,48.5625,7.142928451732104e-16,True
native,karatsuba,E1,Green,3,0.1,48.5625,7.142928451732104e-16,True
native,karatsuba,E1,Green,3,0.2,48.5625,7.142928451732104e-16,True
native,karatsuba,E1,Green,3,0.5,48.5625,7.142928451732104e-16,True
native,karatsuba,E1,Green,3,1.0,48.5625,7.142928451732104e-16,True
native,karatsuba,E1,Green,4,0.0,48.5625,1.2648814273871748e-15,True
native,karatsuba,E1,Green,4,0.01,48.5625,1.2648814273871748e-15,True
native,karatsuba,E1,Green,4,0.02,48.5625,1.2648814273871748e-15,True
native,karatsuba,E1,Green,4,0.05,48.5625,1.2648814273871748e-15,True
native,karatsuba,E1,Green,4,0.1,48.5625,1.2648814273871748e-15,True
native,karatsuba,E1,Green,4,0.2,48.5625,1.2648814273871748e-15,True
native,karatsuba,E1,Green,4,0.5,48.5625,1.2648814273871748e-15,True
native,karatsuba,E1,Green,4,1.0,48.5625,1.2648814273871748e-15,True
native,karatsuba,E1,Green,5,0.0,48.5625,2.1233430408575456e-15,True
native,karatsuba,E1,Green,5,0.01,48.5625,2.1233430408575456e-15,True
native,karatsuba,E1,Green,5,0.02,48.5625,2.1233430408575456e-15,True
native,karatsuba,E1,Green,5,0.05,48.5625,2.1233430408575456e-15,True
native,karatsuba,E1,Green,5,0.1,48.5625,2.1233430408575456e-15,True
native,karatsuba,E1,Green,5,0.2,48.5625,2.1233430408575456e-15,True
native,karatsuba,E1,Green,5,0.5,48.5625,2.1233430408575456e-15,True
native,karatsuba,E1,Green,5,1.0,48.5625,2.1233430408575456e-15,True
native,karatsuba,E1,Green,6,0.0,48.5625,9.267039282010344e-16,True
native,karatsuba,E1,Green,6,0.01,48.5625,9.267039282010344e-16,True
native,karatsuba,E1,Green,6,0.02,48.5625,9.267039282010344e-16,True
native,karatsuba,E1,Green,6,0.05,48.5625,9.267039282010344e-16,True
native,karatsuba,E1,Green,6,0.1,48.5625,9.267039282010344e-16,True
native,karatsuba,E1,Green,6,0.2,48.5625,9.267039282010344e-16,True
native,karatsuba,E1,Green,6,0.5,48.5625,9.267039282010344e-16,True
native,karatsuba,E1,Green,6,1.0,48.5625,9.267039282010344e-16,True
native,karatsuba,E1,Green,7,0.0,48.5625,1.9964913575063468e-15,True
native,karatsuba,E1,Green,7,0.01,48.5625,1.9964913575063468e-15,True
native,karatsuba,E1,Green,7,0.02,48.5625,1.9964913575063468e-15,True
native,karatsuba,E1,Green,7,0.05,48.5625,1.9964913575063468e-15,True
native,karatsuba,E1,Green,7,0.1,48.5625,1.9964913575063468e-15,True
native,karatsuba,E1,Green,7,0.2,48.5625,1.9964913575063468e-15,True
native,karatsuba,E1,Green,7,0.5,48.5625,1.9964913575063468e-15,True
native,karatsuba,E1,Green,7,1.0,48.5625,1.9964913575063468e-15,True
native,karatsuba,E1,Green,8,0.0,48.5625,5.29658930435707e-16,True
native,karatsuba,E1,Green,8,0.01,48.5625,5.29658930435707e-16,True
native,karatsuba,E1,Green,8,0.02,48.5625,5.29658930435707e-16,True
native,karatsuba,E1,Green,8,0.05,48.5625,5.29658930435707e-16,True
native,karatsuba,E1,Green,8,0.1,48.5625,5.29658930435707e-16,True
native,karatsuba,E1,Green,8,0.2,48.5625,5.29658930435707e-16,True
native,karatsuba,E1,Green,8,0.5,48.5625,5.29658930435707e-16,True
native,karatsuba,E1,Green,8,1.0,48.5625,5.29658930435707e-16,True
native,karatsuba,E1,Green,9,0.0,48.5625,9.03448256430443e-16,True
native,karatsuba,E1,Green,9,0.01,48.5625,9.03448256430443e-16,True
native,karatsuba,E1,Green,9,0.02,48.5625,9.03448256430443e-16,True
native,karatsuba,E1,Green,9,0.05,48.5625,9.03448256430443e-16,True
native,karatsuba,E1,Green,9,0.1,48.5625,9.03448256430443e-16,True
native,karatsuba,E1,Green,9,0.2,48.5625,9.03448256430443e-16,True
native,karatsuba,E1,Green,9,0.5,48.5625,9.03448256430443e-16,True
native,karatsuba,E1,Green,9,1.0,48.5625,9.03448256430443e-16,True
native,karatsuba,E1,Green,10,0.0,48.5625,1.5944835719487724e-15,True
native,karatsuba,E1,Green,10,0.01,48.5625,1.5944835719487724e-15,True
native,karatsuba,E1,Green,10,0.02,48.5625,1.5944835719487724e-15,True
native,karatsuba,E1,Green,10,0.05,48.5625,1.5944835719487724e-15,True
native,karatsuba,E1,Green,10,0.1,48.5625,1.5944835719487724e-15,True
native,karatsuba,E1,Green,10,0.2,48.5625,1.5944835719487724e-15,True
native,karatsuba,E1,Green,10,0.5,48.5625,1.5944835719487724e-15,True
native,karatsuba,E1,Green,10,1.0,48.5625,1.5944835719487724e-15,True
native,karatsuba,E1,Green,11,0.0,48.5625,8.878886681264161e-16,True
native,karatsuba,E1,Green,11,0.01,48.5625,8.878886681264161e-16,True
native,karatsuba,E1,Green,11,0.02,48.5625,8.878886681264161e-16,True
native,karatsuba,E1,Green,11,0.05,48.5625,8.878886681264161e-16,True
native,karatsuba,E1,Green,11,0.1,48.5625,8.878886681264161e-16,True
native,karatsuba,E1,Green,11,0.2,48.5625,8.878886681264161e-16,True
native,karatsuba,E1,Green,11,0.5,48.5625,8.878886681264161e-16,True
native,karatsuba,E1,Green,11,1.0,48.5625,8.878886681264161e-16,True
native,karatsuba,E1,Green,12,0.0,48.5625,1.2031003816395871e-15,True
native,karatsuba,E1,Green,12,0.01,48.5625,1.2031003816395871e-15,True
native,karatsuba,E1,Green,12,0.02,48.5625,1.2031003816395871e-15,True
native,karatsuba,E1,Green,12,0.05,48.5625,1.2031003816395871e-15,True
native,karatsuba,E1,Green,12,0.1,48.5625,1.2031003816395871e-15,True
native,karatsuba,E1,Green,12,0.2,48.5625,1.2031003816395871e-15,True
native,karatsuba,E1,Green,12,0.5,48.5625,1.2031003816395871e-15,True
native,karatsuba,E1,Green,12,1.0,48.5625,1.2031003816395871e-15,True
native,karatsuba,E1,Green,13,0.0,48.5625,4.084126682246382e-16,True
native,karatsuba,E1,Green,13,0.01,48.5625,4.084126682246382e-16,True
native,karatsuba,E1,Green,13,0.02,48.5625,4.084126682246382e-16,True
native,karatsuba,E1,Green,13,0.05,48.5625,4.084126682246382e-16,True
native,karatsuba,E1,Green,13,0.1,48.5625,4.084126682246382e-16,True
native,karatsuba,E1,Green,13,0.2,48.5625,4.084126682246382e-16,True
native,karatsuba,E1,Green,13,0.5,48.5625,4.084126682246382e-16,True
native,karatsuba,E1,Green,13,1.0,48.5625,4.084126682246382e-16,True
native,karatsuba,E1,Green,14,0.0,48.5625,3.252858957327326e-16,True
native,karatsuba,E1,Green,14,0.01,48.5625,3.252858957327326e-16,True
native,karatsuba,E1,Green,14,0.02,48.5625,3.252858957327326e-16,True
native,karatsuba,E1,Green,14,0.05,48.5625,3.252858957327326e-16,True
native,karatsuba,E1,Green,14,0.1,48.5625,3.252858957327326e-16,True
native,karatsuba,E1,Green,14,0.2,48.5625,3.252858957327326e-16,True
native,karatsuba,E1,Green,14,0.5,48.5625,3.252858957327326e-16,True
native,karatsuba,E1,Green,14,1.0,48.5625,3.252858957327326e-16,True
native,karatsuba,E1,Green,15,0.0,48.5625,1.5944835719487724e-15,True
native,karatsuba,E1,Green,15,0.01,48.5625,1.5944835719487724e-15,True
native,karatsuba,E1,Green,15,0.02,48.5625,1.5944835719487724e-15,True
native,karatsuba,E1,Green,15,0.05,48.5625,1.5944835719487724e-15,True
native,karatsuba,E1,Green,15,0.1,48.5625,1.5944835719487724e-15,True
native,karatsuba,E1,Green,15,0.2,48.5625,1.5944835719487724e-15,True
native,karatsuba,E1,Green,15,0.5,48.5625,1.5944835719487724e-15,True
native,karatsuba,E1,Green,15,1.0,48.5625,1.5944835719487724e-15,True
native,karatsuba,E1,Green,16,0.0,48.5625,1.8596693730885658e-15,True
native,karatsuba,E1,Green,16,0.01,48.5625,1.8596693730885658e-15,True
native,karatsuba,E1,Green,16,0.02,48.5625,1.8596693730885658e-15,True
native,karatsuba,E1,Green,16,0.05,48.5625,1.8596693730885658e-15,True
native,karatsuba,E1,Green,16,0.1,48.5625,1.8596693730885658e-15,True
native,karatsuba,E1,Green,16,0.2,48.5625,1.8596693730885658e-15,True
native,karatsuba,E1,Green,16,0.5,48.5625,1.8596693730885658e-15,True
native,karatsuba,E1,Green,16,1.0,48.5625,1.8596693730885658e-15,True
native,karatsuba,E1,Green,17,0.0,48.5625,2.1677456228804145e-15,True
native,karatsuba,E1,Green,17,0.01,48.5625,2.1677456228804145e-15,True
native,karatsuba,E1,Green,17,0.02,48.5625,2.1677456228804145e-15,True
native,karatsuba,E1,Green,17,0.05,48.5625,2.1677456228804145e-15,True
native,karatsuba,E1,Green,17,0.1,48.5625,2.1677456228804145e-15,True
native,karatsuba,E1,Green,17,0.2,48.5625,2.1677456228804145e-15,True
native,karatsuba,E1,Green,17,0.5,48.5625,2.1677456228804145e-15,True
native,karatsuba,E1,Green,17,1.0,48.5625,2.1677456228804145e-15,True
native,karatsuba,E1,Green,18,0.0,48.5625,3.2489343803753984e-16,True
native,karatsuba,E1,Green,18,0.01,48.5625,3.2489343803753984e-16,True
native,karatsuba,E1,Green,18,0.02,48.5625,3.2489343803753984e-16,True
native,karatsuba,E1,Green,18,0.05,48.5625,3.2489343803753984e-16,True
native,karatsuba,E1,Green,18,0.1,48.5625,3.2489343803753984e-16,True
native,karatsuba,E1,Green,18,0.2,48.5625,3.2489343803753984e-16,True
native,karatsuba,E1,Green,18,0.5,48.5625,3.2489343803753984e-16,True
native,karatsuba,E1,Green,18,1.0,48.5625,3.2489343803753984e-16,True
native,karatsuba,E1,Green,19,0.0,48.5625,5.200009767557646e-16,True
native,karatsuba,E1,Green,19,0.01,48.5625,5.200009767557646e-16,True
native,karatsuba,E1,Green,19,0.02,48.5625,5.200009767557646e-16,True
native,karatsuba,E1,Green,19,0.05,48.5625,5.200009767557646e-16,True
native,karatsuba,E1,Green,19,0.1,48.5625,5.200009767557646e-16,True
native,karatsuba,E1,Green,19,0.2,48.5625,5.200009767557646e-16,True
native,karatsuba,E1,Green,19,0.5,48.5625,5.200009767557646e-16,True
native,karatsuba,E1,Green,19,1.0,48.5625,5.200009767557646e-16,True
native,karatsuba,E1,Green,20,0.0,48.5625,3.4896201714327896e-16,True
native,karatsuba,E1,Green,20,0.01,48.5625,3.4896201714327896e-16,True
native,karatsuba,E1,Green,20,0.02,48.5625,3.4896201714327896e-16,True
native,karatsuba,E1,Green,20,0.05,48.5625,3.4896201714327896e-16,True
native,karatsuba,E1,Green,20,0.1,48.5625,3.4896201714327896e-16,True
native,karatsuba,E1,Green,20,0.2,48.5625,3.4896201714327896e-16,True
native,karatsuba,E1,Green,20,0.5,48.5625,3.4896201714327896e-16,True
native,karatsuba,E1,Green,20,1.0,48.5625,3.4896201714327896e-16,True
native,karatsuba,E1,Green,21,0.0,48.5625,5.200009767557646e-16,True
native,karatsuba,E1,Green,21,0.01,48.5625,5.200009767557646e-16,True
native,karatsuba,E1,Green,21,0.02,48.5625,5.200009767557646e-16,True
native,karatsuba,E1,Green,21,0.05,48.5625,5.200009767557646e-16,True
native,karatsuba,E1,Green,21,0.1,48.5625,5.200009767557646e-16,True
native,karatsuba,E1,Green,21,0.2,48.5625,5.200009767557646e-16,True
native,karatsuba,E1,Green,21,0.5,48.5625,5.200009767557646e-16,True
native,karatsuba,E1,Green,21,1.0,48.5625,5.200009767557646e-16,True
native,karatsuba,E1,Green,22,0.0,48.5625,7.142928451732104e-16,True
native,karatsuba,E1,Green,22,0.01,48.5625,7.142928451732104e-16,True
native,karatsuba,E1,Green,22,0.02,48.5625,7.142928451732104e-16,True
native,karatsuba,E1,Green,22,0.05,48.5625,7.142928451732104e-16,True
native,karatsuba,E1,Green,22,0.1,48.5625,7.142928451732104e-16,True
native,karatsuba,E1,Green,22,0.2,48.5625,7.142928451732104e-16,True
native,karatsuba,E1,Green,22,0.5,48.5625,7.142928451732104e-16,True
native,karatsuba,E1,Green,22,1.0,48.5625,7.142928451732104e-16,True
native,karatsuba,E1,Green,23,0.0,48.5625,1.1746579502684531e-15,True
native,karatsuba,E1,Green,23,0.01,48.5625,1.1746579502684531e-15,True
native,karatsuba,E1,Green,23,0.02,48.5625,1.1746579502684531e-15,True
native,karatsuba,E1,Green,23,0.05,48.5625,1.1746579502684531e-15,True
native,karatsuba,E1,Green,23,0.1,48.5625,1.1746579502684531e-15,True
native,karatsuba,E1,Green,23,0.2,48.5625,1.1746579502684531e-15,True
native,karatsuba,E1,Green,23,0.5,48.5625,1.1746579502684531e-15,True
native,karatsuba,E1,Green,23,1.0,48.5625,1.1746579502684531e-15,True
native,karatsuba,E1,Green,24,0.0,48.5625,1.947580698642516e-15,True
native,karatsuba,E1,Green,24,0.01,48.5625,1.947580698642516e-15,True
native,karatsuba,E1,Green,24,0.02,48.5625,1.947580698642516e-15,True
native,karatsuba,E1,Green,24,0.05,48.5625,1.947580698642516e-15,True
native,karatsuba,E1,Green,24,0.1,48.5625,1.947580698642516e-15,True
native,karatsuba,E1,Green,24,0.2,48.5625,1.947580698642516e-15,True
native,karatsuba,E1,Green,24,0.5,48.5625,1.947580698642516e-15,True
native,karatsuba,E1,Green,24,1.0,48.5625,1.947580698642516e-15,True
native,karatsuba,E1,Green,25,0.0,48.5625,1.035053617371294e-15,True
native,karatsuba,E1,Green,25,0.01,48.5625,1.035053617371294e-15,True
native,karatsuba,E1,Green,25,0.02,48.5625,1.035053617371294e-15,True
native,karatsuba,E1,Green,25,0.05,48.5625,1.035053617371294e-15,True
native,karatsuba,E1,Green,25,0.1,48.5625,1.035053617371294e-15,True
native,karatsuba,E1,Green,25,0.2,48.5625,1.035053617371294e-15,True
native,karatsuba,E1,Green,25,0.5,48.5625,1.035053617371294e-15,True
native,karatsuba,E1,Green,25,1.0,48.5625,1.035053617371294e-15,True
native,karatsuba,E1,Green,26,0.0,48.5625,1.9964913575063468e-15,True
native,karatsuba,E1,Green,26,0.01,48.5625,1.9964913575063468e-15,True
native,karatsuba,E1,Green,26,0.02,48.5625,1.9964913575063468e-15,True
native,karatsuba,E1,Green,26,0.05,48.5625,1.9964913575063468e-15,True
native,karatsuba,E1,Green,26,0.1,48.5625,1.9964913575063468e-15,True
native,karatsuba,E1,Green,26,0.2,48.5625,1.9964913575063468e-15,True
native,karatsuba,E1,Green,26,0.5,48.5625,1.9964913575063468e-15,True
native,karatsuba,E1,Green,26,1.0,48.5625,1.9964913575063468e-15,True
native,karatsuba,E1,Green,27,0.0,48.5625,1.2862667904077988e-15,True
native,karatsuba,E1,Green,27,0.01,48.5625,1.2862667904077988e-15,True
native,karatsuba,E1,Green,27,0.02,48.5625,1.2862667904077988e-15,True
native,karatsuba,E1,Green,27,0.05,48.5625,1.2862667904077988e-15,True
native,karatsuba,E1,Green,27,0.1,48.5625,1.2862667904077988e-15,True
native,karatsuba,E1,Green,27,0.2,48.5625,1.2862667904077988e-15,True
native,karatsuba,E1,Green,27,0.5,48.5625,1.2862667904077988e-15,True
native,karatsuba,E1,Green,27,1.0,48.5625,1.2862667904077988e-15,True
native,karatsuba,E1,Green,28,0.0,48.5625,8.878886681264161e-16,True
native,karatsuba,E1,Green,28,0.01,48.5625,8.878886681264161e-16,True
native,karatsuba,E1,Green,28,0.02,48.5625,8.878886681264161e-16,True
native,karatsuba,E1,Green,28,0.05,48.5625,8.878886681264161e-16,True
native,karatsuba,E1,Green,28,0.1,48.5625,8.878886681264161e-16,True
native,karatsuba,E1,Green,28,0.2,48.5625,8.878886681264161e-16,True
native,karatsuba,E1,Green,28,0.5,48.5625,8.878886681264161e-16,True
native,karatsuba,E1,Green,28,1.0,48.5625,8.878886681264161e-16,True
native,karatsuba,E1,Green,29,0.0,48.5625,1.044925924616553e-15,True
native,karatsuba,E1,Green,29,0.01,48.5625,1.044925924616553e-15,True
native,karatsuba,E1,Green,29,0.02,48.5625,1.044925924616553e-15,True
native,karatsuba,E1,Green,29,0.05,48.5625,1.044925924616553e-15,True
native,karatsuba,E1,Green,29,0.1,48.5625,1.044925924616553e-15,True
native,karatsuba,E1,Green,29,0.2,48.5625,1.044925924616553e-15,True
native,karatsuba,E1,Green,29,0.5,48.5625,1.044925924616553e-15,True
native,karatsuba,E1,Green,29,1.0,48.5625,1.044925924616553e-15,True
native,karatsuba,E2,SO,0,0.0,84.734375,0.028439045742316746,False
native,karatsuba,E2,SO,0,0.01,84.734375,0.028439045742316746,False
native,karatsuba,E2,SO,0,0.02,84.734375,0.028439045742316746,False
native,karatsuba,E2,SO,0,0.05,84.734375,0.028439045742316746,False
native,karatsuba,E2,SO,0,0.1,84.734375,0.028439045742316746,False
native,karatsuba,E2,SO,0,0.2,84.734375,0.028439045742316746,False
native,karatsuba,E2,SO,0,0.5,84.734375,0.028439045742316746,False
native,karatsuba,E2,SO,0,1.0,84.734375,0.028439045742316746,False
native,karatsuba,E2,SO,1,0.0,84.734375,0.027974296687295588,False
native,karatsuba,E2,SO,1,0.01,84.734375,0.027974296687295588,False
native,karatsuba,E2,SO,1,0.02,84.734375,0.027974296687295588,False
native,karatsuba,E2,SO,1,0.05,84.734375,0.027974296687295588,False
native,karatsuba,E2,SO,1,0.1,84.734375,0.027974296687295588,False
native,karatsuba,E2,SO,1,0.2,84.734375,0.027974296687295588,False
native,karatsuba,E2,SO,1,0.5,84.734375,0.027974296687295588,False
native,karatsuba,E2,SO,1,1.0,84.734375,0.027974296687295588,False
native,karatsuba,E2,SO,2,0.0,84.734375,0.027942879613123903,False
native,karatsuba,E2,SO,2,0.01,84.734375,0.027942879613123903,False
native,karatsuba,E2,SO,2,0.02,84.734375,0.027942879613123903,False
native,karatsuba,E2,SO,2,0.05,84.734375,0.027942879613123903,False
native,karatsuba,E2,SO,2,0.1,84.734375,0.027942879613123903,False
native,karatsuba,E2,SO,2,0.2,84.734375,0.027942879613123903,False
native,karatsuba,E2,SO,2,0.5,84.734375,0.027942879613123903,False
native,karatsuba,E2,SO,2,1.0,84.734375,0.027942879613123903,False
native,karatsuba,E2,SO,3,0.0,84.734375,0.028495472197663716,False
native,karatsuba,E2,SO,3,0.01,84.734375,0.028495472197663716,False
native,karatsuba,E2,SO,3,0.02,84.734375,0.028495472197663716,False
native,karatsuba,E2,SO,3,0.05,84.734375,0.028495472197663716,False
native,karatsuba,E2,SO,3,0.1,84.734375,0.028495472197663716,False
native,karatsuba,E2,SO,3,0.2,84.734375,0.028495472197663716,False
native,karatsuba,E2,SO,3,0.5,84.734375,0.028495472197663716,False
native,karatsuba,E2,SO,3,1.0,84.734375,0.028495472197663716,False
native,karatsuba,E2,SO,4,0.0,84.734375,0.028495472197663872,False
native,karatsuba,E2,SO,4,0.01,84.734375,0.028495472197663872,False
native,karatsuba,E2,SO,4,0.02,84.734375,0.028495472197663872,False
native,karatsuba,E2,SO,4,0.05,84.734375,0.028495472197663872,False
native,karatsuba,E2,SO,4,0.1,84.734375,0.028495472197663872,False
native,karatsuba,E2,SO,4,0.2,84.734375,0.028495472197663872,False
native,karatsuba,E2,SO,4,0.5,84.734375,0.028495472197663872,False
native,karatsuba,E2,SO,4,1.0,84.734375,0.028495472197663872,False
native,karatsuba,E2,SO,5,0.0,84.734375,0.02852788859250901,False
native,karatsuba,E2,SO,5,0.01,84.734375,0.02852788859250901,False
native,karatsuba,E2,SO,5,0.02,84.734375,0.02852788859250901,False
native,karatsuba,E2,SO,5,0.05,84.734375,0.02852788859250901,False
native,karatsuba,E2,SO,5,0.1,84.734375,0.02852788859250901,False
native,karatsuba,E2,SO,5,0.2,84.734375,0.02852788859250901,False
native,karatsuba,E2,SO,5,0.5,84.734375,0.02852788859250901,False
native,karatsuba,E2,SO,5,1.0,84.734375,0.02852788859250901,False
native,karatsuba,E2,SO,6,0.0,84.734375,0.027942879613123753,False
native,karatsuba,E2,SO,6,0.01,84.734375,0.027942879613123753,False
native,karatsuba,E2,SO,6,0.02,84.734375,0.027942879613123753,False
native,karatsuba,E2,SO,6,0.05,84.734375,0.027942879613123753,False
native,karatsuba,E2,SO,6,0.1,84.734375,0.027942879613123753,False
native,karatsuba,E2,SO,6,0.2,84.734375,0.027942879613123753,False
native,karatsuba,E2,SO,6,0.5,84.734375,0.027942879613123753,False
native,karatsuba,E2,SO,6,1.0,84.734375,0.027942879613123753,False
native,karatsuba,E2,SO,7,0.0,84.734375,0.028527888592509112,False
native,karatsuba,E2,SO,7,0.01,84.734375,0.028527888592509112,False
native,karatsuba,E2,SO,7,0.02,84.734375,0.028527888592509112,False
native,karatsuba,E2,SO,7,0.05,84.734375,0.028527888592509112,False
native,karatsuba,E2,SO,7,0.1,84.734375,0.028527888592509112,False
native,karatsuba,E2,SO,7,0.2,84.734375,0.028527888592509112,False
native,karatsuba,E2,SO,7,0.5,84.734375,0.028527888592509112,False
native,karatsuba,E2,SO,7,1.0,84.734375,0.028527888592509112,False
native,karatsuba,E2,SO,8,0.0,84.734375,0.028439045742316746,False
native,karatsuba,E2,SO,8,0.01,84.734375,0.028439045742316746,False
native,karatsuba,E2,SO,8,0.02,84.734375,0.028439045742316746,False
native,karatsuba,E2,SO,8,0.05,84.734375,0.028439045742316746,False
native,karatsuba,E2,SO,8,0.1,84.734375,0.028439045742316746,False
native,karatsuba,E2,SO,8,0.2,84.734375,0.028439045742316746,False
native,karatsuba,E2,SO,8,0.5,84.734375,0.028439045742316746,False
native,karatsuba,E2,SO,8,1.0,84.734375,0.028439045742316746,False
native,karatsuba,E2,SO,9,0.0,84.734375,0.02794287961312382,False
native,karatsuba,E2,SO,9,0.01,84.734375,0.02794287961312382,False
native,karatsuba,E2,SO,9,0.02,84.734375,0.02794287961312382,False
native,karatsuba,E2,SO,9,0.05,84.734375,0.02794287961312382,False
native,karatsuba,E2,SO,9,0.1,84.734375,0.02794287961312382,False
native,karatsuba,E2,SO,9,0.2,84.734375,0.02794287961312382,False
native,karatsuba,E2,SO,9,0.5,84.734375,0.02794287961312382,False
native,karatsuba,E2,SO,9,1.0,84.734375,0.02794287961312382,False
native,karatsuba,E2,SO,10,0.0,84.734375,0.02794287961312382,False
native,karatsuba,E2,SO,10,0.01,84.734375,0.02794287961312382,False
native,karatsuba,E2,SO,10,0.02,84.734375,0.02794287961312382,False
native,karatsuba,E2,SO,10,0.05,84.734375,0.02794287961312382,False
native,karatsuba,E2,SO,10,0.1,84.734375,0.02794287961312382,False
native,karatsuba,E2,SO,10,0.2,84.734375,0.02794287961312382,False
native,karatsuba,E2,SO,10,0.5,84.734375,0.02794287961312382,False
native,karatsuba,E2,SO,10,1.0,84.734375,0.02794287961312382,False
native,karatsuba,E2,SO,11,0.0,84.734375,0.028495472197663657,False
native,karatsuba,E2,SO,11,0.01,84.734375,0.028495472197663657,False
native,karatsuba,E2,SO,11,0.02,84.734375,0.028495472197663657,False
native,karatsuba,E2,SO,11,0.05,84.734375,0.028495472197663657,False
native,karatsuba,E2,SO,11,0.1,84.734375,0.028495472197663657,False
native,karatsuba,E2,SO,11,0.2,84.734375,0.028495472197663657,False
native,karatsuba,E2,SO,11,0.5,84.734375,0.028495472197663657,False
native,karatsuba,E2,SO,11,1.0,84.734375,0.028495472197663657,False
native,karatsuba,E2,SO,12,0.0,84.734375,0.028495472197663768,False
native,karatsuba,E2,SO,12,0.01,84.734375,0.028495472197663768,False
native,karatsuba,E2,SO,12,0.02,84.734375,0.028495472197663768,False
native,karatsuba,E2,SO,12,0.05,84.734375,0.028495472197663768,False
native,karatsuba,E2,SO,12,0.1,84.734375,0.028495472197663768,False
native,karatsuba,E2,SO,12,0.2,84.734375,0.028495472197663768,False
native,karatsuba,E2,SO,12,0.5,84.734375,0.028495472197663768,False
native,karatsuba,E2,SO,12,1.0,84.734375,0.028495472197663768,False
native,karatsuba,E2,SO,13,0.0,84.734375,0.028495472197663806,False
native,karatsuba,E2,SO,13,0.01,84.734375,0.028495472197663806,False
native,karatsuba,E2,SO,13,0.02,84.734375,0.028495472197663806,False
native,karatsuba,E2,SO,13,0.05,84.734375,0.028495472197663806,False
native,karatsuba,E2,SO,13,0.1,84.734375,0.028495472197663806,False
native,karatsuba,E2,SO,13,0.2,84.734375,0.028495472197663806,False
native,karatsuba,E2,SO,13,0.5,84.734375,0.028495472197663806,False
native,karatsuba,E2,SO,13,1.0,84.734375,0.028495472197663806,False
native,karatsuba,E2,SO,14,0.0,84.734375,0.027942879613123823,False
native,karatsuba,E2,SO,14,0.01,84.734375,0.027942879613123823,False
native,karatsuba,E2,SO,14,0.02,84.734375,0.027942879613123823,False
native,karatsuba,E2,SO,14,0.05,84.734375,0.027942879613123823,False
native,karatsuba,E2,SO,14,0.1,84.734375,0.027942879613123823,False
native,karatsuba,E2,SO,14,0.2,84.734375,0.027942879613123823,False
native,karatsuba,E2,SO,14,0.5,84.734375,0.027942879613123823,False
native,karatsuba,E2,SO,14,1.0,84.734375,0.027942879613123823,False
native,karatsuba,E2,SO,15,0.0,84.734375,0.028439045742316763,False
native,karatsuba,E2,SO,15,0.01,84.734375,0.028439045742316763,False
native,karatsuba,E2,SO,15,0.02,84.734375,0.028439045742316763,False
native,karatsuba,E2,SO,15,0.05,84.734375,0.028439045742316763,False
native,karatsuba,E2,SO,15,0.1,84.734375,0.028439045742316763,False
native,karatsuba,E2,SO,15,0.2,84.734375,0.028439045742316763,False
native,karatsuba,E2,SO,15,0.5,84.734375,0.028439045742316763,False
native,karatsuba,E2,SO,15,1.0,84.734375,0.028439045742316763,False
native,karatsuba,E2,SO,16,0.0,84.734375,0.027942879613123882,False
native,karatsuba,E2,SO,16,0.01,84.734375,0.027942879613123882,False
native,karatsuba,E2,SO,16,0.02,84.734375,0.027942879613123882,False
native,karatsuba,E2,SO,16,0.05,84.734375,0.027942879613123882,False
native,karatsuba,E2,SO,16,0.1,84.734375,0.027942879613123882,False
native,karatsuba,E2,SO,16,0.2,84.734375,0.027942879613123882,False
native,karatsuba,E2,SO,16,0.5,84.734375,0.027942879613123882,False
native,karatsuba,E2,SO,16,1.0,84.734375,0.027942879613123882,False
native,karatsuba,E2,SO,17,0.0,84.734375,0.02794252304881898,False
native,karatsuba,E2,SO,17,0.01,84.734375,0.02794252304881898,False
native,karatsuba,E2,SO,17,0.02,84.734375,0.02794252304881898,False
native,karatsuba,E2,SO,17,0.05,84.734375,0.02794252304881898,False
native,karatsuba,E2,SO,17,0.1,84.734375,0.02794252304881898,False
native,karatsuba,E2,SO,17,0.2,84.734375,0.02794252304881898,False
native,karatsuba,E2,SO,17,0.5,84.734375,0.02794252304881898,False
native,karatsuba,E2,SO,17,1.0,84.734375,0.02794252304881898,False
native,karatsuba,E2,SO,18,0.0,84.734375,0.028439045742316725,False
native,karatsuba,E2,SO,18,0.01,84.734375,0.028439045742316725,False
native,karatsuba,E2,SO,18,0.02,84.734375,0.028439045742316725,False
native,karatsuba,E2,SO,18,0.05,84.734375,0.028439045742316725,False
native,karatsuba,E2,SO,18,0.1,84.734375,0.028439045742316725,False
native,karatsuba,E2,SO,18,0.2,84.734375,0.028439045742316725,False
native,karatsuba,E2,SO,18,0.5,84.734375,0.028439045742316725,False
native,karatsuba,E2,SO,18,1.0,84.734375,0.028439045742316725,False
native,karatsuba,E2,SO,19,0.0,84.734375,0.028495472197663824,False
native,karatsuba,E2,SO,19,0.01,84.734375,0.028495472197663824,False
native,karatsuba,E2,SO,19,0.02,84.734375,0.028495472197663824,False
native,karatsuba,E2,SO,19,0.05,84.734375,0.028495472197663824,False
native,karatsuba,E2,SO,19,0.1,84.734375,0.028495472197663824,False
native,karatsuba,E2,SO,19,0.2,84.734375,0.028495472197663824,False
native,karatsuba,E2,SO,19,0.5,84.734375,0.028495472197663824,False
native,karatsuba,E2,SO,19,1.0,84.734375,0.028495472197663824,False
native,karatsuba,E2,SO,20,0.0,84.734375,0.02794287961312374,False
native,karatsuba,E2,SO,20,0.01,84.734375,0.02794287961312374,False
native,karatsuba,E2,SO,20,0.02,84.734375,0.02794287961312374,False
native,karatsuba,E2,SO,20,0.05,84.734375,0.02794287961312374,False
native,karatsuba,E2,SO,20,0.1,84.734375,0.02794287961312374,False
native,karatsuba,E2,SO,20,0.2,84.734375,0.02794287961312374,False
native,karatsuba,E2,SO,20,0.5,84.734375,0.02794287961312374,False
native,karatsuba,E2,SO,20,1.0,84.734375,0.02794287961312374,False
native,karatsuba,E2,SO,21,0.0,84.734375,0.02794287961312378,False
native,karatsuba,E2,SO,21,0.01,84.734375,0.02794287961312378,False
native,karatsuba,E2,SO,21,0.02,84.734375,0.02794287961312378,False
native,karatsuba,E2,SO,21,0.05,84.734375,0.02794287961312378,False
native,karatsuba,E2,SO,21,0.1,84.734375,0.02794287961312378,False
native,karatsuba,E2,SO,21,0.2,84.734375,0.02794287961312378,False
native,karatsuba,E2,SO,21,0.5,84.734375,0.02794287961312378,False
native,karatsuba,E2,SO,21,1.0,84.734375,0.02794287961312378,False
native,karatsuba,E2,SO,22,0.0,84.734375,0.0284954721976637,False
native,karatsuba,E2,SO,22,0.01,84.734375,0.0284954721976637,False
native,karatsuba,E2,SO,22,0.02,84.734375,0.0284954721976637,False
native,karatsuba,E2,SO,22,0.05,84.734375,0.0284954721976637,False
native,karatsuba,E2,SO,22,0.1,84.734375,0.0284954721976637,False
native,karatsuba,E2,SO,22,0.2,84.734375,0.0284954721976637,False
native,karatsuba,E2,SO,22,0.5,84.734375,0.0284954721976637,False
native,karatsuba,E2,SO,22,1.0,84.734375,0.0284954721976637,False
native,karatsuba,E2,SO,23,0.0,84.734375,0.027942879613123726,False
native,karatsuba,E2,SO,23,0.01,84.734375,0.027942879613123726,False
native,karatsuba,E2,SO,23,0.02,84.734375,0.027942879613123726,False
native,karatsuba,E2,SO,23,0.05,84.734375,0.027942879613123726,False
native,karatsuba,E2,SO,23,0.1,84.734375,0.027942879613123726,False
native,karatsuba,E2,SO,23,0.2,84.734375,0.027942879613123726,False
native,karatsuba,E2,SO,23,0.5,84.734375,0.027942879613123726,False
native,karatsuba,E2,SO,23,1.0,84.734375,0.027942879613123726,False
native,karatsuba,E2,SO,24,0.0,84.734375,0.02849547219766375,False
native,karatsuba,E2,SO,24,0.01,84.734375,0.02849547219766375,False
native,karatsuba,E2,SO,24,0.02,84.734375,0.02849547219766375,False
native,karatsuba,E2,SO,24,0.05,84.734375,0.02849547219766375,False
native,karatsuba,E2,SO,24,0.1,84.734375,0.02849547219766375,False
native,karatsuba,E2,SO,24,0.2,84.734375,0.02849547219766375,False
native,karatsuba,E2,SO,24,0.5,84.734375,0.02849547219766375,False
native,karatsuba,E2,SO,24,1.0,84.734375,0.02849547219766375,False
native,karatsuba,E2,SO,25,0.0,84.734375,0.02849547219766373,False
native,karatsuba,E2,SO,25,0.01,84.734375,0.02849547219766373,False
native,karatsuba,E2,SO,25,0.02,84.734375,0.02849547219766373,False
native,karatsuba,E2,SO,25,0.05,84.734375,0.02849547219766373,False
native,karatsuba,E2,SO,25,0.1,84.734375,0.02849547219766373,False
native,karatsuba,E2,SO,25,0.2,84.734375,0.02849547219766373,False
native,karatsuba,E2,SO,25,0.5,84.734375,0.02849547219766373,False
native,karatsuba,E2,SO,25,1.0,84.734375,0.02849547219766373,False
native,karatsuba,E2,SO,26,0.0,84.734375,0.028527888592509126,False
native,karatsuba,E2,SO,26,0.01,84.734375,0.028527888592509126,False
native,karatsuba,E2,SO,26,0.02,84.734375,0.028527888592509126,False
native,karatsuba,E2,SO,26,0.05,84.734375,0.028527888592509126,False
native,karatsuba,E2,SO,26,0.1,84.734375,0.028527888592509126,False
native,karatsuba,E2,SO,26,0.2,84.734375,0.028527888592509126,False
native,karatsuba,E2,SO,26,0.5,84.734375,0.028527888592509126,False
native,karatsuba,E2,SO,26,1.0,84.734375,0.028527888592509126,False
native,karatsuba,E2,SO,27,0.0,84.734375,0.027942879613123823,False
native,karatsuba,E2,SO,27,0.01,84.734375,0.027942879613123823,False
native,karatsuba,E2,SO,27,0.02,84.734375,0.027942879613123823,False
native,karatsuba,E2,SO,27,0.05,84.734375,0.027942879613123823,False
native,karatsuba,E2,SO,27,0.1,84.734375,0.027942879613123823,False
native,karatsuba,E2,SO,27,0.2,84.734375,0.027942879613123823,False
native,karatsuba,E2,SO,27,0.5,84.734375,0.027942879613123823,False
native,karatsuba,E2,SO,27,1.0,84.734375,0.027942879613123823,False
native,karatsuba,E2,SO,28,0.0,84.734375,0.028495472197663782,False
native,karatsuba,E2,SO,28,0.01,84.734375,0.028495472197663782,False
native,karatsuba,E2,SO,28,0.02,84.734375,0.028495472197663782,False
native,karatsuba,E2,SO,28,0.05,84.734375,0.028495472197663782,False
native,karatsuba,E2,SO,28,0.1,84.734375,0.028495472197663782,False
native,karatsuba,E2,SO,28,0.2,84.734375,0.028495472197663782,False
native,karatsuba,E2,SO,28,0.5,84.734375,0.028495472197663782,False
native,karatsuba,E2,SO,28,1.0,84.734375,0.028495472197663782,False
native,karatsuba,E2,SO,29,0.0,84.734375,0.02843904574231672,False
native,karatsuba,E2,SO,29,0.01,84.734375,0.02843904574231672,False
native,karatsuba,E2,SO,29,0.02,84.734375,0.02843904574231672,False
native,karatsuba,E2,SO,29,0.05,84.734375,0.02843904574231672,False
native,karatsuba,E2,SO,29,0.1,84.734375,0.02843904574231672,False
native,karatsuba,E2,SO,29,0.2,84.734375,0.02843904574231672,False
native,karatsuba,E2,SO,29,0.5,84.734375,0.02843904574231672,False
native,karatsuba,E2,SO,29,1.0,84.734375,0.02843904574231672,False
native,karatsuba,E2,MO-lex,0,0.0,84.734375,0.028439045742316746,False
native,karatsuba,E2,MO-lex,0,0.01,72.34375,0.028621296410020255,False
native,karatsuba,E2,MO-lex,0,0.02,72.34375,0.028621296410020255,False
native,karatsuba,E2,MO-lex,0,0.05,72.34375,0.028621296410020255,False
native,karatsuba,E2,MO-lex,0,0.1,72.34375,0.028621296410020255,False
native,karatsuba,E2,MO-lex,0,0.2,60.953125,0.030502023594221134,False
native,karatsuba,E2,MO-lex,0,0.5,60.953125,0.030502023594221134,False
native,karatsuba,E2,MO-lex,0,1.0,48.5625,0.043451014021122655,False
native,karatsuba,E2,MO-lex,1,0.0,84.734375,0.027974296687295588,False
native,karatsuba,E2,MO-lex,1,0.01,73.34375,0.02803412927900486,False
native,karatsuba,E2,MO-lex,1,0.02,60.953125,0.028055878467765197,False
native,karatsuba,E2,MO-lex,1,0.05,60.953125,0.028055878467765197,False
native,karatsuba,E2,MO-lex,1,0.1,60.953125,0.028055878467765197,False
native,karatsuba,E2,MO-lex,1,0.2,60.953125,0.028055878467765197,False
native,karatsuba,E2,MO-lex,1,0.5,60.953125,0.028055878467765197,False
native,karatsuba,E2,MO-lex,1,1.0,48.5625,0.042559636106315045,False
native,karatsuba,E2,MO-lex,2,0.0,84.734375,0.027942879613123903,False
native,karatsuba,E2,MO-lex,2,0.01,72.34375,0.028809424244161618,False
native,karatsuba,E2,MO-lex,2,0.02,72.34375,0.028809424244161618,False
native,karatsuba,E2,MO-lex,2,0.05,72.34375,0.028809424244161618,False
native,karatsuba,E2,MO-lex,2,0.1,72.34375,0.028809424244161618,False
native,karatsuba,E2,MO-lex,2,0.2,72.34375,0.028809424244161618,False
native,karatsuba,E2,MO-lex,2,0.5,48.5625,0.03208498861998801,False
native,karatsuba,E2,MO-lex,2,1.0,48.5625,0.03208498861998801,False
native,karatsuba,E2,MO-lex,3,0.0,84.734375,0.028495472197663716,False
native,karatsuba,E2,MO-lex,3,0.01,84.734375,0.028495472197663716,False
native,karatsuba,E2,MO-lex,3,0.02,72.34375,0.0281884447599459,False
native,karatsuba,E2,MO-lex,3,0.05,72.34375,0.0281884447599459,False
native,karatsuba,E2,MO-lex,3,0.1,72.34375,0.0281884447599459,False
native,karatsuba,E2,MO-lex,3,0.2,60.953125,0.03103193278219014,False
native,karatsuba,E2,MO-lex,3,0.5,60.953125,0.03103193278219014,False
native,karatsuba,E2,MO-lex,3,1.0,60.953125,0.03103193278219014,False
native,karatsuba,E2,MO-lex,4,0.0,84.734375,0.028495472197663872,False
native,karatsuba,E2,MO-lex,4,0.01,72.34375,0.028621296410020196,False
native,karatsuba,E2,MO-lex,4,0.02,72.34375,0.028621296410020196,False
native,karatsuba,E2,MO-lex,4,0.05,72.34375,0.028621296410020196,False
native,karatsuba,E2,MO-lex,4,0.1,72.34375,0.028621296410020196,False
native,karatsuba,E2,MO-lex,4,0.2,72.34375,0.028621296410020196,False
native,karatsuba,E2,MO-lex,4,0.5,60.953125,0.033848182955642896,False
native,karatsuba,E2,MO-lex,4,1.0,60.953125,0.033848182955642896,False
native,karatsuba,E2,MO-lex,5,0.0,84.734375,0.02852788859250901,False
native,karatsuba,E2,MO-lex,5,0.01,84.734375,0.02852788859250901,False
native,karatsuba,E2,MO-lex,5,0.02,72.34375,0.029159056587540748,False
native,karatsuba,E2,MO-lex,5,0.05,72.34375,0.029159056587540748,False
native,karatsuba,E2,MO-lex,5,0.1,72.34375,0.029159056587540748,False
native,karatsuba,E2,MO-lex,5,0.2,60.953125,0.030502023594221144,False
native,karatsuba,E2,MO-lex,5,0.5,48.5625,0.029878948179252764,False
native,karatsuba,E2,MO-lex,5,1.0,48.5625,0.029878948179252764,False
native,karatsuba,E2,MO-lex,6,0.0,84.734375,0.027942879613123753,False
native,karatsuba,E2,MO-lex,6,0.01,73.34375,0.028061057151065827,False
native,karatsuba,E2,MO-lex,6,0.02,60.953125,0.028055878467765152,False
native,karatsuba,E2,MO-lex,6,0.05,60.953125,0.028055878467765152,False
native,karatsuba,E2,MO-lex,6,0.1,60.953125,0.028055878467765152,False
native,karatsuba,E2,MO-lex,6,0.2,60.953125,0.028055878467765152,False
native,karatsuba,E2,MO-lex,6,0.5,60.953125,0.028055878467765152,False
native,karatsuba,E2,MO-lex,6,1.0,60.953125,0.028055878467765152,False
native,karatsuba,E2,MO-lex,7,0.0,84.734375,0.028527888592509112,False
native,karatsuba,E2,MO-lex,7,0.01,84.734375,0.028527888592509112,False
native,karatsuba,E2,MO-lex,7,0.02,73.34375,0.0280374199234565,False
native,karatsuba,E2,MO-lex,7,0.05,73.34375,0.0280374199234565,False
native,karatsuba,E2,MO-lex,7,0.1,73.34375,0.0280374199234565,False
native,karatsuba,E2,MO-lex,7,0.2,60.953125,0.029360170929678884,False
native,karatsuba,E2,MO-lex,7,0.5,60.953125,0.029360170929678884,False
native,karatsuba,E2,MO-lex,7,1.0,48.5625,0.047523388488052924,False
native,karatsuba,E2,MO-lex,8,0.0,84.734375,0.028439045742316746,False
native,karatsuba,E2,MO-lex,8,0.01,84.734375,0.028439045742316746,False
native,karatsuba,E2,MO-lex,8,0.02,60.953125,0.028055878467765197,False
native,karatsuba,E2,MO-lex,8,0.05,60.953125,0.028055878467765197,False
native,karatsuba,E2,MO-lex,8,0.1,60.953125,0.028055878467765197,False
native,karatsuba,E2,MO-lex,8,0.2,48.5625,0.03149822664352079,False
native,karatsuba,E2,MO-lex,8,0.5,48.5625,0.03149822664352079,False
native,karatsuba,E2,MO-lex,8,1.0,48.5625,0.03149822664352079,False
native,karatsuba,E2,MO-lex,9,0.0,84.734375,0.02794287961312382,False
native,karatsuba,E2,MO-lex,9,0.01,84.734375,0.02794287961312382,False
native,karatsuba,E2,MO-lex,9,0.02,60.953125,0.028150473711904392,False
native,karatsuba,E2,MO-lex,9,0.05,48.5625,0.02833623162889281,False
native,karatsuba,E2,MO-lex,9,0.1,48.5625,0.02833623162889281,False
native,karatsuba,E2,MO-lex,9,0.2,48.5625,0.02833623162889281,False
native,karatsuba,E2,MO-lex,9,0.5,48.5625,0.02833623162889281,False
native,karatsuba,E2,MO-lex,9,1.0,48.5625,0.02833623162889281,False
native,karatsuba,E2,MO-lex,10,0.0,84.734375,0.02794287961312382,False
native,karatsuba,E2,MO-lex,10,0.01,73.34375,0.028106803351275723,False
native,karatsuba,E2,MO-lex,10,0.02,72.34375,0.028188444759945874,False
native,karatsuba,E2,MO-lex,10,0.05,72.34375,0.028188444759945874,False
native,karatsuba,E2,MO-lex,10,0.1,72.34375,0.028188444759945874,False
native,karatsuba,E2,MO-lex,10,0.2,60.953125,0.03343950511731536,False
native,karatsuba,E2,MO-lex,10,0.5,60.953125,0.03343950511731536,False
native,karatsuba,E2,MO-lex,10,1.0,60.953125,0.03343950511731536,False
native,karatsuba,E2,MO-lex,11,0.0,84.734375,0.028495472197663657,False
native,karatsuba,E2,MO-lex,11,0.01,72.34375,0.028621296410020154,False
native,karatsuba,E2,MO-lex,11,0.02,72.34375,0.028621296410020154,False
native,karatsuba,E2,MO-lex,11,0.05,72.34375,0.028621296410020154,False
native,karatsuba,E2,MO-lex,11,0.1,72.34375,0.028621296410020154,False
native,karatsuba,E2,MO-lex,11,0.2,72.34375,0.028621296410020154,False
native,karatsuba,E2,MO-lex,11,0.5,60.953125,0.0325978836509007,True
native,karatsuba,E2,MO-lex,11,1.0,60.953125,0.0325978836509007,True
native,karatsuba,E2,MO-lex,12,0.0,84.734375,0.028495472197663768,False
native,karatsuba,E2,MO-lex,12,0.01,84.734375,0.028495472197663768,False
native,karatsuba,E2,MO-lex,12,0.02,73.34375,0.028037419923456482,False
native,karatsuba,E2,MO-lex,12,0.05,60.953125,0.028750982584347478,False
native,karatsuba,E2,MO-lex,12,0.1,60.953125,0.028750982584347478,False
native,karatsuba,E2,MO-lex,12,0.2,60.953125,0.028750982584347478,False
native,karatsuba,E2,MO-lex,12,0.5,60.953125,0.028750982584347478,False
native,karatsuba,E2,MO-lex,12,1.0,48.5625,0.043897939357719566,False
native,karatsuba,E2,MO-lex,13,0.0,84.734375,0.028495472197663806,False
native,karatsuba,E2,MO-lex,13,0.01,84.734375,0.028495472197663806,False
native,karatsuba,E2,MO-lex,13,0.02,72.34375,0.02818844475994596,False
native,karatsuba,E2,MO-lex,13,0.05,72.34375,0.02818844475994596,False
native,karatsuba,E2,MO-lex,13,0.1,72.34375,0.02818844475994596,False
native,karatsuba,E2,MO-lex,13,0.2,60.953125,0.029960622635979612,False
native,karatsuba,E2,MO-lex,13,0.5,48.5625,0.03370061638417663,False
native,karatsuba,E2,MO-lex,13,1.0,48.5625,0.03370061638417663,False
native,karatsuba,E2,MO-lex,14,0.0,84.734375,0.027942879613123823,False
native,karatsuba,E2,MO-lex,14,0.01,73.34375,0.02803412927900483,False
native,karatsuba,E2,MO-lex,14,0.02,60.953125,0.028055878467765253,False
native,karatsuba,E2,MO-lex,14,0.05,60.953125,0.028055878467765253,False
native,karatsuba,E2,MO-lex,14,0.1,60.953125,0.028055878467765253,False
native,karatsuba,E2,MO-lex,14,0.2,60.953125,0.028055878467765253,False
native,karatsuba,E2,MO-lex,14,0.5,60.953125,0.028055878467765253,False
native,karatsuba,E2,MO-lex,14,1.0,60.953125,0.028055878467765253,False
native,karatsuba,E2,MO-lex,15,0.0,84.734375,0.028439045742316763,False
native,karatsuba,E2,MO-lex,15,0.01,73.34375,0.028071444914599893,False
native,karatsuba,E2,MO-lex,15,0.02,73.34375,0.028071444914599893,False
native,karatsuba,E2,MO-lex,15,0.05,60.953125,0.02899960310140295,False
native,karatsuba,E2,MO-lex,15,0.1,60.953125,0.02899960310140295,False
native,karatsuba,E2,MO-lex,15,0.2,60.953125,0.02899960310140295,False
native,karatsuba,E2,MO-lex,15,0.5,60.953125,0.02899960310140295,False
native,karatsuba,E2,MO-lex,15,1.0,48.5625,0.04084059530016623,False
native,karatsuba,E2,MO-lex,16,0.0,84.734375,0.027942879613123882,False
native,karatsuba,E2,MO-lex,16,0.01,73.34375,0.028048976976892404,False
native,karatsuba,E2,MO-lex,16,0.02,72.34375,0.02818268848553528,False
native,karatsuba,E2,MO-lex,16,0.05,72.34375,0.02818268848553528,False
native,karatsuba,E2,MO-lex,16,0.1,60.953125,0.027716088639745107,False
native,karatsuba,E2,MO-lex,16,0.2,60.953125,0.027716088639745107,False
native,karatsuba,E2,MO-lex,16,0.5,60.953125,0.027716088639745107,False
native,karatsuba,E2,MO-lex,16,1.0,60.953125,0.027716088639745107,False
native,karatsuba,E2,MO-lex,17,0.0,84.734375,0.02794252304881898,False
native,karatsuba,E2,MO-lex,17,0.01,72.34375,0.028177658871386232,False
native,karatsuba,E2,MO-lex,17,0.02,60.953125,0.02805587846776524,False
native,karatsuba,E2,MO-lex,17,0.05,48.5625,0.02833623162889271,False
native,karatsuba,E2,MO-lex,17,0.1,48.5625,0.02833623162889271,False
native,karatsuba,E2,MO-lex,17,0.2,48.5625,0.02833623162889271,False
native,karatsuba,E2,MO-lex,17,0.5,48.5625,0.02833623162889271,False
native,karatsuba,E2,MO-lex,17,1.0,48.5625,0.02833623162889271,False
native,karatsuba,E2,MO-lex,18,0.0,84.734375,0.028439045742316725,False
native,karatsuba,E2,MO-lex,18,0.01,84.734375,0.028439045742316725,False
native,karatsuba,E2,MO-lex,18,0.02,84.734375,0.028439045742316725,False
native,karatsuba,E2,MO-lex,18,0.05,72.34375,0.028946790859196353,False
native,karatsuba,E2,MO-lex,18,0.1,60.953125,0.02953148257340495,False
native,karatsuba,E2,MO-lex,18,0.2,60.953125,0.02953148257340495,False
native,karatsuba,E2,MO-lex,18,0.5,60.953125,0.02953148257340495,False
native,karatsuba,E2,MO-lex,18,1.0,60.953125,0.02953148257340495,False
native,karatsuba,E2,MO-lex,19,0.0,84.734375,0.028495472197663824,False
native,karatsuba,E2,MO-lex,19,0.01,84.734375,0.028495472197663824,False
native,karatsuba,E2,MO-lex,19,0.02,72.34375,0.02818268848553524,False
native,karatsuba,E2,MO-lex,19,0.05,72.34375,0.02818268848553524,False
native,karatsuba,E2,MO-lex,19,0.1,60.953125,0.027800107337470525,False
native,karatsuba,E2,MO-lex,19,0.2,60.953125,0.027800107337470525,False
native,karatsuba,E2,MO-lex,19,0.5,60.953125,0.027800107337470525,False
native,karatsuba,E2,MO-lex,19,1.0,60.953125,0.027800107337470525,False
native,karatsuba,E2,MO-lex,20,0.0,84.734375,0.02794287961312374,False
native,karatsuba,E2,MO-lex,20,0.01,73.34375,0.028061057151065844,False
native,karatsuba,E2,MO-lex,20,0.02,60.953125,0.02805587846776516,False
native,karatsuba,E2,MO-lex,20,0.05,48.5625,0.028336231628892795,False
native,karatsuba,E2,MO-lex,20,0.1,48.5625,0.028336231628892795,False
native,karatsuba,E2,MO-lex,20,0.2,48.5625,0.028336231628892795,False
native,karatsuba,E2,MO-lex,20,0.5,48.5625,0.028336231628892795,False
native,karatsuba,E2,MO-lex,20,1.0,48.5625,0.028336231628892795,False
native,karatsuba,E2,MO-lex,21,0.0,84.734375,0.02794287961312378,False
native,karatsuba,E2,MO-lex,21,0.01,73.34375,0.028034129279004793,False
native,karatsuba,E2,MO-lex,21,0.02,60.953125,0.028055878467765184,False
native,karatsuba,E2,MO-lex,21,0.05,60.953125,0.028055878467765184,False
native,karatsuba,E2,MO-lex,21,0.1,60.953125,0.028055878467765184,False
native,karatsuba,E2,MO-lex,21,0.2,60.953125,0.028055878467765184,False
native,karatsuba,E2,MO-lex,21,0.5,60.953125,0.028055878467765184,False
native,karatsuba,E2,MO-lex,21,1.0,60.953125,0.028055878467765184,False
native,karatsuba,E2,MO-lex,22,0.0,84.734375,0.0284954721976637,False
native,karatsuba,E2,MO-lex,22,0.01,84.734375,0.0284954721976637,False
native,karatsuba,E2,MO-lex,22,0.02,60.953125,0.028055878467765197,False
native,karatsuba,E2,MO-lex,22,0.05,48.5625,0.02833623162889277,False
native,karatsuba,E2,MO-lex,22,0.1,48.5625,0.02833623162889277,False
native,karatsuba,E2,MO-lex,22,0.2,48.5625,0.02833623162889277,False
native,karatsuba,E2,MO-lex,22,0.5,48.5625,0.02833623162889277,False
native,karatsuba,E2,MO-lex,22,1.0,48.5625,0.02833623162889277,False
native,karatsuba,E2,MO-lex,23,0.0,84.734375,0.027942879613123726,False
native,karatsuba,E2,MO-lex,23,0.01,73.34375,0.0280610571510659,False
native,karatsuba,E2,MO-lex,23,0.02,60.953125,0.02805587846776516,False
native,karatsuba,E2,MO-lex,23,0.05,48.5625,0.028336231628892795,False
native,karatsuba,E2,MO-lex,23,0.1,48.5625,0.028336231628892795,False
native,karatsuba,E2,MO-lex,23,0.2,48.5625,0.028336231628892795,False
native,karatsuba,E2,MO-lex,23,0.5,48.5625,0.028336231628892795,False
native,karatsuba,E2,MO-lex,23,1.0,48.5625,0.028336231628892795,False
native,karatsuba,E2,MO-lex,24,0.0,84.734375,0.02849547219766375,False
native,karatsuba,E2,MO-lex,24,0.01,72.34375,0.028621296410020206,False
native,karatsuba,E2,MO-lex,24,0.02,72.34375,0.028621296410020206,False
native,karatsuba,E2,MO-lex,24,0.05,60.953125,0.028336509178523917,False
native,karatsuba,E2,MO-lex,24,0.1,60.953125,0.028336509178523917,False
native,karatsuba,E2,MO-lex,24,0.2,60.953125,0.028336509178523917,False
native,karatsuba,E2,MO-lex,24,0.5,60.953125,0.028336509178523917,False
native,karatsuba,E2,MO-lex,24,1.0,60.953125,0.028336509178523917,False
native,karatsuba,E2,MO-lex,25,0.0,84.734375,0.02849547219766373,False
native,karatsuba,E2,MO-lex,25,0.01,84.734375,0.02849547219766373,False
native,karatsuba,E2,MO-lex,25,0.02,73.34375,0.028061057151065962,False
native,karatsuba,E2,MO-lex,25,0.05,73.34375,0.028061057151065962,False
native,karatsuba,E2,MO-lex,25,0.1,73.34375,0.028061057151065962,False
native,karatsuba,E2,MO-lex,25,0.2,73.34375,0.028061057151065962,False
native,karatsuba,E2,MO-lex,25,0.5,60.953125,0.03331183282744978,False
native,karatsuba,E2,MO-lex,25,1.0,60.953125,0.03331183282744978,False
native,karatsuba,E2,MO-lex,26,0.0,84.734375,0.028527888592509126,False
native,karatsuba,E2,MO-lex,26,0.01,84.734375,0.028527888592509126,False
native,karatsuba,E2,MO-lex,26,0.02,72.34375,0.02815717361602156,False
native,karatsuba,E2,MO-lex,26,0.05,72.34375,0.02815717361602156,False
native,karatsuba,E2,MO-lex,26,0.1,60.953125,0.027762630425478364,False
native,karatsuba,E2,MO-lex,26,0.2,48.5625,0.028506976251080375,False
native,karatsuba,E2,MO-lex,26,0.5,48.5625,0.028506976251080375,False
native,karatsuba,E2,MO-lex,26,1.0,48.5625,0.028506976251080375,False
native,karatsuba,E2,MO-lex,27,0.0,84.734375,0.027942879613123823,False
native,karatsuba,E2,MO-lex,27,0.01,73.34375,0.02806105715106592,False
native,karatsuba,E2,MO-lex,27,0.02,72.34375,0.028182688485535283,False
native,karatsuba,E2,MO-lex,27,0.05,72.34375,0.028182688485535283,False
native,karatsuba,E2,MO-lex,27,0.1,60.953125,0.027762630425478337,False
native,karatsuba,E2,MO-lex,27,0.2,60.953125,0.027762630425478337,False
native,karatsuba,E2,MO-lex,27,0.5,60.953125,0.027762630425478337,False
native,karatsuba,E2,MO-lex,27,1.0,60.953125,0.027762630425478337,False
native,karatsuba,E2,MO-lex,28,0.0,84.734375,0.028495472197663782,False
native,karatsuba,E2,MO-lex,28,0.01,72.34375,0.02862129641002024,False
native,karatsuba,E2,MO-lex,28,0.02,72.34375,0.02862129641002024,False
native,karatsuba,E2,MO-lex,28,0.05,72.34375,0.02862129641002024,False
native,karatsuba,E2,MO-lex,28,0.1,72.34375,0.02862129641002024,False
native,karatsuba,E2,MO-lex,28,0.2,72.34375,0.02862129641002024,False
native,karatsuba,E2,MO-lex,28,0.5,60.953125,0.03152761001438984,True
native,karatsuba,E2,MO-lex,28,1.0,60.953125,0.03152761001438984,True
native,karatsuba,E2,MO-lex,29,0.0,84.734375,0.02843904574231672,False
native,karatsuba,E2,MO-lex,29,0.01,84.734375,0.02843904574231672,False
native,karatsuba,E2,MO-lex,29,0.02,72.34375,0.028074039740755747,False
native,karatsuba,E2,MO-lex,29,0.05,72.34375,0.028074039740755747,False
native,karatsuba,E2,MO-lex,29,0.1,72.34375,0.028074039740755747,False
native,karatsuba,E2,MO-lex,29,0.2,60.953125,0.03045111097441799,False
native,karatsuba,E2,MO-lex,29,0.5,60.953125,0.03045111097441799,False
native,karatsuba,E2,MO-lex,29,1.0,60.953125,0.03045111097441799,False
native,karatsuba,E2,Green,0,0.0,84.734375,0.028403812017344557,False
native,karatsuba,E2,Green,0,0.01,72.34375,0.02817765887138627,False
native,karatsuba,E2,Green,0,0.02,60.953125,0.028055878467765152,False
native,karatsuba,E2,Green,0,0.05,48.5625,0.028336231628892802,False
native,karatsuba,E2,Green,0,0.1,48.5625,0.028336231628892802,False
native,karatsuba,E2,Green,0,0.2,48.5625,0.028336231628892802,False
native,karatsuba,E2,Green,0,0.5,48.5625,0.028336231628892802,False
native,karatsuba,E2,Green,0,1.0,48.5625,0.028336231628892802,False
native,karatsuba,E2,Green,1,0.0,84.734375,0.027942879613123722,False
native,karatsuba,E2,Green,1,0.01,72.34375,0.02855065720761141,False
native,karatsuba,E2,Green,1,0.02,60.953125,0.028055878467765197,False
native,karatsuba,E2,Green,1,0.05,48.5625,0.02833623162889281,False
native,karatsuba,E2,Green,1,0.1,48.5625,0.02833623162889281,False
native,karatsuba,E2,Green,1,0.2,48.5625,0.02833623162889281,False
native,karatsuba,E2,Green,1,0.5,48.5625,0.02833623162889281,False
native,karatsuba,E2,Green,1,1.0,48.5625,0.02833623162889281,False
native,karatsuba,E2,Green,2,0.0,84.734375,0.02794287961312381,False
native,karatsuba,E2,Green,2,0.01,72.34375,0.028550657207611414,False
native,karatsuba,E2,Green,2,0.02,60.953125,0.02805587846776516,False
native,karatsuba,E2,Green,2,0.05,48.5625,0.02833623162889271,False
native,karatsuba,E2,Green,2,0.1,48.5625,0.02833623162889271,False
native,karatsuba,E2,Green,2,0.2,48.5625,0.02833623162889271,False
native,karatsuba,E2,Green,2,0.5,48.5625,0.02833623162889271,False
native,karatsuba,E2,Green,2,1.0,48.5625,0.02833623162889271,False
native,karatsuba,E2,Green,3,0.0,84.734375,0.028527888592509165,False
native,karatsuba,E2,Green,3,0.01,72.34375,0.028550657207611397,False
native,karatsuba,E2,Green,3,0.02,60.953125,0.028055878467765236,False
native,karatsuba,E2,Green,3,0.05,48.5625,0.0283362316288928,False
native,karatsuba,E2,Green,3,0.1,48.5625,0.0283362316288928,False
native,karatsuba,E2,Green,3,0.2,48.5625,0.0283362316288928,False
native,karatsuba,E2,Green,3,0.5,48.5625,0.0283362316288928,False
native,karatsuba,E2,Green,3,1.0,48.5625,0.0283362316288928,False
native,karatsuba,E2,Green,4,0.0,84.734375,0.028495472197663872,False
native,karatsuba,E2,Green,4,0.01,72.34375,0.028621296410020196,False
native,karatsuba,E2,Green,4,0.02,60.953125,0.028055878467765197,False
native,karatsuba,E2,Green,4,0.05,48.5625,0.028336231628892816,False
native,karatsuba,E2,Green,4,0.1,48.5625,0.028336231628892816,False
native,karatsuba,E2,Green,4,0.2,48.5625,0.028336231628892816,False
native,karatsuba,E2,Green,4,0.5,48.5625,0.028336231628892816,False
native,karatsuba,E2,Green,4,1.0,48.5625,0.028336231628892816,False
native,karatsuba,E2,Green,5,0.0,84.734375,0.02801251242182587,False
native,karatsuba,E2,Green,5,0.01,72.34375,0.02818844475994596,False
native,karatsuba,E2,Green,5,0.02,60.953125,0.02805587846776517,False
native,karatsuba,E2,Green,5,0.05,48.5625,0.028336231628892813,False
native,karatsuba,E2,Green,5,0.1,48.5625,0.028336231628892813,False
native,karatsuba,E2,Green,5,0.2,48.5625,0.028336231628892813,False
native,karatsuba,E2,Green,5,0.5,48.5625,0.028336231628892813,False
native,karatsuba,E2,Green,5,1.0,48.5625,0.028336231628892813,False
native,karatsuba,E2,Green,6,0.0,84.734375,0.02797429668729548,False
native,karatsuba,E2,Green,6,0.01,72.34375,0.028188444759945964,False
native,karatsuba,E2,Green,6,0.02,60.953125,0.02805587846776524,False
native,karatsuba,E2,Green,6,0.05,48.5625,0.02833623162889278,False
native,karatsuba,E2,Green,6,0.1,48.5625,0.02833623162889278,False
native,karatsuba,E2,Green,6,0.2,48.5625,0.02833623162889278,False
native,karatsuba,E2,Green,6,0.5,48.5625,0.02833623162889278,False
native,karatsuba,E2,Green,6,1.0,36.171875,0.039973853803172796,False
native,karatsuba,E2,Green,7,0.0,84.734375,0.027974296687295494,False
native,karatsuba,E2,Green,7,0.01,72.34375,0.02855065720761141,False
native,karatsuba,E2,Green,7,0.02,60.953125,0.02805587846776518,False
native,karatsuba,E2,Green,7,0.05,48.5625,0.028336231628892785,False
native,karatsuba,E2,Green,7,0.1,48.5625,0.028336231628892785,False
native,karatsuba,E2,Green,7,0.2,48.5625,0.028336231628892785,False
native,karatsuba,E2,Green,7,0.5,48.5625,0.028336231628892785,False
native,karatsuba,E2,Green,7,1.0,48.5625,0.028336231628892785,False
native,karatsuba,E2,Green,8,0.0,84.734375,0.028051303057781894,False
native,karatsuba,E2,Green,8,0.01,60.953125,0.02805587846776522,False
native,karatsuba,E2,Green,8,0.02,60.953125,0.02805587846776522,False
native,karatsuba,E2,Green,8,0.05,48.5625,0.028336231628892813,False
native,karatsuba,E2,Green,8,0.1,48.5625,0.028336231628892813,False
native,karatsuba,E2,Green,8,0.2,48.5625,0.028336231628892813,False
native,karatsuba,E2,Green,8,0.5,48.5625,0.028336231628892813,False
native,karatsuba,E2,Green,8,1.0,48.5625,0.028336231628892813,False
native,karatsuba,E2,Green,9,0.0,84.734375,0.028439045742316756,False
native,karatsuba,E2,Green,9,0.01,72.34375,0.028621296410020144,False
native,karatsuba,E2,Green,9,0.02,60.953125,0.02805587846776518,False
native,karatsuba,E2,Green,9,0.05,48.5625,0.028336231628892757,False
native,karatsuba,E2,Green,9,0.1,48.5625,0.028336231628892757,False
native,karatsuba,E2,Green,9,0.2,48.5625,0.028336231628892757,False
native,karatsuba,E2,Green,9,0.5,48.5625,0.028336231628892757,False
native,karatsuba,E2,Green,9,1.0,48.5625,0.028336231628892757,False
native,karatsuba,E2,Green,10,0.0,84.734375,0.02801251242182588,False
native,karatsuba,E2,Green,10,0.01,72.34375,0.02855065720761141,False
native,karatsuba,E2,Green,10,0.02,60.953125,0.02805587846776518,False
native,karatsuba,E2,Green,10,0.05,48.5625,0.028336231628892785,False
native,karatsuba,E2,Green,10,0.1,48.5625,0.028336231628892785,False
native,karatsuba,E2,Green,10,0.2,48.5625,0.028336231628892785,False
native,karatsuba,E2,Green,10,0.5,48.5625,0.028336231628892785,False
native,karatsuba,E2,Green,10,1.0,48.5625,0.028336231628892785,False
native,karatsuba,E2,Green,11,0.0,84.734375,0.0279575978811175,False
native,karatsuba,E2,Green,11,0.01,72.34375,0.028188444759945946,False
native,karatsuba,E2,Green,11,0.02,60.953125,0.028055878467765197,False
native,karatsuba,E2,Green,11,0.05,48.5625,0.02833623162889281,False
native,karatsuba,E2,Green,11,0.1,48.5625,0.02833623162889281,False
native,karatsuba,E2,Green,11,0.2,48.5625,0.02833623162889281,False
native,karatsuba,E2,Green,11,0.5,48.5625,0.02833623162889281,False
native,karatsuba,E2,Green,11,1.0,48.5625,0.02833623162889281,False
native,karatsuba,E2,Green,12,0.0,84.734375,0.02794287961312381,False
native,karatsuba,E2,Green,12,0.01,73.34375,0.02810680335127576,False
native,karatsuba,E2,Green,12,0.02,60.953125,0.02805587846776521,False
native,karatsuba,E2,Green,12,0.05,48.5625,0.028336231628892802,False
native,karatsuba,E2,Green,12,0.1,48.5625,0.028336231628892802,False
native,karatsuba,E2,Green,12,0.2,48.5625,0.028336231628892802,False
native,karatsuba,E2,Green,12,0.5,48.5625,0.028336231628892802,False
native,karatsuba,E2,Green,12,1.0,48.5625,0.028336231628892802,False
native,karatsuba,E2,Green,13,0.0,84.734375,0.028495472197663838,False
native,karatsuba,E2,Green,13,0.01,73.34375,0.02814689414516094,False
native,karatsuba,E2,Green,13,0.02,60.953125,0.028055878467765187,False
native,karatsuba,E2,Green,13,0.05,48.5625,0.02833623162889271,False
native,karatsuba,E2,Green,13,0.1,48.5625,0.02833623162889271,False
native,karatsuba,E2,Green,13,0.2,48.5625,0.02833623162889271,False
native,karatsuba,E2,Green,13,0.5,48.5625,0.02833623162889271,False
native,karatsuba,E2,Green,13,1.0,48.5625,0.02833623162889271,False
native,karatsuba,E2,Green,14,0.0,84.734375,0.02795759788111757,False
native,karatsuba,E2,Green,14,0.01,73.34375,0.028146894145160934,False
native,karatsuba,E2,Green,14,0.02,60.953125,0.0280558784677652,False
native,karatsuba,E2,Green,14,0.05,48.5625,0.028336231628892785,False
native,karatsuba,E2,Green,14,0.1,48.5625,0.028336231628892785,False
native,karatsuba,E2,Green,14,0.2,48.5625,0.028336231628892785,False
native,karatsuba,E2,Green,14,0.5,48.5625,0.028336231628892785,False
native,karatsuba,E2,Green,14,1.0,48.5625,0.028336231628892785,False
native,karatsuba,E2,Green,15,0.0,84.734375,0.02843904574231675,False
native,karatsuba,E2,Green,15,0.01,73.34375,0.02814689414516091,False
native,karatsuba,E2,Green,15,0.02,60.953125,0.02805587846776521,False
native,karatsuba,E2,Green,15,0.05,48.5625,0.0283362316288927,False
native,karatsuba,E2,Green,15,0.1,48.5625,0.0283362316288927,False
native,karatsuba,E2,Green,15,0.2,48.5625,0.0283362316288927,False
native,karatsuba,E2,Green,15,0.5,48.5625,0.0283362316288927,False
native,karatsuba,E2,Green,15,1.0,48.5625,0.0283362316288927,False
native,karatsuba,E2,Green,16,0.0,84.734375,0.028589567436890877,False
native,karatsuba,E2,Green,16,0.01,72.34375,0.02880942424416165,False
native,karatsuba,E2,Green,16,0.02,60.953125,0.02805587846776518,False
native,karatsuba,E2,Green,16,0.05,48.5625,0.028336231628892754,False
native,karatsuba,E2,Green,16,0.1,48.5625,0.028336231628892754,False
native,karatsuba,E2,Green,16,0.2,48.5625,0.028336231628892754,False
native,karatsuba,E2,Green,16,0.5,48.5625,0.028336231628892754,False
native,karatsuba,E2,Green,16,1.0,48.5625,0.028336231628892754,False
native,karatsuba,E2,Green,17,0.0,84.734375,0.028439045742316656,False
native,karatsuba,E2,Green,17,0.01,73.34375,0.028106803351275803,False
native,karatsuba,E2,Green,17,0.02,60.953125,0.028055878467765222,False
native,karatsuba,E2,Green,17,0.05,48.5625,0.0283362316288928,False
native,karatsuba,E2,Green,17,0.1,48.5625,0.0283362316288928,False
native,karatsuba,E2,Green,17,0.2,48.5625,0.0283362316288928,False
native,karatsuba,E2,Green,17,0.5,48.5625,0.0283362316288928,False
native,karatsuba,E2,Green,17,1.0,48.5625,0.0283362316288928,False
native,karatsuba,E2,Green,18,0.0,84.734375,0.027974296687295678,False
native,karatsuba,E2,Green,18,0.01,72.34375,0.028550657207611414,False
native,karatsuba,E2,Green,18,0.02,60.953125,0.02805587846776524,False
native,karatsuba,E2,Green,18,0.05,48.5625,0.0283362316288928,False
native,karatsuba,E2,Green,18,0.1,48.5625,0.0283362316288928,False
native,karatsuba,E2,Green,18,0.2,48.5625,0.0283362316288928,False
native,karatsuba,E2,Green,18,0.5,48.5625,0.0283362316288928,False
native,karatsuba,E2,Green,18,1.0,48.5625,0.0283362316288928,False
native,karatsuba,E2,Green,19,0.0,84.734375,0.02797429668729562,False
native,karatsuba,E2,Green,19,0.01,72.34375,0.028188444759945995,False
native,karatsuba,E2,Green,19,0.02,60.953125,0.028055878467765236,False
native,karatsuba,E2,Green,19,0.05,48.5625,0.028336231628892802,False
native,karatsuba,E2,Green,19,0.1,48.5625,0.028336231628892802,False
native,karatsuba,E2,Green,19,0.2,48.5625,0.028336231628892802,False
native,karatsuba,E2,Green,19,0.5,48.5625,0.028336231628892802,False
native,karatsuba,E2,Green,19,1.0,48.5625,0.028336231628892802,False
native,karatsuba,E2,Green,20,0.0,84.734375,0.028495472197663824,False
native,karatsuba,E2,Green,20,0.01,72.34375,0.028621296410020182,False
native,karatsuba,E2,Green,20,0.02,60.953125,0.028055878467765208,False
native,karatsuba,E2,Green,20,0.05,48.5625,0.028336231628892816,False
native,karatsuba,E2,Green,20,0.1,48.5625,0.028336231628892816,False
native,karatsuba,E2,Green,20,0.2,48.5625,0.028336231628892816,False
native,karatsuba,E2,Green,20,0.5,48.5625,0.028336231628892816,False
native,karatsuba,E2,Green,20,1.0,48.5625,0.028336231628892816,False
native,karatsuba,E2,Green,21,0.0,84.734375,0.028439045742316756,False
native,karatsuba,E2,Green,21,0.01,72.34375,0.02855065720761142,False
native,karatsuba,E2,Green,21,0.02,60.953125,0.028055878467765197,False
native,karatsuba,E2,Green,21,0.05,48.5625,0.028336231628892802,False
native,karatsuba,E2,Green,21,0.1,48.5625,0.028336231628892802,False
native,karatsuba,E2,Green,21,0.2,48.5625,0.028336231628892802,False
native,karatsuba,E2,Green,21,0.5,48.5625,0.028336231628892802,False
native,karatsuba,E2,Green,21,1.0,48.5625,0.028336231628892802,False
native,karatsuba,E2,Green,22,0.0,84.734375,0.028439045742316788,False
native,karatsuba,E2,Green,22,0.01,72.34375,0.028621296410020196,False
native,karatsuba,E2,Green,22,0.02,60.953125,0.02805587846776518,False
native,karatsuba,E2,Green,22,0.05,48.5625,0.028336231628892785,False
native,karatsuba,E2,Green,22,0.1,48.5625,0.028336231628892785,False
native,karatsuba,E2,Green,22,0.2,48.5625,0.028336231628892785,False
native,karatsuba,E2,Green,22,0.5,48.5625,0.028336231628892785,False
native,karatsuba,E2,Green,22,1.0,48.5625,0.028336231628892785,False
native,karatsuba,E2,Green,23,0.0,84.734375,0.027942879613123722,False
native,karatsuba,E2,Green,23,0.01,72.34375,0.02880942424416166,False
native,karatsuba,E2,Green,23,0.02,60.953125,0.02805587846776513,False
native,karatsuba,E2,Green,23,0.05,48.5625,0.02833623162889278,False
native,karatsuba,E2,Green,23,0.1,48.5625,0.02833623162889278,False
native,karatsuba,E2,Green,23,0.2,48.5625,0.02833623162889278,False
native,karatsuba,E2,Green,23,0.5,48.5625,0.02833623162889278,False
native,karatsuba,E2,Green,23,1.0,48.5625,0.02833623162889278,False
native,karatsuba,E2,Green,24,0.0,84.734375,0.02849547219766378,False
native,karatsuba,E2,Green,24,0.01,73.34375,0.028146894145160993,False
native,karatsuba,E2,Green,24,0.02,60.953125,0.02805587846776524,False
native,karatsuba,E2,Green,24,0.05,48.5625,0.028336231628892802,False
native,karatsuba,E2,Green,24,0.1,48.5625,0.028336231628892802,False
native,karatsuba,E2,Green,24,0.2,48.5625,0.028336231628892802,False
native,karatsuba,E2,Green,24,0.5,48.5625,0.028336231628892802,False
native,karatsuba,E2,Green,24,1.0,48.5625,0.028336231628892802,False
native,karatsuba,E2,Green,25,0.0,84.734375,0.02797429668729562,False
native,karatsuba,E2,Green,25,0.01,73.34375,0.02810680335127578,False
native,karatsuba,E2,Green,25,0.02,60.953125,0.02805587846776521,False
native,karatsuba,E2,Green,25,0.05,60.953125,0.02805587846776521,False
native,karatsuba,E2,Green,25,0.1,48.5625,0.027785635104398278,False
native,karatsuba,E2,Green,25,0.2,48.5625,0.027785635104398278,False
native,karatsuba,E2,Green,25,0.5,48.5625,0.027785635104398278,False
native,karatsuba,E2,Green,25,1.0,36.171875,0.03839160837509461,False
native,karatsuba,E2,Green,26,0.0,84.734375,0.02797837913690609,False
native,karatsuba,E2,Green,26,0.01,60.953125,0.028055878467765197,False
native,karatsuba,E2,Green,26,0.02,60.953125,0.028055878467765197,False
native,karatsuba,E2,Green,26,0.05,48.5625,0.028336231628892785,False
native,karatsuba,E2,Green,26,0.1,48.5625,0.028336231628892785,False
native,karatsuba,E2,Green,26,0.2,48.5625,0.028336231628892785,False
native,karatsuba,E2,Green,26,0.5,48.5625,0.028336231628892785,False
native,karatsuba,E2,Green,26,1.0,48.5625,0.028336231628892785,False
native,karatsuba,E2,Green,27,0.0,84.734375,0.027942879613123837,False
native,karatsuba,E2,Green,27,0.01,72.34375,0.028550657207611414,False
native,karatsuba,E2,Green,27,0.02,60.953125,0.028055878467765145,False
native,karatsuba,E2,Green,27,0.05,48.5625,0.028336231628892802,False
native,karatsuba,E2,Green,27,0.1,48.5625,0.028336231628892802,False
native,karatsuba,E2,Green,27,0.2,48.5625,0.028336231628892802,False
native,karatsuba,E2,Green,27,0.5,48.5625,0.028336231628892802,False
native,karatsuba,E2,Green,27,1.0,48.5625,0.028336231628892802,False
native,karatsuba,E2,Green,28,0.0,84.734375,0.028495472197663702,False
native,karatsuba,E2,Green,28,0.01,72.34375,0.028621296410020196,False
native,karatsuba,E2,Green,28,0.02,60.953125,0.028055878467765145,False
native,karatsuba,E2,Green,28,0.05,48.5625,0.0283362316288928,False
native,karatsuba,E2,Green,28,0.1,48.5625,0.0283362316288928,False
native,karatsuba,E2,Green,28,0.2,48.5625,0.0283362316288928,False
native,karatsuba,E2,Green,28,0.5,48.5625,0.0283362316288928,False
native,karatsuba,E2,Green,28,1.0,48.5625,0.0283362316288928,False
native,karatsuba,E2,Green,29,0.0,84.734375,0.02843904574231667,False
native,karatsuba,E2,Green,29,0.01,72.34375,0.028550657207611456,False
native,karatsuba,E2,Green,29,0.02,60.953125,0.028055878467765208,False
native,karatsuba,E2,Green,29,0.05,48.5625,0.028336231628892705,False
native,karatsuba,E2,Green,29,0.1,48.5625,0.028336231628892705,False
native,karatsuba,E2,Green,29,0.2,48.5625,0.028336231628892705,False
native,karatsuba,E2,Green,29,0.5,48.5625,0.028336231628892705,False
native,karatsuba,E2,Green,29,1.0,48.5625,0.028336231628892705,False
native,karatsuba,E3,SO,0,0.0,133.296875,1.4201369254348997,False
native,karatsuba,E3,SO,0,0.01,133.296875,1.4201369254348997,False
native,karatsuba,E3,SO,0,0.02,133.296875,1.4201369254348997,False
native,karatsuba,E3,SO,0,0.05,133.296875,1.4201369254348997,False
native,karatsuba,E3,SO,0,0.1,133.296875,1.4201369254348997,False
native,karatsuba,E3,SO,0,0.2,133.296875,1.4201369254348997,False
native,karatsuba,E3,SO,0,0.5,133.296875,1.4201369254348997,False
native,karatsuba,E3,SO,0,1.0,133.296875,1.4201369254348997,False
native,karatsuba,E3,SO,1,0.0,109.515625,1.3685669607668864,False
native,karatsuba,E3,SO,1,0.01,109.515625,1.3685669607668864,False
native,karatsuba,E3,SO,1,0.02,109.515625,1.3685669607668864,False
native,karatsuba,E3,SO,1,0.05,109.515625,1.3685669607668864,False
native,karatsuba,E3,SO,1,0.1,109.515625,1.3685669607668864,False
native,karatsuba,E3,SO,1,0.2,109.515625,1.3685669607668864,False
native,karatsuba,E3,SO,1,0.5,109.515625,1.3685669607668864,False
native,karatsuba,E3,SO,1,1.0,109.515625,1.3685669607668864,False
native,karatsuba,E3,SO,2,0.0,133.296875,1.2522088427975897,False
native,karatsuba,E3,SO,2,0.01,133.296875,1.2522088427975897,False
native,karatsuba,E3,SO,2,0.02,133.296875,1.2522088427975897,False
native,karatsuba,E3,SO,2,0.05,133.296875,1.2522088427975897,False
native,karatsuba,E3,SO,2,0.1,133.296875,1.2522088427975897,False
native,karatsuba,E3,SO,2,0.2,133.296875,1.2522088427975897,False
native,karatsuba,E3,SO,2,0.5,133.296875,1.2522088427975897,False
native,karatsuba,E3,SO,2,1.0,133.296875,1.2522088427975897,False
native,karatsuba,E3,SO,3,0.0,121.90625,1.3937274818636392,False
native,karatsuba,E3,SO,3,0.01,121.90625,1.3937274818636392,False
native,karatsuba,E3,SO,3,0.02,121.90625,1.3937274818636392,False
native,karatsuba,E3,SO,3,0.05,121.90625,1.3937274818636392,False
native,karatsuba,E3,SO,3,0.1,121.90625,1.3937274818636392,False
native,karatsuba,E3,SO,3,0.2,121.90625,1.3937274818636392,False
native,karatsuba,E3,SO,3,0.5,121.90625,1.3937274818636392,False
native,karatsuba,E3,SO,3,1.0,121.90625,1.3937274818636392,False
native,karatsuba,E3,SO,4,0.0,121.90625,1.3847582396988163,False
native,karatsuba,E3,SO,4,0.01,121.90625,1.3847582396988163,False
native,karatsuba,E3,SO,4,0.02,121.90625,1.3847582396988163,False
native,karatsuba,E3,SO,4,0.05,121.90625,1.3847582396988163,False
native,karatsuba,E3,SO,4,0.1,121.90625,1.3847582396988163,False
native,karatsuba,E3,SO,4,0.2,121.90625,1.3847582396988163,False
native,karatsuba,E3,SO,4,0.5,121.90625,1.3847582396988163,False
native,karatsuba,E3,SO,4,1.0,121.90625,1.3847582396988163,False
native,karatsuba,E3,SO,5,0.0,121.90625,1.318735813192184,False
native,karatsuba,E3,SO,5,0.01,121.90625,1.318735813192184,False
native,karatsuba,E3,SO,5,0.02,121.90625,1.318735813192184,False
native,karatsuba,E3,SO,5,0.05,121.90625,1.318735813192184,False
native,karatsuba,E3,SO,5,0.1,121.90625,1.318735813192184,False
native,karatsuba,E3,SO,5,0.2,121.90625,1.318735813192184,False
native,karatsuba,E3,SO,5,0.5,121.90625,1.318735813192184,False
native,karatsuba,E3,SO,5,1.0,121.90625,1.318735813192184,False
native,karatsuba,E3,SO,6,0.0,133.296875,1.503138715081509,False
native,karatsuba,E3,SO,6,0.01,133.296875,1.503138715081509,False
native,karatsuba,E3,SO,6,0.02,133.296875,1.503138715081509,False
native,karatsuba,E3,SO,6,0.05,133.296875,1.503138715081509,False
native,karatsuba,E3,SO,6,0.1,133.296875,1.503138715081509,False
native,karatsuba,E3,SO,6,0.2,133.296875,1.503138715081509,False
native,karatsuba,E3,SO,6,0.5,133.296875,1.503138715081509,False
native,karatsuba,E3,SO,6,1.0,133.296875,1.503138715081509,False
native,karatsuba,E3,SO,7,0.0,144.6875,1.1706935881100962,False
native,karatsuba,E3,SO,7,0.01,144.6875,1.1706935881100962,False
native,karatsuba,E3,SO,7,0.02,144.6875,1.1706935881100962,False
native,karatsuba,E3,SO,7,0.05,144.6875,1.1706935881100962,False
native,karatsuba,E3,SO,7,0.1,144.6875,1.1706935881100962,False
native,karatsuba,E3,SO,7,0.2,144.6875,1.1706935881100962,False
native,karatsuba,E3,SO,7,0.5,144.6875,1.1706935881100962,False
native,karatsuba,E3,SO,7,1.0,144.6875,1.1706935881100962,False
native,karatsuba,E3,SO,8,0.0,109.515625,1.4670512654674763,False
native,karatsuba,E3,SO,8,0.01,109.515625,1.4670512654674763,False
native,karatsuba,E3,SO,8,0.02,109.515625,1.4670512654674763,False
native,karatsuba,E3,SO,8,0.05,109.515625,1.4670512654674763,False
native,karatsuba,E3,SO,8,0.1,109.515625,1.4670512654674763,False
native,karatsuba,E3,SO,8,0.2,109.515625,1.4670512654674763,False
native,karatsuba,E3,SO,8,0.5,109.515625,1.4670512654674763,False
native,karatsuba,E3,SO,8,1.0,109.515625,1.4670512654674763,False
native,karatsuba,E3,SO,9,0.0,144.6875,1.300967457472379,False
native,karatsuba,E3,SO,9,0.01,144.6875,1.300967457472379,False
native,karatsuba,E3,SO,9,0.02,144.6875,1.300967457472379,False
native,karatsuba,E3,SO,9,0.05,144.6875,1.300967457472379,False
native,karatsuba,E3,SO,9,0.1,144.6875,1.300967457472379,False
native,karatsuba,E3,SO,9,0.2,144.6875,1.300967457472379,False
native,karatsuba,E3,SO,9,0.5,144.6875,1.300967457472379,False
native,karatsuba,E3,SO,9,1.0,144.6875,1.300967457472379,False
native,karatsuba,E3,SO,10,0.0,201.640625,0.5117397039527375,False
native,karatsuba,E3,SO,10,0.01,201.640625,0.5117397039527375,False
native,karatsuba,E3,SO,10,0.02,201.640625,0.5117397039527375,False
native,karatsuba,E3,SO,10,0.05,201.640625,0.5117397039527375,False
native,karatsuba,E3,SO,10,0.1,201.640625,0.5117397039527375,False
native,karatsuba,E3,SO,10,0.2,201.640625,0.5117397039527375,False
native,karatsuba,E3,SO,10,0.5,201.640625,0.5117397039527375,False
native,karatsuba,E3,SO,10,1.0,201.640625,0.5117397039527375,False
native,karatsuba,E3,SO,11,0.0,190.25,0.15936494644949042,False
native,karatsuba,E3,SO,11,0.01,190.25,0.15936494644949042,False
native,karatsuba,E3,SO,11,0.02,190.25,0.15936494644949042,False
native,karatsuba,E3,SO,11,0.05,190.25,0.15936494644949042,False
native,karatsuba,E3,SO,11,0.1,190.25,0.15936494644949042,False
native,karatsuba,E3,SO,11,0.2,190.25,0.15936494644949042,False
native,karatsuba,E3,SO,11,0.5,190.25,0.15936494644949042,False
native,karatsuba,E3,SO,11,1.0,190.25,0.15936494644949042,False
native,karatsuba,E3,SO,12,0.0,121.90625,1.413237231933367,False
native,karatsuba,E3,SO,12,0.01,121.90625,1.413237231933367,False
native,karatsuba,E3,SO,12,0.02,121.90625,1.413237231933367,False
native,karatsuba,E3,SO,12,0.05,121.90625,1.413237231933367,False
native,karatsuba,E3,SO,12,0.1,121.90625,1.413237231933367,False
native,karatsuba,E3,SO,12,0.2,121.90625,1.413237231933367,False
native,karatsuba,E3,SO,12,0.5,121.90625,1.413237231933367,False
native,karatsuba,E3,SO,12,1.0,121.90625,1.413237231933367,False
native,karatsuba,E3,SO,13,0.0,133.296875,1.4978106212189835,False
native,karatsuba,E3,SO,13,0.01,133.296875,1.4978106212189835,False
native,karatsuba,E3,SO,13,0.02,133.296875,1.4978106212189835,False
native,karatsuba,E3,SO,13,0.05,133.296875,1.4978106212189835,False
native,karatsuba,E3,SO,13,0.1,133.296875,1.4978106212189835,False
native,karatsuba,E3,SO,13,0.2,133.296875,1.4978106212189835,False
native,karatsuba,E3,SO,13,0.5,133.296875,1.4978106212189835,False
native,karatsuba,E3,SO,13,1.0,133.296875,1.4978106212189835,False
native,karatsuba,E3,SO,14,0.0,86.734375,1.424536414312042,False
native,karatsuba,E3,SO,14,0.01,86.734375,1.424536414312042,False
native,karatsuba,E3,SO,14,0.02,86.734375,1.424536414312042,False
native,karatsuba,E3,SO,14,0.05,86.734375,1.424536414312042,False
native,karatsuba,E3,SO,14,0.1,86.734375,1.424536414312042,False
native,karatsuba,E3,SO,14,0.2,86.734375,1.424536414312042,False
native,karatsuba,E3,SO,14,0.5,86.734375,1.424536414312042,False
native,karatsuba,E3,SO,14,1.0,86.734375,1.424536414312042,False
native,karatsuba,E3,SO,15,0.0,144.6875,1.0777152814237663,False
native,karatsuba,E3,SO,15,0.01,144.6875,1.0777152814237663,False
native,karatsuba,E3,SO,15,0.02,144.6875,1.0777152814237663,False
native,karatsuba,E3,SO,15,0.05,144.6875,1.0777152814237663,False
native,karatsuba,E3,SO,15,0.1,144.6875,1.0777152814237663,False
native,karatsuba,E3,SO,15,0.2,144.6875,1.0777152814237663,False
native,karatsuba,E3,SO,15,0.5,144.6875,1.0777152814237663,False
native,karatsuba,E3,SO,15,1.0,144.6875,1.0777152814237663,False
native,karatsuba,E3,SO,16,0.0,109.515625,1.3737644606081234,False
native,karatsuba,E3,SO,16,0.01,109.515625,1.3737644606081234,False
native,karatsuba,E3,SO,16,0.02,109.515625,1.3737644606081234,False
native,karatsuba,E3,SO,16,0.05,109.515625,1.3737644606081234,False
native,karatsuba,E3,SO,16,0.1,109.515625,1.3737644606081234,False
native,karatsuba,E3,SO,16,0.2,109.515625,1.3737644606081234,False
native,karatsuba,E3,SO,16,0.5,109.515625,1.3737644606081234,False
native,karatsuba,E3,SO,16,1.0,109.515625,1.3737644606081234,False
native,karatsuba,E3,SO,17,0.0,121.90625,1.4132372314242998,False
native,karatsuba,E3,SO,17,0.01,121.90625,1.4132372314242998,False
native,karatsuba,E3,SO,17,0.02,121.90625,1.4132372314242998,False
native,karatsuba,E3,SO,17,0.05,121.90625,1.4132372314242998,False
native,karatsuba,E3,SO,17,0.1,121.90625,1.4132372314242998,False
native,karatsuba,E3,SO,17,0.2,121.90625,1.4132372314242998,False
native,karatsuba,E3,SO,17,0.5,121.90625,1.4132372314242998,False
native,karatsuba,E3,SO,17,1.0,121.90625,1.4132372314242998,False
native,karatsuba,E3,SO,18,0.0,109.515625,1.474250042250113,False
native,karatsuba,E3,SO,18,0.01,109.515625,1.474250042250113,False
native,karatsuba,E3,SO,18,0.02,109.515625,1.474250042250113,False
native,karatsuba,E3,SO,18,0.05,109.515625,1.474250042250113,False
native,karatsuba,E3,SO,18,0.1,109.515625,1.474250042250113,False
native,karatsuba,E3,SO,18,0.2,109.515625,1.474250042250113,False
native,karatsuba,E3,SO,18,0.5,109.515625,1.474250042250113,False
native,karatsuba,E3,SO,18,1.0,109.515625,1.474250042250113,False
native,karatsuba,E3,SO,19,0.0,133.296875,1.506652679879836,False
native,karatsuba,E3,SO,19,0.01,133.296875,1.506652679879836,False
native,karatsuba,E3,SO,19,0.02,133.296875,1.506652679879836,False
native,karatsuba,E3,SO,19,0.05,133.296875,1.506652679879836,False
native,karatsuba,E3,SO,19,0.1,133.296875,1.506652679879836,False
native,karatsuba,E3,SO,19,0.2,133.296875,1.506652679879836,False
native,karatsuba,E3,SO,19,0.5,133.296875,1.506652679879836,False
native,karatsuba,E3,SO,19,1.0,133.296875,1.506652679879836,False
native,karatsuba,E3,SO,20,0.0,109.515625,1.3814531183213783,False
native,karatsuba,E3,SO,20,0.01,109.515625,1.3814531183213783,False
native,karatsuba,E3,SO,20,0.02,109.515625,1.3814531183213783,False
native,karatsuba,E3,SO,20,0.05,109.515625,1.3814531183213783,False
native,karatsuba,E3,SO,20,0.1,109.515625,1.3814531183213783,False
native,karatsuba,E3,SO,20,0.2,109.515625,1.3814531183213783,False
native,karatsuba,E3,SO,20,0.5,109.515625,1.3814531183213783,False
native,karatsuba,E3,SO,20,1.0,109.515625,1.3814531183213783,False
native,karatsuba,E3,SO,21,0.0,144.6875,1.1192204615298393,False
native,karatsuba,E3,SO,21,0.01,144.6875,1.1192204615298393,False
native,karatsuba,E3,SO,21,0.02,144.6875,1.1192204615298393,False
native,karatsuba,E3,SO,21,0.05,144.6875,1.1192204615298393,False
native,karatsuba,E3,SO,21,0.1,144.6875,1.1192204615298393,False
native,karatsuba,E3,SO,21,0.2,144.6875,1.1192204615298393,False
native,karatsuba,E3,SO,21,0.5,144.6875,1.1192204615298393,False
native,karatsuba,E3,SO,21,1.0,144.6875,1.1192204615298393,False
native,karatsuba,E3,SO,22,0.0,86.734375,1.4245364143079842,False
native,karatsuba,E3,SO,22,0.01,86.734375,1.4245364143079842,False
native,karatsuba,E3,SO,22,0.02,86.734375,1.4245364143079842,False
native,karatsuba,E3,SO,22,0.05,86.734375,1.4245364143079842,False
native,karatsuba,E3,SO,22,0.1,86.734375,1.4245364143079842,False
native,karatsuba,E3,SO,22,0.2,86.734375,1.4245364143079842,False
native,karatsuba,E3,SO,22,0.5,86.734375,1.4245364143079842,False
native,karatsuba,E3,SO,22,1.0,86.734375,1.4245364143079842,False
native,karatsuba,E3,SO,23,0.0,166.46875,0.06295452017153055,False
native,karatsuba,E3,SO,23,0.01,166.46875,0.06295452017153055,False
native,karatsuba,E3,SO,23,0.02,166.46875,0.06295452017153055,False
native,karatsuba,E3,SO,23,0.05,166.46875,0.06295452017153055,False
native,karatsuba,E3,SO,23,0.1,166.46875,0.06295452017153055,False
native,karatsuba,E3,SO,23,0.2,166.46875,0.06295452017153055,False
native,karatsuba,E3,SO,23,0.5,166.46875,0.06295452017153055,False
native,karatsuba,E3,SO,23,1.0,166.46875,0.06295452017153055,False
native,karatsuba,E3,SO,24,0.0,133.296875,1.5027628031419384,False
native,karatsuba,E3,SO,24,0.01,133.296875,1.5027628031419384,False
native,karatsuba,E3,SO,24,0.02,133.296875,1.5027628031419384,False
native,karatsuba,E3,SO,24,0.05,133.296875,1.5027628031419384,False
native,karatsuba,E3,SO,24,0.1,133.296875,1.5027628031419384,False
native,karatsuba,E3,SO,24,0.2,133.296875,1.5027628031419384,False
native,karatsuba,E3,SO,24,0.5,133.296875,1.5027628031419384,False
native,karatsuba,E3,SO,24,1.0,133.296875,1.5027628031419384,False
native,karatsuba,E3,SO,25,0.0,121.90625,1.3937274818561558,False
native,karatsuba,E3,SO,25,0.01,121.90625,1.3937274818561558,False
native,karatsuba,E3,SO,25,0.02,121.90625,1.3937274818561558,False
native,karatsuba,E3,SO,25,0.05,121.90625,1.3937274818561558,False
native,karatsuba,E3,SO,25,0.1,121.90625,1.3937274818561558,False
native,karatsuba,E3,SO,25,0.2,121.90625,1.3937274818561558,False
native,karatsuba,E3,SO,25,0.5,121.90625,1.3937274818561558,False
native,karatsuba,E3,SO,25,1.0,121.90625,1.3937274818561558,False
native,karatsuba,E3,SO,26,0.0,133.296875,1.4325346169094877,False
native,karatsuba,E3,SO,26,0.01,133.296875,1.4325346169094877,False
native,karatsuba,E3,SO,26,0.02,133.296875,1.4325346169094877,False
native,karatsuba,E3,SO,26,0.05,133.296875,1.4325346169094877,False
native,karatsuba,E3,SO,26,0.1,133.296875,1.4325346169094877,False
native,karatsuba,E3,SO,26,0.2,133.296875,1.4325346169094877,False
native,karatsuba,E3,SO,26,0.5,133.296875,1.4325346169094877,False
native,karatsuba,E3,SO,26,1.0,133.296875,1.4325346169094877,False
native,karatsuba,E3,SO,27,0.0,133.296875,1.4625786496880029,False
native,karatsuba,E3,SO,27,0.01,133.296875,1.4625786496880029,False
native,karatsuba,E3,SO,27,0.02,133.296875,1.4625786496880029,False
native,karatsuba,E3,SO,27,0.05,133.296875,1.4625786496880029,False
native,karatsuba,E3,SO,27,0.1,133.296875,1.4625786496880029,False
native,karatsuba,E3,SO,27,0.2,133.296875,1.4625786496880029,False
native,karatsuba,E3,SO,27,0.5,133.296875,1.4625786496880029,False
native,karatsuba,E3,SO,27,1.0,133.296875,1.4625786496880029,False
native,karatsuba,E3,SO,28,0.0,86.734375,1.5473864518772669,False
native,karatsuba,E3,SO,28,0.01,86.734375,1.5473864518772669,False
native,karatsuba,E3,SO,28,0.02,86.734375,1.5473864518772669,False
native,karatsuba,E3,SO,28,0.05,86.734375,1.5473864518772669,False
native,karatsuba,E3,SO,28,0.1,86.734375,1.5473864518772669,False
native,karatsuba,E3,SO,28,0.2,86.734375,1.5473864518772669,False
native,karatsuba,E3,SO,28,0.5,86.734375,1.5473864518772669,False
native,karatsuba,E3,SO,28,1.0,86.734375,1.5473864518772669,False
native,karatsuba,E3,SO,29,0.0,109.515625,inf,False
native,karatsuba,E3,SO,29,0.01,109.515625,inf,False
native,karatsuba,E3,SO,29,0.02,109.515625,inf,False
native,karatsuba,E3,SO,29,0.05,109.515625,inf,False
native,karatsuba,E3,SO,29,0.1,109.515625,inf,False
native,karatsuba,E3,SO,29,0.2,109.515625,inf,False
native,karatsuba,E3,SO,29,0.5,109.515625,inf,False
native,karatsuba,E3,SO,29,1.0,109.515625,inf,False
native,karatsuba,E3,MO-lex,0,0.0,133.296875,1.4201369254348997,False
native,karatsuba,E3,MO-lex,0,0.01,109.515625,1.4114130381953272,False
native,karatsuba,E3,MO-lex,0,0.02,109.515625,1.4114130381953272,False
native,karatsuba,E3,MO-lex,0,0.05,109.515625,1.4114130381953272,False
native,karatsuba,E3,MO-lex,0,0.1,109.515625,1.4114130381953272,False
native,karatsuba,E3,MO-lex,0,0.2,109.515625,1.4114130381953272,False
native,karatsuba,E3,MO-lex,0,0.5,109.515625,1.4114130381953272,False
native,karatsuba,E3,MO-lex,0,1.0,109.515625,1.4114130381953272,False
native,karatsuba,E3,MO-lex,1,0.0,109.515625,1.3685669607668864,False
native,karatsuba,E3,MO-lex,1,0.01,109.515625,1.3685669607668864,False
native,karatsuba,E3,MO-lex,1,0.02,109.515625,1.3685669607668864,False
native,karatsuba,E3,MO-lex,1,0.05,109.515625,1.3685669607668864,False
native,karatsuba,E3,MO-lex,1,0.1,109.515625,1.3685669607668864,False
native,karatsuba,E3,MO-lex,1,0.2,109.515625,1.3685669607668864,False
native,karatsuba,E3,MO-lex,1,0.5,86.734375,1.5671959780111402,False
native,karatsuba,E3,MO-lex,1,1.0,86.734375,1.5671959780111402,False
native,karatsuba,E3,MO-lex,2,0.0,133.296875,1.2522088427975897,False
native,karatsuba,E3,MO-lex,2,0.01,109.515625,1.2543238892233024,False
native,karatsuba,E3,MO-lex,2,0.02,109.515625,1.2543238892233024,False
native,karatsuba,E3,MO-lex,2,0.05,109.515625,1.2543238892233024,False
native,karatsuba,E3,MO-lex,2,0.1,109.515625,1.2543238892233024,False
native,karatsuba,E3,MO-lex,2,0.2,109.515625,1.2543238892233024,False
native,karatsuba,E3,MO-lex,2,0.5,97.125,1.3156392568057336,False
native,karatsuba,E3,MO-lex,2,1.0,74.34375,542.023559226671,False
native,karatsuba,E3,MO-lex,3,0.0,121.90625,1.3937274818636392,False
native,karatsuba,E3,MO-lex,3,0.01,109.515625,1.4114130377786807,False
native,karatsuba,E3,MO-lex,3,0.02,109.515625,1.4114130377786807,False
native,karatsuba,E3,MO-lex,3,0.05,109.515625,1.4114130377786807,False
native,karatsuba,E3,MO-lex,3,0.1,109.515625,1.4114130377786807,False
native,karatsuba,E3,MO-lex,3,0.2,109.515625,1.4114130377786807,False
native,karatsuba,E3,MO-lex,3,0.5,109.515625,1.4114130377786807,False
native,karatsuba,E3,MO-lex,3,1.0,86.734375,129.20178530217558,False
native,karatsuba,E3,MO-lex,4,0.0,121.90625,1.3847582396988163,False
native,karatsuba,E3,MO-lex,4,0.01,109.515625,1.4073547064290304,False
native,karatsuba,E3,MO-lex,4,0.02,109.515625,1.4073547064290304,False
native,karatsuba,E3,MO-lex,4,0.05,109.515625,1.4073547064290304,False
native,karatsuba,E3,MO-lex,4,0.1,109.515625,1.4073547064290304,False
native,karatsuba,E3,MO-lex,4,0.2,98.125,8.931210244968689,False
native,karatsuba,E3,MO-lex,4,0.5,86.734375,1.516515060178145,False
native,karatsuba,E3,MO-lex,4,1.0,86.734375,1.516515060178145,False
native,karatsuba,E3,MO-lex,5,0.0,121.90625,1.318735813192184,False
native,karatsuba,E3,MO-lex,5,0.01,109.515625,1.339835537085711,False
native,karatsuba,E3,MO-lex,5,0.02,109.515625,1.339835537085711,False
native,karatsuba,E3,MO-lex,5,0.05,109.515625,1.339835537085711,False
native,karatsuba,E3,MO-lex,5,0.1,109.515625,1.339835537085711,False
native,karatsuba,E3,MO-lex,5,0.2,109.515625,1.339835537085711,False
native,karatsuba,E3,MO-lex,5,0.5,97.125,1.843167327177586,False
native,karatsuba,E3,MO-lex,5,1.0,97.125,1.843167327177586,False
native,karatsuba,E3,MO-lex,6,0.0,133.296875,1.503138715081509,False
native,karatsuba,E3,MO-lex,6,0.01,109.515625,1.4670512654174257,False
native,karatsuba,E3,MO-lex,6,0.02,109.515625,1.4670512654174257,False
native,karatsuba,E3,MO-lex,6,0.05,109.515625,1.4670512654174257,False
native,karatsuba,E3,MO-lex,6,0.1,109.515625,1.4670512654174257,False
native,karatsuba,E3,MO-lex,6,0.2,109.515625,1.4670512654174257,False
native,karatsuba,E3,MO-lex,6,0.5,98.125,28.478621995008684,False
native,karatsuba,E3,MO-lex,6,1.0,98.125,28.478621995008684,False
native,karatsuba,E3,MO-lex,7,0.0,144.6875,1.1706935881100962,False
native,karatsuba,E3,MO-lex,7,0.01,144.6875,1.1706935881100962,False
native,karatsuba,E3,MO-lex,7,0.02,144.6875,1.1706935881100962,False
native,karatsuba,E3,MO-lex,7,0.05,144.6875,1.1706935881100962,False
native,karatsuba,E3,MO-lex,7,0.1,144.6875,1.1706935881100962,False
native,karatsuba,E3,MO-lex,7,0.2,144.6875,1.1706935881100962,False
native,karatsuba,E3,MO-lex,7,0.5,132.296875,0.24278444474102315,False
native,karatsuba,E3,MO-lex,7,1.0,121.90625,1.5389084083684266,False
native,karatsuba,E3,MO-lex,8,0.0,109.515625,1.4670512654674763,False
native,karatsuba,E3,MO-lex,8,0.01,109.515625,1.4670512654674763,False
native,karatsuba,E3,MO-lex,8,0.02,109.515625,1.4670512654674763,False
native,karatsuba,E3,MO-lex,8,0.05,109.515625,1.4670512654674763,False
native,karatsuba,E3,MO-lex,8,0.1,109.515625,1.4670512654674763,False
native,karatsuba,E3,MO-lex,8,0.2,109.515625,1.4670512654674763,False
native,karatsuba,E3,MO-lex,8,0.5,97.125,3.2368738681988116,False
native,karatsuba,E3,MO-lex,8,1.0,97.125,3.2368738681988116,False
native,karatsuba,E3,MO-lex,9,0.0,144.6875,1.300967457472379,False
native,karatsuba,E3,MO-lex,9,0.01,109.515625,1.299601640550438,False
native,karatsuba,E3,MO-lex,9,0.02,109.515625,1.299601640550438,False
native,karatsuba,E3,MO-lex,9,0.05,109.515625,1.299601640550438,False
native,karatsuba,E3,MO-lex,9,0.1,109.515625,1.299601640550438,False
native,karatsuba,E3,MO-lex,9,0.2,109.515625,1.299601640550438,False
native,karatsuba,E3,MO-lex,9,0.5,86.734375,1.5085351819679258,False
native,karatsuba,E3,MO-lex,9,1.0,74.34375,272.3494024573,False
native,karatsuba,E3,MO-lex,10,0.0,201.640625,0.5117397039527375,False
native,karatsuba,E3,MO-lex,10,0.01,190.25,0.5562636241465339,False
native,karatsuba,E3,MO-lex,10,0.02,166.46875,0.5000326217763083,False
native,karatsuba,E3,MO-lex,10,0.05,166.46875,0.5000326217763083,False
native,karatsuba,E3,MO-lex,10,0.1,166.46875,0.5000326217763083,False
native,karatsuba,E3,MO-lex,10,0.2,166.46875,0.5000326217763083,False
native,karatsuba,E3,MO-lex,10,0.5,166.46875,0.5000326217763083,False
native,karatsuba,E3,MO-lex,10,1.0,155.078125,0.5807082531145178,False
native,karatsuba,E3,MO-lex,11,0.0,190.25,0.15936494644949042,False
native,karatsuba,E3,MO-lex,11,0.01,190.25,0.15936494644949042,False
native,karatsuba,E3,MO-lex,11,0.02,190.25,0.15936494644949042,False
native,karatsuba,E3,MO-lex,11,0.05,155.078125,1.5731477329613914,False
native,karatsuba,E3,MO-lex,11,0.1,155.078125,1.5731477329613914,False
native,karatsuba,E3,MO-lex,11,0.2,155.078125,1.5731477329613914,False
native,karatsuba,E3,MO-lex,11,0.5,155.078125,1.5731477329613914,False
native,karatsuba,E3,MO-lex,11,1.0,155.078125,1.5731477329613914,False
native,karatsuba,E3,MO-lex,12,0.0,121.90625,1.413237231933367,False
native,karatsuba,E3,MO-lex,12,0.01,109.515625,1.4309455630478096,False
native,karatsuba,E3,MO-lex,12,0.02,109.515625,1.4309455630478096,False
native,karatsuba,E3,MO-lex,12,0.05,109.515625,1.4309455630478096,False
native,karatsuba,E3,MO-lex,12,0.1,109.515625,1.4309455630478096,False
native,karatsuba,E3,MO-lex,12,0.2,109.515625,1.4309455630478096,False
native,karatsuba,E3,MO-lex,12,0.5,99.125,1.4060373904033643,False
native,karatsuba,E3,MO-lex,12,1.0,86.734375,136.14141456847426,False
native,karatsuba,E3,MO-lex,13,0.0,133.296875,1.4978106212189835,False
native,karatsuba,E3,MO-lex,13,0.01,133.296875,1.4978106212189835,False
native,karatsuba,E3,MO-lex,13,0.02,133.296875,1.4978106212189835,False
native,karatsuba,E3,MO-lex,13,0.05,133.296875,1.4978106212189835,False
native,karatsuba,E3,MO-lex,13,0.1,133.296875,1.4978106212189835,False
native,karatsuba,E3,MO-lex,13,0.2,121.90625,1.2914595046165889,False
native,karatsuba,E3,MO-lex,13,0.5,110.515625,1.6036133781762083,False
native,karatsuba,E3,MO-lex,13,1.0,110.515625,1.6036133781762083,False
native,karatsuba,E3,MO-lex,14,0.0,86.734375,1.424536414312042,False
native,karatsuba,E3,MO-lex,14,0.01,86.734375,1.424536414312042,False
native,karatsuba,E3,MO-lex,14,0.02,86.734375,1.424536414312042,False
native,karatsuba,E3,MO-lex,14,0.05,86.734375,1.424536414312042,False
native,karatsuba,E3,MO-lex,14,0.1,86.734375,1.424536414312042,False
native,karatsuba,E3,MO-lex,14,0.2,86.734375,1.424536414312042,False
native,karatsuba,E3,MO-lex,14,0.5,86.734375,1.424536414312042,False
native,karatsuba,E3,MO-lex,14,1.0,86.734375,1.424536414312042,False
native,karatsuba,E3,MO-lex,15,0.0,144.6875,1.0777152814237663,False
native,karatsuba,E3,MO-lex,15,0.01,144.6875,1.0777152814237663,False
native,karatsuba,E3,MO-lex,15,0.02,144.6875,1.0777152814237663,False
native,karatsuba,E3,MO-lex,15,0.05,144.6875,1.0777152814237663,False
native,karatsuba,E3,MO-lex,15,0.1,144.6875,1.0777152814237663,False
native,karatsuba,E3,MO-lex,15,0.2,144.6875,1.0777152814237663,False
native,karatsuba,E3,MO-lex,15,0.5,132.296875,0.35408354494542943,False
native,karatsuba,E3,MO-lex,15,1.0,110.515625,1.6003992271570908,False
native,karatsuba,E3,MO-lex,16,0.0,109.515625,1.3737644606081234,False
native,karatsuba,E3,MO-lex,16,0.01,109.515625,1.3737644606081234,False
native,karatsuba,E3,MO-lex,16,0.02,109.515625,1.3737644606081234,False
native,karatsuba,E3,MO-lex,16,0.05,109.515625,1.3737644606081234,False
native,karatsuba,E3,MO-lex,16,0.1,109.515625,1.3737644606081234,False
native,karatsuba,E3,MO-lex,16,0.2,109.515625,1.3737644606081234,False
native,karatsuba,E3,MO-lex,16,0.5,86.734375,7.704964674494544,False
native,karatsuba,E3,MO-lex,16,1.0,86.734375,7.704964674494544,False
native,karatsuba,E3,MO-lex,17,0.0,121.90625,1.4132372314242998,False
native,karatsuba,E3,MO-lex,17,0.01,109.515625,1.4309455630836678,False
native,karatsuba,E3,MO-lex,17,0.02,109.515625,1.4309455630836678,False
native,karatsuba,E3,MO-lex,17,0.05,109.515625,1.4309455630836678,False
native,karatsuba,E3,MO-lex,17,0.1,109.515625,1.4309455630836678,False
native,karatsuba,E3,MO-lex,17,0.2,74.34375,7.364572833632151,False
native,karatsuba,E3,MO-lex,17,0.5,74.34375,7.364572833632151,False
native,karatsuba,E3,MO-lex,17,1.0,74.34375,7.364572833632151,False
native,karatsuba,E3,MO-lex,18,0.0,109.515625,1.474250042250113,False
native,karatsuba,E3,MO-lex,18,0.01,109.515625,1.474250042250113,False
native,karatsuba,E3,MO-lex,18,0.02,109.515625,1.474250042250113,False
native,karatsuba,E3,MO-lex,18,0.05,109.515625,1.474250042250113,False
native,karatsuba,E3,MO-lex,18,0.1,109.515625,1.474250042250113,False
native,karatsuba,E3,MO-lex,18,0.2,109.515625,1.474250042250113,False
native,karatsuba,E3,MO-lex,18,0.5,86.734375,1.5789925514511733,False
native,karatsuba,E3,MO-lex,18,1.0,86.734375,1.5789925514511733,False
native,karatsuba,E3,MO-lex,19,0.0,133.296875,1.506652679879836,False
native,karatsuba,E3,MO-lex,19,0.01,109.515625,1.4670512654687449,False
native,karatsuba,E3,MO-lex,19,0.02,109.515625,1.4670512654687449,False
native,karatsuba,E3,MO-lex,19,0.05,109.515625,1.4670512654687449,False
native,karatsuba,E3,MO-lex,19,0.1,109.515625,1.4670512654687449,False
native,karatsuba,E3,MO-lex,19,0.2,109.515625,1.4670512654687449,False
native,karatsuba,E3,MO-lex,19,0.5,74.34375,12.980748539452287,False
native,karatsuba,E3,MO-lex,19,1.0,74.34375,12.980748539452287,False
native,karatsuba,E3,MO-lex,20,0.0,109.515625,1.3814531183213783,False
native,karatsuba,E3,MO-lex,20,0.01,109.515625,1.3814531183213783,False
native,karatsuba,E3,MO-lex,20,0.02,109.515625,1.3814531183213783,False
native,karatsuba,E3,MO-lex,20,0.05,109.515625,1.3814531183213783,False
native,karatsuba,E3,MO-lex,20,0.1,109.515625,1.3814531183213783,False
native,karatsuba,E3,MO-lex,20,0.2,98.125,15.949521099753676,False
native,karatsuba,E3,MO-lex,20,0.5,74.34375,12.636048921423928,False
native,karatsuba,E3,MO-lex,20,1.0,74.34375,12.636048921423928,False
native,karatsuba,E3,MO-lex,21,0.0,144.6875,1.1192204615298393,False
native,karatsuba,E3,MO-lex,21,0.01,144.6875,1.1192204615298393,False
native,karatsuba,E3,MO-lex,21,0.02,144.6875,1.1192204615298393,False
native,karatsuba,E3,MO-lex,21,0.05,144.6875,1.1192204615298393,False
native,karatsuba,E3,MO-lex,21,0.1,144.6875,1.1192204615298393,False
native,karatsuba,E3,MO-lex,21,0.2,144.6875,1.1192204615298393,False
native,karatsuba,E3,MO-lex,21,0.5,132.296875,0.4244785627122026,False
native,karatsuba,E3,MO-lex,21,1.0,109.515625,3.8944860360178217,False
native,karatsuba,E3,MO-lex,22,0.0,86.734375,1.4245364143079842,False
native,karatsuba,E3,MO-lex,22,0.01,86.734375,1.4245364143079842,False
native,karatsuba,E3,MO-lex,22,0.02,86.734375,1.4245364143079842,False
native,karatsuba,E3,MO-lex,22,0.05,86.734375,1.4245364143079842,False
native,karatsuba,E3,MO-lex,22,0.1,86.734375,1.4245364143079842,False
native,karatsuba,E3,MO-lex,22,0.2,86.734375,1.4245364143079842,False
native,karatsuba,E3,MO-lex,22,0.5,86.734375,1.4245364143079842,False
native,karatsuba,E3,MO-lex,22,1.0,86.734375,1.4245364143079842,False
native,karatsuba,E3,MO-lex,23,0.0,166.46875,0.06295452017153055,False
native,karatsuba,E3,MO-lex,23,0.01,142.6875,0.06446755592298278,False
native,karatsuba,E3,MO-lex,23,0.02,142.6875,0.06446755592298278,False
native,karatsuba,E3,MO-lex,23,0.05,142.6875,0.06446755592298278,False
native,karatsuba,E3,MO-lex,23,0.1,142.6875,0.06446755592298278,False
native,karatsuba,E3,MO-lex,23,0.2,142.6875,0.06446755592298278,False
native,karatsuba,E3,MO-lex,23,0.5,142.6875,0.06446755592298278,False
native,karatsuba,E3,MO-lex,23,1.0,142.6875,0.06446755592298278,False
native,karatsuba,E3,MO-lex,24,0.0,133.296875,1.5027628031419384,False
native,karatsuba,E3,MO-lex,24,0.01,109.515625,1.4670512654698473,False
native,karatsuba,E3,MO-lex,24,0.02,109.515625,1.4670512654698473,False
native,karatsuba,E3,MO-lex,24,0.05,109.515625,1.4670512654698473,False
native,karatsuba,E3,MO-lex,24,0.1,109.515625,1.4670512654698473,False
native,karatsuba,E3,MO-lex,24,0.2,109.515625,1.4670512654698473,False
native,karatsuba,E3,MO-lex,24,0.5,97.125,3.236873868223929,False
native,karatsuba,E3,MO-lex,24,1.0,97.125,3.236873868223929,False
native,karatsuba,E3,MO-lex,25,0.0,121.90625,1.3937274818561558,False
native,karatsuba,E3,MO-lex,25,0.01,109.515625,1.3398355368559265,False
native,karatsuba,E3,MO-lex,25,0.02,109.515625,1.3398355368559265,False
native,karatsuba,E3,MO-lex,25,0.05,109.515625,1.3398355368559265,False
native,karatsuba,E3,MO-lex,25,0.1,109.515625,1.3398355368559265,False
native,karatsuba,E3,MO-lex,25,0.2,86.734375,6.123957139593107,False
native,karatsuba,E3,MO-lex,25,0.5,86.734375,6.123957139593107,False
native,karatsuba,E3,MO-lex,25,1.0,86.734375,6.123957139593107,False
native,karatsuba,E3,MO-lex,26,0.0,133.296875,1.4325346169094877,False
native,karatsuba,E3,MO-lex,26,0.01,109.515625,1.4181047658819748,False
native,karatsuba,E3,MO-lex,26,0.02,109.515625,1.4181047658819748,False
native,karatsuba,E3,MO-lex,26,0.05,109.515625,1.4181047658819748,False
native,karatsuba,E3,MO-lex,26,0.1,109.515625,1.4181047658819748,False
native,karatsuba,E3,MO-lex,26,0.2,109.515625,1.4181047658819748,False
native,karatsuba,E3,MO-lex,26,0.5,86.734375,1.5474295103009832,False
native,karatsuba,E3,MO-lex,26,1.0,86.734375,1.5474295103009832,False
native,karatsuba,E3,MO-lex,27,0.0,133.296875,1.4625786496880029,False
native,karatsuba,E3,MO-lex,27,0.01,109.515625,1.4296840167920426,False
native,karatsuba,E3,MO-lex,27,0.02,109.515625,1.4296840167920426,False
native,karatsuba,E3,MO-lex,27,0.05,109.515625,1.4296840167920426,False
native,karatsuba,E3,MO-lex,27,0.1,109.515625,1.4296840167920426,False
native,karatsuba,E3,MO-lex,27,0.2,86.734375,2.514396867771477,False
native,karatsuba,E3,MO-lex,27,0.5,86.734375,2.514396867771477,False
native,karatsuba,E3,MO-lex,27,1.0,86.734375,2.514396867771477,False
native,karatsuba,E3,MO-lex,28,0.0,86.734375,1.5473864518772669,False
native,karatsuba,E3,MO-lex,28,0.01,86.734375,1.5473864518772669,False
native,karatsuba,E3,MO-lex,28,0.02,86.734375,1.5473864518772669,False
native,karatsuba,E3,MO-lex,28,0.05,86.734375,1.5473864518772669,False
native,karatsuba,E3,MO-lex,28,0.1,86.734375,1.5473864518772669,False
native,karatsuba,E3,MO-lex,28,0.2,86.734375,1.5473864518772669,False
native,karatsuba,E3,MO-lex,28,0.5,74.34375,154.27027319608396,False
native,karatsuba,E3,MO-lex,28,1.0,74.34375,154.27027319608396,False
native,karatsuba,E3,MO-lex,29,0.0,109.515625,inf,False
native,karatsuba,E3,MO-lex,29,0.01,109.515625,inf,False
native,karatsuba,E3,MO-lex,29,0.02,109.515625,inf,False
native,karatsuba,E3,MO-lex,29,0.05,109.515625,inf,False
native,karatsuba,E3,MO-lex,29,0.1,109.515625,inf,False
native,karatsuba,E3,MO-lex,29,0.2,109.515625,inf,False
native,karatsuba,E3,MO-lex,29,0.5,86.734375,1.4655813557904531,False
native,karatsuba,E3,MO-lex,29,1.0,86.734375,1.4655813557904531,False
native,karatsuba,E3,Green,0,0.0,74.34375,7.364572833600697,False
native,karatsuba,E3,Green,0,0.01,74.34375,7.364572833600697,False
native,karatsuba,E3,Green,0,0.02,74.34375,7.364572833600697,False
native,karatsuba,E3,Green,0,0.05,74.34375,7.364572833600697,False
native,karatsuba,E3,Green,0,0.1,74.34375,7.364572833600697,False
native,karatsuba,E3,Green,0,0.2,74.34375,7.364572833600697,False
native,karatsuba,E3,Green,0,0.5,74.34375,7.364572833600697,False
native,karatsuba,E3,Green,0,1.0,74.34375,7.364572833600697,False
native,karatsuba,E3,Green,1,0.0,133.296875,1.9831985073057126,False
native,karatsuba,E3,Green,1,0.01,109.515625,1.726815085263178,False
native,karatsuba,E3,Green,1,0.02,109.515625,1.726815085263178,False
native,karatsuba,E3,Green,1,0.05,109.515625,1.726815085263178,False
native,karatsuba,E3,Green,1,0.1,109.515625,1.726815085263178,False
native,karatsuba,E3,Green,1,0.2,86.734375,2.911459187598774,False
native,karatsuba,E3,Green,1,0.5,74.34375,7.364572833630362,False
native,karatsuba,E3,Green,1,1.0,74.34375,7.364572833630362,False
native,karatsuba,E3,Green,2,0.0,167.46875,0.6777964030403558,False
native,karatsuba,E3,Green,2,0.01,167.46875,0.6777964030403558,False
native,karatsuba,E3,Green,2,0.02,167.46875,0.6777964030403558,False
native,karatsuba,E3,Green,2,0.05,167.46875,0.6777964030403558,False
native,karatsuba,E3,Green,2,0.1,142.6875,0.04073848389992559,False
native,karatsuba,E3,Green,2,0.2,142.6875,0.04073848389992559,False
native,karatsuba,E3,Green,2,0.5,74.34375,2.898784580560775,False
native,karatsuba,E3,Green,2,1.0,74.34375,2.898784580560775,False
native,karatsuba,E3,Green,3,0.0,109.515625,1.3972351584100486,False
native,karatsuba,E3,Green,3,0.01,109.515625,1.3972351584100486,False
native,karatsuba,E3,Green,3,0.02,109.515625,1.3972351584100486,False
native,karatsuba,E3,Green,3,0.05,109.515625,1.3972351584100486,False
native,karatsuba,E3,Green,3,0.1,109.515625,1.3972351584100486,False
native,karatsuba,E3,Green,3,0.2,86.734375,1.5903470501516472,False
native,karatsuba,E3,Green,3,0.5,74.34375,3.5026793283760207,False
native,karatsuba,E3,Green,3,1.0,74.34375,3.5026793283760207,False
native,karatsuba,E3,Green,4,0.0,121.90625,1.2750199286139836,False
native,karatsuba,E3,Green,4,0.01,121.90625,1.2750199286139836,False
native,karatsuba,E3,Green,4,0.02,109.515625,1.2551003261074263,False
native,karatsuba,E3,Green,4,0.05,109.515625,1.2551003261074263,False
native,karatsuba,E3,Green,4,0.1,109.515625,1.2551003261074263,False
native,karatsuba,E3,Green,4,0.2,86.734375,1.424536414317287,False
native,karatsuba,E3,Green,4,0.5,74.34375,2.0154456527532347,False
native,karatsuba,E3,Green,4,1.0,74.34375,2.0154456527532347,False
native,karatsuba,E3,Green,5,0.0,109.515625,1.2470928173345894,False
native,karatsuba,E3,Green,5,0.01,109.515625,1.2470928173345894,False
native,karatsuba,E3,Green,5,0.02,109.515625,1.2470928173345894,False
native,karatsuba,E3,Green,5,0.05,109.515625,1.2470928173345894,False
native,karatsuba,E3,Green,5,0.1,109.515625,1.2470928173345894,False
native,karatsuba,E3,Green,5,0.2,74.34375,6.083487610137564,False
native,karatsuba,E3,Green,5,0.5,74.34375,6.083487610137564,False
native,karatsuba,E3,Green,5,1.0,74.34375,6.083487610137564,False
native,karatsuba,E3,Green,6,0.0,109.515625,1.2033754213858616,False
native,karatsuba,E3,Green,6,0.01,109.515625,1.2033754213858616,False
native,karatsuba,E3,Green,6,0.02,109.515625,1.2033754213858616,False
native,karatsuba,E3,Green,6,0.05,109.515625,1.2033754213858616,False
native,karatsuba,E3,Green,6,0.1,109.515625,1.2033754213858616,False
native,karatsuba,E3,Green,6,0.2,86.734375,2.7858189913980698,False
native,karatsuba,E3,Green,6,0.5,74.34375,9.357567611545118,False
native,karatsuba,E3,Green,6,1.0,74.34375,9.357567611545118,False
native,karatsuba,E3,Green,7,0.0,109.515625,1.3547659114952917,False
native,karatsuba,E3,Green,7,0.01,109.515625,1.3547659114952917,False
native,karatsuba,E3,Green,7,0.02,109.515625,1.3547659114952917,False
native,karatsuba,E3,Green,7,0.05,109.515625,1.3547659114952917,False
native,karatsuba,E3,Green,7,0.1,109.515625,1.3547659114952917,False
native,karatsuba,E3,Green,7,0.2,86.734375,1.4958242960429005,False
native,karatsuba,E3,Green,7,0.5,86.734375,1.4958242960429005,False
native,karatsuba,E3,Green,7,1.0,74.34375,93.90327916641522,False
native,karatsuba,E3,Green,8,0.0,109.515625,1.4670512654862422,False
native,karatsuba,E3,Green,8,0.01,109.515625,1.4670512654862422,False
native,karatsuba,E3,Green,8,0.02,109.515625,1.4670512654862422,False
native,karatsuba,E3,Green,8,0.05,109.515625,1.4670512654862422,False
native,karatsuba,E3,Green,8,0.1,109.515625,1.4670512654862422,False
native,karatsuba,E3,Green,8,0.2,86.734375,2.3969439364631535,False
native,karatsuba,E3,Green,8,0.5,74.34375,7.3645728335858776,False
native,karatsuba,E3,Green,8,1.0,74.34375,7.3645728335858776,False
native,karatsuba,E3,Green,9,0.0,109.515625,1.537992408397484,False
native,karatsuba,E3,Green,9,0.01,109.515625,1.537992408397484,False
native,karatsuba,E3,Green,9,0.02,109.515625,1.537992408397484,False
native,karatsuba,E3,Green,9,0.05,109.515625,1.537992408397484,False
native,karatsuba,E3,Green,9,0.1,109.515625,1.537992408397484,False
native,karatsuba,E3,Green,9,0.2,74.34375,2.8987845805644383,False
native,karatsuba,E3,Green,9,0.5,74.34375,2.8987845805644383,False
native,karatsuba,E3,Green,9,1.0,74.34375,2.8987845805644383,False
native,karatsuba,E3,Green,10,0.0,109.515625,1.3581346118647404,False
native,karatsuba,E3,Green,10,0.01,109.515625,1.3581346118647404,False
native,karatsuba,E3,Green,10,0.02,109.515625,1.3581346118647404,False
native,karatsuba,E3,Green,10,0.05,109.515625,1.3581346118647404,False
native,karatsuba,E3,Green,10,0.1,109.515625,1.3581346118647404,False
native,karatsuba,E3,Green,10,0.2,86.734375,2.396943936463774,False
native,karatsuba,E3,Green,10,0.5,74.34375,7.364572833599827,False
native,karatsuba,E3,Green,10,1.0,74.34375,7.364572833599827,False
native,karatsuba,E3,Green,11,0.0,133.296875,inf,False
native,karatsuba,E3,Green,11,0.01,109.515625,1.518358329526145,False
native,karatsuba,E3,Green,11,0.02,109.515625,1.518358329526145,False
native,karatsuba,E3,Green,11,0.05,109.515625,1.518358329526145,False
native,karatsuba,E3,Green,11,0.1,109.515625,1.518358329526145,False
native,karatsuba,E3,Green,11,0.2,86.734375,1.5809782308994744,False
native,karatsuba,E3,Green,11,0.5,74.34375,16.385364260592276,False
native,karatsuba,E3,Green,11,1.0,74.34375,16.385364260592276,False
native,karatsuba,E3,Green,12,0.0,121.90625,1.3208371651228792,False
native,karatsuba,E3,Green,12,0.01,121.90625,1.3208371651228792,False
native,karatsuba,E3,Green,12,0.02,121.90625,1.3208371651228792,False
native,karatsuba,E3,Green,12,0.05,121.90625,1.3208371651228792,False
native,karatsuba,E3,Green,12,0.1,86.734375,1.5189111260133854,False
native,karatsuba,E3,Green,12,0.2,74.34375,6.083487610136656,False
native,karatsuba,E3,Green,12,0.5,74.34375,6.083487610136656,False
native,karatsuba,E3,Green,12,1.0,74.34375,6.083487610136656,False
native,karatsuba,E3,Green,13,0.0,109.515625,1.4905815431378997,False
native,karatsuba,E3,Green,13,0.01,109.515625,1.4905815431378997,False
native,karatsuba,E3,Green,13,0.02,109.515625,1.4905815431378997,False
native,karatsuba,E3,Green,13,0.05,109.515625,1.4905815431378997,False
native,karatsuba,E3,Green,13,0.1,109.515625,1.4905815431378997,False
native,karatsuba,E3,Green,13,0.2,86.734375,1.5595553196437353,False
native,karatsuba,E3,Green,13,0.5,74.34375,6.9549182240880825,False
native,karatsuba,E3,Green,13,1.0,74.34375,6.9549182240880825,False
native,karatsuba,E3,Green,14,0.0,109.515625,1.31171085058395,False
native,karatsuba,E3,Green,14,0.01,109.515625,1.31171085058395,False
native,karatsuba,E3,Green,14,0.02,109.515625,1.31171085058395,False
native,karatsuba,E3,Green,14,0.05,109.515625,1.31171085058395,False
native,karatsuba,E3,Green,14,0.1,109.515625,1.31171085058395,False
native,karatsuba,E3,Green,14,0.2,86.734375,1.570725188911123,False
native,karatsuba,E3,Green,14,0.5,74.34375,2.3844712275321953,False
native,karatsuba,E3,Green,14,1.0,74.34375,2.3844712275321953,False
native,karatsuba,E3,Green,15,0.0,109.515625,1.2972582053524684,False
native,karatsuba,E3,Green,15,0.01,109.515625,1.2972582053524684,False
native,karatsuba,E3,Green,15,0.02,109.515625,1.2972582053524684,False
native,karatsuba,E3,Green,15,0.05,109.515625,1.2972582053524684,False
native,karatsuba,E3,Green,15,0.1,109.515625,1.2972582053524684,False
native,karatsuba,E3,Green,15,0.2,86.734375,1.583083875951759,False
native,karatsuba,E3,Green,15,0.5,86.734375,1.583083875951759,False
native,karatsuba,E3,Green,15,1.0,74.34375,100.20412781758968,False
native,karatsuba,E3,Green,16,0.0,109.515625,1.2345288252906446,False
native,karatsuba,E3,Green,16,0.01,109.515625,1.2345288252906446,False
native,karatsuba,E3,Green,16,0.02,109.515625,1.2345288252906446,False
native,karatsuba,E3,Green,16,0.05,109.515625,1.2345288252906446,False
native,karatsuba,E3,Green,16,0.1,86.734375,2.9114591875971367,False
native,karatsuba,E3,Green,16,0.2,86.734375,2.9114591875971367,False
native,karatsuba,E3,Green,16,0.5,74.34375,12.980748539445718,False
native,karatsuba,E3,Green,16,1.0,74.34375,12.980748539445718,False
native,karatsuba,E3,Green,17,0.0,86.734375,1.5564797003784447,False
native,karatsuba,E3,Green,17,0.01,86.734375,1.5564797003784447,False
native,karatsuba,E3,Green,17,0.02,86.734375,1.5564797003784447,False
native,karatsuba,E3,Green,17,0.05,86.734375,1.5564797003784447,False
native,karatsuba,E3,Green,17,0.1,86.734375,1.5564797003784447,False
native,karatsuba,E3,Green,17,0.2,74.34375,2.4810227370198827,False
native,karatsuba,E3,Green,17,0.5,74.34375,2.4810227370198827,False
native,karatsuba,E3,Green,17,1.0,74.34375,2.4810227370198827,False
native,karatsuba,E3,Green,18,0.0,109.515625,1.4047718998303405,False
native,karatsuba,E3,Green,18,0.01,109.515625,1.4047718998303405,False
native,karatsuba,E3,Green,18,0.02,109.515625,1.4047718998303405,False
native,karatsuba,E3,Green,18,0.05,109.515625,1.4047718998303405,False
native,karatsuba,E3,Green,18,0.1,109.515625,1.4047718998303405,False
native,karatsuba,E3,Green,18,0.2,74.34375,2.898784580564777,False
native,karatsuba,E3,Green,18,0.5,74.34375,2.898784580564777,False
native,karatsuba,E3,Green,18,1.0,74.34375,2.898784580564777,False
native,karatsuba,E3,Green,19,0.0,109.515625,1.290343493018345,False
native,karatsuba,E3,Green,19,0.01,109.515625,1.290343493018345,False
native,karatsuba,E3,Green,19,0.02,109.515625,1.290343493018345,False
native,karatsuba,E3,Green,19,0.05,109.515625,1.290343493018345,False
native,karatsuba,E3,Green,19,0.1,109.515625,1.290343493018345,False
native,karatsuba,E3,Green,19,0.2,86.734375,1.4528658292612067,False
native,karatsuba,E3,Green,19,0.5,86.734375,1.4528658292612067,False
native,karatsuba,E3,Green,19,1.0,74.34375,91.5586754460475,False
native,karatsuba,E3,Green,20,0.0,86.734375,1.4245364143126473,False
native,karatsuba,E3,Green,20,0.01,86.734375,1.4245364143126473,False
native,karatsuba,E3,Green,20,0.02,86.734375,1.4245364143126473,False
native,karatsuba,E3,Green,20,0.05,86.734375,1.4245364143126473,False
native,karatsuba,E3,Green,20,0.1,86.734375,1.4245364143126473,False
native,karatsuba,E3,Green,20,0.2,86.734375,1.4245364143126473,False
native,karatsuba,E3,Green,20,0.5,74.34375,41.21622652587837,False
native,karatsuba,E3,Green,20,1.0,74.34375,41.21622652587837,False
native,karatsuba,E3,Green,21,0.0,121.90625,1.498193247833341,False
native,karatsuba,E3,Green,21,0.01,121.90625,1.498193247833341,False
native,karatsuba,E3,Green,21,0.02,121.90625,1.498193247833341,False
native,karatsuba,E3,Green,21,0.05,109.515625,1.2337018055063185,False
native,karatsuba,E3,Green,21,0.1,86.734375,2.396943936463642,False
native,karatsuba,E3,Green,21,0.2,74.34375,7.3645728335874034,False
native,karatsuba,E3,Green,21,0.5,74.34375,7.3645728335874034,False
native,karatsuba,E3,Green,21,1.0,74.34375,7.3645728335874034,False
native,karatsuba,E3,Green,22,0.0,86.734375,1.452865829263916,False
native,karatsuba,E3,Green,22,0.01,86.734375,1.452865829263916,False
native,karatsuba,E3,Green,22,0.02,86.734375,1.452865829263916,False
native,karatsuba,E3,Green,22,0.05,86.734375,1.452865829263916,False
native,karatsuba,E3,Green,22,0.1,86.734375,1.452865829263916,False
native,karatsuba,E3,Green,22,0.2,74.34375,29.765272898477782,False
native,karatsuba,E3,Green,22,0.5,74.34375,29.765272898477782,False
native,karatsuba,E3,Green,22,1.0,74.34375,29.765272898477782,False
native,karatsuba,E3,Green,23,0.0,109.515625,1.367129237053454,False
native,karatsuba,E3,Green,23,0.01,109.515625,1.367129237053454,False
native,karatsuba,E3,Green,23,0.02,109.515625,1.367129237053454,False
native,karatsuba,E3,Green,23,0.05,109.515625,1.367129237053454,False
native,karatsuba,E3,Green,23,0.1,109.515625,1.367129237053454,False
native,karatsuba,E3,Green,23,0.2,86.734375,1.6218926166513497,False
native,karatsuba,E3,Green,23,0.5,74.34375,16.895536187855615,False
native,karatsuba,E3,Green,23,1.0,74.34375,16.895536187855615,False
native,karatsuba,E3,Green,24,0.0,109.515625,1.3004739776754548,False
native,karatsuba,E3,Green,24,0.01,109.515625,1.3004739776754548,False
native,karatsuba,E3,Green,24,0.02,109.515625,1.3004739776754548,False
native,karatsuba,E3,Green,24,0.05,109.515625,1.3004739776754548,False
native,karatsuba,E3,Green,24,0.1,109.515625,1.3004739776754548,False
native,karatsuba,E3,Green,24,0.2,74.34375,7.364572833603054,False
native,karatsuba,E3,Green,24,0.5,74.34375,7.364572833603054,False
native,karatsuba,E3,Green,24,1.0,74.34375,7.364572833603054,False
native,karatsuba,E3,Green,25,0.0,109.515625,inf,False
native,karatsuba,E3,Green,25,0.01,109.515625,inf,False
native,karatsuba,E3,Green,25,0.02,109.515625,inf,False
native,karatsuba,E3,Green,25,0.05,109.515625,inf,False
native,karatsuba,E3,Green,25,0.1,109.515625,inf,False
native,karatsuba,E3,Green,25,0.2,109.515625,inf,False
native,karatsuba,E3,Green,25,0.5,74.34375,10.306955411504742,False
native,karatsuba,E3,Green,25,1.0,74.34375,10.306955411504742,False
native,karatsuba,E3,Green,26,0.0,109.515625,inf,False
native,karatsuba,E3,Green,26,0.01,109.515625,inf,False
native,karatsuba,E3,Green,26,0.02,109.515625,inf,False
native,karatsuba,E3,Green,26,0.05,109.515625,inf,False
native,karatsuba,E3,Green,26,0.1,109.515625,inf,False
native,karatsuba,E3,Green,26,0.2,74.34375,7.364572833582821,False
native,karatsuba,E3,Green,26,0.5,74.34375,7.364572833582821,False
native,karatsuba,E3,Green,26,1.0,74.34375,7.364572833582821,False
native,karatsuba,E3,Green,27,0.0,86.734375,1.5473864518799825,False
native,karatsuba,E3,Green,27,0.01,86.734375,1.5473864518799825,False
native,karatsuba,E3,Green,27,0.02,86.734375,1.5473864518799825,False
native,karatsuba,E3,Green,27,0.05,86.734375,1.5473864518799825,False
native,karatsuba,E3,Green,27,0.1,86.734375,1.5473864518799825,False
native,karatsuba,E3,Green,27,0.2,74.34375,1.8484269534029292,False
native,karatsuba,E3,Green,27,0.5,74.34375,1.8484269534029292,False
native,karatsuba,E3,Green,27,1.0,74.34375,1.8484269534029292,False
native,karatsuba,E3,Green,28,0.0,86.734375,1.4528658292629115,False
native,karatsuba,E3,Green,28,0.01,86.734375,1.4528658292629115,False
native,karatsuba,E3,Green,28,0.02,86.734375,1.4528658292629115,False
native,karatsuba,E3,Green,28,0.05,86.734375,1.4528658292629115,False
native,karatsuba,E3,Green,28,0.1,86.734375,1.4528658292629115,False
native,karatsuba,E3,Green,28,0.2,86.734375,1.4528658292629115,False
native,karatsuba,E3,Green,28,0.5,86.734375,1.4528658292629115,False
native,karatsuba,E3,Green,28,1.0,74.34375,467.3476008077821,False
native,karatsuba,E3,Green,29,0.0,109.515625,1.4670512654634247,False
native,karatsuba,E3,Green,29,0.01,109.515625,1.4670512654634247,False
native,karatsuba,E3,Green,29,0.02,109.515625,1.4670512654634247,False
native,karatsuba,E3,Green,29,0.05,109.515625,1.4670512654634247,False
native,karatsuba,E3,Green,29,0.1,109.515625,1.4670512654634247,False
native,karatsuba,E3,Green,29,0.2,109.515625,1.4670512654634247,False
native,karatsuba,E3,Green,29,0.5,74.34375,7.364572833572132,False
native,karatsuba,E3,Green,29,1.0,74.34375,7.364572833572132,False
native,ops,E1,Green,0,0.0,7.0,7.142928451732104e-16,True
native,ops,E1,Green,0,0.01,7.0,7.142928451732104e-16,True
native,ops,E1,Green,0,0.02,7.0,7.142928451732104e-16,True
native,ops,E1,Green,0,0.05,7.0,7.142928451732104e-16,True
native,ops,E1,Green,0,0.1,7.0,7.142928451732104e-16,True
native,ops,E1,Green,0,0.2,7.0,7.142928451732104e-16,True
native,ops,E1,Green,0,0.5,7.0,7.142928451732104e-16,True
native,ops,E1,Green,0,1.0,7.0,7.142928451732104e-16,True
native,ops,E1,Green,1,0.0,7.0,3.0443950575286657e-15,True
native,ops,E1,Green,1,0.01,7.0,3.0443950575286657e-15,True
native,ops,E1,Green,1,0.02,7.0,3.0443950575286657e-15,True
native,ops,E1,Green,1,0.05,7.0,3.0443950575286657e-15,True
native,ops,E1,Green,1,0.1,7.0,3.0443950575286657e-15,True
native,ops,E1,Green,1,0.2,7.0,3.0443950575286657e-15,True
native,ops,E1,Green,1,0.5,7.0,3.0443950575286657e-15,True
native,ops,E1,Green,1,1.0,7.0,3.0443950575286657e-15,True
native,ops,E1,Green,2,0.0,7.0,3.133304983038018e-15,True
native,ops,E1,Green,2,0.01,7.0,3.133304983038018e-15,True
native,ops,E1,Green,2,0.02,7.0,3.133304983038018e-15,True
native,ops,E1,Green,2,0.05,7.0,3.133304983038018e-15,True
native,ops,E1,Green,2,0.1,7.0,3.133304983038018e-15,True
native,ops,E1,Green,2,0.2,7.0,3.133304983038018e-15,True
native,ops,E1,Green,2,0.5,7.0,3.133304983038018e-15,True
native,ops,E1,Green,2,1.0,7.0,3.133304983038018e-15,True
native,ops,E1,Green,3,0.0,7.0,7.142928451732104e-16,True
native,ops,E1,Green,3,0.01,7.0,7.142928451732104e-16,True
native,ops,E1,Green,3,0.02,7.0,7.142928451732104e-16,True
native,ops,E1,Green,3,0.05,7.0,7.142928451732104e-16,True
native,ops,E1,Green,3,0.1,7.0,7.142928451732104e-16,True
native,ops,E1,Green,3,0.2,7.0,7.142928451732104e-16,True
native,ops,E1,Green,3,0.5,7.0,7.142928451732104e-16,True
native,ops,E1,Green,3,1.0,7.0,7.142928451732104e-16,True
native,ops,E1,Green,4,0.0,7.0,1.2648814273871748e-15,True
native,ops,E1,Green,4,0.01,7.0,1.2648814273871748e-15,True
native,ops,E1,Green,4,0.02,7.0,1.2648814273871748e-15,True
native,ops,E1,Green,4,0.05,7.0,1.2648814273871748e-15,True
native,ops,E1,Green,4,0.1,7.0,1.2648814273871748e-15,True
native,ops,E1,Green,4,0.2,7.0,1.2648814273871748e-15,True
native,ops,E1,Green,4,0.5,7.0,1.2648814273871748e-15,True
native,ops,E1,Green,4,1.0,7.0,1.2648814273871748e-15,True
native,ops,E1,Green,5,0.0,7.0,2.1233430408575456e-15,True
native,ops,E1,Green,5,0.01,7.0,2.1233430408575456e-15,True
native,ops,E1,Green,5,0.02,7.0,2.1233430408575456e-15,True
native,ops,E1,Green,5,0.05,7.0,2.1233430408575456e-15,True
native,ops,E1,Green,5,0.1,7.0,2.1233430408575456e-15,True
native,ops,E1,Green,5,0.2,7.0,2.1233430408575456e-15,True
native,ops,E1,Green,5,0.5,7.0,2.1233430408575456e-15,True
native,ops,E1,Green,5,1.0,7.0,2.1233430408575456e-15,True
native,ops,E1,Green,6,0.0,7.0,9.267039282010344e-16,True
native,ops,E1,Green,6,0.01,7.0,9.267039282010344e-16,True
native,ops,E1,Green,6,0.02,7.0,9.267039282010344e-16,True
native,ops,E1,Green,6,0.05,7.0,9.267039282010344e-16,True
native,ops,E1,Green,6,0.1,7.0,9.267039282010344e-16,True
native,ops,E1,Green,6,0.2,7.0,9.267039282010344e-16,True
native,ops,E1,Green,6,0.5,7.0,9.267039282010344e-16,True
native,ops,E1,Green,6,1.0,7.0,9.267039282010344e-16,True
native,ops,E1,Green,7,0.0,7.0,1.947580698642516e-15,True
native,ops,E1,Green,7,0.01,7.0,1.947580698642516e-15,True
native,ops,E1,Green,7,0.02,7.0,1.947580698642516e-15,True
native,ops,E1,Green,7,0.05,7.0,1.947580698642516e-15,True
native,ops,E1,Green,7,0.1,7.0,1.947580698642516e-15,True
native,ops,E1,Green,7,0.2,7.0,1.947580698642516e-15,True
native,ops,E1,Green,7,0.5,7.0,1.947580698642516e-15,True
native,ops,E1,Green,7,1.0,7.0,1.947580698642516e-15,True
native,ops,E1,Green,8,0.0,7.0,5.29658930435707e-16,True
native,ops,E1,Green,8,0.01,7.0,5.29658930435707e-16,True
native,ops,E1,Green,8,0.02,7.0,5.29658930435707e-16,True
native,ops,E1,Green,8,0.05,7.0,5.29658930435707e-16,True
native,ops,E1,Green,8,0.1,7.0,5.29658930435707e-16,True
native,ops,E1,Green,8,0.2,7.0,5.29658930435707e-16,True
native,ops,E1,Green,8,0.5,7.0,5.29658930435707e-16,True
native,ops,E1,Green,8,1.0,7.0,5.29658930435707e-16,True
native,ops,E1,Green,9,0.0,7.0,9.03448256430443e-16,True
native,ops,E1,Green,9,0.01,7.0,9.03448256430443e-16,True
native,ops,E1,Green,9,0.02,7.0,9.03448256430443e-16,True
native,ops,E1,Green,9,0.05,7.0,9.03448256430443e-16,True
native,ops,E1,Green,9,0.1,7.0,9.03448256430443e-16,True
native,ops,E1,Green,9,0.2,7.0,9.03448256430443e-16,True
native,ops,E1,Green,9,0.5,7.0,9.03448256430443e-16,True
native,ops,E1,Green,9,1.0,7.0,9.03448256430443e-16,True
native,ops,E1,Green,10,0.0,7.0,1.5944835719487724e-15,True
native,ops,E1,Green,10,0.01,7.0,1.5944835719487724e-15,True
native,ops,E1,Green,10,0.02,7.0,1.5944835719487724e-15,True
native,ops,E1,Green,10,0.05,7.0,1.5944835719487724e-15,True
native,ops,E1,Green,10,0.1,7.0,1.5944835719487724e-15,True
native,ops,E1,Green,10,0.2,7.0,1.5944835719487724e-15,True
native,ops,E1,Green,10,0.5,7.0,1.5944835719487724e-15,True
native,ops,E1,Green,10,1.0,7.0,1.5944835719487724e-15,True
native,ops,E1,Green,11,0.0,7.0,8.878886681264161e-16,True
native,ops,E1,Green,11,0.01,7.0,8.878886681264161e-16,True
native,ops,E1,Green,11,0.02,7.0,8.878886681264161e-16,True
native,ops,E1,Green,11,0.05,7.0,8.878886681264161e-16,True
native,ops,E1,Green,11,0.1,7.0,8.878886681264161e-16,True
native,ops,E1,Green,11,0.2,7.0,8.878886681264161e-16,True
native,ops,E1,Green,11,0.5,7.0,8.878886681264161e-16,True
native,ops,E1,Green,11,1.0,7.0,8.878886681264161e-16,True
native,ops,E1,Green,12,0.0,7.0,1.2031003816395871e-15,True
native,ops,E1,Green,12,0.01,7.0,1.2031003816395871e-15,True
native,ops,E1,Green,12,0.02,7.0,1.2031003816395871e-15,True
native,ops,E1,Green,12,0.05,7.0,1.2031003816395871e-15,True
native,ops,E1,Green,12,0.1,7.0,1.2031003816395871e-15,True
native,ops,E1,Green,12,0.2,7.0,1.2031003816395871e-15,True
native,ops,E1,Green,12,0.5,7.0,1.2031003816395871e-15,True
native,ops,E1,Green,12,1.0,7.0,1.2031003816395871e-15,True
native,ops,E1,Green,13,0.0,7.0,4.084126682246382e-16,True
native,ops,E1,Green,13,0.01,7.0,4.084126682246382e-16,True
native,ops,E1,Green,13,0.02,7.0,4.084126682246382e-16,True
native,ops,E1,Green,13,0.05,7.0,4.084126682246382e-16,True
native,ops,E1,Green,13,0.1,7.0,4.084126682246382e-16,True
native,ops,E1,Green,13,0.2,7.0,4.084126682246382e-16,True
native,ops,E1,Green,13,0.5,7.0,4.084126682246382e-16,True
native,ops,E1,Green,13,1.0,7.0,4.084126682246382e-16,True
native,ops,E1,Green,14,0.0,7.0,3.252858957327326e-16,True
native,ops,E1,Green,14,0.01,7.0,3.252858957327326e-16,True
native,ops,E1,Green,14,0.02,7.0,3.252858957327326e-16,True
native,ops,E1,Green,14,0.05,7.0,3.252858957327326e-16,True
native,ops,E1,Green,14,0.1,7.0,3.252858957327326e-16,True
native,ops,E1,Green,14,0.2,7.0,3.252858957327326e-16,True
native,ops,E1,Green,14,0.5,7.0,3.252858957327326e-16,True
native,ops,E1,Green,14,1.0,7.0,3.252858957327326e-16,True
native,ops,E1,Green,15,0.0,7.0,1.5944835719487724e-15,True
native,ops,E1,Green,15,0.01,7.0,1.5944835719487724e-15,True
native,ops,E1,Green,15,0.02,7.0,1.5944835719487724e-15,True
native,ops,E1,Green,15,0.05,7.0,1.5944835719487724e-15,True
native,ops,E1,Green,15,0.1,7.0,1.5944835719487724e-15,True
native,ops,E1,Green,15,0.2,7.0,1.5944835719487724e-15,True
native,ops,E1,Green,15,0.5,7.0,1.5944835719487724e-15,True
native,ops,E1,Green,15,1.0,7.0,1.5944835719487724e-15,True
native,ops,E1,Green,16,0.0,7.0,1.796126661865222e-15,True
native,ops,E1,Green,16,0.01,7.0,1.796126661865222e-15,True
native,ops,E1,Green,16,0.02,7.0,1.796126661865222e-15,True
native,ops,E1,Green,16,0.05,7.0,1.796126661865222e-15,True
native,ops,E1,Green,16,0.1,7.0,1.796126661865222e-15,True
native,ops,E1,Green,16,0.2,7.0,1.796126661865222e-15,True
native,ops,E1,Green,16,0.5,7.0,1.796126661865222e-15,True
native,ops,E1,Green,16,1.0,7.0,1.796126661865222e-15,True
native,ops,E1,Green,17,0.0,7.0,2.1677456228804145e-15,True
native,ops,E1,Green,17,0.01,7.0,2.1677456228804145e-15,True
native,ops,E1,Green,17,0.02,7.0,2.1677456228804145e-15,True
native,ops,E1,Green,17,0.05,7.0,2.1677456228804145e-15,True
native,ops,E1,Green,17,0.1,7.0,2.1677456228804145e-15,True
native,ops,E1,Green,17,0.2,7.0,2.1677456228804145e-15,True
native,ops,E1,Green,17,0.5,7.0,2.1677456228804145e-15,True
native,ops,E1,Green,17,1.0,7.0,2.1677456228804145e-15,True
native,ops,E1,Green,18,0.0,7.0,3.2489343803753984e-16,True
native,ops,E1,Green,18,0.01,7.0,3.2489343803753984e-16,True
native,ops,E1,Green,18,0.02,7.0,3.2489343803753984e-16,True
native,ops,E1,Green,18,0.05,7.0,3.2489343803753984e-16,True
native,ops,E1,Green,18,0.1,7.0,3.2489343803753984e-16,True
native,ops,E1,Green,18,0.2,7.0,3.2489343803753984e-16,True
native,ops,E1,Green,18,0.5,7.0,3.2489343803753984e-16,True
native,ops,E1,Green,18,1.0,7.0,3.2489343803753984e-16,True
native,ops,E1,Green,19,0.0,7.0,1.035053617371294e-15,True
native,ops,E1,Green,19,0.01,7.0,1.035053617371294e-15,True
native,ops,E1,Green,19,0.02,7.0,1.035053617371294e-15,True
native,ops,E1,Green,19,0.05,7.0,1.035053617371294e-15,True
native,ops,E1,Green,19,0.1,7.0,1.035053617371294e-15,True
native,ops,E1,Green,19,0.2,7.0,1.035053617371294e-15,True
native,ops,E1,Green,19,0.5,7.0,1.035053617371294e-15,True
native,ops,E1,Green,19,1.0,7.0,1.035053617371294e-15,True
native,ops,E1,Green,20,0.0,7.0,3.4896201714327896e-16,True
native,ops,E1,Green,20,0.01,7.0,3.4896201714327896e-16,True
native,ops,E1,Green,20,0.02,7.0,3.4896201714327896e-16,True
native,ops,E1,Green,20,0.05,7.0,3.4896201714327896e-16,True
native,ops,E1,Green,20,0.1,7.0,3.4896201714327896e-16,True
native,ops,E1,Green,20,0.2,7.0,3.4896201714327896e-16,True
native,ops,E1,Green,20,0.5,7.0,3.4896201714327896e-16,True
native,ops,E1,Green,20,1.0,7.0,3.4896201714327896e-16,True
native,ops,E1,Green,21,0.0,7.0,5.200009767557646e-16,True
native,ops,E1,Green,21,0.01,7.0,5.200009767557646e-16,True
native,ops,E1,Green,21,0.02,7.0,5.200009767557646e-16,True
native,ops,E1,Green,21,0.05,7.0,5.200009767557646e-16,True
native,ops,E1,Green,21,0.1,7.0,5.200009767557646e-16,True
native,ops,E1,Green,21,0.2,7.0,5.200009767557646e-16,True
native,ops,E1,Green,21,0.5,7.0,5.200009767557646e-16,True
native,ops,E1,Green,21,1.0,7.0,5.200009767557646e-16,True
native,ops,E1,Green,22,0.0,7.0,7.142928451732104e-16,True
native,ops,E1,Green,22,0.01,7.0,7.142928451732104e-16,True
native,ops,E1,Green,22,0.02,7.0,7.142928451732104e-16,True
native,ops,E1,Green,22,0.05,7.0,7.142928451732104e-16,True
native,ops,E1,Green,22,0.1,7.0,7.142928451732104e-16,True
native,ops,E1,Green,22,0.2,7.0,7.142928451732104e-16,True
native,ops,E1,Green,22,0.5,7.0,7.142928451732104e-16,True
native,ops,E1,Green,22,1.0,7.0,7.142928451732104e-16,True
native,ops,E1,Green,23,0.0,7.0,1.1746579502684531e-15,True
native,ops,E1,Green,23,0.01,7.0,1.1746579502684531e-15,True
native,ops,E1,Green,23,0.02,7.0,1.1746579502684531e-15,True
native,ops,E1,Green,23,0.05,7.0,1.1746579502684531e-15,True
native,ops,E1,Green,23,0.1,7.0,1.1746579502684531e-15,True
native,ops,E1,Green,23,0.2,7.0,1.1746579502684531e-15,True
native,ops,E1,Green,23,0.5,7.0,1.1746579502684531e-15,True
native,ops,E1,Green,23,1.0,7.0,1.1746579502684531e-15,True
native,ops,E1,Green,24,0.0,7.0,1.947580698642516e-15,True
native,ops,E1,Green,24,0.01,7.0,1.947580698642516e-15,True
native,ops,E1,Green,24,0.02,7.0,1.947580698642516e-15,True
native,ops,E1,Green,24,0.05,7.0,1.947580698642516e-15,True
native,ops,E1,Green,24,0.1,7.0,1.947580698642516e-15,True
native,ops,E1,Green,24,0.2,7.0,1.947580698642516e-15,True
native,ops,E1,Green,24,0.5,7.0,1.947580698642516e-15,True
native,ops,E1,Green,24,1.0,7.0,1.947580698642516e-15,True
native,ops,E1,Green,25,0.0,7.0,1.035053617371294e-15,True
native,ops,E1,Green,25,0.01,7.0,1.035053617371294e-15,True
native,ops,E1,Green,25,0.02,7.0,1.035053617371294e-15,True
native,ops,E1,Green,25,0.05,7.0,1.035053617371294e-15,True
native,ops,E1,Green,25,0.1,7.0,1.035053617371294e-15,True
native,ops,E1,Green,25,0.2,7.0,1.035053617371294e-15,True
native,ops,E1,Green,25,0.5,7.0,1.035053617371294e-15,True
native,ops,E1,Green,25,1.0,7.0,1.035053617371294e-15,True
native,ops,E1,Green,26,0.0,7.0,1.9964913575063468e-15,True
native,ops,E1,Green,26,0.01,7.0,1.9964913575063468e-15,True
native,ops,E1,Green,26,0.02,7.0,1.9964913575063468e-15,True
native,ops,E1,Green,26,0.05,7.0,1.9964913575063468e-15,True
native,ops,E1,Green,26,0.1,7.0,1.9964913575063468e-15,True
native,ops,E1,Green,26,0.2,7.0,1.9964913575063468e-15,True
native,ops,E1,Green,26,0.5,7.0,1.9964913575063468e-15,True
native,ops,E1,Green,26,1.0,7.0,1.9964913575063468e-15,True
native,ops,E1,Green,27,0.0,7.0,1.2862667904077988e-15,True
native,ops,E1,Green,27,0.01,7.0,1.2862667904077988e-15,True
native,ops,E1,Green,27,0.02,7.0,1.2862667904077988e-15,True
native,ops,E1,Green,27,0.05,7.0,1.2862667904077988e-15,True
native,ops,E1,Green,27,0.1,7.0,1.2862667904077988e-15,True
native,ops,E1,Green,27,0.2,7.0,1.2862667904077988e-15,True
native,ops,E1,Green,27,0.5,7.0,1.2862667904077988e-15,True
native,ops,E1,Green,27,1.0,7.0,1.2862667904077988e-15,True
native,ops,E1,Green,28,0.0,7.0,8.878886681264161e-16,True
native,ops,E1,Green,28,0.01,7.0,8.878886681264161e-16,True
native,ops,E1,Green,28,0.02,7.0,8.878886681264161e-16,True
native,ops,E1,Green,28,0.05,7.0,8.878886681264161e-16,True
native,ops,E1,Green,28,0.1,7.0,8.878886681264161e-16,True
native,ops,E1,Green,28,0.2,7.0,8.878886681264161e-16,True
native,ops,E1,Green,28,0.5,7.0,8.878886681264161e-16,True
native,ops,E1,Green,28,1.0,7.0,8.878886681264161e-16,True
native,ops,E1,Green,29,0.0,7.0,1.044925924616553e-15,True
native,ops,E1,Green,29,0.01,7.0,1.044925924616553e-15,True
native,ops,E1,Green,29,0.02,7.0,1.044925924616553e-15,True
native,ops,E1,Green,29,0.05,7.0,1.044925924616553e-15,True
native,ops,E1,Green,29,0.1,7.0,1.044925924616553e-15,True
native,ops,E1,Green,29,0.2,7.0,1.044925924616553e-15,True
native,ops,E1,Green,29,0.5,7.0,1.044925924616553e-15,True
native,ops,E1,Green,29,1.0,7.0,1.044925924616553e-15,True
native,ops,E1,MO-lex,0,0.0,7.0,3.25075120964195e-16,True
native,ops,E1,MO-lex,0,0.01,7.0,3.25075120964195e-16,True
native,ops,E1,MO-lex,0,0.02,7.0,3.25075120964195e-16,True
native,ops,E1,MO-lex,0,0.05,7.0,3.25075120964195e-16,True
native,ops,E1,MO-lex,0,0.1,7.0,3.25075120964195e-16,True
native,ops,E1,MO-lex,0,0.2,7.0,3.25075120964195e-16,True
native,ops,E1,MO-lex,0,0.5,7.0,3.25075120964195e-16,True
native,ops,E1,MO-lex,0,1.0,7.0,3.25075120964195e-16,True
native,ops,E1,MO-lex,1,0.0,7.0,3.25075120964195e-16,True
native,ops,E1,MO-lex,1,0.01,7.0,3.25075120964195e-16,True
native,ops,E1,MO-lex,1,0.02,7.0,3.25075120964195e-16,True
native,ops,E1,MO-lex,1,0.05,7.0,3.25075120964195e-16,True
native,ops,E1,MO-lex,1,0.1,7.0,3.25075120964195e-16,True
native,ops,E1,MO-lex,1,0.2,7.0,3.25075120964195e-16,True
native,ops,E1,MO-lex,1,0.5,7.0,3.25075120964195e-16,True
native,ops,E1,MO-lex,1,1.0,7.0,3.25075120964195e-16,True
native,ops,E1,MO-lex,2,0.0,7.0,2.700813343538282e-16,True
native,ops,E1,MO-lex,2,0.01,7.0,2.700813343538282e-16,True
native,ops,E1,MO-lex,2,0.02,7.0,2.700813343538282e-16,True
native,ops,E1,MO-lex,2,0.05,7.0,2.700813343538282e-16,True
native,ops,E1,MO-lex,2,0.1,7.0,2.700813343538282e-16,True
native,ops,E1,MO-lex,2,0.2,7.0,2.700813343538282e-16,True
native,ops,E1,MO-lex,2,0.5,7.0,2.700813343538282e-16,True
native,ops,E1,MO-lex,2,1.0,7.0,2.700813343538282e-16,True
native,ops,E1,MO-lex,3,0.0,7.0,3.3132865428115775e-16,True
native,ops,E1,MO-lex,3,0.01,7.0,3.3132865428115775e-16,True
native,ops,E1,MO-lex,3,0.02,7.0,3.3132865428115775e-16,True
native,ops,E1,MO-lex,3,0.05,7.0,3.3132865428115775e-16,True
native,ops,E1,MO-lex,3,0.1,7.0,3.3132865428115775e-16,True
native,ops,E1,MO-lex,3,0.2,7.0,3.3132865428115775e-16,True
native,ops,E1,MO-lex,3,0.5,7.0,3.3132865428115775e-16,True
native,ops,E1,MO-lex,3,1.0,7.0,3.3132865428115775e-16,True
native,ops,E1,MO-lex,4,0.0,7.0,3.26099261257318e-16,True
native,ops,E1,MO-lex,4,0.01,7.0,3.26099261257318e-16,True
native,ops,E1,MO-lex,4,0.02,7.0,3.26099261257318e-16,True
native,ops,E1,MO-lex,4,0.05,7.0,3.26099261257318e-16,True
native,ops,E1,MO-lex,4,0.1,7.0,3.26099261257318e-16,True
native,ops,E1,MO-lex,4,0.2,7.0,3.26099261257318e-16,True
native,ops,E1,MO-lex,4,0.5,7.0,3.26099261257318e-16,True
native,ops,E1,MO-lex,4,1.0,7.0,3.26099261257318e-16,True
native,ops,E1,MO-lex,5,0.0,7.0,2.700813343538282e-16,True
native,ops,E1,MO-lex,5,0.01,7.0,2.700813343538282e-16,True
native,ops,E1,MO-lex,5,0.02,7.0,2.700813343538282e-16,True
native,ops,E1,MO-lex,5,0.05,7.0,2.700813343538282e-16,True
native,ops,E1,MO-lex,5,0.1,7.0,2.700813343538282e-16,True
native,ops,E1,MO-lex,5,0.2,7.0,2.700813343538282e-16,True
native,ops,E1,MO-lex,5,0.5,7.0,2.700813343538282e-16,True
native,ops,E1,MO-lex,5,1.0,7.0,2.700813343538282e-16,True
native,ops,E1,MO-lex,6,0.0,7.0,2.700813343538282e-16,True
native,ops,E1,MO-lex,6,0.01,7.0,2.700813343538282e-16,True
native,ops,E1,MO-lex,6,0.02,7.0,2.700813343538282e-16,True
native,ops,E1,MO-lex,6,0.05,7.0,2.700813343538282e-16,True
native,ops,E1,MO-lex,6,0.1,7.0,2.700813343538282e-16,True
native,ops,E1,MO-lex,6,0.2,7.0,2.700813343538282e-16,True
native,ops,E1,MO-lex,6,0.5,7.0,2.700813343538282e-16,True
native,ops,E1,MO-lex,6,1.0,7.0,2.700813343538282e-16,True
native,ops,E1,MO-lex,7,0.0,7.0,3.25075120964195e-16,True
native,ops,E1,MO-lex,7,0.01,7.0,3.25075120964195e-16,True
native,ops,E1,MO-lex,7,0.02,7.0,3.25075120964195e-16,True
native,ops,E1,MO-lex,7,0.05,7.0,3.25075120964195e-16,True
native,ops,E1,MO-lex,7,0.1,7.0,3.25075120964195e-16,True
native,ops,E1,MO-lex,7,0.2,7.0,3.25075120964195e-16,True
native,ops,E1,MO-lex,7,0.5,7.0,3.25075120964195e-16,True
native,ops,E1,MO-lex,7,1.0,7.0,3.25075120964195e-16,True
native,ops,E1,MO-lex,8,0.0,7.0,3.25075120964195e-16,True
native,ops,E1,MO-lex,8,0.01,7.0,3.25075120964195e-16,True
native,ops,E1,MO-lex,8,0.02,7.0,3.25075120964195e-16,True
native,ops,E1,MO-lex,8,0.05,7.0,3.25075120964195e-16,True
native,ops,E1,MO-lex,8,0.1,7.0,3.25075120964195e-16,True
native,ops,E1,MO-lex,8,0.2,7.0,3.25075120964195e-16,True
native,ops,E1,MO-lex,8,0.5,7.0,3.25075120964195e-16,True
native,ops,E1,MO-lex,8,1.0,7.0,3.25075120964195e-16,True
native,ops,E1,MO-lex,9,0.0,7.0,2.700813343538282e-16,True
native,ops,E1,MO-lex,9,0.01,7.0,2.700813343538282e-16,True
native,ops,E1,MO-lex,9,0.02,7.0,2.700813343538282e-16,True
native,ops,E1,MO-lex,9,0.05,7.0,2.700813343538282e-16,True
native,ops,E1,MO-lex,9,0.1,7.0,2.700813343538282e-16,True
native,ops,E1,MO-lex,9,0.2,7.0,2.700813343538282e-16,True
native,ops,E1,MO-lex,9,0.5,7.0,2.700813343538282e-16,True
native,ops,E1,MO-lex,9,1.0,7.0,2.700813343538282e-16,True
native,ops,E1,MO-lex,10,0.0,7.0,2.700813343538282e-16,True
native,ops,E1,MO-lex,10,0.01,7.0,2.700813343538282e-16,True
native,ops,E1,MO-lex,10,0.02,7.0,2.700813343538282e-16,True
native,ops,E1,MO-lex,10,0.05,7.0,2.700813343538282e-16,True
native,ops,E1,MO-lex,10,0.1,7.0,2.700813343538282e-16,True
native,ops,E1,MO-lex,10,0.2,7.0,2.700813343538282e-16,True
native,ops,E1,MO-lex,10,0.5,7.0,2.700813343538282e-16,True
native,ops,E1,MO-lex,10,1.0,7.0,2.700813343538282e-16,True
native,ops,E1,MO-lex,11,0.0,7.0,2.700813343538282e-16,True
native,ops,E1,MO-lex,11,0.01,7.0,2.700813343538282e-16,True
native,ops,E1,MO-lex,11,0.02,7.0,2.700813343538282e-16,True
native,ops,E1,MO-lex,11,0.05,7.0,2.700813343538282e-16,True
native,ops,E1,MO-lex,11,0.1,7.0,2.700813343538282e-16,True
native,ops,E1,MO-lex,11,0.2,7.0,2.700813343538282e-16,True
native,ops,E1,MO-lex,11,0.5,7.0,2.700813343538282e-16,True
native,ops,E1,MO-lex,11,1.0,7.0,2.700813343538282e-16,True
native,ops,E1,MO-lex,12,0.0,7.0,2.700813343538282e-16,True
native,ops,E1,MO-lex,12,0.01,7.0,2.700813343538282e-16,True
native,ops,E1,MO-lex,12,0.02,7.0,2.700813343538282e-16,True
native,ops,E1,MO-lex,12,0.05,7.0,2.700813343538282e-16,True
native,ops,E1,MO-lex,12,0.1,7.0,2.700813343538282e-16,True
native,ops,E1,MO-lex,12,0.2,7.0,2.700813343538282e-16,True
native,ops,E1,MO-lex,12,0.5,7.0,2.700813343538282e-16,True
native,ops,E1,MO-lex,12,1.0,7.0,2.700813343538282e-16,True
native,ops,E1,MO-lex,13,0.0,7.0,2.700813343538282e-16,True
native,ops,E1,MO-lex,13,0.01,7.0,2.700813343538282e-16,True
native,ops,E1,MO-lex,13,0.02,7.0,2.700813343538282e-16,True
native,ops,E1,MO-lex,13,0.05,7.0,2.700813343538282e-16,True
native,ops,E1,MO-lex,13,0.1,7.0,2.700813343538282e-16,True
native,ops,E1,MO-lex,13,0.2,7.0,2.700813343538282e-16,True
native,ops,E1,MO-lex,13,0.5,7.0,2.700813343538282e-16,True
native,ops,E1,MO-lex,13,1.0,7.0,2.700813343538282e-16,True
native,ops,E1,MO-lex,14,0.0,7.0,2.700813343538282e-16,True
native,ops,E1,MO-lex,14,0.01,7.0,2.700813343538282e-16,True
native,ops,E1,MO-lex,14,0.02,7.0,2.700813343538282e-16,True
native,ops,E1,MO-lex,14,0.05,7.0,2.700813343538282e-16,True
native,ops,E1,MO-lex,14,0.1,7.0,2.700813343538282e-16,True
native,ops,E1,MO-lex,14,0.2,7.0,2.700813343538282e-16,True
native,ops,E1,MO-lex,14,0.5,7.0,2.700813343538282e-16,True
native,ops,E1,MO-lex,14,1.0,7.0,2.700813343538282e-16,True
native,ops,E1,MO-lex,15,0.0,7.0,3.25075120964195e-16,True
native,ops,E1,MO-lex,15,0.01,7.0,3.25075120964195e-16,True
native,ops,E1,MO-lex,15,0.02,7.0,3.25075120964195e-16,True
native,ops,E1,MO-lex,15,0.05,7.0,3.25075120964195e-16,True
native,ops,E1,MO-lex,15,0.1,7.0,3.25075120964195e-16,True
native,ops,E1,MO-lex,15,0.2,7.0,3.25075120964195e-16,True
native,ops,E1,MO-lex,15,0.5,7.0,3.25075120964195e-16,True
native,ops,E1,MO-lex,15,1.0,7.0,3.25075120964195e-16,True
native,ops,E1,MO-lex,16,0.0,7.0,2.700813343538282e-16,True
native,ops,E1,MO-lex,16,0.01,7.0,2.700813343538282e-16,True
native,ops,E1,MO-lex,16,0.02,7.0,2.700813343538282e-16,True
native,ops,E1,MO-lex,16,0.05,7.0,2.700813343538282e-16,True
native,ops,E1,MO-lex,16,0.1,7.0,2.700813343538282e-16,True
native,ops,E1,MO-lex,16,0.2,7.0,2.700813343538282e-16,True
native,ops,E1,MO-lex,16,0.5,7.0,2.700813343538282e-16,True
native,ops,E1,MO-lex,16,1.0,7.0,2.700813343538282e-16,True
native,ops,E1,MO-lex,17,0.0,7.0,3.3132865428115775e-16,True
native,ops,E1,MO-lex,17,0.01,7.0,3.3132865428115775e-16,True
native,ops,E1,MO-lex,17,0.02,7.0,3.3132865428115775e-16,True
native,ops,E1,MO-lex,17,0.05,7.0,3.3132865428115775e-16,True
native,ops,E1,MO-lex,17,0.1,7.0,3.3132865428115775e-16,True
native,ops,E1,MO-lex,17,0.2,7.0,3.3132865428115775e-16,True
native,ops,E1,MO-lex,17,0.5,7.0,3.3132865428115775e-16,True
native,ops,E1,MO-lex,17,1.0,7.0,3.3132865428115775e-16,True
native,ops,E1,MO-lex,18,0.0,7.0,6.156117865385776e-16,True
native,ops,E1,MO-lex,18,0.01,7.0,6.156117865385776e-16,True
native,ops,E1,MO-lex,18,0.02,7.0,6.156117865385776e-16,True
native,ops,E1,MO-lex,18,0.05,7.0,6.156117865385776e-16,True
native,ops,E1,MO-lex,18,0.1,7.0,6.156117865385776e-16,True
native,ops,E1,MO-lex,18,0.2,7.0,6.156117865385776e-16,True
native,ops,E1,MO-lex,18,0.5,7.0,6.156117865385776e-16,True
native,ops,E1,MO-lex,18,1.0,7.0,6.156117865385776e-16,True
native,ops,E1,MO-lex,19,0.0,7.0,2.700813343538282e-16,True
native,ops,E1,MO-lex,19,0.01,7.0,2.700813343538282e-16,True
native,ops,E1,MO-lex,19,0.02,7.0,2.700813343538282e-16,True
native,ops,E1,MO-lex,19,0.05,7.0,2.700813343538282e-16,True
native,ops,E1,MO-lex,19,0.1,7.0,2.700813343538282e-16,True
native,ops,E1,MO-lex,19,0.2,7.0,2.700813343538282e-16,True
native,ops,E1,MO-lex,19,0.5,7.0,2.700813343538282e-16,True
native,ops,E1,MO-lex,19,1.0,7.0,2.700813343538282e-16,True
native,ops,E1,MO-lex,20,0.0,7.0,2.700813343538282e-16,True
native,ops,E1,MO-lex,20,0.01,7.0,2.700813343538282e-16,True
native,ops,E1,MO-lex,20,0.02,7.0,2.700813343538282e-16,True
native,ops,E1,MO-lex,20,0.05,7.0,2.700813343538282e-16,True
native,ops,E1,MO-lex,20,0.1,7.0,2.700813343538282e-16,True
native,ops,E1,MO-lex,20,0.2,7.0,2.700813343538282e-16,True
native,ops,E1,MO-lex,20,0.5,7.0,2.700813343538282e-16,True
native,ops,E1,MO-lex,20,1.0,7.0,2.700813343538282e-16,True
native,ops,E1,MO-lex,21,0.0,7.0,3.25075120964195e-16,True
native,ops,E1,MO-lex,21,0.01,7.0,3.25075120964195e-16,True
native,ops,E1,MO-lex,21,0.02,7.0,3.25075120964195e-16,True
native,ops,E1,MO-lex,21,0.05,7.0,3.25075120964195e-16,True
native,ops,E1,MO-lex,21,0.1,7.0,3.25075120964195e-16,True
native,ops,E1,MO-lex,21,0.2,7.0,3.25075120964195e-16,True
native,ops,E1,MO-lex,21,0.5,7.0,3.25075120964195e-16,True
native,ops,E1,MO-lex,21,1.0,7.0,3.25075120964195e-16,True
native,ops,E1,MO-lex,22,0.0,7.0,3.25075120964195e-16,True
native,ops,E1,MO-lex,22,0.01,7.0,3.25075120964195e-16,True
native,ops,E1,MO-lex,22,0.02,7.0,3.25075120964195e-16,True
native,ops,E1,MO-lex,22,0.05,7.0,3.25075120964195e-16,True
native,ops,E1,MO-lex,22,0.1,7.0,3.25075120964195e-16,True
native,ops,E1,MO-lex,22,0.2,7.0,3.25075120964195e-16,True
native,ops,E1,MO-lex,22,0.5,7.0,3.25075120964195e-16,True
native,ops,E1,MO-lex,22,1.0,7.0,3.25075120964195e-16,True
native,ops,E1,MO-lex,23,0.0,7.0,7.495765931930908e-16,True
native,ops,E1,MO-lex,23,0.01,7.0,7.495765931930908e-16,True
native,ops,E1,MO-lex,23,0.02,7.0,7.495765931930908e-16,True
native,ops,E1,MO-lex,23,0.05,7.0,7.495765931930908e-16,True
native,ops,E1,MO-lex,23,0.1,7.0,7.495765931930908e-16,True
native,ops,E1,MO-lex,23,0.2,7.0,7.495765931930908e-16,True
native,ops,E1,MO-lex,23,0.5,7.0,7.495765931930908e-16,True
native,ops,E1,MO-lex,23,1.0,7.0,7.495765931930908e-16,True
native,ops,E1,MO-lex,24,0.0,7.0,2.700813343538282e-16,True
native,ops,E1,MO-lex,24,0.01,7.0,2.700813343538282e-16,True
native,ops,E1,MO-lex,24,0.02,7.0,2.700813343538282e-16,True
native,ops,E1,MO-lex,24,0.05,7.0,2.700813343538282e-16,True
native,ops,E1,MO-lex,24,0.1,7.0,2.700813343538282e-16,True
native,ops,E1,MO-lex,24,0.2,7.0,2.700813343538282e-16,True
native,ops,E1,MO-lex,24,0.5,7.0,2.700813343538282e-16,True
native,ops,E1,MO-lex,24,1.0,7.0,2.700813343538282e-16,True
native,ops,E1,MO-lex,25,0.0,7.0,2.700813343538282e-16,True
native,ops,E1,MO-lex,25,0.01,7.0,2.700813343538282e-16,True
native,ops,E1,MO-lex,25,0.02,7.0,2.700813343538282e-16,True
native,ops,E1,MO-lex,25,0.05,7.0,2.700813343538282e-16,True
native,ops,E1,MO-lex,25,0.1,7.0,2.700813343538282e-16,True
native,ops,E1,MO-lex,25,0.2,7.0,2.700813343538282e-16,True
native,ops,E1,MO-lex,25,0.5,7.0,2.700813343538282e-16,True
native,ops,E1,MO-lex,25,1.0,7.0,2.700813343538282e-16,True
native,ops,E1,MO-lex,26,0.0,7.0,2.700813343538282e-16,True
native,ops,E1,MO-lex,26,0.01,7.0,2.700813343538282e-16,True
native,ops,E1,MO-lex,26,0.02,7.0,2.700813343538282e-16,True
native,ops,E1,MO-lex,26,0.05,7.0,2.700813343538282e-16,True
native,ops,E1,MO-lex,26,0.1,7.0,2.700813343538282e-16,True
native,ops,E1,MO-lex,26,0.2,7.0,2.700813343538282e-16,True
native,ops,E1,MO-lex,26,0.5,7.0,2.700813343538282e-16,True
native,ops,E1,MO-lex,26,1.0,7.0,2.700813343538282e-16,True
native,ops,E1,MO-lex,27,0.0,7.0,2.700813343538282e-16,True
native,ops,E1,MO-lex,27,0.01,7.0,2.700813343538282e-16,True
native,ops,E1,MO-lex,27,0.02,7.0,2.700813343538282e-16,True
native,ops,E1,MO-lex,27,0.05,7.0,2.700813343538282e-16,True
native,ops,E1,MO-lex,27,0.1,7.0,2.700813343538282e-16,True
native,ops,E1,MO-lex,27,0.2,7.0,2.700813343538282e-16,True
native,ops,E1,MO-lex,27,0.5,7.0,2.700813343538282e-16,True
native,ops,E1,MO-lex,27,1.0,7.0,2.700813343538282e-16,True
native,ops,E1,MO-lex,28,0.0,7.0,5.369700045505021e-16,True
native,ops,E1,MO-lex,28,0.01,7.0,5.369700045505021e-16,True
native,ops,E1,MO-lex,28,0.02,7.0,5.369700045505021e-16,True
native,ops,E1,MO-lex,28,0.05,7.0,5.369700045505021e-16,True
native,ops,E1,MO-lex,28,0.1,7.0,5.369700045505021e-16,True
native,ops,E1,MO-lex,28,0.2,7.0,5.369700045505021e-16,True
native,ops,E1,MO-lex,28,0.5,7.0,5.369700045505021e-16,True
native,ops,E1,MO-lex,28,1.0,7.0,5.369700045505021e-16,True
native,ops,E1,MO-lex,29,0.0,7.0,2.700813343538282e-16,True
native,ops,E1,MO-lex,29,0.01,7.0,2.700813343538282e-16,True
native,ops,E1,MO-lex,29,0.02,7.0,2.700813343538282e-16,True
native,ops,E1,MO-lex,29,0.05,7.0,2.700813343538282e-16,True
native,ops,E1,MO-lex,29,0.1,7.0,2.700813343538282e-16,True
native,ops,E1,MO-lex,29,0.2,7.0,2.700813343538282e-16,True
native,ops,E1,MO-lex,29,0.5,7.0,2.700813343538282e-16,True
native,ops,E1,MO-lex,29,1.0,7.0,2.700813343538282e-16,True
native,ops,E1,SO,0,0.0,9.0,2.821447395164707e-16,True
native,ops,E1,SO,0,0.01,9.0,2.821447395164707e-16,True
native,ops,E1,SO,0,0.02,9.0,2.821447395164707e-16,True
native,ops,E1,SO,0,0.05,9.0,2.821447395164707e-16,True
native,ops,E1,SO,0,0.1,9.0,2.821447395164707e-16,True
native,ops,E1,SO,0,0.2,9.0,2.821447395164707e-16,True
native,ops,E1,SO,0,0.5,9.0,2.821447395164707e-16,True
native,ops,E1,SO,0,1.0,9.0,2.821447395164707e-16,True
native,ops,E1,SO,1,0.0,11.0,3.207588230161238e-16,True
native,ops,E1,SO,1,0.01,11.0,3.207588230161238e-16,True
native,ops,E1,SO,1,0.02,11.0,3.207588230161238e-16,True
native,ops,E1,SO,1,0.05,11.0,3.207588230161238e-16,True
native,ops,E1,SO,1,0.1,11.0,3.207588230161238e-16,True
native,ops,E1,SO,1,0.2,11.0,3.207588230161238e-16,True
native,ops,E1,SO,1,0.5,11.0,3.207588230161238e-16,True
native,ops,E1,SO,1,1.0,11.0,3.207588230161238e-16,True
native,ops,E1,SO,2,0.0,10.0,2.1438683212081093e-16,True
native,ops,E1,SO,2,0.01,10.0,2.1438683212081093e-16,True
native,ops,E1,SO,2,0.02,10.0,2.1438683212081093e-16,True
native,ops,E1,SO,2,0.05,10.0,2.1438683212081093e-16,True
native,ops,E1,SO,2,0.1,10.0,2.1438683212081093e-16,True
native,ops,E1,SO,2,0.2,10.0,2.1438683212081093e-16,True
native,ops,E1,SO,2,0.5,10.0,2.1438683212081093e-16,True
native,ops,E1,SO,2,1.0,10.0,2.1438683212081093e-16,True
native,ops,E1,SO,3,0.0,14.0,2.8354989479731118e-16,True
native,ops,E1,SO,3,0.01,14.0,2.8354989479731118e-16,True
native,ops,E1,SO,3,0.02,14.0,2.8354989479731118e-16,True
native,ops,E1,SO,3,0.05,14.0,2.8354989479731118e-16,True
native,ops,E1,SO,3,0.1,14.0,2.8354989479731118e-16,True
native,ops,E1,SO,3,0.2,14.0,2.8354989479731118e-16,True
native,ops,E1,SO,3,0.5,14.0,2.8354989479731118e-16,True
native,ops,E1,SO,3,1.0,14.0,2.8354989479731118e-16,True
native,ops,E1,SO,4,0.0,9.0,2.6508865607196936e-16,True
native,ops,E1,SO,4,0.01,9.0,2.6508865607196936e-16,True
native,ops,E1,SO,4,0.02,9.0,2.6508865607196936e-16,True
native,ops,E1,SO,4,0.05,9.0,2.6508865607196936e-16,True
native,ops,E1,SO,4,0.1,9.0,2.6508865607196936e-16,True
native,ops,E1,SO,4,0.2,9.0,2.6508865607196936e-16,True
native,ops,E1,SO,4,0.5,9.0,2.6508865607196936e-16,True
native,ops,E1,SO,4,1.0,9.0,2.6508865607196936e-16,True
native,ops,E1,SO,5,0.0,11.0,2.4491431876450457e-16,True
native,ops,E1,SO,5,0.01,11.0,2.4491431876450457e-16,True
native,ops,E1,SO,5,0.02,11.0,2.4491431876450457e-16,True
native,ops,E1,SO,5,0.05,11.0,2.4491431876450457e-16,True
native,ops,E1,SO,5,0.1,11.0,2.4491431876450457e-16,True
native,ops,E1,SO,5,0.2,11.0,2.4491431876450457e-16,True
native,ops,E1,SO,5,0.5,11.0,2.4491431876450457e-16,True
native,ops,E1,SO,5,1.0,11.0,2.4491431876450457e-16,True
native,ops,E1,SO,6,0.0,7.0,2.700813343538282e-16,True
native,ops,E1,SO,6,0.01,7.0,2.700813343538282e-16,True
native,ops,E1,SO,6,0.02,7.0,2.700813343538282e-16,True
native,ops,E1,SO,6,0.05,7.0,2.700813343538282e-16,True
native,ops,E1,SO,6,0.1,7.0,2.700813343538282e-16,True
native,ops,E1,SO,6,0.2,7.0,2.700813343538282e-16,True
native,ops,E1,SO,6,0.5,7.0,2.700813343538282e-16,True
native,ops,E1,SO,6,1.0,7.0,2.700813343538282e-16,True
native,ops,E1,SO,7,0.0,9.0,3.785052985690101e-16,True
native,ops,E1,SO,7,0.01,9.0,3.785052985690101e-16,True
native,ops,E1,SO,7,0.02,9.0,3.785052985690101e-16,True
native,ops,E1,SO,7,0.05,9.0,3.785052985690101e-16,True
native,ops,E1,SO,7,0.1,9.0,3.785052985690101e-16,True
native,ops,E1,SO,7,0.2,9.0,3.785052985690101e-16,True
native,ops,E1,SO,7,0.5,9.0,3.785052985690101e-16,True
native,ops,E1,SO,7,1.0,9.0,3.785052985690101e-16,True
native,ops,E1,SO,8,0.0,13.0,2.582002893023232e-16,True
native,ops,E1,SO,8,0.01,13.0,2.582002893023232e-16,True
native,ops,E1,SO,8,0.02,13.0,2.582002893023232e-16,True
native,ops,E1,SO,8,0.05,13.0,2.582002893023232e-16,True
native,ops,E1,SO,8,0.1,13.0,2.582002893023232e-16,True
native,ops,E1,SO,8,0.2,13.0,2.582002893023232e-16,True
native,ops,E1,SO,8,0.5,13.0,2.582002893023232e-16,True
native,ops,E1,SO,8,1.0,13.0,2.582002893023232e-16,True
native,ops,E1,SO,9,0.0,7.0,2.700813343538282e-16,True
native,ops,E1,SO,9,0.01,7.0,2.700813343538282e-16,True
native,ops,E1,SO,9,0.02,7.0,2.700813343538282e-16,True
native,ops,E1,SO,9,0.05,7.0,2.700813343538282e-16,True
native,ops,E1,SO,9,0.1,7.0,2.700813343538282e-16,True
native,ops,E1,SO,9,0.2,7.0,2.700813343538282e-16,True
native,ops,E1,SO,9,0.5,7.0,2.700813343538282e-16,True
native,ops,E1,SO,9,1.0,7.0,2.700813343538282e-16,True
native,ops,E1,SO,10,0.0,7.0,2.700813343538282e-16,True
native,ops,E1,SO,10,0.01,7.0,2.700813343538282e-16,True
native,ops,E1,SO,10,0.02,7.0,2.700813343538282e-16,True
native,ops,E1,SO,10,0.05,7.0,2.700813343538282e-16,True
native,ops,E1,SO,10,0.1,7.0,2.700813343538282e-16,True
native,ops,E1,SO,10,0.2,7.0,2.700813343538282e-16,True
native,ops,E1,SO,10,0.5,7.0,2.700813343538282e-16,True
native,ops,E1,SO,10,1.0,7.0,2.700813343538282e-16,True
native,ops,E1,SO,11,0.0,7.0,2.700813343538282e-16,True
native,ops,E1,SO,11,0.01,7.0,2.700813343538282e-16,True
native,ops,E1,SO,11,0.02,7.0,2.700813343538282e-16,True
native,ops,E1,SO,11,0.05,7.0,2.700813343538282e-16,True
native,ops,E1,SO,11,0.1,7.0,2.700813343538282e-16,True
native,ops,E1,SO,11,0.2,7.0,2.700813343538282e-16,True
native,ops,E1,SO,11,0.5,7.0,2.700813343538282e-16,True
native,ops,E1,SO,11,1.0,7.0,2.700813343538282e-16,True
native,ops,E1,SO,12,0.0,11.0,2.043428099927965e-16,True
native,ops,E1,SO,12,0.01,11.0,2.043428099927965e-16,True
native,ops,E1,SO,12,0.02,11.0,2.043428099927965e-16,True
native,ops,E1,SO,12,0.05,11.0,2.043428099927965e-16,True
native,ops,E1,SO,12,0.1,11.0,2.043428099927965e-16,True
native,ops,E1,SO,12,0.2,11.0,2.043428099927965e-16,True
native,ops,E1,SO,12,0.5,11.0,2.043428099927965e-16,True
native,ops,E1,SO,12,1.0,11.0,2.043428099927965e-16,True
native,ops,E1,SO,13,0.0,7.0,2.700813343538282e-16,True
native,ops,E1,SO,13,0.01,7.0,2.700813343538282e-16,True
native,ops,E1,SO,13,0.02,7.0,2.700813343538282e-16,True
native,ops,E1,SO,13,0.05,7.0,2.700813343538282e-16,True
native,ops,E1,SO,13,0.1,7.0,2.700813343538282e-16,True
native,ops,E1,SO,13,0.2,7.0,2.700813343538282e-16,True
native,ops,E1,SO,13,0.5,7.0,2.700813343538282e-16,True
native,ops,E1,SO,13,1.0,7.0,2.700813343538282e-16,True
native,ops,E1,SO,14,0.0,9.0,2.3458695068017613e-16,True
native,ops,E1,SO,14,0.01,9.0,2.3458695068017613e-16,True
native,ops,E1,SO,14,0.02,9.0,2.3458695068017613e-16,True
native,ops,E1,SO,14,0.05,9.0,2.3458695068017613e-16,True
native,ops,E1,SO,14,0.1,9.0,2.3458695068017613e-16,True
native,ops,E1,SO,14,0.2,9.0,2.3458695068017613e-16,True
native,ops,E1,SO,14,0.5,9.0,2.3458695068017613e-16,True
native,ops,E1,SO,14,1.0,9.0,2.3458695068017613e-16,True
native,ops,E1,SO,15,0.0,9.0,2.7227928526362325e-16,True
native,ops,E1,SO,15,0.01,9.0,2.7227928526362325e-16,True
native,ops,E1,SO,15,0.02,9.0,2.7227928526362325e-16,True
native,ops,E1,SO,15,0.05,9.0,2.7227928526362325e-16,True
native,ops,E1,SO,15,0.1,9.0,2.7227928526362325e-16,True
native,ops,E1,SO,15,0.2,9.0,2.7227928526362325e-16,True
native,ops,E1,SO,15,0.5,9.0,2.7227928526362325e-16,True
native,ops,E1,SO,15,1.0,9.0,2.7227928526362325e-16,True
native,ops,E1,SO,16,0.0,9.0,2.3458695068017613e-16,True
native,ops,E1,SO,16,0.01,9.0,2.3458695068017613e-16,True
native,ops,E1,SO,16,0.02,9.0,2.3458695068017613e-16,True
native,ops,E1,SO,16,0.05,9.0,2.3458695068017613e-16,True
native,ops,E1,SO,16,0.1,9.0,2.3458695068017613e-16,True
native,ops,E1,SO,16,0.2,9.0,2.3458695068017613e-16,True
native,ops,E1,SO,16,0.5,9.0,2.3458695068017613e-16,True
native,ops,E1,SO,16,1.0,9.0,2.3458695068017613e-16,True
native,ops,E1,SO,17,0.0,9.0,3.323602781771804e-16,True
native,ops,E1,SO,17,0.01,9.0,3.323602781771804e-16,True
native,ops,E1,SO,17,0.02,9.0,3.323602781771804e-16,True
native,ops,E1,SO,17,0.05,9.0,3.323602781771804e-16,True
native,ops,E1,SO,17,0.1,9.0,3.323602781771804e-16,True
native,ops,E1,SO,17,0.2,9.0,3.323602781771804e-16,True
native,ops,E1,SO,17,0.5,9.0,3.323602781771804e-16,True
native,ops,E1,SO,17,1.0,9.0,3.323602781771804e-16,True
native,ops,E1,SO,18,0.0,10.0,2.4149382677767686e-16,True
native,ops,E1,SO,18,0.01,10.0,2.4149382677767686e-16,True
native,ops,E1,SO,18,0.02,10.0,2.4149382677767686e-16,True
native,ops,E1,SO,18,0.05,10.0,2.4149382677767686e-16,True
native,ops,E1,SO,18,0.1,10.0,2.4149382677767686e-16,True
native,ops,E1,SO,18,0.2,10.0,2.4149382677767686e-16,True
native,ops,E1,SO,18,0.5,10.0,2.4149382677767686e-16,True
native,ops,E1,SO,18,1.0,10.0,2.4149382677767686e-16,True
native,ops,E1,SO,19,0.0,7.0,2.700813343538282e-16,True
native,ops,E1,SO,19,0.01,7.0,2.700813343538282e-16,True
native,ops,E1,SO,19,0.02,7.0,2.700813343538282e-16,True
native,ops,E1,SO,19,0.05,7.0,2.700813343538282e-16,True
native,ops,E1,SO,19,0.1,7.0,2.700813343538282e-16,True
native,ops,E1,SO,19,0.2,7.0,2.700813343538282e-16,True
native,ops,E1,SO,19,0.5,7.0,2.700813343538282e-16,True
native,ops,E1,SO,19,1.0,7.0,2.700813343538282e-16,True
native,ops,E1,SO,20,0.0,7.0,2.700813343538282e-16,True
native,ops,E1,SO,20,0.01,7.0,2.700813343538282e-16,True
native,ops,E1,SO,20,0.02,7.0,2.700813343538282e-16,True
native,ops,E1,SO,20,0.05,7.0,2.700813343538282e-16,True
native,ops,E1,SO,20,0.1,7.0,2.700813343538282e-16,True
native,ops,E1,SO,20,0.2,7.0,2.700813343538282e-16,True
native,ops,E1,SO,20,0.5,7.0,2.700813343538282e-16,True
native,ops,E1,SO,20,1.0,7.0,2.700813343538282e-16,True
native,ops,E1,SO,21,0.0,11.0,3.048215388922267e-16,True
native,ops,E1,SO,21,0.01,11.0,3.048215388922267e-16,True
native,ops,E1,SO,21,0.02,11.0,3.048215388922267e-16,True
native,ops,E1,SO,21,0.05,11.0,3.048215388922267e-16,True
native,ops,E1,SO,21,0.1,11.0,3.048215388922267e-16,True
native,ops,E1,SO,21,0.2,11.0,3.048215388922267e-16,True
native,ops,E1,SO,21,0.5,11.0,3.048215388922267e-16,True
native,ops,E1,SO,21,1.0,11.0,3.048215388922267e-16,True
native,ops,E1,SO,22,0.0,11.0,3.260402014746928e-16,True
native,ops,E1,SO,22,0.01,11.0,3.260402014746928e-16,True
native,ops,E1,SO,22,0.02,11.0,3.260402014746928e-16,True
native,ops,E1,SO,22,0.05,11.0,3.260402014746928e-16,True
native,ops,E1,SO,22,0.1,11.0,3.260402014746928e-16,True
native,ops,E1,SO,22,0.2,11.0,3.260402014746928e-16,True
native,ops,E1,SO,22,0.5,11.0,3.260402014746928e-16,True
native,ops,E1,SO,22,1.0,11.0,3.260402014746928e-16,True
native,ops,E1,SO,23,0.0,14.0,2.540337108856375e-16,True
native,ops,E1,SO,23,0.01,14.0,2.540337108856375e-16,True
native,ops,E1,SO,23,0.02,14.0,2.540337108856375e-16,True
native,ops,E1,SO,23,0.05,14.0,2.540337108856375e-16,True
native,ops,E1,SO,23,0.1,14.0,2.540337108856375e-16,True
native,ops,E1,SO,23,0.2,14.0,2.540337108856375e-16,True
native,ops,E1,SO,23,0.5,14.0,2.540337108856375e-16,True
native,ops,E1,SO,23,1.0,14.0,2.540337108856375e-16,True
native,ops,E1,SO,24,0.0,9.0,2.1087021151122103e-16,True
native,ops,E1,SO,24,0.01,9.0,2.1087021151122103e-16,True
native,ops,E1,SO,24,0.02,9.0,2.1087021151122103e-16,True
native,ops,E1,SO,24,0.05,9.0,2.1087021151122103e-16,True
native,ops,E1,SO,24,0.1,9.0,2.1087021151122103e-16,True
native,ops,E1,SO,24,0.2,9.0,2.1087021151122103e-16,True
native,ops,E1,SO,24,0.5,9.0,2.1087021151122103e-16,True
native,ops,E1,SO,24,1.0,9.0,2.1087021151122103e-16,True
native,ops,E1,SO,25,0.0,11.0,2.4491431876450457e-16,True
native,ops,E1,SO,25,0.01,11.0,2.4491431876450457e-16,True
native,ops,E1,SO,25,0.02,11.0,2.4491431876450457e-16,True
native,ops,E1,SO,25,0.05,11.0,2.4491431876450457e-16,True
native,ops,E1,SO,25,0.1,11.0,2.4491431876450457e-16,True
native,ops,E1,SO,25,0.2,11.0,2.4491431876450457e-16,True
native,ops,E1,SO,25,0.5,11.0,2.4491431876450457e-16,True
native,ops,E1,SO,25,1.0,11.0,2.4491431876450457e-16,True
native,ops,E1,SO,26,0.0,9.0,2.3458695068017613e-16,True
native,ops,E1,SO,26,0.01,9.0,2.3458695068017613e-16,True
native,ops,E1,SO,26,0.02,9.0,2.3458695068017613e-16,True
native,ops,E1,SO,26,0.05,9.0,2.3458695068017613e-16,True
native,ops,E1,SO,26,0.1,9.0,2.3458695068017613e-16,True
native,ops,E1,SO,26,0.2,9.0,2.3458695068017613e-16,True
native,ops,E1,SO,26,0.5,9.0,2.3458695068017613e-16,True
native,ops,E1,SO,26,1.0,9.0,2.3458695068017613e-16,True
native,ops,E1,SO,27,0.0,9.0,2.3458695068017613e-16,True
native,ops,E1,SO,27,0.01,9.0,2.3458695068017613e-16,True
native,ops,E1,SO,27,0.02,9.0,2.3458695068017613e-16,True
native,ops,E1,SO,27,0.05,9.0,2.3458695068017613e-16,True
native,ops,E1,SO,27,0.1,9.0,2.3458695068017613e-16,True
native,ops,E1,SO,27,0.2,9.0,2.3458695068017613e-16,True
native,ops,E1,SO,27,0.5,9.0,2.3458695068017613e-16,True
native,ops,E1,SO,27,1.0,9.0,2.3458695068017613e-16,True
native,ops,E1,SO,28,0.0,9.0,2.3458695068017613e-16,True
native,ops,E1,SO,28,0.01,9.0,2.3458695068017613e-16,True
native,ops,E1,SO,28,0.02,9.0,2.3458695068017613e-16,True
native,ops,E1,SO,28,0.05,9.0,2.3458695068017613e-16,True
native,ops,E1,SO,28,0.1,9.0,2.3458695068017613e-16,True
native,ops,E1,SO,28,0.2,9.0,2.3458695068017613e-16,True
native,ops,E1,SO,28,0.5,9.0,2.3458695068017613e-16,True
native,ops,E1,SO,28,1.0,9.0,2.3458695068017613e-16,True
native,ops,E1,SO,29,0.0,9.0,2.3458695068017613e-16,True
native,ops,E1,SO,29,0.01,9.0,2.3458695068017613e-16,True
native,ops,E1,SO,29,0.02,9.0,2.3458695068017613e-16,True
native,ops,E1,SO,29,0.05,9.0,2.3458695068017613e-16,True
native,ops,E1,SO,29,0.1,9.0,2.3458695068017613e-16,True
native,ops,E1,SO,29,0.2,9.0,2.3458695068017613e-16,True
native,ops,E1,SO,29,0.5,9.0,2.3458695068017613e-16,True
native,ops,E1,SO,29,1.0,9.0,2.3458695068017613e-16,True
native,ops,E2,Green,0,0.0,12.0,0.027942879613123823,False
native,ops,E2,Green,0,0.01,11.0,0.028146894145160993,False
native,ops,E2,Green,0,0.02,9.0,0.028127236116949315,False
native,ops,E2,Green,0,0.05,9.0,0.028127236116949315,False
native,ops,E2,Green,0,0.1,9.0,0.028127236116949315,False
native,ops,E2,Green,0,0.2,7.0,0.02789210935532731,False
native,ops,E2,Green,0,0.5,7.0,0.02789210935532731,False
native,ops,E2,Green,0,1.0,7.0,0.02789210935532731,False
native,ops,E2,Green,1,0.0,12.0,0.027974296687295657,False
native,ops,E2,Green,1,0.01,10.0,0.028550657207611428,False
native,ops,E2,Green,1,0.02,9.0,0.028055878467765208,False
native,ops,E2,Green,1,0.05,7.0,0.028336231628892785,False
native,ops,E2,Green,1,0.1,7.0,0.028336231628892785,False
native,ops,E2,Green,1,0.2,7.0,0.028336231628892785,False
native,ops,E2,Green,1,0.5,7.0,0.028336231628892785,False
native,ops,E2,Green,1,1.0,7.0,0.028336231628892785,False
native,ops,E2,Green,2,0.0,12.0,0.028495472197663782,False
native,ops,E2,Green,2,0.01,10.0,0.028621296410020303,False
native,ops,E2,Green,2,0.02,9.0,0.028055878467765187,False
native,ops,E2,Green,2,0.05,7.0,0.02833623162889277,False
native,ops,E2,Green,2,0.1,7.0,0.02833623162889277,False
native,ops,E2,Green,2,0.2,7.0,0.02833623162889277,False
native,ops,E2,Green,2,0.5,7.0,0.02833623162889277,False
native,ops,E2,Green,2,1.0,7.0,0.02833623162889277,False
native,ops,E2,Green,3,0.0,12.0,0.028589567436890877,False
native,ops,E2,Green,3,0.01,10.0,0.028550657207611373,False
native,ops,E2,Green,3,0.02,9.0,0.028055878467765253,False
native,ops,E2,Green,3,0.05,7.0,0.028336231628892813,False
native,ops,E2,Green,3,0.1,7.0,0.028336231628892813,False
native,ops,E2,Green,3,0.2,7.0,0.028336231628892813,False
native,ops,E2,Green,3,0.5,7.0,0.028336231628892813,False
native,ops,E2,Green,3,1.0,7.0,0.028336231628892813,False
native,ops,E2,Green,4,0.0,12.0,0.027974296687295598,False
native,ops,E2,Green,4,0.01,10.0,0.028621296410020196,False
native,ops,E2,Green,4,0.02,9.0,0.028055878467765197,False
native,ops,E2,Green,4,0.05,7.0,0.02833623162889281,False
native,ops,E2,Green,4,0.1,7.0,0.02833623162889281,False
native,ops,E2,Green,4,0.2,7.0,0.02833623162889281,False
native,ops,E2,Green,4,0.5,7.0,0.02833623162889281,False
native,ops,E2,Green,4,1.0,7.0,0.02833623162889281,False
native,ops,E2,Green,5,0.0,12.0,0.027942879613123816,False
native,ops,E2,Green,5,0.01,11.0,0.028146894145160986,False
native,ops,E2,Green,5,0.02,9.0,0.02805587846776524,False
native,ops,E2,Green,5,0.05,7.0,0.0283362316288928,False
native,ops,E2,Green,5,0.1,7.0,0.0283362316288928,False
native,ops,E2,Green,5,0.2,7.0,0.0283362316288928,False
native,ops,E2,Green,5,0.5,7.0,0.0283362316288928,False
native,ops,E2,Green,5,1.0,7.0,0.0283362316288928,False
native,ops,E2,Green,6,0.0,12.0,0.027942879613123767,False
native,ops,E2,Green,6,0.01,11.0,0.028146894145160972,False
native,ops,E2,Green,6,0.02,9.0,0.02805587846776512,False
native,ops,E2,Green,6,0.05,7.0,0.028336231628892733,False
native,ops,E2,Green,6,0.1,7.0,0.028336231628892733,False
native,ops,E2,Green,6,0.2,7.0,0.028336231628892733,False
native,ops,E2,Green,6,0.5,7.0,0.028336231628892733,False
native,ops,E2,Green,6,1.0,7.0,0.028336231628892733,False
native,ops,E2,Green,7,0.0,12.0,0.027942879613123795,False
native,ops,E2,Green,7,0.01,10.0,0.02855065720761137,False
native,ops,E2,Green,7,0.02,9.0,0.02805587846776517,False
native,ops,E2,Green,7,0.05,7.0,0.02833623162889276,False
native,ops,E2,Green,7,0.1,7.0,0.02833623162889276,False
native,ops,E2,Green,7,0.2,7.0,0.02833623162889276,False
native,ops,E2,Green,7,0.5,7.0,0.02833623162889276,False
native,ops,E2,Green,7,1.0,7.0,0.02833623162889276,False
native,ops,E2,Green,8,0.0,12.0,0.02794252304881897,False
native,ops,E2,Green,8,0.01,11.0,0.028146894145160927,False
native,ops,E2,Green,8,0.02,9.0,0.02805587846776513,False
native,ops,E2,Green,8,0.05,7.0,0.028336231628892705,False
native,ops,E2,Green,8,0.1,7.0,0.028336231628892705,False
native,ops,E2,Green,8,0.2,7.0,0.028336231628892705,False
native,ops,E2,Green,8,0.5,7.0,0.028336231628892705,False
native,ops,E2,Green,8,1.0,7.0,0.028336231628892705,False
native,ops,E2,Green,9,0.0,12.0,0.028527888592509137,False
native,ops,E2,Green,9,0.01,11.0,0.028146894145160955,False
native,ops,E2,Green,9,0.02,9.0,0.028055878467765222,False
native,ops,E2,Green,9,0.05,7.0,0.0283362316288928,False
native,ops,E2,Green,9,0.1,7.0,0.0283362316288928,False
native,ops,E2,Green,9,0.2,7.0,0.0283362316288928,False
native,ops,E2,Green,9,0.5,7.0,0.0283362316288928,False
native,ops,E2,Green,9,1.0,7.0,0.0283362316288928,False
native,ops,E2,Green,10,0.0,12.0,0.028403812017344536,False
native,ops,E2,Green,10,0.01,10.0,0.028200454713256363,False
native,ops,E2,Green,10,0.02,9.0,0.028055878467765194,False
native,ops,E2,Green,10,0.05,7.0,0.028336231628892854,False
native,ops,E2,Green,10,0.1,7.0,0.028336231628892854,False
native,ops,E2,Green,10,0.2,7.0,0.028336231628892854,False
native,ops,E2,Green,10,0.5,7.0,0.028336231628892854,False
native,ops,E2,Green,10,1.0,7.0,0.028336231628892854,False
native,ops,E2,Green,11,0.0,12.0,0.027957597881117582,False
native,ops,E2,Green,11,0.01,10.0,0.028621296410020224,False
native,ops,E2,Green,11,0.02,9.0,0.028055878467765208,False
native,ops,E2,Green,11,0.05,7.0,0.02833623162889281,False
native,ops,E2,Green,11,0.1,7.0,0.02833623162889281,False
native,ops,E2,Green,11,0.2,7.0,0.02833623162889281,False
native,ops,E2,Green,11,0.5,7.0,0.02833623162889281,False
native,ops,E2,Green,11,1.0,7.0,0.02833623162889281,False
native,ops,E2,Green,12,0.0,12.0,0.027974296687295553,False
native,ops,E2,Green,12,0.01,10.0,0.028550657207611407,False
native,ops,E2,Green,12,0.02,9.0,0.02805587846776516,False
native,ops,E2,Green,12,0.05,7.0,0.028336231628892813,False
native,ops,E2,Green,12,0.1,7.0,0.028336231628892813,False
native,ops,E2,Green,12,0.2,7.0,0.028336231628892813,False
native,ops,E2,Green,12,0.5,7.0,0.028336231628892813,False
native,ops,E2,Green,12,1.0,7.0,0.028336231628892813,False
native,ops,E2,Green,13,0.0,12.0,0.02858956743689093,False
native,ops,E2,Green,13,0.01,10.0,0.02855065720761149,False
native,ops,E2,Green,13,0.02,9.0,0.02805587846776521,False
native,ops,E2,Green,13,0.05,7.0,0.02833623162889271,False
native,ops,E2,Green,13,0.1,7.0,0.02833623162889271,False
native,ops,E2,Green,13,0.2,7.0,0.02833623162889271,False
native,ops,E2,Green,13,0.5,7.0,0.02833623162889271,False
native,ops,E2,Green,13,1.0,7.0,0.02833623162889271,False
native,ops,E2,Green,14,0.0,12.0,0.027974296687295567,False
native,ops,E2,Green,14,0.01,10.0,0.02855065720761144,False
native,ops,E2,Green,14,0.02,9.0,0.02805587846776524,False
native,ops,E2,Green,14,0.05,7.0,0.02833623162889279,False
native,ops,E2,Green,14,0.1,7.0,0.02833623162889279,False
native,ops,E2,Green,14,0.2,7.0,0.02833623162889279,False
native,ops,E2,Green,14,0.5,7.0,0.02833623162889279,False
native,ops,E2,Green,14,1.0,7.0,0.02833623162889279,False
native,ops,E2,Green,15,0.0,12.0,0.02805130305778187,False
native,ops,E2,Green,15,0.01,9.0,0.02805587846776522,False
native,ops,E2,Green,15,0.02,9.0,0.02805587846776522,False
native,ops,E2,Green,15,0.05,7.0,0.028336231628892705,False
native,ops,E2,Green,15,0.1,7.0,0.028336231628892705,False
native,ops,E2,Green,15,0.2,7.0,0.028336231628892705,False
native,ops,E2,Green,15,0.5,7.0,0.028336231628892705,False
native,ops,E2,Green,15,1.0,7.0,0.028336231628892705,False
native,ops,E2,Green,16,0.0,12.0,0.027919355466620412,False
native,ops,E2,Green,16,0.01,10.0,0.02855065720761145,False
native,ops,E2,Green,16,0.02,9.0,0.02805587846776517,False
native,ops,E2,Green,16,0.05,7.0,0.02833623162889278,False
native,ops,E2,Green,16,0.1,7.0,0.02833623162889278,False
native,ops,E2,Green,16,0.2,7.0,0.02833623162889278,False
native,ops,E2,Green,16,0.5,7.0,0.02833623162889278,False
native,ops,E2,Green,16,1.0,5.0,0.04432358844334551,False
native,ops,E2,Green,17,0.0,12.0,0.028589567436890877,False
native,ops,E2,Green,17,0.01,10.0,0.028809424244161625,False
native,ops,E2,Green,17,0.02,9.0,0.02805587846776524,False
native,ops,E2,Green,17,0.05,7.0,0.028336231628892802,False
native,ops,E2,Green,17,0.1,7.0,0.028336231628892802,False
native,ops,E2,Green,17,0.2,7.0,0.028336231628892802,False
native,ops,E2,Green,17,0.5,7.0,0.028336231628892802,False
native,ops,E2,Green,17,1.0,7.0,0.028336231628892802,False
native,ops,E2,Green,18,0.0,12.0,0.028439045742316788,False
native,ops,E2,Green,18,0.01,10.0,0.028550657207611397,False
native,ops,E2,Green,18,0.02,9.0,0.02805587846776524,False
native,ops,E2,Green,18,0.05,7.0,0.0283362316288928,False
native,ops,E2,Green,18,0.1,7.0,0.0283362316288928,False
native,ops,E2,Green,18,0.2,7.0,0.0283362316288928,False
native,ops,E2,Green,18,0.5,7.0,0.0283362316288928,False
native,ops,E2,Green,18,1.0,7.0,0.0283362316288928,False
native,ops,E2,Green,19,0.0,12.0,0.02797429668729562,False
native,ops,E2,Green,19,0.01,10.0,0.028188444759945995,False
native,ops,E2,Green,19,0.02,9.0,0.028055878467765236,False
native,ops,E2,Green,19,0.05,7.0,0.028336231628892802,False
native,ops,E2,Green,19,0.1,7.0,0.028336231628892802,False
native,ops,E2,Green,19,0.2,7.0,0.028336231628892802,False
native,ops,E2,Green,19,0.5,7.0,0.028336231628892802,False
native,ops,E2,Green,19,1.0,7.0,0.028336231628892802,False
native,ops,E2,Green,20,0.0,12.0,0.028495472197663758,False
native,ops,E2,Green,20,0.01,10.0,0.028621296410020224,False
native,ops,E2,Green,20,0.02,9.0,0.028055878467765208,False
native,ops,E2,Green,20,0.05,7.0,0.028336231628892816,False
native,ops,E2,Green,20,0.1,7.0,0.028336231628892816,False
native,ops,E2,Green,20,0.2,7.0,0.028336231628892816,False
native,ops,E2,Green,20,0.5,7.0,0.028336231628892816,False
native,ops,E2,Green,20,1.0,7.0,0.028336231628892816,False
native,ops,E2,Green,21,0.0,12.0,0.02797429668729552,False
native,ops,E2,Green,21,0.01,10.0,0.02855065720761145,False
native,ops,E2,Green,21,0.02,9.0,0.028055878467765253,False
native,ops,E2,Green,21,0.05,7.0,0.028336231628892775,False
native,ops,E2,Green,21,0.1,7.0,0.028336231628892775,False
native,ops,E2,Green,21,0.2,7.0,0.028336231628892775,False
native,ops,E2,Green,21,0.5,7.0,0.028336231628892775,False
native,ops,E2,Green,21,1.0,7.0,0.028336231628892775,False
native,ops,E2,Green,22,0.0,12.0,0.027942879613123837,False
native,ops,E2,Green,22,0.01,11.0,0.028106803351275793,False
native,ops,E2,Green,22,0.02,9.0,0.028055878467765253,False
native,ops,E2,Green,22,0.05,7.0,0.02833623162889271,False
native,ops,E2,Green,22,0.1,7.0,0.02833623162889271,False
native,ops,E2,Green,22,0.2,7.0,0.02833623162889271,False
native,ops,E2,Green,22,0.5,7.0,0.02833623162889271,False
native,ops,E2,Green,22,1.0,7.0,0.02833623162889271,False
native,ops,E2,Green,23,0.0,12.0,0.02858956743689087,False
native,ops,E2,Green,23,0.01,10.0,0.028550657207611428,False
native,ops,E2,Green,23,0.02,9.0,0.02805587846776518,False
native,ops,E2,Green,23,0.05,7.0,0.02833623162889278,False
native,ops,E2,Green,23,0.1,7.0,0.02833623162889278,False
native,ops,E2,Green,23,0.2,7.0,0.02833623162889278,False
native,ops,E2,Green,23,0.5,7.0,0.02833623162889278,False
native,ops,E2,Green,23,1.0,7.0,0.02833623162889278,False
native,ops,E2,Green,24,0.0,12.0,0.027974296687295588,False
native,ops,E2,Green,24,0.01,10.0,0.028550657207611428,False
native,ops,E2,Green,24,0.02,9.0,0.02805587846776528,False
native,ops,E2,Green,24,0.05,7.0,0.02833623162889277,False
native,ops,E2,Green,24,0.1,7.0,0.02833623162889277,False
native,ops,E2,Green,24,0.2,7.0,0.02833623162889277,False
native,ops,E2,Green,24,0.5,7.0,0.02833623162889277,False
native,ops,E2,Green,24,1.0,7.0,0.02833623162889277,False
native,ops,E2,Green,25,0.0,12.0,0.027919355466620412,False
native,ops,E2,Green,25,0.01,10.0,0.028550657207611494,False
native,ops,E2,Green,25,0.02,9.0,0.028055878467765145,False
native,ops,E2,Green,25,0.05,7.0,0.028336231628892795,False
native,ops,E2,Green,25,0.1,7.0,0.028336231628892795,False
native,ops,E2,Green,25,0.2,7.0,0.028336231628892795,False
native,ops,E2,Green,25,0.5,7.0,0.028336231628892795,False
native,ops,E2,Green,25,1.0,7.0,0.028336231628892795,False
native,ops,E2,Green,26,0.0,12.0,0.0284954721976637,False
native,ops,E2,Green,26,0.01,10.0,0.028621296410020265,False
native,ops,E2,Green,26,0.02,9.0,0.028055878467765173,False
native,ops,E2,Green,26,0.05,7.0,0.028336231628892834,False
native,ops,E2,Green,26,0.1,7.0,0.028336231628892834,False
native,ops,E2,Green,26,0.2,7.0,0.028336231628892834,False
native,ops,E2,Green,26,0.5,7.0,0.028336231628892834,False
native,ops,E2,Green,26,1.0,7.0,0.028336231628892834,False
native,ops,E2,Green,27,0.0,12.0,0.028495472197663713,False
native,ops,E2,Green,27,0.01,10.0,0.028621296410020237,False
native,ops,E2,Green,27,0.02,9.0,0.028055878467765295,False
native,ops,E2,Green,27,0.05,7.0,0.028336231628892816,False
native,ops,E2,Green,27,0.1,7.0,0.028336231628892816,False
native,ops,E2,Green,27,0.2,7.0,0.028336231628892816,False
native,ops,E2,Green,27,0.5,7.0,0.028336231628892816,False
native,ops,E2,Green,27,1.0,7.0,0.028336231628892816,False
native,ops,E2,Green,28,0.0,12.0,0.02843904574231676,False
native,ops,E2,Green,28,0.01,10.0,0.028621296410020248,False
native,ops,E2,Green,28,0.02,9.0,0.028055878467765253,False
native,ops,E2,Green,28,0.05,7.0,0.028336231628892785,False
native,ops,E2,Green,28,0.1,7.0,0.028336231628892785,False
native,ops,E2,Green,28,0.2,7.0,0.028336231628892785,False
native,ops,E2,Green,28,0.5,7.0,0.028336231628892785,False
native,ops,E2,Green,28,1.0,7.0,0.028336231628892785,False
native,ops,E2,Green,29,0.0,12.0,0.027942523048818925,False
native,ops,E2,Green,29,0.01,10.0,0.028550657207611466,False
native,ops,E2,Green,29,0.02,9.0,0.028127236116949315,False
native,ops,E2,Green,29,0.05,7.0,0.028336231628892785,False
native,ops,E2,Green,29,0.1,7.0,0.028336231628892785,False
native,ops,E2,Green,29,0.2,7.0,0.028336231628892785,False
native,ops,E2,Green,29,0.5,7.0,0.028336231628892785,False
native,ops,E2,Green,29,1.0,7.0,0.028336231628892785,False
native,ops,E2,MO-lex,0,0.0,12.0,0.028439045742316746,False
native,ops,E2,MO-lex,0,0.01,10.0,0.028621296410020255,False
native,ops,E2,MO-lex,0,0.02,10.0,0.028621296410020255,False
native,ops,E2,MO-lex,0,0.05,10.0,0.028621296410020255,False
native,ops,E2,MO-lex,0,0.1,10.0,0.028621296410020255,False
native,ops,E2,MO-lex,0,0.2,9.0,0.030502023594221134,False
native,ops,E2,MO-lex,0,0.5,9.0,0.030502023594221134,False
native,ops,E2,MO-lex,0,1.0,7.0,0.043451014021122655,False
native,ops,E2,MO-lex,1,0.0,12.0,0.027974296687295588,False
native,ops,E2,MO-lex,1,0.01,11.0,0.02803412927900486,False
native,ops,E2,MO-lex,1,0.02,9.0,0.028055878467765197,False
native,ops,E2,MO-lex,1,0.05,9.0,0.028055878467765197,False
native,ops,E2,MO-lex,1,0.1,9.0,0.028055878467765197,False
native,ops,E2,MO-lex,1,0.2,9.0,0.028055878467765197,False
native,ops,E2,MO-lex,1,0.5,9.0,0.028055878467765197,False
native,ops,E2,MO-lex,1,1.0,7.0,0.042559636106315045,False
native,ops,E2,MO-lex,2,0.0,12.0,0.027942879613123903,False
native,ops,E2,MO-lex,2,0.01,10.0,0.028809424244161618,False
native,ops,E2,MO-lex,2,0.02,10.0,0.028809424244161618,False
native,ops,E2,MO-lex,2,0.05,10.0,0.028809424244161618,False
native,ops,E2,MO-lex,2,0.1,10.0,0.028809424244161618,False
native,ops,E2,MO-lex,2,0.2,10.0,0.028809424244161618,False
native,ops,E2,MO-lex,2,0.5,7.0,0.03208498861998801,False
native,ops,E2,MO-lex,2,1.0,7.0,0.03208498861998801,False
native,ops,E2,MO-lex,3,0.0,12.0,0.028495472197663716,False
native,ops,E2,MO-lex,3,0.01,12.0,0.028495472197663716,False
native,ops,E2,MO-lex,3,0.02,10.0,0.0281884447599459,False
native,ops,E2,MO-lex,3,0.05,10.0,0.0281884447599459,False
native,ops,E2,MO-lex,3,0.1,10.0,0.0281884447599459,False
native,ops,E2,MO-lex,3,0.2,9.0,0.03103193278219014,False
native,ops,E2,MO-lex,3,0.5,9.0,0.03103193278219014,False
native,ops,E2,MO-lex,3,1.0,9.0,0.03103193278219014,False
native,ops,E2,MO-lex,4,0.0,12.0,0.028495472197663872,False
native,ops,E2,MO-lex,4,0.01,10.0,0.028621296410020196,False
native,ops,E2,MO-lex,4,0.02,10.0,0.028621296410020196,False
native,ops,E2,MO-lex,4,0.05,10.0,0.028621296410020196,False
native,ops,E2,MO-lex,4,0.1,10.0,0.028621296410020196,False
native,ops,E2,MO-lex,4,0.2,10.0,0.028621296410020196,False
native,ops,E2,MO-lex,4,0.5,9.0,0.033848182955642896,False
native,ops,E2,MO-lex,4,1.0,9.0,0.033848182955642896,False
native,ops,E2,MO-lex,5,0.0,12.0,0.02852788859250901,False
native,ops,E2,MO-lex,5,0.01,12.0,0.02852788859250901,False
native,ops,E2,MO-lex,5,0.02,10.0,0.029159056587540748,False
native,ops,E2,MO-lex,5,0.05,10.0,0.029159056587540748,False
native,ops,E2,MO-lex,5,0.1,10.0,0.029159056587540748,False
native,ops,E2,MO-lex,5,0.2,9.0,0.030502023594221144,False
native,ops,E2,MO-lex,5,0.5,7.0,0.029878948179252764,False
native,ops,E2,MO-lex,5,1.0,7.0,0.029878948179252764,False
native,ops,E2,MO-lex,6,0.0,12.0,0.027942879613123753,False
native,ops,E2,MO-lex,6,0.01,11.0,0.028061057151065827,False
native,ops,E2,MO-lex,6,0.02,9.0,0.028055878467765152,False
native,ops,E2,MO-lex,6,0.05,9.0,0.028055878467765152,False
native,ops,E2,MO-lex,6,0.1,9.0,0.028055878467765152,False
native,ops,E2,MO-lex,6,0.2,9.0,0.028055878467765152,False
native,ops,E2,MO-lex,6,0.5,9.0,0.028055878467765152,False
native,ops,E2,MO-lex,6,1.0,9.0,0.028055878467765152,False
native,ops,E2,MO-lex,7,0.0,12.0,0.028527888592509112,False
native,ops,E2,MO-lex,7,0.01,12.0,0.028527888592509112,False
native,ops,E2,MO-lex,7,0.02,11.0,0.0280374199234565,False
native,ops,E2,MO-lex,7,0.05,11.0,0.0280374199234565,False
native,ops,E2,MO-lex,7,0.1,11.0,0.0280374199234565,False
native,ops,E2,MO-lex,7,0.2,9.0,0.029360170929678884,False
native,ops,E2,MO-lex,7,0.5,9.0,0.029360170929678884,False
native,ops,E2,MO-lex,7,1.0,7.0,0.047523388488052924,False
native,ops,E2,MO-lex,8,0.0,12.0,0.028439045742316746,False
native,ops,E2,MO-lex,8,0.01,12.0,0.028439045742316746,False
native,ops,E2,MO-lex,8,0.02,9.0,0.028055878467765197,False
native,ops,E2,MO-lex,8,0.05,9.0,0.028055878467765197,False
native,ops,E2,MO-lex,8,0.1,9.0,0.028055878467765197,False
native,ops,E2,MO-lex,8,0.2,7.0,0.03149822664352079,False
native,ops,E2,MO-lex,8,0.5,7.0,0.03149822664352079,False
native,ops,E2,MO-lex,8,1.0,7.0,0.03149822664352079,False
native,ops,E2,MO-lex,9,0.0,12.0,0.02794287961312382,False
native,ops,E2,MO-lex,9,0.01,12.0,0.02794287961312382,False
native,ops,E2,MO-lex,9,0.02,9.0,0.028150473711904392,False
native,ops,E2,MO-lex,9,0.05,7.0,0.02833623162889281,False
native,ops,E2,MO-lex,9,0.1,7.0,0.02833623162889281,False
native,ops,E2,MO-lex,9,0.2,7.0,0.02833623162889281,False
native,ops,E2,MO-lex,9,0.5,7.0,0.02833623162889281,False
native,ops,E2,MO-lex,9,1.0,7.0,0.02833623162889281,False
native,ops,E2,MO-lex,10,0.0,12.0,0.02794287961312382,False
native,ops,E2,MO-lex,10,0.01,11.0,0.028106803351275723,False
native,ops,E2,MO-lex,10,0.02,10.0,0.028188444759945874,False
native,ops,E2,MO-lex,10,0.05,10.0,0.028188444759945874,False
native,ops,E2,MO-lex,10,0.1,10.0,0.028188444759945874,False
native,ops,E2,MO-lex,10,0.2,9.0,0.03343950511731536,False
native,ops,E2,MO-lex,10,0.5,9.0,0.03343950511731536,False
native,ops,E2,MO-lex,10,1.0,9.0,0.03343950511731536,False
native,ops,E2,MO-lex,11,0.0,12.0,0.028495472197663657,False
native,ops,E2,MO-lex,11,0.01,10.0,0.028621296410020154,False
native,ops,E2,MO-lex,11,0.02,10.0,0.028621296410020154,False
native,ops,E2,MO-lex,11,0.05,10.0,0.028621296410020154,False
native,ops,E2,MO-lex,11,0.1,10.0,0.028621296410020154,False
native,ops,E2,MO-lex,11,0.2,10.0,0.028621296410020154,False
native,ops,E2,MO-lex,11,0.5,9.0,0.0325978836509007,True
native,ops,E2,MO-lex,11,1.0,9.0,0.0325978836509007,True
native,ops,E2,MO-lex,12,0.0,12.0,0.028495472197663768,False
native,ops,E2,MO-lex,12,0.01,12.0,0.028495472197663768,False
native,ops,E2,MO-lex,12,0.02,11.0,0.028037419923456482,False
native,ops,E2,MO-lex,12,0.05,9.0,0.028750982584347478,False
native,ops,E2,MO-lex,12,0.1,9.0,0.028750982584347478,False
native,ops,E2,MO-lex,12,0.2,9.0,0.028750982584347478,False
native,ops,E2,MO-lex,12,0.5,9.0,0.028750982584347478,False
native,ops,E2,MO-lex,12,1.0,7.0,0.043897939357719566,False
native,ops,E2,MO-lex,13,0.0,12.0,0.028495472197663806,False
native,ops,E2,MO-lex,13,0.01,12.0,0.028495472197663806,False
native,ops,E2,MO-lex,13,0.02,10.0,0.02818844475994596,False
native,ops,E2,MO-lex,13,0.05,10.0,0.02818844475994596,False
native,ops,E2,MO-lex,13,0.1,10.0,0.02818844475994596,False
native,ops,E2,MO-lex,13,0.2,9.0,0.029960622635979612,False
native,ops,E2,MO-lex,13,0.5,7.0,0.03370061638417663,False
native,ops,E2,MO-lex,13,1.0,7.0,0.03370061638417663,False
native,ops,E2,MO-lex,14,0.0,12.0,0.027942879613123823,False
native,ops,E2,MO-lex,14,0.01,11.0,0.02803412927900483,False
native,ops,E2,MO-lex,14,0.02,9.0,0.028055878467765253,False
native,ops,E2,MO-lex,14,0.05,9.0,0.028055878467765253,False
native,ops,E2,MO-lex,14,0.1,9.0,0.028055878467765253,False
native,ops,E2,MO-lex,14,0.2,9.0,0.028055878467765253,False
native,ops,E2,MO-lex,14,0.5,9.0,0.028055878467765253,False
native,ops,E2,MO-lex,14,1.0,9.0,0.028055878467765253,False
native,ops,E2,MO-lex,15,0.0,12.0,0.028439045742316763,False
native,ops,E2,MO-lex,15,0.01,11.0,0.028071444914599893,False
native,ops,E2,MO-lex,15,0.02,11.0,0.028071444914599893,False
native,ops,E2,MO-lex,15,0.05,9.0,0.02899960310140295,False
native,ops,E2,MO-lex,15,0.1,9.0,0.02899960310140295,False
native,ops,E2,MO-lex,15,0.2,9.0,0.02899960310140295,False
native,ops,E2,MO-lex,15,0.5,9.0,0.02899960310140295,False
native,ops,E2,MO-lex,15,1.0,7.0,0.04084059530016623,False
native,ops,E2,MO-lex,16,0.0,12.0,0.027942879613123882,False
native,ops,E2,MO-lex,16,0.01,11.0,0.028048976976892404,False
native,ops,E2,MO-lex,16,0.02,10.0,0.02818268848553528,False
native,ops,E2,MO-lex,16,0.05,10.0,0.02818268848553528,False
native,ops,E2,MO-lex,16,0.1,9.0,0.027716088639745107,False
native,ops,E2,MO-lex,16,0.2,9.0,0.027716088639745107,False
native,ops,E2,MO-lex,16,0.5,9.0,0.027716088639745107,False
native,ops,E2,MO-lex,16,1.0,9.0,0.027716088639745107,False
native,ops,E2,MO-lex,17,0.0,12.0,0.02794252304881898,False
native,ops,E2,MO-lex,17,0.01,10.0,0.028177658871386232,False
native,ops,E2,MO-lex,17,0.02,9.0,0.02805587846776524,False
native,ops,E2,MO-lex,17,0.05,7.0,0.02833623162889271,False
native,ops,E2,MO-lex,17,0.1,7.0,0.02833623162889271,False
native,ops,E2,MO-lex,17,0.2,7.0,0.02833623162889271,False
native,ops,E2,MO-lex,17,0.5,7.0,0.02833623162889271,False
native,ops,E2,MO-lex,17,1.0,7.0,0.02833623162889271,False
native,ops,E2,MO-lex,18,0.0,12.0,0.028439045742316725,False
native,ops,E2,MO-lex,18,0.01,12.0,0.028439045742316725,False
native,ops,E2,MO-lex,18,0.02,12.0,0.028439045742316725,False
native,ops,E2,MO-lex,18,0.05,10.0,0.028946790859196353,False
native,ops,E2,MO-lex,18,0.1,9.0,0.02953148257340495,False
native,ops,E2,MO-lex,18,0.2,9.0,0.02953148257340495,False
native,ops,E2,MO-lex,18,0.5,9.0,0.02953148257340495,False
native,ops,E2,MO-lex,18,1.0,9.0,0.02953148257340495,False
native,ops,E2,MO-lex,19,0.0,12.0,0.028495472197663824,False
native,ops,E2,MO-lex,19,0.01,12.0,0.028495472197663824,False
native,ops,E2,MO-lex,19,0.02,10.0,0.02818268848553524,False
native,ops,E2,MO-lex,19,0.05,10.0,0.02818268848553524,False
native,ops,E2,MO-lex,19,0.1,9.0,0.027800107337470525,False
native,ops,E2,MO-lex,19,0.2,9.0,0.027800107337470525,False
native,ops,E2,MO-lex,19,0.5,9.0,0.027800107337470525,False
native,ops,E2,MO-lex,19,1.0,9.0,0.027800107337470525,False
native,ops,E2,MO-lex,20,0.0,12.0,0.02794287961312374,False
native,ops,E2,MO-lex,20,0.01,11.0,0.028061057151065844,False
native,ops,E2,MO-lex,20,0.02,9.0,0.02805587846776516,False
native,ops,E2,MO-lex,20,0.05,7.0,0.028336231628892795,False
native,ops,E2,MO-lex,20,0.1,7.0,0.028336231628892795,False
native,ops,E2,MO-lex,20,0.2,7.0,0.028336231628892795,False
native,ops,E2,MO-lex,20,0.5,7.0,0.028336231628892795,False
native,ops,E2,MO-lex,20,1.0,7.0,0.028336231628892795,False
native,ops,E2,MO-lex,21,0.0,12.0,0.02794287961312378,False
native,ops,E2,MO-lex,21,0.01,11.0,0.028034129279004793,False
native,ops,E2,MO-lex,21,0.02,9.0,0.028055878467765184,False
native,ops,E2,MO-lex,21,0.05,9.0,0.028055878467765184,False
native,ops,E2,MO-lex,21,0.1,9.0,0.028055878467765184,False
native,ops,E2,MO-lex,21,0.2,9.0,0.028055878467765184,False
native,ops,E2,MO-lex,21,0.5,9.0,0.028055878467765184,False
native,ops,E2,MO-lex,21,1.0,9.0,0.028055878467765184,False
native,ops,E2,MO-lex,22,0.0,12.0,0.0284954721976637,False
native,ops,E2,MO-lex,22,0.01,12.0,0.0284954721976637,False
native,ops,E2,MO-lex,22,0.02,9.0,0.028055878467765197,False
native,ops,E2,MO-lex,22,0.05,7.0,0.02833623162889277,False
native,ops,E2,MO-lex,22,0.1,7.0,0.02833623162889277,False
native,ops,E2,MO-lex,22,0.2,7.0,0.02833623162889277,False
native,ops,E2,MO-lex,22,0.5,7.0,0.02833623162889277,False
native,ops,E2,MO-lex,22,1.0,7.0,0.02833623162889277,False
native,ops,E2,MO-lex,23,0.0,12.0,0.027942879613123726,False
native,ops,E2,MO-lex,23,0.01,11.0,0.0280610571510659,False
native,ops,E2,MO-lex,23,0.02,9.0,0.02805587846776516,False
native,ops,E2,MO-lex,23,0.05,7.0,0.028336231628892795,False
native,ops,E2,MO-lex,23,0.1,7.0,0.028336231628892795,False
native,ops,E2,MO-lex,23,0.2,7.0,0.028336231628892795,False
native,ops,E2,MO-lex,23,0.5,7.0,0.028336231628892795,False
native,ops,E2,MO-lex,23,1.0,7.0,0.028336231628892795,False
native,ops,E2,MO-lex,24,0.0,12.0,0.02849547219766375,False
native,ops,E2,MO-lex,24,0.01,10.0,0.028621296410020206,False
native,ops,E2,MO-lex,24,0.02,10.0,0.028621296410020206,False
native,ops,E2,MO-lex,24,0.05,9.0,0.028336509178523917,False
native,ops,E2,MO-lex,24,0.1,9.0,0.028336509178523917,False
native,ops,E2,MO-lex,24,0.2,9.0,0.028336509178523917,False
native,ops,E2,MO-lex,24,0.5,9.0,0.028336509178523917,False
native,ops,E2,MO-lex,24,1.0,9.0,0.028336509178523917,False
native,ops,E2,MO-lex,25,0.0,12.0,0.02849547219766373,False
native,ops,E2,MO-lex,25,0.01,12.0,0.02849547219766373,False
native,ops,E2,MO-lex,25,0.02,11.0,0.028061057151065962,False
native,ops,E2,MO-lex,25,0.05,11.0,0.028061057151065962,False
native,ops,E2,MO-lex,25,0.1,11.0,0.028061057151065962,False
native,ops,E2,MO-lex,25,0.2,11.0,0.028061057151065962,False
native,ops,E2,MO-lex,25,0.5,9.0,0.03331183282744978,False
native,ops,E2,MO-lex,25,1.0,9.0,0.03331183282744978,False
native,ops,E2,MO-lex,26,0.0,12.0,0.028527888592509126,False
native,ops,E2,MO-lex,26,0.01,12.0,0.028527888592509126,False
native,ops,E2,MO-lex,26,0.02,10.0,0.02815717361602156,False
native,ops,E2,MO-lex,26,0.05,10.0,0.02815717361602156,False
native,ops,E2,MO-lex,26,0.1,9.0,0.027762630425478364,False
native,ops,E2,MO-lex,26,0.2,7.0,0.028506976251080375,False
native,ops,E2,MO-lex,26,0.5,7.0,0.028506976251080375,False
native,ops,E2,MO-lex,26,1.0,7.0,0.028506976251080375,False
native,ops,E2,MO-lex,27,0.0,12.0,0.027942879613123823,False
native,ops,E2,MO-lex,27,0.01,11.0,0.02806105715106592,False
native,ops,E2,MO-lex,27,0.02,10.0,0.028182688485535283,False
native,ops,E2,MO-lex,27,0.05,10.0,0.028182688485535283,False
native,ops,E2,MO-lex,27,0.1,9.0,0.027762630425478337,False
native,ops,E2,MO-lex,27,0.2,9.0,0.027762630425478337,False
native,ops,E2,MO-lex,27,0.5,9.0,0.027762630425478337,False
native,ops,E2,MO-lex,27,1.0,9.0,0.027762630425478337,False
native,ops,E2,MO-lex,28,0.0,12.0,0.028495472197663782,False
native,ops,E2,MO-lex,28,0.01,10.0,0.02862129641002024,False
native,ops,E2,MO-lex,28,0.02,10.0,0.02862129641002024,False
native,ops,E2,MO-lex,28,0.05,10.0,0.02862129641002024,False
native,ops,E2,MO-lex,28,0.1,10.0,0.02862129641002024,False
native,ops,E2,MO-lex,28,0.2,10.0,0.02862129641002024,False
native,ops,E2,MO-lex,28,0.5,9.0,0.03152761001438984,True
native,ops,E2,MO-lex,28,1.0,9.0,0.03152761001438984,True
native,ops,E2,MO-lex,29,0.0,12.0,0.02843904574231672,False
native,ops,E2,MO-lex,29,0.01,12.0,0.02843904574231672,False
native,ops,E2,MO-lex,29,0.02,10.0,0.028074039740755747,False
native,ops,E2,MO-lex,29,0.05,10.0,0.028074039740755747,False
native,ops,E2,MO-lex,29,0.1,10.0,0.028074039740755747,False
native,ops,E2,MO-lex,29,0.2,9.0,0.03045111097441799,False
native,ops,E2,MO-lex,29,0.5,9.0,0.03045111097441799,False
native,ops,E2,MO-lex,29,1.0,9.0,0.03045111097441799,False
native,ops,E2,SO,0,0.0,12.0,0.028439045742316746,False
native,ops,E2,SO,0,0.01,12.0,0.028439045742316746,False
native,ops,E2,SO,0,0.02,12.0,0.028439045742316746,False
native,ops,E2,SO,0,0.05,12.0,0.028439045742316746,False
native,ops,E2,SO,0,0.1,12.0,0.028439045742316746,False
native,ops,E2,SO,0,0.2,12.0,0.028439045742316746,False
native,ops,E2,SO,0,0.5,12.0,0.028439045742316746,False
native,ops,E2,SO,0,1.0,12.0,0.028439045742316746,False
native,ops,E2,SO,1,0.0,12.0,0.027974296687295588,False
native,ops,E2,SO,1,0.01,12.0,0.027974296687295588,False
native,ops,E2,SO,1,0.02,12.0,0.027974296687295588,False
native,ops,E2,SO,1,0.05,12.0,0.027974296687295588,False
native,ops,E2,SO,1,0.1,12.0,0.027974296687295588,False
native,ops,E2,SO,1,0.2,12.0,0.027974296687295588,False
native,ops,E2,SO,1,0.5,12.0,0.027974296687295588,False
native,ops,E2,SO,1,1.0,12.0,0.027974296687295588,False
native,ops,E2,SO,2,0.0,12.0,0.027942879613123903,False
native,ops,E2,SO,2,0.01,12.0,0.027942879613123903,False
native,ops,E2,SO,2,0.02,12.0,0.027942879613123903,False
native,ops,E2,SO,2,0.05,12.0,0.027942879613123903,False
native,ops,E2,SO,2,0.1,12.0,0.027942879613123903,False
native,ops,E2,SO,2,0.2,12.0,0.027942879613123903,False
native,ops,E2,SO,2,0.5,12.0,0.027942879613123903,False
native,ops,E2,SO,2,1.0,12.0,0.027942879613123903,False
native,ops,E2,SO,3,0.0,12.0,0.028495472197663716,False
native,ops,E2,SO,3,0.01,12.0,0.028495472197663716,False
native,ops,E2,SO,3,0.02,12.0,0.028495472197663716,False
native,ops,E2,SO,3,0.05,12.0,0.028495472197663716,False
native,ops,E2,SO,3,0.1,12.0,0.028495472197663716,False
native,ops,E2,SO,3,0.2,12.0,0.028495472197663716,False
native,ops,E2,SO,3,0.5,12.0,0.028495472197663716,False
native,ops,E2,SO,3,1.0,12.0,0.028495472197663716,False
native,ops,E2,SO,4,0.0,12.0,0.028495472197663872,False
native,ops,E2,SO,4,0.01,12.0,0.028495472197663872,False
native,ops,E2,SO,4,0.02,12.0,0.028495472197663872,False
native,ops,E2,SO,4,0.05,12.0,0.028495472197663872,False
native,ops,E2,SO,4,0.1,12.0,0.028495472197663872,False
native,ops,E2,SO,4,0.2,12.0,0.028495472197663872,False
native,ops,E2,SO,4,0.5,12.0,0.028495472197663872,False
native,ops,E2,SO,4,1.0,12.0,0.028495472197663872,False
native,ops,E2,SO,5,0.0,12.0,0.02852788859250901,False
native,ops,E2,SO,5,0.01,12.0,0.02852788859250901,False
native,ops,E2,SO,5,0.02,12.0,0.02852788859250901,False
native,ops,E2,SO,5,0.05,12.0,0.02852788859250901,False
native,ops,E2,SO,5,0.1,12.0,0.02852788859250901,False
native,ops,E2,SO,5,0.2,12.0,0.02852788859250901,False
native,ops,E2,SO,5,0.5,12.0,0.02852788859250901,False
native,ops,E2,SO,5,1.0,12.0,0.02852788859250901,False
native,ops,E2,SO,6,0.0,12.0,0.027942879613123753,False
native,ops,E2,SO,6,0.01,12.0,0.027942879613123753,False
native,ops,E2,SO,6,0.02,12.0,0.027942879613123753,False
native,ops,E2,SO,6,0.05,12.0,0.027942879613123753,False
native,ops,E2,SO,6,0.1,12.0,0.027942879613123753,False
native,ops,E2,SO,6,0.2,12.0,0.027942879613123753,False
native,ops,E2,SO,6,0.5,12.0,0.027942879613123753,False
native,ops,E2,SO,6,1.0,12.0,0.027942879613123753,False
native,ops,E2,SO,7,0.0,12.0,0.028527888592509112,False
native,ops,E2,SO,7,0.01,12.0,0.028527888592509112,False
native,ops,E2,SO,7,0.02,12.0,0.028527888592509112,False
native,ops,E2,SO,7,0.05,12.0,0.028527888592509112,False
native,ops,E2,SO,7,0.1,12.0,0.028527888592509112,False
native,ops,E2,SO,7,0.2,12.0,0.028527888592509112,False
native,ops,E2,SO,7,0.5,12.0,0.028527888592509112,False
native,ops,E2,SO,7,1.0,12.0,0.028527888592509112,False
native,ops,E2,SO,8,0.0,12.0,0.028439045742316746,False
native,ops,E2,SO,8,0.01,12.0,0.028439045742316746,False
native,ops,E2,SO,8,0.02,12.0,0.028439045742316746,False
native,ops,E2,SO,8,0.05,12.0,0.028439045742316746,False
native,ops,E2,SO,8,0.1,12.0,0.028439045742316746,False
native,ops,E2,SO,8,0.2,12.0,0.028439045742316746,False
native,ops,E2,SO,8,0.5,12.0,0.028439045742316746,False
native,ops,E2,SO,8,1.0,12.0,0.028439045742316746,False
native,ops,E2,SO,9,0.0,12.0,0.02794287961312382,False
native,ops,E2,SO,9,0.01,12.0,0.02794287961312382,False
native,ops,E2,SO,9,0.02,12.0,0.02794287961312382,False
native,ops,E2,SO,9,0.05,12.0,0.02794287961312382,False
native,ops,E2,SO,9,0.1,12.0,0.02794287961312382,False
native,ops,E2,SO,9,0.2,12.0,0.02794287961312382,False
native,ops,E2,SO,9,0.5,12.0,0.02794287961312382,False
native,ops,E2,SO,9,1.0,12.0,0.02794287961312382,False
native,ops,E2,SO,10,0.0,12.0,0.02794287961312382,False
native,ops,E2,SO,10,0.01,12.0,0.02794287961312382,False
native,ops,E2,SO,10,0.02,12.0,0.02794287961312382,False
native,ops,E2,SO,10,0.05,12.0,0.02794287961312382,False
native,ops,E2,SO,10,0.1,12.0,0.02794287961312382,False
native,ops,E2,SO,10,0.2,12.0,0.02794287961312382,False
native,ops,E2,SO,10,0.5,12.0,0.02794287961312382,False
native,ops,E2,SO,10,1.0,12.0,0.02794287961312382,False
native,ops,E2,SO,11,0.0,12.0,0.028495472197663657,False
native,ops,E2,SO,11,0.01,12.0,0.028495472197663657,False
native,ops,E2,SO,11,0.02,12.0,0.028495472197663657,False
native,ops,E2,SO,11,0.05,12.0,0.028495472197663657,False
native,ops,E2,SO,11,0.1,12.0,0.028495472197663657,False
native,ops,E2,SO,11,0.2,12.0,0.028495472197663657,False
native,ops,E2,SO,11,0.5,12.0,0.028495472197663657,False
native,ops,E2,SO,11,1.0,12.0,0.028495472197663657,False
native,ops,E2,SO,12,0.0,12.0,0.028495472197663768,False
native,ops,E2,SO,12,0.01,12.0,0.028495472197663768,False
native,ops,E2,SO,12,0.02,12.0,0.028495472197663768,False
native,ops,E2,SO,12,0.05,12.0,0.028495472197663768,False
native,ops,E2,SO,12,0.1,12.0,0.028495472197663768,False
native,ops,E2,SO,12,0.2,12.0,0.028495472197663768,False
native,ops,E2,SO,12,0.5,12.0,0.028495472197663768,False
native,ops,E2,SO,12,1.0,12.0,0.028495472197663768,False
native,ops,E2,SO,13,0.0,12.0,0.028495472197663806,False
native,ops,E2,SO,13,0.01,12.0,0.028495472197663806,False
native,ops,E2,SO,13,0.02,12.0,0.028495472197663806,False
native,ops,E2,SO,13,0.05,12.0,0.028495472197663806,False
native,ops,E2,SO,13,0.1,12.0,0.028495472197663806,False
native,ops,E2,SO,13,0.2,12.0,0.028495472197663806,False
native,ops,E2,SO,13,0.5,12.0,0.028495472197663806,False
native,ops,E2,SO,13,1.0,12.0,0.028495472197663806,False
native,ops,E2,SO,14,0.0,12.0,0.027942879613123823,False
native,ops,E2,SO,14,0.01,12.0,0.027942879613123823,False
native,ops,E2,SO,14,0.02,12.0,0.027942879613123823,False
native,ops,E2,SO,14,0.05,12.0,0.027942879613123823,False
native,ops,E2,SO,14,0.1,12.0,0.027942879613123823,False
native,ops,E2,SO,14,0.2,12.0,0.027942879613123823,False
native,ops,E2,SO,14,0.5,12.0,0.027942879613123823,False
native,ops,E2,SO,14,1.0,12.0,0.027942879613123823,False
native,ops,E2,SO,15,0.0,12.0,0.028439045742316763,False
native,ops,E2,SO,15,0.01,12.0,0.028439045742316763,False
native,ops,E2,SO,15,0.02,12.0,0.028439045742316763,False
native,ops,E2,SO,15,0.05,12.0,0.028439045742316763,False
native,ops,E2,SO,15,0.1,12.0,0.028439045742316763,False
native,ops,E2,SO,15,0.2,12.0,0.028439045742316763,False
native,ops,E2,SO,15,0.5,12.0,0.028439045742316763,False
native,ops,E2,SO,15,1.0,12.0,0.028439045742316763,False
native,ops,E2,SO,16,0.0,12.0,0.027942879613123882,False
native,ops,E2,SO,16,0.01,12.0,0.027942879613123882,False
native,ops,E2,SO,16,0.02,12.0,0.027942879613123882,False
native,ops,E2,SO,16,0.05,12.0,0.027942879613123882,False
native,ops,E2,SO,16,0.1,12.0,0.027942879613123882,False
native,ops,E2,SO,16,0.2,12.0,0.027942879613123882,False
native,ops,E2,SO,16,0.5,12.0,0.027942879613123882,False
native,ops,E2,SO,16,1.0,12.0,0.027942879613123882,False
native,ops,E2,SO,17,0.0,12.0,0.02794252304881898,False
native,ops,E2,SO,17,0.01,12.0,0.02794252304881898,False
native,ops,E2,SO,17,0.02,12.0,0.02794252304881898,False
native,ops,E2,SO,17,0.05,12.0,0.02794252304881898,False
native,ops,E2,SO,17,0.1,12.0,0.02794252304881898,False
native,ops,E2,SO,17,0.2,12.0,0.02794252304881898,False
native,ops,E2,SO,17,0.5,12.0,0.02794252304881898,False
native,ops,E2,SO,17,1.0,12.0,0.02794252304881898,False
native,ops,E2,SO,18,0.0,12.0,0.028439045742316725,False
native,ops,E2,SO,18,0.01,12.0,0.028439045742316725,False
native,ops,E2,SO,18,0.02,12.0,0.028439045742316725,False
native,ops,E2,SO,18,0.05,12.0,0.028439045742316725,False
native,ops,E2,SO,18,0.1,12.0,0.028439045742316725,False
native,ops,E2,SO,18,0.2,12.0,0.028439045742316725,False
native,ops,E2,SO,18,0.5,12.0,0.028439045742316725,False
native,ops,E2,SO,18,1.0,12.0,0.028439045742316725,False
native,ops,E2,SO,19,0.0,12.0,0.028495472197663824,False
native,ops,E2,SO,19,0.01,12.0,0.028495472197663824,False
native,ops,E2,SO,19,0.02,12.0,0.028495472197663824,False
native,ops,E2,SO,19,0.05,12.0,0.028495472197663824,False
native,ops,E2,SO,19,0.1,12.0,0.028495472197663824,False
native,ops,E2,SO,19,0.2,12.0,0.028495472197663824,False
native,ops,E2,SO,19,0.5,12.0,0.028495472197663824,False
native,ops,E2,SO,19,1.0,12.0,0.028495472197663824,False
native,ops,E2,SO,20,0.0,12.0,0.02794287961312374,False
native,ops,E2,SO,20,0.01,12.0,0.02794287961312374,False
native,ops,E2,SO,20,0.02,12.0,0.02794287961312374,False
native,ops,E2,SO,20,0.05,12.0,0.02794287961312374,False
native,ops,E2,SO,20,0.1,12.0,0.02794287961312374,False
native,ops,E2,SO,20,0.2,12.0,0.02794287961312374,False
native,ops,E2,SO,20,0.5,12.0,0.02794287961312374,False
native,ops,E2,SO,20,1.0,12.0,0.02794287961312374,False
native,ops,E2,SO,21,0.0,12.0,0.02794287961312378,False
native,ops,E2,SO,21,0.01,12.0,0.02794287961312378,False
native,ops,E2,SO,21,0.02,12.0,0.02794287961312378,False
native,ops,E2,SO,21,0.05,12.0,0.02794287961312378,False
native,ops,E2,SO,21,0.1,12.0,0.02794287961312378,False
native,ops,E2,SO,21,0.2,12.0,0.02794287961312378,False
native,ops,E2,SO,21,0.5,12.0,0.02794287961312378,False
native,ops,E2,SO,21,1.0,12.0,0.02794287961312378,False
native,ops,E2,SO,22,0.0,12.0,0.0284954721976637,False
native,ops,E2,SO,22,0.01,12.0,0.0284954721976637,False
native,ops,E2,SO,22,0.02,12.0,0.0284954721976637,False
native,ops,E2,SO,22,0.05,12.0,0.0284954721976637,False
native,ops,E2,SO,22,0.1,12.0,0.0284954721976637,False
native,ops,E2,SO,22,0.2,12.0,0.0284954721976637,False
native,ops,E2,SO,22,0.5,12.0,0.0284954721976637,False
native,ops,E2,SO,22,1.0,12.0,0.0284954721976637,False
native,ops,E2,SO,23,0.0,12.0,0.027942879613123726,False
native,ops,E2,SO,23,0.01,12.0,0.027942879613123726,False
native,ops,E2,SO,23,0.02,12.0,0.027942879613123726,False
native,ops,E2,SO,23,0.05,12.0,0.027942879613123726,False
native,ops,E2,SO,23,0.1,12.0,0.027942879613123726,False
native,ops,E2,SO,23,0.2,12.0,0.027942879613123726,False
native,ops,E2,SO,23,0.5,12.0,0.027942879613123726,False
native,ops,E2,SO,23,1.0,12.0,0.027942879613123726,False
native,ops,E2,SO,24,0.0,12.0,0.02849547219766375,False
native,ops,E2,SO,24,0.01,12.0,0.02849547219766375,False
native,ops,E2,SO,24,0.02,12.0,0.02849547219766375,False
native,ops,E2,SO,24,0.05,12.0,0.02849547219766375,False
native,ops,E2,SO,24,0.1,12.0,0.02849547219766375,False
native,ops,E2,SO,24,0.2,12.0,0.02849547219766375,False
native,ops,E2,SO,24,0.5,12.0,0.02849547219766375,False
native,ops,E2,SO,24,1.0,12.0,0.02849547219766375,False
native,ops,E2,SO,25,0.0,12.0,0.02849547219766373,False
native,ops,E2,SO,25,0.01,12.0,0.02849547219766373,False
native,ops,E2,SO,25,0.02,12.0,0.02849547219766373,False
native,ops,E2,SO,25,0.05,12.0,0.02849547219766373,False
native,ops,E2,SO,25,0.1,12.0,0.02849547219766373,False
native,ops,E2,SO,25,0.2,12.0,0.02849547219766373,False
native,ops,E2,SO,25,0.5,12.0,0.02849547219766373,False
native,ops,E2,SO,25,1.0,12.0,0.02849547219766373,False
native,ops,E2,SO,26,0.0,12.0,0.028527888592509126,False
native,ops,E2,SO,26,0.01,12.0,0.028527888592509126,False
native,ops,E2,SO,26,0.02,12.0,0.028527888592509126,False
native,ops,E2,SO,26,0.05,12.0,0.028527888592509126,False
native,ops,E2,SO,26,0.1,12.0,0.028527888592509126,False
native,ops,E2,SO,26,0.2,12.0,0.028527888592509126,False
native,ops,E2,SO,26,0.5,12.0,0.028527888592509126,False
native,ops,E2,SO,26,1.0,12.0,0.028527888592509126,False
native,ops,E2,SO,27,0.0,12.0,0.027942879613123823,False
native,ops,E2,SO,27,0.01,12.0,0.027942879613123823,False
native,ops,E2,SO,27,0.02,12.0,0.027942879613123823,False
native,ops,E2,SO,27,0.05,12.0,0.027942879613123823,False
native,ops,E2,SO,27,0.1,12.0,0.027942879613123823,False
native,ops,E2,SO,27,0.2,12.0,0.027942879613123823,False
native,ops,E2,SO,27,0.5,12.0,0.027942879613123823,False
native,ops,E2,SO,27,1.0,12.0,0.027942879613123823,False
native,ops,E2,SO,28,0.0,12.0,0.028495472197663782,False
native,ops,E2,SO,28,0.01,12.0,0.028495472197663782,False
native,ops,E2,SO,28,0.02,12.0,0.028495472197663782,False
native,ops,E2,SO,28,0.05,12.0,0.028495472197663782,False
native,ops,E2,SO,28,0.1,12.0,0.028495472197663782,False
native,ops,E2,SO,28,0.2,12.0,0.028495472197663782,False
native,ops,E2,SO,28,0.5,12.0,0.028495472197663782,False
native,ops,E2,SO,28,1.0,12.0,0.028495472197663782,False
native,ops,E2,SO,29,0.0,12.0,0.02843904574231672,False
native,ops,E2,SO,29,0.01,12.0,0.02843904574231672,False
native,ops,E2,SO,29,0.02,12.0,0.02843904574231672,False
native,ops,E2,SO,29,0.05,12.0,0.02843904574231672,False
native,ops,E2,SO,29,0.1,12.0,0.02843904574231672,False
native,ops,E2,SO,29,0.2,12.0,0.02843904574231672,False
native,ops,E2,SO,29,0.5,12.0,0.02843904574231672,False
native,ops,E2,SO,29,1.0,12.0,0.02843904574231672,False
native,ops,E3,Green,0,0.0,16.0,1.276566038211296,False
native,ops,E3,Green,0,0.01,16.0,1.276566038211296,False
native,ops,E3,Green,0,0.02,16.0,1.276566038211296,False
native,ops,E3,Green,0,0.05,16.0,1.276566038211296,False
native,ops,E3,Green,0,0.1,16.0,1.276566038211296,False
native,ops,E3,Green,0,0.2,14.0,1.4245364143077541,False
native,ops,E3,Green,0,0.5,12.0,16.385364260506,False
native,ops,E3,Green,0,1.0,12.0,16.385364260506,False
native,ops,E3,Green,1,0.0,16.0,1.3922219097010358,False
native,ops,E3,Green,1,0.01,16.0,1.3922219097010358,False
native,ops,E3,Green,1,0.02,16.0,1.3922219097010358,False
native,ops,E3,Green,1,0.05,16.0,1.3922219097010358,False
native,ops,E3,Green,1,0.1,16.0,1.3922219097010358,False
native,ops,E3,Green,1,0.2,14.0,1.5758694556525539,False
native,ops,E3,Green,1,0.5,12.0,4.137316624880588,False
native,ops,E3,Green,1,1.0,12.0,4.137316624880588,False
native,ops,E3,Green,2,0.0,14.0,1.4546166097077473,False
native,ops,E3,Green,2,0.01,14.0,1.4546166097077473,False
native,ops,E3,Green,2,0.02,14.0,1.4546166097077473,False
native,ops,E3,Green,2,0.05,14.0,1.4546166097077473,False
native,ops,E3,Green,2,0.1,12.0,3.284909483432264,False
native,ops,E3,Green,2,0.2,12.0,3.284909483432264,False
native,ops,E3,Green,2,0.5,12.0,3.284909483432264,False
native,ops,E3,Green,2,1.0,12.0,3.284909483432264,False
native,ops,E3,Green,3,0.0,16.0,1.4309455631297825,False
native,ops,E3,Green,3,0.01,16.0,1.4309455631297825,False
native,ops,E3,Green,3,0.02,16.0,1.4309455631297825,False
native,ops,E3,Green,3,0.05,16.0,1.4309455631297825,False
native,ops,E3,Green,3,0.1,16.0,1.4309455631297825,False
native,ops,E3,Green,3,0.2,12.0,7.364572833585816,False
native,ops,E3,Green,3,0.5,12.0,7.364572833585816,False
native,ops,E3,Green,3,1.0,12.0,7.364572833585816,False
native,ops,E3,Green,4,0.0,14.0,1.547386451878167,False
native,ops,E3,Green,4,0.01,14.0,1.547386451878167,False
native,ops,E3,Green,4,0.02,14.0,1.547386451878167,False
native,ops,E3,Green,4,0.05,14.0,1.547386451878167,False
native,ops,E3,Green,4,0.1,14.0,1.547386451878167,False
native,ops,E3,Green,4,0.2,14.0,1.547386451878167,False
native,ops,E3,Green,4,0.5,12.0,3.5026793283741307,False
native,ops,E3,Green,4,1.0,12.0,3.5026793283741307,False
native,ops,E3,Green,5,0.0,19.0,1.565896190714143,False
native,ops,E3,Green,5,0.01,16.0,1.480975547599922,False
native,ops,E3,Green,5,0.02,16.0,1.480975547599922,False
native,ops,E3,Green,5,0.05,16.0,1.480975547599922,False
native,ops,E3,Green,5,0.1,16.0,1.480975547599922,False
native,ops,E3,Green,5,0.2,14.0,6.123957139627498,False
native,ops,E3,Green,5,0.5,14.0,6.123957139627498,False
native,ops,E3,Green,5,1.0,12.0,1.7659430215359755,False
native,ops,E3,Green,6,0.0,16.0,1.4670512649722183,False
native,ops,E3,Green,6,0.01,16.0,1.4670512649722183,False
native,ops,E3,Green,6,0.02,16.0,1.4670512649722183,False
native,ops,E3,Green,6,0.05,16.0,1.4670512649722183,False
native,ops,E3,Green,6,0.1,16.0,1.4670512649722183,False
native,ops,E3,Green,6,0.2,16.0,1.4670512649722183,False
native,ops,E3,Green,6,0.5,12.0,20.242667077701583,False
native,ops,E3,Green,6,1.0,12.0,20.242667077701583,False
native,ops,E3,Green,7,0.0,14.0,1.583083875952255,False
native,ops,E3,Green,7,0.01,14.0,1.583083875952255,False
native,ops,E3,Green,7,0.02,14.0,1.583083875952255,False
native,ops,E3,Green,7,0.05,14.0,1.583083875952255,False
native,ops,E3,Green,7,0.1,14.0,1.583083875952255,False
native,ops,E3,Green,7,0.2,14.0,1.583083875952255,False
native,ops,E3,Green,7,0.5,12.0,2.2610804291139663,False
native,ops,E3,Green,7,1.0,12.0,2.2610804291139663,False
native,ops,E3,Green,8,0.0,19.0,1.649377326396605,False
native,ops,E3,Green,8,0.01,16.0,1.5960982247822082,False
native,ops,E3,Green,8,0.02,16.0,1.5960982247822082,False
native,ops,E3,Green,8,0.05,16.0,1.5960982247822082,False
native,ops,E3,Green,8,0.1,14.0,3.138923520862612,False
native,ops,E3,Green,8,0.2,12.0,7.364572833609655,False
native,ops,E3,Green,8,0.5,12.0,7.364572833609655,False
native,ops,E3,Green,8,1.0,12.0,7.364572833609655,False
native,ops,E3,Green,9,0.0,16.0,1.3353196394599163,False
native,ops,E3,Green,9,0.01,16.0,1.3353196394599163,False
native,ops,E3,Green,9,0.02,16.0,1.3353196394599163,False
native,ops,E3,Green,9,0.05,16.0,1.3353196394599163,False
native,ops,E3,Green,9,0.1,16.0,1.3353196394599163,False
native,ops,E3,Green,9,0.2,14.0,1.533800844485353,False
native,ops,E3,Green,9,0.5,12.0,2.472872645677322,False
native,ops,E3,Green,9,1.0,12.0,2.472872645677322,False
native,ops,E3,Green,10,0.0,16.0,inf,False
native,ops,E3,Green,10,0.01,16.0,inf,False
native,ops,E3,Green,10,0.02,16.0,inf,False
native,ops,E3,Green,10,0.05,16.0,inf,False
native,ops,E3,Green,10,0.1,16.0,inf,False
native,ops,E3,Green,10,0.2,12.0,2.898784580560237,False
native,ops,E3,Green,10,0.5,12.0,2.898784580560237,False
native,ops,E3,Green,10,1.0,12.0,2.898784580560237,False
native,ops,E3,Green,11,0.0,16.0,1.2797464586930287,False
native,ops,E3,Green,11,0.01,16.0,1.2797464586930287,False
native,ops,E3,Green,11,0.02,16.0,1.2797464586930287,False
native,ops,E3,Green,11,0.05,14.0,1.4245364143098016,False
native,ops,E3,Green,11,0.1,14.0,1.4245364143098016,False
native,ops,E3,Green,11,0.2,14.0,1.4245364143098016,False
native,ops,E3,Green,11,0.5,12.0,263.9278058045528,False
native,ops,E3,Green,11,1.0,12.0,263.9278058045528,False
native,ops,E3,Green,12,0.0,18.0,1.413237231424137,False
native,ops,E3,Green,12,0.01,16.0,1.3714728850179907,False
native,ops,E3,Green,12,0.02,16.0,1.3714728850179907,False
native,ops,E3,Green,12,0.05,16.0,1.3714728850179907,False
native,ops,E3,Green,12,0.1,16.0,1.3714728850179907,False
native,ops,E3,Green,12,0.2,12.0,7.364572833559381,False
native,ops,E3,Green,12,0.5,12.0,7.364572833559381,False
native,ops,E3,Green,12,1.0,12.0,7.364572833559381,False
native,ops,E3,Green,13,0.0,16.0,1.3286320444481028,False
native,ops,E3,Green,13,0.01,16.0,1.3286320444481028,False
native,ops,E3,Green,13,0.02,16.0,1.3286320444481028,False
native,ops,E3,Green,13,0.05,16.0,1.3286320444481028,False
native,ops,E3,Green,13,0.1,16.0,1.3286320444481028,False
native,ops,E3,Green,13,0.2,14.0,2.911459187599911,False
native,ops,E3,Green,13,0.5,12.0,12.636048921402196,False
native,ops,E3,Green,13,1.0,12.0,12.636048921402196,False
native,ops,E3,Green,14,0.0,16.0,1.1874152285898654,False
native,ops,E3,Green,14,0.01,16.0,1.1874152285898654,False
native,ops,E3,Green,14,0.02,16.0,1.1874152285898654,False
native,ops,E3,Green,14,0.05,16.0,1.1874152285898654,False
native,ops,E3,Green,14,0.1,16.0,1.1874152285898654,False
native,ops,E3,Green,14,0.2,14.0,1.567195978011952,False
native,ops,E3,Green,14,0.5,14.0,1.567195978011952,False
native,ops,E3,Green,14,1.0,12.0,13.32393564419036,False
native,ops,E3,Green,15,0.0,19.0,1.311545521953107,False
native,ops,E3,Green,15,0.01,19.0,1.311545521953107,False
native,ops,E3,Green,15,0.02,16.0,1.270173117448562,False
native,ops,E3,Green,15,0.05,16.0,1.270173117448562,False
native,ops,E3,Green,15,0.1,16.0,1.270173117448562,False
native,ops,E3,Green,15,0.2,14.0,1.54492983546619,False
native,ops,E3,Green,15,0.5,14.0,1.54492983546619,False
native,ops,E3,Green,15,1.0,12.0,2.306549418848721,False
native,ops,E3,Green,16,0.0,16.0,1.3053153407993008,False
native,ops,E3,Green,16,0.01,16.0,1.3053153407993008,False
native,ops,E3,Green,16,0.02,16.0,1.3053153407993008,False
native,ops,E3,Green,16,0.05,16.0,1.3053153407993008,False
native,ops,E3,Green,16,0.1,16.0,1.3053153407993008,False
native,ops,E3,Green,16,0.2,12.0,7.3645728335788645,False
native,ops,E3,Green,16,0.5,12.0,7.3645728335788645,False
native,ops,E3,Green,16,1.0,12.0,7.3645728335788645,False
native,ops,E3,Green,17,0.0,21.0,1.3415268181654518,False
native,ops,E3,Green,17,0.01,21.0,1.3415268181654518,False
native,ops,E3,Green,17,0.02,16.0,1.2671877242056455,False
native,ops,E3,Green,17,0.05,16.0,1.2671877242056455,False
native,ops,E3,Green,17,0.1,14.0,1.5718469478571049,False
native,ops,E3,Green,17,0.2,12.0,3.2849094834468406,False
native,ops,E3,Green,17,0.5,12.0,3.2849094834468406,False
native,ops,E3,Green,17,1.0,12.0,3.2849094834468406,False
native,ops,E3,Green,18,0.0,16.0,inf,False
native,ops,E3,Green,18,0.01,16.0,inf,False
native,ops,E3,Green,18,0.02,16.0,inf,False
native,ops,E3,Green,18,0.05,16.0,inf,False
native,ops,E3,Green,18,0.1,16.0,inf,False
native,ops,E3,Green,18,0.2,12.0,2.898784580563138,False
native,ops,E3,Green,18,0.5,12.0,2.898784580563138,False
native,ops,E3,Green,18,1.0,12.0,2.898784580563138,False
native,ops,E3,Green,19,0.0,18.0,38259908804043.375,False
native,ops,E3,Green,19,0.01,18.0,38259908804043.375,False
native,ops,E3,Green,19,0.02,18.0,38259908804043.375,False
native,ops,E3,Green,19,0.05,18.0,38259908804043.375,False
native,ops,E3,Green,19,0.1,16.0,1.3492623037311917,False
native,ops,E3,Green,19,0.2,14.0,1.452865829264313,False
native,ops,E3,Green,19,0.5,12.0,40.74133031453064,False
native,ops,E3,Green,19,1.0,12.0,40.74133031453064,False
native,ops,E3,Green,20,0.0,16.0,1.376673442653737,False
native,ops,E3,Green,20,0.01,16.0,1.376673442653737,False
native,ops,E3,Green,20,0.02,16.0,1.376673442653737,False
native,ops,E3,Green,20,0.05,16.0,1.376673442653737,False
native,ops,E3,Green,20,0.1,16.0,1.376673442653737,False
native,ops,E3,Green,20,0.2,16.0,1.376673442653737,False
native,ops,E3,Green,20,0.5,12.0,3.2849094834369486,False
native,ops,E3,Green,20,1.0,12.0,3.2849094834369486,False
native,ops,E3,Green,21,0.0,18.0,21.280180426380433,False
native,ops,E3,Green,21,0.01,18.0,21.280180426380433,False
native,ops,E3,Green,21,0.02,18.0,21.280180426380433,False
native,ops,E3,Green,21,0.05,18.0,21.280180426380433,False
native,ops,E3,Green,21,0.1,14.0,1.531589015062785,False
native,ops,E3,Green,21,0.2,14.0,1.531589015062785,False
native,ops,E3,Green,21,0.5,14.0,1.531589015062785,False
native,ops,E3,Green,21,1.0,12.0,140.10700901999542,False
native,ops,E3,Green,22,0.0,16.0,1.4047718996224337,False
native,ops,E3,Green,22,0.01,16.0,1.4047718996224337,False
native,ops,E3,Green,22,0.02,16.0,1.4047718996224337,False
native,ops,E3,Green,22,0.05,16.0,1.4047718996224337,False
native,ops,E3,Green,22,0.1,16.0,1.4047718996224337,False
native,ops,E3,Green,22,0.2,14.0,2.911459187594835,False
native,ops,E3,Green,22,0.5,12.0,3.963967766706971,False
native,ops,E3,Green,22,1.0,12.0,3.963967766706971,False
native,ops,E3,Green,23,0.0,19.0,1.054962280435197,False
native,ops,E3,Green,23,0.01,19.0,1.054962280435197,False
native,ops,E3,Green,23,0.02,18.0,1.616271759783947,False
native,ops,E3,Green,23,0.05,14.0,1.452865829264082,False
native,ops,E3,Green,23,0.1,14.0,1.452865829264082,False
native,ops,E3,Green,23,0.2,14.0,1.452865829264082,False
native,ops,E3,Green,23,0.5,14.0,1.452865829264082,False
native,ops,E3,Green,23,1.0,12.0,35.99895998840128,False
native,ops,E3,Green,24,0.0,14.0,1.4565616308344411,False
native,ops,E3,Green,24,0.01,14.0,1.4565616308344411,False
native,ops,E3,Green,24,0.02,14.0,1.4565616308344411,False
native,ops,E3,Green,24,0.05,14.0,1.4565616308344411,False
native,ops,E3,Green,24,0.1,14.0,1.4565616308344411,False
native,ops,E3,Green,24,0.2,14.0,1.4565616308344411,False
native,ops,E3,Green,24,0.5,12.0,75.60456605502793,False
native,ops,E3,Green,24,1.0,12.0,75.60456605502793,False
native,ops,E3,Green,25,0.0,20.0,1.60537064792512,False
native,ops,E3,Green,25,0.01,20.0,1.60537064792512,False
native,ops,E3,Green,25,0.02,20.0,1.60537064792512,False
native,ops,E3,Green,25,0.05,20.0,1.60537064792512,False
native,ops,E3,Green,25,0.1,20.0,1.60537064792512,False
native,ops,E3,Green,25,0.2,20.0,1.60537064792512,False
native,ops,E3,Green,25,0.5,12.0,23.2502005788316,False
native,ops,E3,Green,25,1.0,12.0,23.2502005788316,False
native,ops,E3,Green,26,0.0,16.0,inf,False
native,ops,E3,Green,26,0.01,16.0,inf,False
native,ops,E3,Green,26,0.02,16.0,inf,False
native,ops,E3,Green,26,0.05,16.0,inf,False
native,ops,E3,Green,26,0.1,16.0,inf,False
native,ops,E3,Green,26,0.2,16.0,inf,False
native,ops,E3,Green,26,0.5,12.0,9.35756761155637,False
native,ops,E3,Green,26,1.0,12.0,9.35756761155637,False
native,ops,E3,Green,27,0.0,14.0,2.3969439364631615,False
native,ops,E3,Green,27,0.01,14.0,2.3969439364631615,False
native,ops,E3,Green,27,0.02,14.0,2.3969439364631615,False
native,ops,E3,Green,27,0.05,14.0,2.3969439364631615,False
native,ops,E3,Green,27,0.1,12.0,3.9639677667140396,False
native,ops,E3,Green,27,0.2,12.0,3.9639677667140396,False
native,ops,E3,Green,27,0.5,12.0,3.9639677667140396,False
native,ops,E3,Green,27,1.0,12.0,3.9639677667140396,False
native,ops,E3,Green,28,0.0,12.0,2.8987845805659593,False
native,ops,E3,Green,28,0.01,12.0,2.8987845805659593,False
native,ops,E3,Green,28,0.02,12.0,2.8987845805659593,False
native,ops,E3,Green,28,0.05,12.0,2.8987845805659593,False
native,ops,E3,Green,28,0.1,12.0,2.8987845805659593,False
native,ops,E3,Green,28,0.2,12.0,2.8987845805659593,False
native,ops,E3,Green,28,0.5,12.0,2.8987845805659593,False
native,ops,E3,Green,28,1.0,12.0,2.8987845805659593,False
native,ops,E3,Green,29,0.0,16.0,1.4670512656314283,False
native,ops,E3,Green,29,0.01,16.0,1.4670512656314283,False
native,ops,E3,Green,29,0.02,16.0,1.4670512656314283,False
native,ops,E3,Green,29,0.05,16.0,1.4670512656314283,False
native,ops,E3,Green,29,0.1,16.0,1.4670512656314283,False
native,ops,E3,Green,29,0.2,14.0,2.396943936462106,False
native,ops,E3,Green,29,0.5,12.0,2.898784580560923,False
native,ops,E3,Green,29,1.0,12.0,2.898784580560923,False
native,ops,E3,MO-lex,0,0.0,19.0,1.4201369254348997,False
native,ops,E3,MO-lex,0,0.01,16.0,1.4114130381953272,False
native,ops,E3,MO-lex,0,0.02,16.0,1.4114130381953272,False
native,ops,E3,MO-lex,0,0.05,16.0,1.4114130381953272,False
native,ops,E3,MO-lex,0,0.1,16.0,1.4114130381953272,False
native,ops,E3,MO-lex,0,0.2,16.0,1.4114130381953272,False
native,ops,E3,MO-lex,0,0.5,16.0,1.4114130381953272,False
native,ops,E3,MO-lex,0,1.0,16.0,1.4114130381953272,False
native,ops,E3,MO-lex,1,0.0,16.0,1.3685669607668864,False
native,ops,E3,MO-lex,1,0.01,16.0,1.3685669607668864,False
native,ops,E3,MO-lex,1,0.02,16.0,1.3685669607668864,False
native,ops,E3,MO-lex,1,0.05,16.0,1.3685669607668864,False
native,ops,E3,MO-lex,1,0.1,16.0,1.3685669607668864,False
native,ops,E3,MO-lex,1,0.2,16.0,1.3685669607668864,False
native,ops,E3,MO-lex,1,0.5,14.0,1.5671959780111402,False
native,ops,E3,MO-lex,1,1.0,14.0,1.5671959780111402,False
native,ops,E3,MO-lex,2,0.0,19.0,1.2522088427975897,False
native,ops,E3,MO-lex,2,0.01,16.0,1.2543238892233024,False
native,ops,E3,MO-lex,2,0.02,16.0,1.2543238892233024,False
native,ops,E3,MO-lex,2,0.05,16.0,1.2543238892233024,False
native,ops,E3,MO-lex,2,0.1,16.0,1.2543238892233024,False
native,ops,E3,MO-lex,2,0.2,16.0,1.2543238892233024,False
native,ops,E3,MO-lex,2,0.5,14.0,1.3156392568057336,False
native,ops,E3,MO-lex,2,1.0,12.0,542.023559226671,False
native,ops,E3,MO-lex,3,0.0,18.0,1.3937274818636392,False
native,ops,E3,MO-lex,3,0.01,16.0,1.4114130377786807,False
native,ops,E3,MO-lex,3,0.02,16.0,1.4114130377786807,False
native,ops,E3,MO-lex,3,0.05,16.0,1.4114130377786807,False
native,ops,E3,MO-lex,3,0.1,16.0,1.4114130377786807,False
native,ops,E3,MO-lex,3,0.2,16.0,1.4114130377786807,False
native,ops,E3,MO-lex,3,0.5,16.0,1.4114130377786807,False
native,ops,E3,MO-lex,3,1.0,14.0,129.20178530217558,False
native,ops,E3,MO-lex,4,0.0,18.0,1.3847582396988163,False
native,ops,E3,MO-lex,4,0.01,16.0,1.4073547064290304,False
native,ops,E3,MO-lex,4,0.02,16.0,1.4073547064290304,False
native,ops,E3,MO-lex,4,0.05,16.0,1.4073547064290304,False
native,ops,E3,MO-lex,4,0.1,16.0,1.4073547064290304,False
native,ops,E3,MO-lex,4,0.2,15.0,8.931210244968689,False
native,ops,E3,MO-lex,4,0.5,14.0,1.516515060178145,False
native,ops,E3,MO-lex,4,1.0,14.0,1.516515060178145,False
native,ops,E3,MO-lex,5,0.0,18.0,1.318735813192184,False
native,ops,E3,MO-lex,5,0.01,16.0,1.339835537085711,False
native,ops,E3,MO-lex,5,0.02,16.0,1.339835537085711,False
native,ops,E3,MO-lex,5,0.05,16.0,1.339835537085711,False
native,ops,E3,MO-lex,5,0.1,16.0,1.339835537085711,False
native,ops,E3,MO-lex,5,0.2,16.0,1.339835537085711,False
native,ops,E3,MO-lex,5,0.5,14.0,1.843167327177586,False
native,ops,E3,MO-lex,5,1.0,14.0,1.843167327177586,False
native,ops,E3,MO-lex,6,0.0,19.0,1.503138715081509,False
native,ops,E3,MO-lex,6,0.01,16.0,1.4670512654174257,False
native,ops,E3,MO-lex,6,0.02,16.0,1.4670512654174257,False
native,ops,E3,MO-lex,6,0.05,16.0,1.4670512654174257,False
native,ops,E3,MO-lex,6,0.1,16.0,1.4670512654174257,False
native,ops,E3,MO-lex,6,0.2,16.0,1.4670512654174257,False
native,ops,E3,MO-lex,6,0.5,15.0,28.478621995008684,False
native,ops,E3,MO-lex,6,1.0,15.0,28.478621995008684,False
native,ops,E3,MO-lex,7,0.0,20.0,1.1706935881100962,False
native,ops,E3,MO-lex,7,0.01,20.0,1.1706935881100962,False
native,ops,E3,MO-lex,7,0.02,20.0,1.1706935881100962,False
native,ops,E3,MO-lex,7,0.05,20.0,1.1706935881100962,False
native,ops,E3,MO-lex,7,0.1,20.0,1.1706935881100962,False
native,ops,E3,MO-lex,7,0.2,20.0,1.1706935881100962,False
native,ops,E3,MO-lex,7,0.5,18.0,0.24278444474102315,False
native,ops,E3,MO-lex,7,1.0,18.0,0.24278444474102315,False
native,ops,E3,MO-lex,8,0.0,16.0,1.4670512654674763,False
native,ops,E3,MO-lex,8,0.01,16.0,1.4670512654674763,False
native,ops,E3,MO-lex,8,0.02,16.0,1.4670512654674763,False
native,ops,E3,MO-lex,8,0.05,16.0,1.4670512654674763,False
native,ops,E3,MO-lex,8,0.1,16.0,1.4670512654674763,False
native,ops,E3,MO-lex,8,0.2,16.0,1.4670512654674763,False
native,ops,E3,MO-lex,8,0.5,14.0,3.2368738681988116,False
native,ops,E3,MO-lex,8,1.0,14.0,3.2368738681988116,False
native,ops,E3,MO-lex,9,0.0,20.0,1.300967457472379,False
native,ops,E3,MO-lex,9,0.01,16.0,1.299601640550438,False
native,ops,E3,MO-lex,9,0.02,16.0,1.299601640550438,False
native,ops,E3,MO-lex,9,0.05,16.0,1.299601640550438,False
native,ops,E3,MO-lex,9,0.1,16.0,1.299601640550438,False
native,ops,E3,MO-lex,9,0.2,16.0,1.299601640550438,False
native,ops,E3,MO-lex,9,0.5,14.0,1.5085351819679258,False
native,ops,E3,MO-lex,9,1.0,12.0,272.3494024573,False
native,ops,E3,MO-lex,10,0.0,25.0,0.5117397039527375,False
native,ops,E3,MO-lex,10,0.01,24.0,0.5562636241465339,False
native,ops,E3,MO-lex,10,0.02,21.0,0.5000326217763083,False
native,ops,E3,MO-lex,10,0.05,21.0,0.5000326217763083,False
native,ops,E3,MO-lex,10,0.1,21.0,0.5000326217763083,False
native,ops,E3,MO-lex,10,0.2,21.0,0.5000326217763083,False
native,ops,E3,MO-lex,10,0.5,21.0,0.5000326217763083,False
native,ops,E3,MO-lex,10,1.0,20.0,0.5807082531145178,False
native,ops,E3,MO-lex,11,0.0,24.0,0.15936494644949042,False
native,ops,E3,MO-lex,11,0.01,24.0,0.15936494644949042,False
native,ops,E3,MO-lex,11,0.02,24.0,0.15936494644949042,False
native,ops,E3,MO-lex,11,0.05,20.0,1.5731477329613914,False
native,ops,E3,MO-lex,11,0.1,20.0,1.5731477329613914,False
native,ops,E3,MO-lex,11,0.2,20.0,1.5731477329613914,False
native,ops,E3,MO-lex,11,0.5,20.0,1.5731477329613914,False
native,ops,E3,MO-lex,11,1.0,20.0,1.5731477329613914,False
native,ops,E3,MO-lex,12,0.0,18.0,1.413237231933367,False
native,ops,E3,MO-lex,12,0.01,16.0,1.4309455630478096,False
native,ops,E3,MO-lex,12,0.02,16.0,1.4309455630478096,False
native,ops,E3,MO-lex,12,0.05,16.0,1.4309455630478096,False
native,ops,E3,MO-lex,12,0.1,16.0,1.4309455630478096,False
native,ops,E3,MO-lex,12,0.2,16.0,1.4309455630478096,False
native,ops,E3,MO-lex,12,0.5,16.0,1.4309455630478096,False
native,ops,E3,MO-lex,12,1.0,14.0,136.14141456847426,False
native,ops,E3,MO-lex,13,0.0,19.0,1.4978106212189835,False
native,ops,E3,MO-lex,13,0.01,19.0,1.4978106212189835,False
native,ops,E3,MO-lex,13,0.02,19.0,1.4978106212189835,False
native,ops,E3,MO-lex,13,0.05,19.0,1.4978106212189835,False
native,ops,E3,MO-lex,13,0.1,19.0,1.4978106212189835,False
native,ops,E3,MO-lex,13,0.2,18.0,1.2914595046165889,False
native,ops,E3,MO-lex,13,0.5,17.0,1.6036133781762083,False
native,ops,E3,MO-lex,13,1.0,17.0,1.6036133781762083,False
native,ops,E3,MO-lex,14,0.0,14.0,1.424536414312042,False
native,ops,E3,MO-lex,14,0.01,14.0,1.424536414312042,False
native,ops,E3,MO-lex,14,0.02,14.0,1.424536414312042,False
native,ops,E3,MO-lex,14,0.05,14.0,1.424536414312042,False
native,ops,E3,MO-lex,14,0.1,14.0,1.424536414312042,False
native,ops,E3,MO-lex,14,0.2,14.0,1.424536414312042,False
native,ops,E3,MO-lex,14,0.5,14.0,1.424536414312042,False
native,ops,E3,MO-lex,14,1.0,14.0,1.424536414312042,False
native,ops,E3,MO-lex,15,0.0,20.0,1.0777152814237663,False
native,ops,E3,MO-lex,15,0.01,20.0,1.0777152814237663,False
native,ops,E3,MO-lex,15,0.02,20.0,1.0777152814237663,False
native,ops,E3,MO-lex,15,0.05,20.0,1.0777152814237663,False
native,ops,E3,MO-lex,15,0.1,20.0,1.0777152814237663,False
native,ops,E3,MO-lex,15,0.2,20.0,1.0777152814237663,False
native,ops,E3,MO-lex,15,0.5,18.0,0.35408354494542943,False
native,ops,E3,MO-lex,15,1.0,17.0,1.6003992271570908,False
native,ops,E3,MO-lex,16,0.0,16.0,1.3737644606081234,False
native,ops,E3,MO-lex,16,0.01,16.0,1.3737644606081234,False
native,ops,E3,MO-lex,16,0.02,16.0,1.3737644606081234,False
native,ops,E3,MO-lex,16,0.05,16.0,1.3737644606081234,False
native,ops,E3,MO-lex,16,0.1,16.0,1.3737644606081234,False
native,ops,E3,MO-lex,16,0.2,16.0,1.3737644606081234,False
native,ops,E3,MO-lex,16,0.5,14.0,7.704964674494544,False
native,ops,E3,MO-lex,16,1.0,14.0,7.704964674494544,False
native,ops,E3,MO-lex,17,0.0,18.0,1.4132372314242998,False
native,ops,E3,MO-lex,17,0.01,16.0,1.4309455630836678,False
native,ops,E3,MO-lex,17,0.02,16.0,1.4309455630836678,False
native,ops,E3,MO-lex,17,0.05,16.0,1.4309455630836678,False
native,ops,E3,MO-lex,17,0.1,16.0,1.4309455630836678,False
native,ops,E3,MO-lex,17,0.2,12.0,7.364572833632151,False
native,ops,E3,MO-lex,17,0.5,12.0,7.364572833632151,False
native,ops,E3,MO-lex,17,1.0,12.0,7.364572833632151,False
native,ops,E3,MO-lex,18,0.0,16.0,1.474250042250113,False
native,ops,E3,MO-lex,18,0.01,16.0,1.474250042250113,False
native,ops,E3,MO-lex,18,0.02,16.0,1.474250042250113,False
native,ops,E3,MO-lex,18,0.05,16.0,1.474250042250113,False
native,ops,E3,MO-lex,18,0.1,16.0,1.474250042250113,False
native,ops,E3,MO-lex,18,0.2,16.0,1.474250042250113,False
native,ops,E3,MO-lex,18,0.5,14.0,1.5789925514511733,False
native,ops,E3,MO-lex,18,1.0,14.0,1.5789925514511733,False
native,ops,E3,MO-lex,19,0.0,19.0,1.506652679879836,False
native,ops,E3,MO-lex,19,0.01,16.0,1.4670512654687449,False
native,ops,E3,MO-lex,19,0.02,16.0,1.4670512654687449,False
native,ops,E3,MO-lex,19,0.05,16.0,1.4670512654687449,False
native,ops,E3,MO-lex,19,0.1,16.0,1.4670512654687449,False
native,ops,E3,MO-lex,19,0.2,16.0,1.4670512654687449,False
native,ops,E3,MO-lex,19,0.5,12.0,12.980748539452287,False
native,ops,E3,MO-lex,19,1.0,12.0,12.980748539452287,False
native,ops,E3,MO-lex,20,0.0,16.0,1.3814531183213783,False
native,ops,E3,MO-lex,20,0.01,16.0,1.3814531183213783,False
native,ops,E3,MO-lex,20,0.02,16.0,1.3814531183213783,False
native,ops,E3,MO-lex,20,0.05,16.0,1.3814531183213783,False
native,ops,E3,MO-lex,20,0.1,16.0,1.3814531183213783,False
native,ops,E3,MO-lex,20,0.2,15.0,15.949521099753676,False
native,ops,E3,MO-lex,20,0.5,12.0,12.636048921423928,False
native,ops,E3,MO-lex,20,1.0,12.0,12.636048921423928,False
native,ops,E3,MO-lex,21,0.0,20.0,1.1192204615298393,False
native,ops,E3,MO-lex,21,0.01,20.0,1.1192204615298393,False
native,ops,E3,MO-lex,21,0.02,20.0,1.1192204615298393,False
native,ops,E3,MO-lex,21,0.05,20.0,1.1192204615298393,False
native,ops,E3,MO-lex,21,0.1,20.0,1.1192204615298393,False
native,ops,E3,MO-lex,21,0.2,20.0,1.1192204615298393,False
native,ops,E3,MO-lex,21,0.5,18.0,0.4244785627122026,False
native,ops,E3,MO-lex,21,1.0,16.0,3.8944860360178217,False
native,ops,E3,MO-lex,22,0.0,14.0,1.4245364143079842,False
native,ops,E3,MO-lex,22,0.01,14.0,1.4245364143079842,False
native,ops,E3,MO-lex,22,0.02,14.0,1.4245364143079842,False
native,ops,E3,MO-lex,22,0.05,14.0,1.4245364143079842,False
native,ops,E3,MO-lex,22,0.1,14.0,1.4245364143079842,False
native,ops,E3,MO-lex,22,0.2,14.0,1.4245364143079842,False
native,ops,E3,MO-lex,22,0.5,14.0,1.4245364143079842,False
native,ops,E3,MO-lex,22,1.0,14.0,1.4245364143079842,False
native,ops,E3,MO-lex,23,0.0,21.0,0.06295452017153055,False
native,ops,E3,MO-lex,23,0.01,18.0,0.06446755592298278,False
native,ops,E3,MO-lex,23,0.02,18.0,0.06446755592298278,False
native,ops,E3,MO-lex,23,0.05,18.0,0.06446755592298278,False
native,ops,E3,MO-lex,23,0.1,18.0,0.06446755592298278,False
native,ops,E3,MO-lex,23,0.2,18.0,0.06446755592298278,False
native,ops,E3,MO-lex,23,0.5,18.0,0.06446755592298278,False
native,ops,E3,MO-lex,23,1.0,18.0,0.06446755592298278,False
native,ops,E3,MO-lex,24,0.0,19.0,1.5027628031419384,False
native,ops,E3,MO-lex,24,0.01,16.0,1.4670512654698473,False
native,ops,E3,MO-lex,24,0.02,16.0,1.4670512654698473,False
native,ops,E3,MO-lex,24,0.05,16.0,1.4670512654698473,False
native,ops,E3,MO-lex,24,0.1,16.0,1.4670512654698473,False
native,ops,E3,MO-lex,24,0.2,16.0,1.4670512654698473,False
native,ops,E3,MO-lex,24,0.5,14.0,3.236873868223929,False
native,ops,E3,MO-lex,24,1.0,14.0,3.236873868223929,False
native,ops,E3,MO-lex,25,0.0,18.0,1.3937274818561558,False
native,ops,E3,MO-lex,25,0.01,16.0,1.3398355368559265,False
native,ops,E3,MO-lex,25,0.02,16.0,1.3398355368559265,False
native,ops,E3,MO-lex,25,0.05,16.0,1.3398355368559265,False
native,ops,E3,MO-lex,25,0.1,16.0,1.3398355368559265,False
native,ops,E3,MO-lex,25,0.2,14.0,6.123957139593107,False
native,ops,E3,MO-lex,25,0.5,14.0,6.123957139593107,False
native,ops,E3,MO-lex,25,1.0,14.0,6.123957139593107,False
native,ops,E3,MO-lex,26,0.0,19.0,1.4325346169094877,False
native,ops,E3,MO-lex,26,0.01,16.0,1.4181047658819748,False
native,ops,E3,MO-lex,26,0.02,16.0,1.4181047658819748,False
native,ops,E3,MO-lex,26,0.05,16.0,1.4181047658819748,False
native,ops,E3,MO-lex,26,0.1,16.0,1.4181047658819748,False
native,ops,E3,MO-lex,26,0.2,16.0,1.4181047658819748,False
native,ops,E3,MO-lex,26,0.5,14.0,1.5474295103009832,False
native,ops,E3,MO-lex,26,1.0,14.0,1.5474295103009832,False
native,ops,E3,MO-lex,27,0.0,19.0,1.4625786496880029,False
native,ops,E3,MO-lex,27,0.01,16.0,1.4296840167920426,False
native,ops,E3,MO-lex,27,0.02,16.0,1.4296840167920426,False
native,ops,E3,MO-lex,27,0.05,16.0,1.4296840167920426,False
native,ops,E3,MO-lex,27,0.1,16.0,1.4296840167920426,False
native,ops,E3,MO-lex,27,0.2,14.0,2.514396867771477,False
native,ops,E3,MO-lex,27,0.5,14.0,2.514396867771477,False
native,ops,E3,MO-lex,27,1.0,14.0,2.514396867771477,False
native,ops,E3,MO-lex,28,0.0,14.0,1.5473864518772669,False
native,ops,E3,MO-lex,28,0.01,14.0,1.5473864518772669,False
native,ops,E3,MO-lex,28,0.02,14.0,1.5473864518772669,False
native,ops,E3,MO-lex,28,0.05,14.0,1.5473864518772669,False
native,ops,E3,MO-lex,28,0.1,14.0,1.5473864518772669,False
native,ops,E3,MO-lex,28,0.2,14.0,1.5473864518772669,False
native,ops,E3,MO-lex,28,0.5,12.0,154.27027319608396,False
native,ops,E3,MO-lex,28,1.0,12.0,154.27027319608396,False
native,ops,E3,MO-lex,29,0.0,16.0,inf,False
native,ops,E3,MO-lex,29,0.01,16.0,inf,False
native,ops,E3,MO-lex,29,0.02,16.0,inf,False
native,ops,E3,MO-lex,29,0.05,16.0,inf,False
native,ops,E3,MO-lex,29,0.1,16.0,inf,False
native,ops,E3,MO-lex,29,0.2,16.0,inf,False
native,ops,E3,MO-lex,29,0.5,14.0,1.4655813557904531,False
native,ops,E3,MO-lex,29,1.0,14.0,1.4655813557904531,False
native,ops,E3,SO,0,0.0,19.0,1.4201369254348997,False
native,ops,E3,SO,0,0.01,19.0,1.4201369254348997,False
native,ops,E3,SO,0,0.02,19.0,1.4201369254348997,False
native,ops,E3,SO,0,0.05,19.0,1.4201369254348997,False
native,ops,E3,SO,0,0.1,19.0,1.4201369254348997,False
native,ops,E3,SO,0,0.2,19.0,1.4201369254348997,False
native,ops,E3,SO,0,0.5,19.0,1.4201369254348997,False
native,ops,E3,SO,0,1.0,19.0,1.4201369254348997,False
native,ops,E3,SO,1,0.0,16.0,1.3685669607668864,False
native,ops,E3,SO,1,0.01,16.0,1.3685669607668864,False
native,ops,E3,SO,1,0.02,16.0,1.3685669607668864,False
native,ops,E3,SO,1,0.05,16.0,1.3685669607668864,False
native,ops,E3,SO,1,0.1,16.0,1.3685669607668864,False
native,ops,E3,SO,1,0.2,16.0,1.3685669607668864,False
native,ops,E3,SO,1,0.5,16.0,1.3685669607668864,False
native,ops,E3,SO,1,1.0,16.0,1.3685669607668864,False
native,ops,E3,SO,2,0.0,19.0,1.2522088427975897,False
native,ops,E3,SO,2,0.01,19.0,1.2522088427975897,False
native,ops,E3,SO,2,0.02,19.0,1.2522088427975897,False
native,ops,E3,SO,2,0.05,19.0,1.2522088427975897,False
native,ops,E3,SO,2,0.1,19.0,1.2522088427975897,False
native,ops,E3,SO,2,0.2,19.0,1.2522088427975897,False
native,ops,E3,SO,2,0.5,19.0,1.2522088427975897,False
native,ops,E3,SO,2,1.0,19.0,1.2522088427975897,False
native,ops,E3,SO,3,0.0,18.0,1.3937274818636392,False
native,ops,E3,SO,3,0.01,18.0,1.3937274818636392,False
native,ops,E3,SO,3,0.02,18.0,1.3937274818636392,False
native,ops,E3,SO,3,0.05,18.0,1.3937274818636392,False
native,ops,E3,SO,3,0.1,18.0,1.3937274818636392,False
native,ops,E3,SO,3,0.2,18.0,1.3937274818636392,False
native,ops,E3,SO,3,0.5,18.0,1.3937274818636392,False
native,ops,E3,SO,3,1.0,18.0,1.3937274818636392,False
native,ops,E3,SO,4,0.0,18.0,1.3847582396988163,False
native,ops,E3,SO,4,0.01,18.0,1.3847582396988163,False
native,ops,E3,SO,4,0.02,18.0,1.3847582396988163,False
native,ops,E3,SO,4,0.05,18.0,1.3847582396988163,False
native,ops,E3,SO,4,0.1,18.0,1.3847582396988163,False
native,ops,E3,SO,4,0.2,18.0,1.3847582396988163,False
native,ops,E3,SO,4,0.5,18.0,1.3847582396988163,False
native,ops,E3,SO,4,1.0,18.0,1.3847582396988163,False
native,ops,E3,SO,5,0.0,18.0,1.318735813192184,False
native,ops,E3,SO,5,0.01,18.0,1.318735813192184,False
native,ops,E3,SO,5,0.02,18.0,1.318735813192184,False
native,ops,E3,SO,5,0.05,18.0,1.318735813192184,False
native,ops,E3,SO,5,0.1,18.0,1.318735813192184,False
native,ops,E3,SO,5,0.2,18.0,1.318735813192184,False
native,ops,E3,SO,5,0.5,18.0,1.318735813192184,False
native,ops,E3,SO,5,1.0,18.0,1.318735813192184,False
native,ops,E3,SO,6,0.0,19.0,1.503138715081509,False
native,ops,E3,SO,6,0.01,19.0,1.503138715081509,False
native,ops,E3,SO,6,0.02,19.0,1.503138715081509,False
native,ops,E3,SO,6,0.05,19.0,1.503138715081509,False
native,ops,E3,SO,6,0.1,19.0,1.503138715081509,False
native,ops,E3,SO,6,0.2,19.0,1.503138715081509,False
native,ops,E3,SO,6,0.5,19.0,1.503138715081509,False
native,ops,E3,SO,6,1.0,19.0,1.503138715081509,False
native,ops,E3,SO,7,0.0,20.0,1.1706935881100962,False
native,ops,E3,SO,7,0.01,20.0,1.1706935881100962,False
native,ops,E3,SO,7,0.02,20.0,1.1706935881100962,False
native,ops,E3,SO,7,0.05,20.0,1.1706935881100962,False
native,ops,E3,SO,7,0.1,20.0,1.1706935881100962,False
native,ops,E3,SO,7,0.2,20.0,1.1706935881100962,False
native,ops,E3,SO,7,0.5,20.0,1.1706935881100962,False
native,ops,E3,SO,7,1.0,20.0,1.1706935881100962,False
native,ops,E3,SO,8,0.0,16.0,1.4670512654674763,False
native,ops,E3,SO,8,0.01,16.0,1.4670512654674763,False
native,ops,E3,SO,8,0.02,16.0,1.4670512654674763,False
native,ops,E3,SO,8,0.05,16.0,1.4670512654674763,False
native,ops,E3,SO,8,0.1,16.0,1.4670512654674763,False
native,ops,E3,SO,8,0.2,16.0,1.4670512654674763,False
native,ops,E3,SO,8,0.5,16.0,1.4670512654674763,False
native,ops,E3,SO,8,1.0,16.0,1.4670512654674763,False
native,ops,E3,SO,9,0.0,20.0,1.300967457472379,False
native,ops,E3,SO,9,0.01,20.0,1.300967457472379,False
native,ops,E3,SO,9,0.02,20.0,1.300967457472379,False
native,ops,E3,SO,9,0.05,20.0,1.300967457472379,False
native,ops,E3,SO,9,0.1,20.0,1.300967457472379,False
native,ops,E3,SO,9,0.2,20.0,1.300967457472379,False
native,ops,E3,SO,9,0.5,20.0,1.300967457472379,False
native,ops,E3,SO,9,1.0,20.0,1.300967457472379,False
native,ops,E3,SO,10,0.0,25.0,0.5117397039527375,False
native,ops,E3,SO,10,0.01,25.0,0.5117397039527375,False
native,ops,E3,SO,10,0.02,25.0,0.5117397039527375,False
native,ops,E3,SO,10,0.05,25.0,0.5117397039527375,False
native,ops,E3,SO,10,0.1,25.0,0.5117397039527375,False
native,ops,E3,SO,10,0.2,25.0,0.5117397039527375,False
native,ops,E3,SO,10,0.5,25.0,0.5117397039527375,False
native,ops,E3,SO,10,1.0,25.0,0.5117397039527375,False
native,ops,E3,SO,11,0.0,24.0,0.15936494644949042,False
native,ops,E3,SO,11,0.01,24.0,0.15936494644949042,False
native,ops,E3,SO,11,0.02,24.0,0.15936494644949042,False
native,ops,E3,SO,11,0.05,24.0,0.15936494644949042,False
native,ops,E3,SO,11,0.1,24.0,0.15936494644949042,False
native,ops,E3,SO,11,0.2,24.0,0.15936494644949042,False
native,ops,E3,SO,11,0.5,24.0,0.15936494644949042,False
native,ops,E3,SO,11,1.0,24.0,0.15936494644949042,False
native,ops,E3,SO,12,0.0,18.0,1.413237231933367,False
native,ops,E3,SO,12,0.01,18.0,1.413237231933367,False
native,ops,E3,SO,12,0.02,18.0,1.413237231933367,False
native,ops,E3,SO,12,0.05,18.0,1.413237231933367,False
native,ops,E3,SO,12,0.1,18.0,1.413237231933367,False
native,ops,E3,SO,12,0.2,18.0,1.413237231933367,False
native,ops,E3,SO,12,0.5,18.0,1.413237231933367,False
native,ops,E3,SO,12,1.0,18.0,1.413237231933367,False
native,ops,E3,SO,13,0.0,19.0,1.4978106212189835,False
native,ops,E3,SO,13,0.01,19.0,1.4978106212189835,False
native,ops,E3,SO,13,0.02,19.0,1.4978106212189835,False
native,ops,E3,SO,13,0.05,19.0,1.4978106212189835,False
native,ops,E3,SO,13,0.1,19.0,1.4978106212189835,False
native,ops,E3,SO,13,0.2,19.0,1.4978106212189835,False
native,ops,E3,SO,13,0.5,19.0,1.4978106212189835,False
native,ops,E3,SO,13,1.0,19.0,1.4978106212189835,False
native,ops,E3,SO,14,0.0,14.0,1.424536414312042,False
native,ops,E3,SO,14,0.01,14.0,1.424536414312042,False
native,ops,E3,SO,14,0.02,14.0,1.424536414312042,False
native,ops,E3,SO,14,0.05,14.0,1.424536414312042,False
native,ops,E3,SO,14,0.1,14.0,1.424536414312042,False
native,ops,E3,SO,14,0.2,14.0,1.424536414312042,False
native,ops,E3,SO,14,0.5,14.0,1.424536414312042,False
native,ops,E3,SO,14,1.0,14.0,1.424536414312042,False
native,ops,E3,SO,15,0.0,20.0,1.0777152814237663,False
native,ops,E3,SO,15,0.01,20.0,1.0777152814237663,False
native,ops,E3,SO,15,0.02,20.0,1.0777152814237663,False
native,ops,E3,SO,15,0.05,20.0,1.0777152814237663,False
native,ops,E3,SO,15,0.1,20.0,1.0777152814237663,False
native,ops,E3,SO,15,0.2,20.0,1.0777152814237663,False
native,ops,E3,SO,15,0.5,20.0,1.0777152814237663,False
native,ops,E3,SO,15,1.0,20.0,1.0777152814237663,False
native,ops,E3,SO,16,0.0,16.0,1.3737644606081234,False
native,ops,E3,SO,16,0.01,16.0,1.3737644606081234,False
native,ops,E3,SO,16,0.02,16.0,1.3737644606081234,False
native,ops,E3,SO,16,0.05,16.0,1.3737644606081234,False
native,ops,E3,SO,16,0.1,16.0,1.3737644606081234,False
native,ops,E3,SO,16,0.2,16.0,1.3737644606081234,False
native,ops,E3,SO,16,0.5,16.0,1.3737644606081234,False
native,ops,E3,SO,16,1.0,16.0,1.3737644606081234,False
native,ops,E3,SO,17,0.0,18.0,1.4132372314242998,False
native,ops,E3,SO,17,0.01,18.0,1.4132372314242998,False
native,ops,E3,SO,17,0.02,18.0,1.4132372314242998,False
native,ops,E3,SO,17,0.05,18.0,1.4132372314242998,False
native,ops,E3,SO,17,0.1,18.0,1.4132372314242998,False
native,ops,E3,SO,17,0.2,18.0,1.4132372314242998,False
native,ops,E3,SO,17,0.5,18.0,1.4132372314242998,False
native,ops,E3,SO,17,1.0,18.0,1.4132372314242998,False
native,ops,E3,SO,18,0.0,16.0,1.474250042250113,False
native,ops,E3,SO,18,0.01,16.0,1.474250042250113,False
native,ops,E3,SO,18,0.02,16.0,1.474250042250113,False
native,ops,E3,SO,18,0.05,16.0,1.474250042250113,False
native,ops,E3,SO,18,0.1,16.0,1.474250042250113,False
native,ops,E3,SO,18,0.2,16.0,1.474250042250113,False
native,ops,E3,SO,18,0.5,16.0,1.474250042250113,False
native,ops,E3,SO,18,1.0,16.0,1.474250042250113,False
native,ops,E3,SO,19,0.0,19.0,1.506652679879836,False
native,ops,E3,SO,19,0.01,19.0,1.506652679879836,False
native,ops,E3,SO,19,0.02,19.0,1.506652679879836,False
native,ops,E3,SO,19,0.05,19.0,1.506652679879836,False
native,ops,E3,SO,19,0.1,19.0,1.506652679879836,False
native,ops,E3,SO,19,0.2,19.0,1.506652679879836,False
native,ops,E3,SO,19,0.5,19.0,1.506652679879836,False
native,ops,E3,SO,19,1.0,19.0,1.506652679879836,False
native,ops,E3,SO,20,0.0,16.0,1.3814531183213783,False
native,ops,E3,SO,20,0.01,16.0,1.3814531183213783,False
native,ops,E3,SO,20,0.02,16.0,1.3814531183213783,False
native,ops,E3,SO,20,0.05,16.0,1.3814531183213783,False
native,ops,E3,SO,20,0.1,16.0,1.3814531183213783,False
native,ops,E3,SO,20,0.2,16.0,1.3814531183213783,False
native,ops,E3,SO,20,0.5,16.0,1.3814531183213783,False
native,ops,E3,SO,20,1.0,16.0,1.3814531183213783,False
native,ops,E3,SO,21,0.0,20.0,1.1192204615298393,False
native,ops,E3,SO,21,0.01,20.0,1.1192204615298393,False
native,ops,E3,SO,21,0.02,20.0,1.1192204615298393,False
native,ops,E3,SO,21,0.05,20.0,1.1192204615298393,False
native,ops,E3,SO,21,0.1,20.0,1.1192204615298393,False
native,ops,E3,SO,21,0.2,20.0,1.1192204615298393,False
native,ops,E3,SO,21,0.5,20.0,1.1192204615298393,False
native,ops,E3,SO,21,1.0,20.0,1.1192204615298393,False
native,ops,E3,SO,22,0.0,14.0,1.4245364143079842,False
native,ops,E3,SO,22,0.01,14.0,1.4245364143079842,False
native,ops,E3,SO,22,0.02,14.0,1.4245364143079842,False
native,ops,E3,SO,22,0.05,14.0,1.4245364143079842,False
native,ops,E3,SO,22,0.1,14.0,1.4245364143079842,False
native,ops,E3,SO,22,0.2,14.0,1.4245364143079842,False
native,ops,E3,SO,22,0.5,14.0,1.4245364143079842,False
native,ops,E3,SO,22,1.0,14.0,1.4245364143079842,False
native,ops,E3,SO,23,0.0,21.0,0.06295452017153055,False
native,ops,E3,SO,23,0.01,21.0,0.06295452017153055,False
native,ops,E3,SO,23,0.02,21.0,0.06295452017153055,False
native,ops,E3,SO,23,0.05,21.0,0.06295452017153055,False
native,ops,E3,SO,23,0.1,21.0,0.06295452017153055,False
native,ops,E3,SO,23,0.2,21.0,0.06295452017153055,False
native,ops,E3,SO,23,0.5,21.0,0.06295452017153055,False
native,ops,E3,SO,23,1.0,21.0,0.06295452017153055,False
native,ops,E3,SO,24,0.0,19.0,1.5027628031419384,False
native,ops,E3,SO,24,0.01,19.0,1.5027628031419384,False
native,ops,E3,SO,24,0.02,19.0,1.5027628031419384,False
native,ops,E3,SO,24,0.05,19.0,1.5027628031419384,False
native,ops,E3,SO,24,0.1,19.0,1.5027628031419384,False
native,ops,E3,SO,24,0.2,19.0,1.5027628031419384,False
native,ops,E3,SO,24,0.5,19.0,1.5027628031419384,False
native,ops,E3,SO,24,1.0,19.0,1.5027628031419384,False
native,ops,E3,SO,25,0.0,18.0,1.3937274818561558,False
native,ops,E3,SO,25,0.01,18.0,1.3937274818561558,False
native,ops,E3,SO,25,0.02,18.0,1.3937274818561558,False
native,ops,E3,SO,25,0.05,18.0,1.3937274818561558,False
native,ops,E3,SO,25,0.1,18.0,1.3937274818561558,False
native,ops,E3,SO,25,0.2,18.0,1.3937274818561558,False
native,ops,E3,SO,25,0.5,18.0,1.3937274818561558,False
native,ops,E3,SO,25,1.0,18.0,1.3937274818561558,False
native,ops,E3,SO,26,0.0,19.0,1.4325346169094877,False
native,ops,E3,SO,26,0.01,19.0,1.4325346169094877,False
native,ops,E3,SO,26,0.02,19.0,1.4325346169094877,False
native,ops,E3,SO,26,0.05,19.0,1.4325346169094877,False
native,ops,E3,SO,26,0.1,19.0,1.4325346169094877,False
native,ops,E3,SO,26,0.2,19.0,1.4325346169094877,False
native,ops,E3,SO,26,0.5,19.0,1.4325346169094877,False
native,ops,E3,SO,26,1.0,19.0,1.4325346169094877,False
native,ops,E3,SO,27,0.0,19.0,1.4625786496880029,False
native,ops,E3,SO,27,0.01,19.0,1.4625786496880029,False
native,ops,E3,SO,27,0.02,19.0,1.4625786496880029,False
native,ops,E3,SO,27,0.05,19.0,1.4625786496880029,False
native,ops,E3,SO,27,0.1,19.0,1.4625786496880029,False
native,ops,E3,SO,27,0.2,19.0,1.4625786496880029,False
native,ops,E3,SO,27,0.5,19.0,1.4625786496880029,False
native,ops,E3,SO,27,1.0,19.0,1.4625786496880029,False
native,ops,E3,SO,28,0.0,14.0,1.5473864518772669,False
native,ops,E3,SO,28,0.01,14.0,1.5473864518772669,False
native,ops,E3,SO,28,0.02,14.0,1.5473864518772669,False
native,ops,E3,SO,28,0.05,14.0,1.5473864518772669,False
native,ops,E3,SO,28,0.1,14.0,1.5473864518772669,False
native,ops,E3,SO,28,0.2,14.0,1.5473864518772669,False
native,ops,E3,SO,28,0.5,14.0,1.5473864518772669,False
native,ops,E3,SO,28,1.0,14.0,1.5473864518772669,False
native,ops,E3,SO,29,0.0,16.0,inf,False
native,ops,E3,SO,29,0.01,16.0,inf,False
native,ops,E3,SO,29,0.02,16.0,inf,False
native,ops,E3,SO,29,0.05,16.0,inf,False
native,ops,E3,SO,29,0.1,16.0,inf,False
native,ops,E3,SO,29,0.2,16.0,inf,False
native,ops,E3,SO,29,0.5,16.0,inf,False
native,ops,E3,SO,29,1.0,16.0,inf,False
equal_calls,karatsuba,E1,SO,0,0.0,60.953125,2.821447395164707e-16,True
equal_calls,karatsuba,E1,SO,0,0.01,60.953125,2.821447395164707e-16,True
equal_calls,karatsuba,E1,SO,0,0.02,60.953125,2.821447395164707e-16,True
equal_calls,karatsuba,E1,SO,0,0.05,60.953125,2.821447395164707e-16,True
equal_calls,karatsuba,E1,SO,0,0.1,60.953125,2.821447395164707e-16,True
equal_calls,karatsuba,E1,SO,0,0.2,60.953125,2.821447395164707e-16,True
equal_calls,karatsuba,E1,SO,0,0.5,60.953125,2.821447395164707e-16,True
equal_calls,karatsuba,E1,SO,0,1.0,60.953125,2.821447395164707e-16,True
equal_calls,karatsuba,E1,SO,1,0.0,83.734375,3.207588230161238e-16,True
equal_calls,karatsuba,E1,SO,1,0.01,83.734375,3.207588230161238e-16,True
equal_calls,karatsuba,E1,SO,1,0.02,83.734375,3.207588230161238e-16,True
equal_calls,karatsuba,E1,SO,1,0.05,83.734375,3.207588230161238e-16,True
equal_calls,karatsuba,E1,SO,1,0.1,83.734375,3.207588230161238e-16,True
equal_calls,karatsuba,E1,SO,1,0.2,83.734375,3.207588230161238e-16,True
equal_calls,karatsuba,E1,SO,1,0.5,83.734375,3.207588230161238e-16,True
equal_calls,karatsuba,E1,SO,1,1.0,83.734375,3.207588230161238e-16,True
equal_calls,karatsuba,E1,SO,2,0.0,72.34375,2.1438683212081093e-16,True
equal_calls,karatsuba,E1,SO,2,0.01,72.34375,2.1438683212081093e-16,True
equal_calls,karatsuba,E1,SO,2,0.02,72.34375,2.1438683212081093e-16,True
equal_calls,karatsuba,E1,SO,2,0.05,72.34375,2.1438683212081093e-16,True
equal_calls,karatsuba,E1,SO,2,0.1,72.34375,2.1438683212081093e-16,True
equal_calls,karatsuba,E1,SO,2,0.2,72.34375,2.1438683212081093e-16,True
equal_calls,karatsuba,E1,SO,2,0.5,72.34375,2.1438683212081093e-16,True
equal_calls,karatsuba,E1,SO,2,1.0,72.34375,2.1438683212081093e-16,True
equal_calls,karatsuba,E1,SO,3,0.0,107.515625,2.8354989479731118e-16,True
equal_calls,karatsuba,E1,SO,3,0.01,107.515625,2.8354989479731118e-16,True
equal_calls,karatsuba,E1,SO,3,0.02,107.515625,2.8354989479731118e-16,True
equal_calls,karatsuba,E1,SO,3,0.05,107.515625,2.8354989479731118e-16,True
equal_calls,karatsuba,E1,SO,3,0.1,107.515625,2.8354989479731118e-16,True
equal_calls,karatsuba,E1,SO,3,0.2,107.515625,2.8354989479731118e-16,True
equal_calls,karatsuba,E1,SO,3,0.5,107.515625,2.8354989479731118e-16,True
equal_calls,karatsuba,E1,SO,3,1.0,107.515625,2.8354989479731118e-16,True
equal_calls,karatsuba,E1,SO,4,0.0,60.953125,2.6508865607196936e-16,True
equal_calls,karatsuba,E1,SO,4,0.01,60.953125,2.6508865607196936e-16,True
equal_calls,karatsuba,E1,SO,4,0.02,60.953125,2.6508865607196936e-16,True
equal_calls,karatsuba,E1,SO,4,0.05,60.953125,2.6508865607196936e-16,True
equal_calls,karatsuba,E1,SO,4,0.1,60.953125,2.6508865607196936e-16,True
equal_calls,karatsuba,E1,SO,4,0.2,60.953125,2.6508865607196936e-16,True
equal_calls,karatsuba,E1,SO,4,0.5,60.953125,2.6508865607196936e-16,True
equal_calls,karatsuba,E1,SO,4,1.0,60.953125,2.6508865607196936e-16,True
equal_calls,karatsuba,E1,SO,5,0.0,73.34375,2.4491431876450457e-16,True
equal_calls,karatsuba,E1,SO,5,0.01,73.34375,2.4491431876450457e-16,True
equal_calls,karatsuba,E1,SO,5,0.02,73.34375,2.4491431876450457e-16,True
equal_calls,karatsuba,E1,SO,5,0.05,73.34375,2.4491431876450457e-16,True
equal_calls,karatsuba,E1,SO,5,0.1,73.34375,2.4491431876450457e-16,True
equal_calls,karatsuba,E1,SO,5,0.2,73.34375,2.4491431876450457e-16,True
equal_calls,karatsuba,E1,SO,5,0.5,73.34375,2.4491431876450457e-16,True
equal_calls,karatsuba,E1,SO,5,1.0,73.34375,2.4491431876450457e-16,True
equal_calls,karatsuba,E1,SO,6,0.0,48.5625,2.700813343538282e-16,True
equal_calls,karatsuba,E1,SO,6,0.01,48.5625,2.700813343538282e-16,True
equal_calls,karatsuba,E1,SO,6,0.02,48.5625,2.700813343538282e-16,True
equal_calls,karatsuba,E1,SO,6,0.05,48.5625,2.700813343538282e-16,True
equal_calls,karatsuba,E1,SO,6,0.1,48.5625,2.700813343538282e-16,True
equal_calls,karatsuba,E1,SO,6,0.2,48.5625,2.700813343538282e-16,True
equal_calls,karatsuba,E1,SO,6,0.5,48.5625,2.700813343538282e-16,True
equal_calls,karatsuba,E1,SO,6,1.0,48.5625,2.700813343538282e-16,True
equal_calls,karatsuba,E1,SO,7,0.0,60.953125,3.785052985690101e-16,True
equal_calls,karatsuba,E1,SO,7,0.01,60.953125,3.785052985690101e-16,True
equal_calls,karatsuba,E1,SO,7,0.02,60.953125,3.785052985690101e-16,True
equal_calls,karatsuba,E1,SO,7,0.05,60.953125,3.785052985690101e-16,True
equal_calls,karatsuba,E1,SO,7,0.1,60.953125,3.785052985690101e-16,True
equal_calls,karatsuba,E1,SO,7,0.2,60.953125,3.785052985690101e-16,True
equal_calls,karatsuba,E1,SO,7,0.5,60.953125,3.785052985690101e-16,True
equal_calls,karatsuba,E1,SO,7,1.0,60.953125,3.785052985690101e-16,True
equal_calls,karatsuba,E1,SO,8,0.0,96.125,2.582002893023232e-16,True
equal_calls,karatsuba,E1,SO,8,0.01,96.125,2.582002893023232e-16,True
equal_calls,karatsuba,E1,SO,8,0.02,96.125,2.582002893023232e-16,True
equal_calls,karatsuba,E1,SO,8,0.05,96.125,2.582002893023232e-16,True
equal_calls,karatsuba,E1,SO,8,0.1,96.125,2.582002893023232e-16,True
equal_calls,karatsuba,E1,SO,8,0.2,96.125,2.582002893023232e-16,True
equal_calls,karatsuba,E1,SO,8,0.5,96.125,2.582002893023232e-16,True
equal_calls,karatsuba,E1,SO,8,1.0,96.125,2.582002893023232e-16,True
equal_calls,karatsuba,E1,SO,9,0.0,48.5625,2.700813343538282e-16,True
equal_calls,karatsuba,E1,SO,9,0.01,48.5625,2.700813343538282e-16,True
equal_calls,karatsuba,E1,SO,9,0.02,48.5625,2.700813343538282e-16,True
equal_calls,karatsuba,E1,SO,9,0.05,48.5625,2.700813343538282e-16,True
equal_calls,karatsuba,E1,SO,9,0.1,48.5625,2.700813343538282e-16,True
equal_calls,karatsuba,E1,SO,9,0.2,48.5625,2.700813343538282e-16,True
equal_calls,karatsuba,E1,SO,9,0.5,48.5625,2.700813343538282e-16,True
equal_calls,karatsuba,E1,SO,9,1.0,48.5625,2.700813343538282e-16,True
equal_calls,karatsuba,E1,SO,10,0.0,48.5625,2.700813343538282e-16,True
equal_calls,karatsuba,E1,SO,10,0.01,48.5625,2.700813343538282e-16,True
equal_calls,karatsuba,E1,SO,10,0.02,48.5625,2.700813343538282e-16,True
equal_calls,karatsuba,E1,SO,10,0.05,48.5625,2.700813343538282e-16,True
equal_calls,karatsuba,E1,SO,10,0.1,48.5625,2.700813343538282e-16,True
equal_calls,karatsuba,E1,SO,10,0.2,48.5625,2.700813343538282e-16,True
equal_calls,karatsuba,E1,SO,10,0.5,48.5625,2.700813343538282e-16,True
equal_calls,karatsuba,E1,SO,10,1.0,48.5625,2.700813343538282e-16,True
equal_calls,karatsuba,E1,SO,11,0.0,48.5625,2.700813343538282e-16,True
equal_calls,karatsuba,E1,SO,11,0.01,48.5625,2.700813343538282e-16,True
equal_calls,karatsuba,E1,SO,11,0.02,48.5625,2.700813343538282e-16,True
equal_calls,karatsuba,E1,SO,11,0.05,48.5625,2.700813343538282e-16,True
equal_calls,karatsuba,E1,SO,11,0.1,48.5625,2.700813343538282e-16,True
equal_calls,karatsuba,E1,SO,11,0.2,48.5625,2.700813343538282e-16,True
equal_calls,karatsuba,E1,SO,11,0.5,48.5625,2.700813343538282e-16,True
equal_calls,karatsuba,E1,SO,11,1.0,48.5625,2.700813343538282e-16,True
equal_calls,karatsuba,E1,SO,12,0.0,83.734375,2.043428099927965e-16,True
equal_calls,karatsuba,E1,SO,12,0.01,83.734375,2.043428099927965e-16,True
equal_calls,karatsuba,E1,SO,12,0.02,83.734375,2.043428099927965e-16,True
equal_calls,karatsuba,E1,SO,12,0.05,83.734375,2.043428099927965e-16,True
equal_calls,karatsuba,E1,SO,12,0.1,83.734375,2.043428099927965e-16,True
equal_calls,karatsuba,E1,SO,12,0.2,83.734375,2.043428099927965e-16,True
equal_calls,karatsuba,E1,SO,12,0.5,83.734375,2.043428099927965e-16,True
equal_calls,karatsuba,E1,SO,12,1.0,83.734375,2.043428099927965e-16,True
equal_calls,karatsuba,E1,SO,13,0.0,48.5625,2.700813343538282e-16,True
equal_calls,karatsuba,E1,SO,13,0.01,48.5625,2.700813343538282e-16,True
equal_calls,karatsuba,E1,SO,13,0.02,48.5625,2.700813343538282e-16,True
equal_calls,karatsuba,E1,SO,13,0.05,48.5625,2.700813343538282e-16,True
equal_calls,karatsuba,E1,SO,13,0.1,48.5625,2.700813343538282e-16,True
equal_calls,karatsuba,E1,SO,13,0.2,48.5625,2.700813343538282e-16,True
equal_calls,karatsuba,E1,SO,13,0.5,48.5625,2.700813343538282e-16,True
equal_calls,karatsuba,E1,SO,13,1.0,48.5625,2.700813343538282e-16,True
equal_calls,karatsuba,E1,SO,14,0.0,60.953125,2.3458695068017613e-16,True
equal_calls,karatsuba,E1,SO,14,0.01,60.953125,2.3458695068017613e-16,True
equal_calls,karatsuba,E1,SO,14,0.02,60.953125,2.3458695068017613e-16,True
equal_calls,karatsuba,E1,SO,14,0.05,60.953125,2.3458695068017613e-16,True
equal_calls,karatsuba,E1,SO,14,0.1,60.953125,2.3458695068017613e-16,True
equal_calls,karatsuba,E1,SO,14,0.2,60.953125,2.3458695068017613e-16,True
equal_calls,karatsuba,E1,SO,14,0.5,60.953125,2.3458695068017613e-16,True
equal_calls,karatsuba,E1,SO,14,1.0,60.953125,2.3458695068017613e-16,True
equal_calls,karatsuba,E1,SO,15,0.0,60.953125,2.7227928526362325e-16,True
equal_calls,karatsuba,E1,SO,15,0.01,60.953125,2.7227928526362325e-16,True
equal_calls,karatsuba,E1,SO,15,0.02,60.953125,2.7227928526362325e-16,True
equal_calls,karatsuba,E1,SO,15,0.05,60.953125,2.7227928526362325e-16,True
equal_calls,karatsuba,E1,SO,15,0.1,60.953125,2.7227928526362325e-16,True
equal_calls,karatsuba,E1,SO,15,0.2,60.953125,2.7227928526362325e-16,True
equal_calls,karatsuba,E1,SO,15,0.5,60.953125,2.7227928526362325e-16,True
equal_calls,karatsuba,E1,SO,15,1.0,60.953125,2.7227928526362325e-16,True
equal_calls,karatsuba,E1,SO,16,0.0,60.953125,2.3458695068017613e-16,True
equal_calls,karatsuba,E1,SO,16,0.01,60.953125,2.3458695068017613e-16,True
equal_calls,karatsuba,E1,SO,16,0.02,60.953125,2.3458695068017613e-16,True
equal_calls,karatsuba,E1,SO,16,0.05,60.953125,2.3458695068017613e-16,True
equal_calls,karatsuba,E1,SO,16,0.1,60.953125,2.3458695068017613e-16,True
equal_calls,karatsuba,E1,SO,16,0.2,60.953125,2.3458695068017613e-16,True
equal_calls,karatsuba,E1,SO,16,0.5,60.953125,2.3458695068017613e-16,True
equal_calls,karatsuba,E1,SO,16,1.0,60.953125,2.3458695068017613e-16,True
equal_calls,karatsuba,E1,SO,17,0.0,60.953125,3.323602781771804e-16,True
equal_calls,karatsuba,E1,SO,17,0.01,60.953125,3.323602781771804e-16,True
equal_calls,karatsuba,E1,SO,17,0.02,60.953125,3.323602781771804e-16,True
equal_calls,karatsuba,E1,SO,17,0.05,60.953125,3.323602781771804e-16,True
equal_calls,karatsuba,E1,SO,17,0.1,60.953125,3.323602781771804e-16,True
equal_calls,karatsuba,E1,SO,17,0.2,60.953125,3.323602781771804e-16,True
equal_calls,karatsuba,E1,SO,17,0.5,60.953125,3.323602781771804e-16,True
equal_calls,karatsuba,E1,SO,17,1.0,60.953125,3.323602781771804e-16,True
equal_calls,karatsuba,E1,SO,18,0.0,72.34375,2.4149382677767686e-16,True
equal_calls,karatsuba,E1,SO,18,0.01,72.34375,2.4149382677767686e-16,True
equal_calls,karatsuba,E1,SO,18,0.02,72.34375,2.4149382677767686e-16,True
equal_calls,karatsuba,E1,SO,18,0.05,72.34375,2.4149382677767686e-16,True
equal_calls,karatsuba,E1,SO,18,0.1,72.34375,2.4149382677767686e-16,True
equal_calls,karatsuba,E1,SO,18,0.2,72.34375,2.4149382677767686e-16,True
equal_calls,karatsuba,E1,SO,18,0.5,72.34375,2.4149382677767686e-16,True
equal_calls,karatsuba,E1,SO,18,1.0,72.34375,2.4149382677767686e-16,True
equal_calls,karatsuba,E1,SO,19,0.0,48.5625,2.700813343538282e-16,True
equal_calls,karatsuba,E1,SO,19,0.01,48.5625,2.700813343538282e-16,True
equal_calls,karatsuba,E1,SO,19,0.02,48.5625,2.700813343538282e-16,True
equal_calls,karatsuba,E1,SO,19,0.05,48.5625,2.700813343538282e-16,True
equal_calls,karatsuba,E1,SO,19,0.1,48.5625,2.700813343538282e-16,True
equal_calls,karatsuba,E1,SO,19,0.2,48.5625,2.700813343538282e-16,True
equal_calls,karatsuba,E1,SO,19,0.5,48.5625,2.700813343538282e-16,True
equal_calls,karatsuba,E1,SO,19,1.0,48.5625,2.700813343538282e-16,True
equal_calls,karatsuba,E1,SO,20,0.0,48.5625,2.700813343538282e-16,True
equal_calls,karatsuba,E1,SO,20,0.01,48.5625,2.700813343538282e-16,True
equal_calls,karatsuba,E1,SO,20,0.02,48.5625,2.700813343538282e-16,True
equal_calls,karatsuba,E1,SO,20,0.05,48.5625,2.700813343538282e-16,True
equal_calls,karatsuba,E1,SO,20,0.1,48.5625,2.700813343538282e-16,True
equal_calls,karatsuba,E1,SO,20,0.2,48.5625,2.700813343538282e-16,True
equal_calls,karatsuba,E1,SO,20,0.5,48.5625,2.700813343538282e-16,True
equal_calls,karatsuba,E1,SO,20,1.0,48.5625,2.700813343538282e-16,True
equal_calls,karatsuba,E1,SO,21,0.0,83.734375,3.048215388922267e-16,True
equal_calls,karatsuba,E1,SO,21,0.01,83.734375,3.048215388922267e-16,True
equal_calls,karatsuba,E1,SO,21,0.02,83.734375,3.048215388922267e-16,True
equal_calls,karatsuba,E1,SO,21,0.05,83.734375,3.048215388922267e-16,True
equal_calls,karatsuba,E1,SO,21,0.1,83.734375,3.048215388922267e-16,True
equal_calls,karatsuba,E1,SO,21,0.2,83.734375,3.048215388922267e-16,True
equal_calls,karatsuba,E1,SO,21,0.5,83.734375,3.048215388922267e-16,True
equal_calls,karatsuba,E1,SO,21,1.0,83.734375,3.048215388922267e-16,True
equal_calls,karatsuba,E1,SO,22,0.0,73.34375,3.260402014746928e-16,True
equal_calls,karatsuba,E1,SO,22,0.01,73.34375,3.260402014746928e-16,True
equal_calls,karatsuba,E1,SO,22,0.02,73.34375,3.260402014746928e-16,True
equal_calls,karatsuba,E1,SO,22,0.05,73.34375,3.260402014746928e-16,True
equal_calls,karatsuba,E1,SO,22,0.1,73.34375,3.260402014746928e-16,True
equal_calls,karatsuba,E1,SO,22,0.2,73.34375,3.260402014746928e-16,True
equal_calls,karatsuba,E1,SO,22,0.5,73.34375,3.260402014746928e-16,True
equal_calls,karatsuba,E1,SO,22,1.0,73.34375,3.260402014746928e-16,True
equal_calls,karatsuba,E1,SO,23,0.0,107.515625,2.540337108856375e-16,True
equal_calls,karatsuba,E1,SO,23,0.01,107.515625,2.540337108856375e-16,True
equal_calls,karatsuba,E1,SO,23,0.02,107.515625,2.540337108856375e-16,True
equal_calls,karatsuba,E1,SO,23,0.05,107.515625,2.540337108856375e-16,True
equal_calls,karatsuba,E1,SO,23,0.1,107.515625,2.540337108856375e-16,True
equal_calls,karatsuba,E1,SO,23,0.2,107.515625,2.540337108856375e-16,True
equal_calls,karatsuba,E1,SO,23,0.5,107.515625,2.540337108856375e-16,True
equal_calls,karatsuba,E1,SO,23,1.0,107.515625,2.540337108856375e-16,True
equal_calls,karatsuba,E1,SO,24,0.0,60.953125,2.1087021151122103e-16,True
equal_calls,karatsuba,E1,SO,24,0.01,60.953125,2.1087021151122103e-16,True
equal_calls,karatsuba,E1,SO,24,0.02,60.953125,2.1087021151122103e-16,True
equal_calls,karatsuba,E1,SO,24,0.05,60.953125,2.1087021151122103e-16,True
equal_calls,karatsuba,E1,SO,24,0.1,60.953125,2.1087021151122103e-16,True
equal_calls,karatsuba,E1,SO,24,0.2,60.953125,2.1087021151122103e-16,True
equal_calls,karatsuba,E1,SO,24,0.5,60.953125,2.1087021151122103e-16,True
equal_calls,karatsuba,E1,SO,24,1.0,60.953125,2.1087021151122103e-16,True
equal_calls,karatsuba,E1,SO,25,0.0,73.34375,2.4491431876450457e-16,True
equal_calls,karatsuba,E1,SO,25,0.01,73.34375,2.4491431876450457e-16,True
equal_calls,karatsuba,E1,SO,25,0.02,73.34375,2.4491431876450457e-16,True
equal_calls,karatsuba,E1,SO,25,0.05,73.34375,2.4491431876450457e-16,True
equal_calls,karatsuba,E1,SO,25,0.1,73.34375,2.4491431876450457e-16,True
equal_calls,karatsuba,E1,SO,25,0.2,73.34375,2.4491431876450457e-16,True
equal_calls,karatsuba,E1,SO,25,0.5,73.34375,2.4491431876450457e-16,True
equal_calls,karatsuba,E1,SO,25,1.0,73.34375,2.4491431876450457e-16,True
equal_calls,karatsuba,E1,SO,26,0.0,60.953125,2.3458695068017613e-16,True
equal_calls,karatsuba,E1,SO,26,0.01,60.953125,2.3458695068017613e-16,True
equal_calls,karatsuba,E1,SO,26,0.02,60.953125,2.3458695068017613e-16,True
equal_calls,karatsuba,E1,SO,26,0.05,60.953125,2.3458695068017613e-16,True
equal_calls,karatsuba,E1,SO,26,0.1,60.953125,2.3458695068017613e-16,True
equal_calls,karatsuba,E1,SO,26,0.2,60.953125,2.3458695068017613e-16,True
equal_calls,karatsuba,E1,SO,26,0.5,60.953125,2.3458695068017613e-16,True
equal_calls,karatsuba,E1,SO,26,1.0,60.953125,2.3458695068017613e-16,True
equal_calls,karatsuba,E1,SO,27,0.0,60.953125,2.3458695068017613e-16,True
equal_calls,karatsuba,E1,SO,27,0.01,60.953125,2.3458695068017613e-16,True
equal_calls,karatsuba,E1,SO,27,0.02,60.953125,2.3458695068017613e-16,True
equal_calls,karatsuba,E1,SO,27,0.05,60.953125,2.3458695068017613e-16,True
equal_calls,karatsuba,E1,SO,27,0.1,60.953125,2.3458695068017613e-16,True
equal_calls,karatsuba,E1,SO,27,0.2,60.953125,2.3458695068017613e-16,True
equal_calls,karatsuba,E1,SO,27,0.5,60.953125,2.3458695068017613e-16,True
equal_calls,karatsuba,E1,SO,27,1.0,60.953125,2.3458695068017613e-16,True
equal_calls,karatsuba,E1,SO,28,0.0,60.953125,2.3458695068017613e-16,True
equal_calls,karatsuba,E1,SO,28,0.01,60.953125,2.3458695068017613e-16,True
equal_calls,karatsuba,E1,SO,28,0.02,60.953125,2.3458695068017613e-16,True
equal_calls,karatsuba,E1,SO,28,0.05,60.953125,2.3458695068017613e-16,True
equal_calls,karatsuba,E1,SO,28,0.1,60.953125,2.3458695068017613e-16,True
equal_calls,karatsuba,E1,SO,28,0.2,60.953125,2.3458695068017613e-16,True
equal_calls,karatsuba,E1,SO,28,0.5,60.953125,2.3458695068017613e-16,True
equal_calls,karatsuba,E1,SO,28,1.0,60.953125,2.3458695068017613e-16,True
equal_calls,karatsuba,E1,SO,29,0.0,60.953125,2.3458695068017613e-16,True
equal_calls,karatsuba,E1,SO,29,0.01,60.953125,2.3458695068017613e-16,True
equal_calls,karatsuba,E1,SO,29,0.02,60.953125,2.3458695068017613e-16,True
equal_calls,karatsuba,E1,SO,29,0.05,60.953125,2.3458695068017613e-16,True
equal_calls,karatsuba,E1,SO,29,0.1,60.953125,2.3458695068017613e-16,True
equal_calls,karatsuba,E1,SO,29,0.2,60.953125,2.3458695068017613e-16,True
equal_calls,karatsuba,E1,SO,29,0.5,60.953125,2.3458695068017613e-16,True
equal_calls,karatsuba,E1,SO,29,1.0,60.953125,2.3458695068017613e-16,True
equal_calls,karatsuba,E1,MO-lex,0,0.0,48.5625,3.25075120964195e-16,True
equal_calls,karatsuba,E1,MO-lex,0,0.01,48.5625,3.25075120964195e-16,True
equal_calls,karatsuba,E1,MO-lex,0,0.02,48.5625,3.25075120964195e-16,True
equal_calls,karatsuba,E1,MO-lex,0,0.05,48.5625,3.25075120964195e-16,True
equal_calls,karatsuba,E1,MO-lex,0,0.1,48.5625,3.25075120964195e-16,True
equal_calls,karatsuba,E1,MO-lex,0,0.2,48.5625,3.25075120964195e-16,True
equal_calls,karatsuba,E1,MO-lex,0,0.5,48.5625,3.25075120964195e-16,True
equal_calls,karatsuba,E1,MO-lex,0,1.0,48.5625,3.25075120964195e-16,True
equal_calls,karatsuba,E1,MO-lex,1,0.0,48.5625,3.25075120964195e-16,True
equal_calls,karatsuba,E1,MO-lex,1,0.01,48.5625,3.25075120964195e-16,True
equal_calls,karatsuba,E1,MO-lex,1,0.02,48.5625,3.25075120964195e-16,True
equal_calls,karatsuba,E1,MO-lex,1,0.05,48.5625,3.25075120964195e-16,True
equal_calls,karatsuba,E1,MO-lex,1,0.1,48.5625,3.25075120964195e-16,True
equal_calls,karatsuba,E1,MO-lex,1,0.2,48.5625,3.25075120964195e-16,True
equal_calls,karatsuba,E1,MO-lex,1,0.5,48.5625,3.25075120964195e-16,True
equal_calls,karatsuba,E1,MO-lex,1,1.0,48.5625,3.25075120964195e-16,True
equal_calls,karatsuba,E1,MO-lex,2,0.0,48.5625,2.700813343538282e-16,True
equal_calls,karatsuba,E1,MO-lex,2,0.01,48.5625,2.700813343538282e-16,True
equal_calls,karatsuba,E1,MO-lex,2,0.02,48.5625,2.700813343538282e-16,True
equal_calls,karatsuba,E1,MO-lex,2,0.05,48.5625,2.700813343538282e-16,True
equal_calls,karatsuba,E1,MO-lex,2,0.1,48.5625,2.700813343538282e-16,True
equal_calls,karatsuba,E1,MO-lex,2,0.2,48.5625,2.700813343538282e-16,True
equal_calls,karatsuba,E1,MO-lex,2,0.5,48.5625,2.700813343538282e-16,True
equal_calls,karatsuba,E1,MO-lex,2,1.0,48.5625,2.700813343538282e-16,True
equal_calls,karatsuba,E1,MO-lex,3,0.0,48.5625,3.3132865428115775e-16,True
equal_calls,karatsuba,E1,MO-lex,3,0.01,48.5625,3.3132865428115775e-16,True
equal_calls,karatsuba,E1,MO-lex,3,0.02,48.5625,3.3132865428115775e-16,True
equal_calls,karatsuba,E1,MO-lex,3,0.05,48.5625,3.3132865428115775e-16,True
equal_calls,karatsuba,E1,MO-lex,3,0.1,48.5625,3.3132865428115775e-16,True
equal_calls,karatsuba,E1,MO-lex,3,0.2,48.5625,3.3132865428115775e-16,True
equal_calls,karatsuba,E1,MO-lex,3,0.5,48.5625,3.3132865428115775e-16,True
equal_calls,karatsuba,E1,MO-lex,3,1.0,48.5625,3.3132865428115775e-16,True
equal_calls,karatsuba,E1,MO-lex,4,0.0,48.5625,3.26099261257318e-16,True
equal_calls,karatsuba,E1,MO-lex,4,0.01,48.5625,3.26099261257318e-16,True
equal_calls,karatsuba,E1,MO-lex,4,0.02,48.5625,3.26099261257318e-16,True
equal_calls,karatsuba,E1,MO-lex,4,0.05,48.5625,3.26099261257318e-16,True
equal_calls,karatsuba,E1,MO-lex,4,0.1,48.5625,3.26099261257318e-16,True
equal_calls,karatsuba,E1,MO-lex,4,0.2,48.5625,3.26099261257318e-16,True
equal_calls,karatsuba,E1,MO-lex,4,0.5,48.5625,3.26099261257318e-16,True
equal_calls,karatsuba,E1,MO-lex,4,1.0,48.5625,3.26099261257318e-16,True
equal_calls,karatsuba,E1,MO-lex,5,0.0,48.5625,2.700813343538282e-16,True
equal_calls,karatsuba,E1,MO-lex,5,0.01,48.5625,2.700813343538282e-16,True
equal_calls,karatsuba,E1,MO-lex,5,0.02,48.5625,2.700813343538282e-16,True
equal_calls,karatsuba,E1,MO-lex,5,0.05,48.5625,2.700813343538282e-16,True
equal_calls,karatsuba,E1,MO-lex,5,0.1,48.5625,2.700813343538282e-16,True
equal_calls,karatsuba,E1,MO-lex,5,0.2,48.5625,2.700813343538282e-16,True
equal_calls,karatsuba,E1,MO-lex,5,0.5,48.5625,2.700813343538282e-16,True
equal_calls,karatsuba,E1,MO-lex,5,1.0,48.5625,2.700813343538282e-16,True
equal_calls,karatsuba,E1,MO-lex,6,0.0,48.5625,2.700813343538282e-16,True
equal_calls,karatsuba,E1,MO-lex,6,0.01,48.5625,2.700813343538282e-16,True
equal_calls,karatsuba,E1,MO-lex,6,0.02,48.5625,2.700813343538282e-16,True
equal_calls,karatsuba,E1,MO-lex,6,0.05,48.5625,2.700813343538282e-16,True
equal_calls,karatsuba,E1,MO-lex,6,0.1,48.5625,2.700813343538282e-16,True
equal_calls,karatsuba,E1,MO-lex,6,0.2,48.5625,2.700813343538282e-16,True
equal_calls,karatsuba,E1,MO-lex,6,0.5,48.5625,2.700813343538282e-16,True
equal_calls,karatsuba,E1,MO-lex,6,1.0,48.5625,2.700813343538282e-16,True
equal_calls,karatsuba,E1,MO-lex,7,0.0,48.5625,3.25075120964195e-16,True
equal_calls,karatsuba,E1,MO-lex,7,0.01,48.5625,3.25075120964195e-16,True
equal_calls,karatsuba,E1,MO-lex,7,0.02,48.5625,3.25075120964195e-16,True
equal_calls,karatsuba,E1,MO-lex,7,0.05,48.5625,3.25075120964195e-16,True
equal_calls,karatsuba,E1,MO-lex,7,0.1,48.5625,3.25075120964195e-16,True
equal_calls,karatsuba,E1,MO-lex,7,0.2,48.5625,3.25075120964195e-16,True
equal_calls,karatsuba,E1,MO-lex,7,0.5,48.5625,3.25075120964195e-16,True
equal_calls,karatsuba,E1,MO-lex,7,1.0,48.5625,3.25075120964195e-16,True
equal_calls,karatsuba,E1,MO-lex,8,0.0,48.5625,3.25075120964195e-16,True
equal_calls,karatsuba,E1,MO-lex,8,0.01,48.5625,3.25075120964195e-16,True
equal_calls,karatsuba,E1,MO-lex,8,0.02,48.5625,3.25075120964195e-16,True
equal_calls,karatsuba,E1,MO-lex,8,0.05,48.5625,3.25075120964195e-16,True
equal_calls,karatsuba,E1,MO-lex,8,0.1,48.5625,3.25075120964195e-16,True
equal_calls,karatsuba,E1,MO-lex,8,0.2,48.5625,3.25075120964195e-16,True
equal_calls,karatsuba,E1,MO-lex,8,0.5,48.5625,3.25075120964195e-16,True
equal_calls,karatsuba,E1,MO-lex,8,1.0,48.5625,3.25075120964195e-16,True
equal_calls,karatsuba,E1,MO-lex,9,0.0,48.5625,2.700813343538282e-16,True
equal_calls,karatsuba,E1,MO-lex,9,0.01,48.5625,2.700813343538282e-16,True
equal_calls,karatsuba,E1,MO-lex,9,0.02,48.5625,2.700813343538282e-16,True
equal_calls,karatsuba,E1,MO-lex,9,0.05,48.5625,2.700813343538282e-16,True
equal_calls,karatsuba,E1,MO-lex,9,0.1,48.5625,2.700813343538282e-16,True
equal_calls,karatsuba,E1,MO-lex,9,0.2,48.5625,2.700813343538282e-16,True
equal_calls,karatsuba,E1,MO-lex,9,0.5,48.5625,2.700813343538282e-16,True
equal_calls,karatsuba,E1,MO-lex,9,1.0,48.5625,2.700813343538282e-16,True
equal_calls,karatsuba,E1,MO-lex,10,0.0,48.5625,2.700813343538282e-16,True
equal_calls,karatsuba,E1,MO-lex,10,0.01,48.5625,2.700813343538282e-16,True
equal_calls,karatsuba,E1,MO-lex,10,0.02,48.5625,2.700813343538282e-16,True
equal_calls,karatsuba,E1,MO-lex,10,0.05,48.5625,2.700813343538282e-16,True
equal_calls,karatsuba,E1,MO-lex,10,0.1,48.5625,2.700813343538282e-16,True
equal_calls,karatsuba,E1,MO-lex,10,0.2,48.5625,2.700813343538282e-16,True
equal_calls,karatsuba,E1,MO-lex,10,0.5,48.5625,2.700813343538282e-16,True
equal_calls,karatsuba,E1,MO-lex,10,1.0,48.5625,2.700813343538282e-16,True
equal_calls,karatsuba,E1,MO-lex,11,0.0,48.5625,2.700813343538282e-16,True
equal_calls,karatsuba,E1,MO-lex,11,0.01,48.5625,2.700813343538282e-16,True
equal_calls,karatsuba,E1,MO-lex,11,0.02,48.5625,2.700813343538282e-16,True
equal_calls,karatsuba,E1,MO-lex,11,0.05,48.5625,2.700813343538282e-16,True
equal_calls,karatsuba,E1,MO-lex,11,0.1,48.5625,2.700813343538282e-16,True
equal_calls,karatsuba,E1,MO-lex,11,0.2,48.5625,2.700813343538282e-16,True
equal_calls,karatsuba,E1,MO-lex,11,0.5,48.5625,2.700813343538282e-16,True
equal_calls,karatsuba,E1,MO-lex,11,1.0,48.5625,2.700813343538282e-16,True
equal_calls,karatsuba,E1,MO-lex,12,0.0,48.5625,2.700813343538282e-16,True
equal_calls,karatsuba,E1,MO-lex,12,0.01,48.5625,2.700813343538282e-16,True
equal_calls,karatsuba,E1,MO-lex,12,0.02,48.5625,2.700813343538282e-16,True
equal_calls,karatsuba,E1,MO-lex,12,0.05,48.5625,2.700813343538282e-16,True
equal_calls,karatsuba,E1,MO-lex,12,0.1,48.5625,2.700813343538282e-16,True
equal_calls,karatsuba,E1,MO-lex,12,0.2,48.5625,2.700813343538282e-16,True
equal_calls,karatsuba,E1,MO-lex,12,0.5,48.5625,2.700813343538282e-16,True
equal_calls,karatsuba,E1,MO-lex,12,1.0,48.5625,2.700813343538282e-16,True
equal_calls,karatsuba,E1,MO-lex,13,0.0,48.5625,2.700813343538282e-16,True
equal_calls,karatsuba,E1,MO-lex,13,0.01,48.5625,2.700813343538282e-16,True
equal_calls,karatsuba,E1,MO-lex,13,0.02,48.5625,2.700813343538282e-16,True
equal_calls,karatsuba,E1,MO-lex,13,0.05,48.5625,2.700813343538282e-16,True
equal_calls,karatsuba,E1,MO-lex,13,0.1,48.5625,2.700813343538282e-16,True
equal_calls,karatsuba,E1,MO-lex,13,0.2,48.5625,2.700813343538282e-16,True
equal_calls,karatsuba,E1,MO-lex,13,0.5,48.5625,2.700813343538282e-16,True
equal_calls,karatsuba,E1,MO-lex,13,1.0,48.5625,2.700813343538282e-16,True
equal_calls,karatsuba,E1,MO-lex,14,0.0,48.5625,2.700813343538282e-16,True
equal_calls,karatsuba,E1,MO-lex,14,0.01,48.5625,2.700813343538282e-16,True
equal_calls,karatsuba,E1,MO-lex,14,0.02,48.5625,2.700813343538282e-16,True
equal_calls,karatsuba,E1,MO-lex,14,0.05,48.5625,2.700813343538282e-16,True
equal_calls,karatsuba,E1,MO-lex,14,0.1,48.5625,2.700813343538282e-16,True
equal_calls,karatsuba,E1,MO-lex,14,0.2,48.5625,2.700813343538282e-16,True
equal_calls,karatsuba,E1,MO-lex,14,0.5,48.5625,2.700813343538282e-16,True
equal_calls,karatsuba,E1,MO-lex,14,1.0,48.5625,2.700813343538282e-16,True
equal_calls,karatsuba,E1,MO-lex,15,0.0,48.5625,3.25075120964195e-16,True
equal_calls,karatsuba,E1,MO-lex,15,0.01,48.5625,3.25075120964195e-16,True
equal_calls,karatsuba,E1,MO-lex,15,0.02,48.5625,3.25075120964195e-16,True
equal_calls,karatsuba,E1,MO-lex,15,0.05,48.5625,3.25075120964195e-16,True
equal_calls,karatsuba,E1,MO-lex,15,0.1,48.5625,3.25075120964195e-16,True
equal_calls,karatsuba,E1,MO-lex,15,0.2,48.5625,3.25075120964195e-16,True
equal_calls,karatsuba,E1,MO-lex,15,0.5,48.5625,3.25075120964195e-16,True
equal_calls,karatsuba,E1,MO-lex,15,1.0,48.5625,3.25075120964195e-16,True
equal_calls,karatsuba,E1,MO-lex,16,0.0,48.5625,2.700813343538282e-16,True
equal_calls,karatsuba,E1,MO-lex,16,0.01,48.5625,2.700813343538282e-16,True
equal_calls,karatsuba,E1,MO-lex,16,0.02,48.5625,2.700813343538282e-16,True
equal_calls,karatsuba,E1,MO-lex,16,0.05,48.5625,2.700813343538282e-16,True
equal_calls,karatsuba,E1,MO-lex,16,0.1,48.5625,2.700813343538282e-16,True
equal_calls,karatsuba,E1,MO-lex,16,0.2,48.5625,2.700813343538282e-16,True
equal_calls,karatsuba,E1,MO-lex,16,0.5,48.5625,2.700813343538282e-16,True
equal_calls,karatsuba,E1,MO-lex,16,1.0,48.5625,2.700813343538282e-16,True
equal_calls,karatsuba,E1,MO-lex,17,0.0,48.5625,3.3132865428115775e-16,True
equal_calls,karatsuba,E1,MO-lex,17,0.01,48.5625,3.3132865428115775e-16,True
equal_calls,karatsuba,E1,MO-lex,17,0.02,48.5625,3.3132865428115775e-16,True
equal_calls,karatsuba,E1,MO-lex,17,0.05,48.5625,3.3132865428115775e-16,True
equal_calls,karatsuba,E1,MO-lex,17,0.1,48.5625,3.3132865428115775e-16,True
equal_calls,karatsuba,E1,MO-lex,17,0.2,48.5625,3.3132865428115775e-16,True
equal_calls,karatsuba,E1,MO-lex,17,0.5,48.5625,3.3132865428115775e-16,True
equal_calls,karatsuba,E1,MO-lex,17,1.0,48.5625,3.3132865428115775e-16,True
equal_calls,karatsuba,E1,MO-lex,18,0.0,48.5625,6.156117865385776e-16,True
equal_calls,karatsuba,E1,MO-lex,18,0.01,48.5625,6.156117865385776e-16,True
equal_calls,karatsuba,E1,MO-lex,18,0.02,48.5625,6.156117865385776e-16,True
equal_calls,karatsuba,E1,MO-lex,18,0.05,48.5625,6.156117865385776e-16,True
equal_calls,karatsuba,E1,MO-lex,18,0.1,48.5625,6.156117865385776e-16,True
equal_calls,karatsuba,E1,MO-lex,18,0.2,48.5625,6.156117865385776e-16,True
equal_calls,karatsuba,E1,MO-lex,18,0.5,48.5625,6.156117865385776e-16,True
equal_calls,karatsuba,E1,MO-lex,18,1.0,48.5625,6.156117865385776e-16,True
equal_calls,karatsuba,E1,MO-lex,19,0.0,48.5625,2.700813343538282e-16,True
equal_calls,karatsuba,E1,MO-lex,19,0.01,48.5625,2.700813343538282e-16,True
equal_calls,karatsuba,E1,MO-lex,19,0.02,48.5625,2.700813343538282e-16,True
equal_calls,karatsuba,E1,MO-lex,19,0.05,48.5625,2.700813343538282e-16,True
equal_calls,karatsuba,E1,MO-lex,19,0.1,48.5625,2.700813343538282e-16,True
equal_calls,karatsuba,E1,MO-lex,19,0.2,48.5625,2.700813343538282e-16,True
equal_calls,karatsuba,E1,MO-lex,19,0.5,48.5625,2.700813343538282e-16,True
equal_calls,karatsuba,E1,MO-lex,19,1.0,48.5625,2.700813343538282e-16,True
equal_calls,karatsuba,E1,MO-lex,20,0.0,48.5625,2.700813343538282e-16,True
equal_calls,karatsuba,E1,MO-lex,20,0.01,48.5625,2.700813343538282e-16,True
equal_calls,karatsuba,E1,MO-lex,20,0.02,48.5625,2.700813343538282e-16,True
equal_calls,karatsuba,E1,MO-lex,20,0.05,48.5625,2.700813343538282e-16,True
equal_calls,karatsuba,E1,MO-lex,20,0.1,48.5625,2.700813343538282e-16,True
equal_calls,karatsuba,E1,MO-lex,20,0.2,48.5625,2.700813343538282e-16,True
equal_calls,karatsuba,E1,MO-lex,20,0.5,48.5625,2.700813343538282e-16,True
equal_calls,karatsuba,E1,MO-lex,20,1.0,48.5625,2.700813343538282e-16,True
equal_calls,karatsuba,E1,MO-lex,21,0.0,48.5625,3.25075120964195e-16,True
equal_calls,karatsuba,E1,MO-lex,21,0.01,48.5625,3.25075120964195e-16,True
equal_calls,karatsuba,E1,MO-lex,21,0.02,48.5625,3.25075120964195e-16,True
equal_calls,karatsuba,E1,MO-lex,21,0.05,48.5625,3.25075120964195e-16,True
equal_calls,karatsuba,E1,MO-lex,21,0.1,48.5625,3.25075120964195e-16,True
equal_calls,karatsuba,E1,MO-lex,21,0.2,48.5625,3.25075120964195e-16,True
equal_calls,karatsuba,E1,MO-lex,21,0.5,48.5625,3.25075120964195e-16,True
equal_calls,karatsuba,E1,MO-lex,21,1.0,48.5625,3.25075120964195e-16,True
equal_calls,karatsuba,E1,MO-lex,22,0.0,48.5625,3.25075120964195e-16,True
equal_calls,karatsuba,E1,MO-lex,22,0.01,48.5625,3.25075120964195e-16,True
equal_calls,karatsuba,E1,MO-lex,22,0.02,48.5625,3.25075120964195e-16,True
equal_calls,karatsuba,E1,MO-lex,22,0.05,48.5625,3.25075120964195e-16,True
equal_calls,karatsuba,E1,MO-lex,22,0.1,48.5625,3.25075120964195e-16,True
equal_calls,karatsuba,E1,MO-lex,22,0.2,48.5625,3.25075120964195e-16,True
equal_calls,karatsuba,E1,MO-lex,22,0.5,48.5625,3.25075120964195e-16,True
equal_calls,karatsuba,E1,MO-lex,22,1.0,48.5625,3.25075120964195e-16,True
equal_calls,karatsuba,E1,MO-lex,23,0.0,48.5625,7.495765931930908e-16,True
equal_calls,karatsuba,E1,MO-lex,23,0.01,48.5625,7.495765931930908e-16,True
equal_calls,karatsuba,E1,MO-lex,23,0.02,48.5625,7.495765931930908e-16,True
equal_calls,karatsuba,E1,MO-lex,23,0.05,48.5625,7.495765931930908e-16,True
equal_calls,karatsuba,E1,MO-lex,23,0.1,48.5625,7.495765931930908e-16,True
equal_calls,karatsuba,E1,MO-lex,23,0.2,48.5625,7.495765931930908e-16,True
equal_calls,karatsuba,E1,MO-lex,23,0.5,48.5625,7.495765931930908e-16,True
equal_calls,karatsuba,E1,MO-lex,23,1.0,48.5625,7.495765931930908e-16,True
equal_calls,karatsuba,E1,MO-lex,24,0.0,48.5625,2.700813343538282e-16,True
equal_calls,karatsuba,E1,MO-lex,24,0.01,48.5625,2.700813343538282e-16,True
equal_calls,karatsuba,E1,MO-lex,24,0.02,48.5625,2.700813343538282e-16,True
equal_calls,karatsuba,E1,MO-lex,24,0.05,48.5625,2.700813343538282e-16,True
equal_calls,karatsuba,E1,MO-lex,24,0.1,48.5625,2.700813343538282e-16,True
equal_calls,karatsuba,E1,MO-lex,24,0.2,48.5625,2.700813343538282e-16,True
equal_calls,karatsuba,E1,MO-lex,24,0.5,48.5625,2.700813343538282e-16,True
equal_calls,karatsuba,E1,MO-lex,24,1.0,48.5625,2.700813343538282e-16,True
equal_calls,karatsuba,E1,MO-lex,25,0.0,48.5625,2.700813343538282e-16,True
equal_calls,karatsuba,E1,MO-lex,25,0.01,48.5625,2.700813343538282e-16,True
equal_calls,karatsuba,E1,MO-lex,25,0.02,48.5625,2.700813343538282e-16,True
equal_calls,karatsuba,E1,MO-lex,25,0.05,48.5625,2.700813343538282e-16,True
equal_calls,karatsuba,E1,MO-lex,25,0.1,48.5625,2.700813343538282e-16,True
equal_calls,karatsuba,E1,MO-lex,25,0.2,48.5625,2.700813343538282e-16,True
equal_calls,karatsuba,E1,MO-lex,25,0.5,48.5625,2.700813343538282e-16,True
equal_calls,karatsuba,E1,MO-lex,25,1.0,48.5625,2.700813343538282e-16,True
equal_calls,karatsuba,E1,MO-lex,26,0.0,48.5625,2.700813343538282e-16,True
equal_calls,karatsuba,E1,MO-lex,26,0.01,48.5625,2.700813343538282e-16,True
equal_calls,karatsuba,E1,MO-lex,26,0.02,48.5625,2.700813343538282e-16,True
equal_calls,karatsuba,E1,MO-lex,26,0.05,48.5625,2.700813343538282e-16,True
equal_calls,karatsuba,E1,MO-lex,26,0.1,48.5625,2.700813343538282e-16,True
equal_calls,karatsuba,E1,MO-lex,26,0.2,48.5625,2.700813343538282e-16,True
equal_calls,karatsuba,E1,MO-lex,26,0.5,48.5625,2.700813343538282e-16,True
equal_calls,karatsuba,E1,MO-lex,26,1.0,48.5625,2.700813343538282e-16,True
equal_calls,karatsuba,E1,MO-lex,27,0.0,48.5625,2.700813343538282e-16,True
equal_calls,karatsuba,E1,MO-lex,27,0.01,48.5625,2.700813343538282e-16,True
equal_calls,karatsuba,E1,MO-lex,27,0.02,48.5625,2.700813343538282e-16,True
equal_calls,karatsuba,E1,MO-lex,27,0.05,48.5625,2.700813343538282e-16,True
equal_calls,karatsuba,E1,MO-lex,27,0.1,48.5625,2.700813343538282e-16,True
equal_calls,karatsuba,E1,MO-lex,27,0.2,48.5625,2.700813343538282e-16,True
equal_calls,karatsuba,E1,MO-lex,27,0.5,48.5625,2.700813343538282e-16,True
equal_calls,karatsuba,E1,MO-lex,27,1.0,48.5625,2.700813343538282e-16,True
equal_calls,karatsuba,E1,MO-lex,28,0.0,48.5625,5.369700045505021e-16,True
equal_calls,karatsuba,E1,MO-lex,28,0.01,48.5625,5.369700045505021e-16,True
equal_calls,karatsuba,E1,MO-lex,28,0.02,48.5625,5.369700045505021e-16,True
equal_calls,karatsuba,E1,MO-lex,28,0.05,48.5625,5.369700045505021e-16,True
equal_calls,karatsuba,E1,MO-lex,28,0.1,48.5625,5.369700045505021e-16,True
equal_calls,karatsuba,E1,MO-lex,28,0.2,48.5625,5.369700045505021e-16,True
equal_calls,karatsuba,E1,MO-lex,28,0.5,48.5625,5.369700045505021e-16,True
equal_calls,karatsuba,E1,MO-lex,28,1.0,48.5625,5.369700045505021e-16,True
equal_calls,karatsuba,E1,MO-lex,29,0.0,48.5625,2.700813343538282e-16,True
equal_calls,karatsuba,E1,MO-lex,29,0.01,48.5625,2.700813343538282e-16,True
equal_calls,karatsuba,E1,MO-lex,29,0.02,48.5625,2.700813343538282e-16,True
equal_calls,karatsuba,E1,MO-lex,29,0.05,48.5625,2.700813343538282e-16,True
equal_calls,karatsuba,E1,MO-lex,29,0.1,48.5625,2.700813343538282e-16,True
equal_calls,karatsuba,E1,MO-lex,29,0.2,48.5625,2.700813343538282e-16,True
equal_calls,karatsuba,E1,MO-lex,29,0.5,48.5625,2.700813343538282e-16,True
equal_calls,karatsuba,E1,MO-lex,29,1.0,48.5625,2.700813343538282e-16,True
equal_calls,karatsuba,E1,Green,0,0.0,48.5625,7.142928451732104e-16,True
equal_calls,karatsuba,E1,Green,0,0.01,48.5625,7.142928451732104e-16,True
equal_calls,karatsuba,E1,Green,0,0.02,48.5625,7.142928451732104e-16,True
equal_calls,karatsuba,E1,Green,0,0.05,48.5625,7.142928451732104e-16,True
equal_calls,karatsuba,E1,Green,0,0.1,48.5625,7.142928451732104e-16,True
equal_calls,karatsuba,E1,Green,0,0.2,48.5625,7.142928451732104e-16,True
equal_calls,karatsuba,E1,Green,0,0.5,48.5625,7.142928451732104e-16,True
equal_calls,karatsuba,E1,Green,0,1.0,48.5625,7.142928451732104e-16,True
equal_calls,karatsuba,E1,Green,1,0.0,48.5625,3.0443950575286657e-15,True
equal_calls,karatsuba,E1,Green,1,0.01,48.5625,3.0443950575286657e-15,True
equal_calls,karatsuba,E1,Green,1,0.02,48.5625,3.0443950575286657e-15,True
equal_calls,karatsuba,E1,Green,1,0.05,48.5625,3.0443950575286657e-15,True
equal_calls,karatsuba,E1,Green,1,0.1,48.5625,3.0443950575286657e-15,True
equal_calls,karatsuba,E1,Green,1,0.2,48.5625,3.0443950575286657e-15,True
equal_calls,karatsuba,E1,Green,1,0.5,48.5625,3.0443950575286657e-15,True
equal_calls,karatsuba,E1,Green,1,1.0,48.5625,3.0443950575286657e-15,True
equal_calls,karatsuba,E1,Green,2,0.0,48.5625,3.133304983038018e-15,True
equal_calls,karatsuba,E1,Green,2,0.01,48.5625,3.133304983038018e-15,True
equal_calls,karatsuba,E1,Green,2,0.02,48.5625,3.133304983038018e-15,True
equal_calls,karatsuba,E1,Green,2,0.05,48.5625,3.133304983038018e-15,True
equal_calls,karatsuba,E1,Green,2,0.1,48.5625,3.133304983038018e-15,True
equal_calls,karatsuba,E1,Green,2,0.2,48.5625,3.133304983038018e-15,True
equal_calls,karatsuba,E1,Green,2,0.5,48.5625,3.133304983038018e-15,True
equal_calls,karatsuba,E1,Green,2,1.0,48.5625,3.133304983038018e-15,True
equal_calls,karatsuba,E1,Green,3,0.0,48.5625,7.142928451732104e-16,True
equal_calls,karatsuba,E1,Green,3,0.01,48.5625,7.142928451732104e-16,True
equal_calls,karatsuba,E1,Green,3,0.02,48.5625,7.142928451732104e-16,True
equal_calls,karatsuba,E1,Green,3,0.05,48.5625,7.142928451732104e-16,True
equal_calls,karatsuba,E1,Green,3,0.1,48.5625,7.142928451732104e-16,True
equal_calls,karatsuba,E1,Green,3,0.2,48.5625,7.142928451732104e-16,True
equal_calls,karatsuba,E1,Green,3,0.5,48.5625,7.142928451732104e-16,True
equal_calls,karatsuba,E1,Green,3,1.0,48.5625,7.142928451732104e-16,True
equal_calls,karatsuba,E1,Green,4,0.0,48.5625,1.2648814273871748e-15,True
equal_calls,karatsuba,E1,Green,4,0.01,48.5625,1.2648814273871748e-15,True
equal_calls,karatsuba,E1,Green,4,0.02,48.5625,1.2648814273871748e-15,True
equal_calls,karatsuba,E1,Green,4,0.05,48.5625,1.2648814273871748e-15,True
equal_calls,karatsuba,E1,Green,4,0.1,48.5625,1.2648814273871748e-15,True
equal_calls,karatsuba,E1,Green,4,0.2,48.5625,1.2648814273871748e-15,True
equal_calls,karatsuba,E1,Green,4,0.5,48.5625,1.2648814273871748e-15,True
equal_calls,karatsuba,E1,Green,4,1.0,48.5625,1.2648814273871748e-15,True
equal_calls,karatsuba,E1,Green,5,0.0,48.5625,2.1233430408575456e-15,True
equal_calls,karatsuba,E1,Green,5,0.01,48.5625,2.1233430408575456e-15,True
equal_calls,karatsuba,E1,Green,5,0.02,48.5625,2.1233430408575456e-15,True
equal_calls,karatsuba,E1,Green,5,0.05,48.5625,2.1233430408575456e-15,True
equal_calls,karatsuba,E1,Green,5,0.1,48.5625,2.1233430408575456e-15,True
equal_calls,karatsuba,E1,Green,5,0.2,48.5625,2.1233430408575456e-15,True
equal_calls,karatsuba,E1,Green,5,0.5,48.5625,2.1233430408575456e-15,True
equal_calls,karatsuba,E1,Green,5,1.0,48.5625,2.1233430408575456e-15,True
equal_calls,karatsuba,E1,Green,6,0.0,48.5625,9.267039282010344e-16,True
equal_calls,karatsuba,E1,Green,6,0.01,48.5625,9.267039282010344e-16,True
equal_calls,karatsuba,E1,Green,6,0.02,48.5625,9.267039282010344e-16,True
equal_calls,karatsuba,E1,Green,6,0.05,48.5625,9.267039282010344e-16,True
equal_calls,karatsuba,E1,Green,6,0.1,48.5625,9.267039282010344e-16,True
equal_calls,karatsuba,E1,Green,6,0.2,48.5625,9.267039282010344e-16,True
equal_calls,karatsuba,E1,Green,6,0.5,48.5625,9.267039282010344e-16,True
equal_calls,karatsuba,E1,Green,6,1.0,48.5625,9.267039282010344e-16,True
equal_calls,karatsuba,E1,Green,7,0.0,48.5625,1.947580698642516e-15,True
equal_calls,karatsuba,E1,Green,7,0.01,48.5625,1.947580698642516e-15,True
equal_calls,karatsuba,E1,Green,7,0.02,48.5625,1.947580698642516e-15,True
equal_calls,karatsuba,E1,Green,7,0.05,48.5625,1.947580698642516e-15,True
equal_calls,karatsuba,E1,Green,7,0.1,48.5625,1.947580698642516e-15,True
equal_calls,karatsuba,E1,Green,7,0.2,48.5625,1.947580698642516e-15,True
equal_calls,karatsuba,E1,Green,7,0.5,48.5625,1.947580698642516e-15,True
equal_calls,karatsuba,E1,Green,7,1.0,48.5625,1.947580698642516e-15,True
equal_calls,karatsuba,E1,Green,8,0.0,48.5625,5.29658930435707e-16,True
equal_calls,karatsuba,E1,Green,8,0.01,48.5625,5.29658930435707e-16,True
equal_calls,karatsuba,E1,Green,8,0.02,48.5625,5.29658930435707e-16,True
equal_calls,karatsuba,E1,Green,8,0.05,48.5625,5.29658930435707e-16,True
equal_calls,karatsuba,E1,Green,8,0.1,48.5625,5.29658930435707e-16,True
equal_calls,karatsuba,E1,Green,8,0.2,48.5625,5.29658930435707e-16,True
equal_calls,karatsuba,E1,Green,8,0.5,48.5625,5.29658930435707e-16,True
equal_calls,karatsuba,E1,Green,8,1.0,48.5625,5.29658930435707e-16,True
equal_calls,karatsuba,E1,Green,9,0.0,48.5625,9.03448256430443e-16,True
equal_calls,karatsuba,E1,Green,9,0.01,48.5625,9.03448256430443e-16,True
equal_calls,karatsuba,E1,Green,9,0.02,48.5625,9.03448256430443e-16,True
equal_calls,karatsuba,E1,Green,9,0.05,48.5625,9.03448256430443e-16,True
equal_calls,karatsuba,E1,Green,9,0.1,48.5625,9.03448256430443e-16,True
equal_calls,karatsuba,E1,Green,9,0.2,48.5625,9.03448256430443e-16,True
equal_calls,karatsuba,E1,Green,9,0.5,48.5625,9.03448256430443e-16,True
equal_calls,karatsuba,E1,Green,9,1.0,48.5625,9.03448256430443e-16,True
equal_calls,karatsuba,E1,Green,10,0.0,48.5625,1.895154008727764e-15,True
equal_calls,karatsuba,E1,Green,10,0.01,48.5625,1.895154008727764e-15,True
equal_calls,karatsuba,E1,Green,10,0.02,48.5625,1.895154008727764e-15,True
equal_calls,karatsuba,E1,Green,10,0.05,48.5625,1.895154008727764e-15,True
equal_calls,karatsuba,E1,Green,10,0.1,48.5625,1.895154008727764e-15,True
equal_calls,karatsuba,E1,Green,10,0.2,48.5625,1.895154008727764e-15,True
equal_calls,karatsuba,E1,Green,10,0.5,48.5625,1.895154008727764e-15,True
equal_calls,karatsuba,E1,Green,10,1.0,48.5625,1.895154008727764e-15,True
equal_calls,karatsuba,E1,Green,11,0.0,48.5625,8.878886681264161e-16,True
equal_calls,karatsuba,E1,Green,11,0.01,48.5625,8.878886681264161e-16,True
equal_calls,karatsuba,E1,Green,11,0.02,48.5625,8.878886681264161e-16,True
equal_calls,karatsuba,E1,Green,11,0.05,48.5625,8.878886681264161e-16,True
equal_calls,karatsuba,E1,Green,11,0.1,48.5625,8.878886681264161e-16,True
equal_calls,karatsuba,E1,Green,11,0.2,48.5625,8.878886681264161e-16,True
equal_calls,karatsuba,E1,Green,11,0.5,48.5625,8.878886681264161e-16,True
equal_calls,karatsuba,E1,Green,11,1.0,48.5625,8.878886681264161e-16,True
equal_calls,karatsuba,E1,Green,12,0.0,48.5625,1.2031003816395871e-15,True
equal_calls,karatsuba,E1,Green,12,0.01,48.5625,1.2031003816395871e-15,True
equal_calls,karatsuba,E1,Green,12,0.02,48.5625,1.2031003816395871e-15,True
equal_calls,karatsuba,E1,Green,12,0.05,48.5625,1.2031003816395871e-15,True
equal_calls,karatsuba,E1,Green,12,0.1,48.5625,1.2031003816395871e-15,True
equal_calls,karatsuba,E1,Green,12,0.2,48.5625,1.2031003816395871e-15,True
equal_calls,karatsuba,E1,Green,12,0.5,48.5625,1.2031003816395871e-15,True
equal_calls,karatsuba,E1,Green,12,1.0,48.5625,1.2031003816395871e-15,True
equal_calls,karatsuba,E1,Green,13,0.0,48.5625,4.084126682246382e-16,True
equal_calls,karatsuba,E1,Green,13,0.01,48.5625,4.084126682246382e-16,True
equal_calls,karatsuba,E1,Green,13,0.02,48.5625,4.084126682246382e-16,True
equal_calls,karatsuba,E1,Green,13,0.05,48.5625,4.084126682246382e-16,True
equal_calls,karatsuba,E1,Green,13,0.1,48.5625,4.084126682246382e-16,True
equal_calls,karatsuba,E1,Green,13,0.2,48.5625,4.084126682246382e-16,True
equal_calls,karatsuba,E1,Green,13,0.5,48.5625,4.084126682246382e-16,True
equal_calls,karatsuba,E1,Green,13,1.0,48.5625,4.084126682246382e-16,True
equal_calls,karatsuba,E1,Green,14,0.0,48.5625,3.252858957327326e-16,True
equal_calls,karatsuba,E1,Green,14,0.01,48.5625,3.252858957327326e-16,True
equal_calls,karatsuba,E1,Green,14,0.02,48.5625,3.252858957327326e-16,True
equal_calls,karatsuba,E1,Green,14,0.05,48.5625,3.252858957327326e-16,True
equal_calls,karatsuba,E1,Green,14,0.1,48.5625,3.252858957327326e-16,True
equal_calls,karatsuba,E1,Green,14,0.2,48.5625,3.252858957327326e-16,True
equal_calls,karatsuba,E1,Green,14,0.5,48.5625,3.252858957327326e-16,True
equal_calls,karatsuba,E1,Green,14,1.0,48.5625,3.252858957327326e-16,True
equal_calls,karatsuba,E1,Green,15,0.0,48.5625,1.5944835719487724e-15,True
equal_calls,karatsuba,E1,Green,15,0.01,48.5625,1.5944835719487724e-15,True
equal_calls,karatsuba,E1,Green,15,0.02,48.5625,1.5944835719487724e-15,True
equal_calls,karatsuba,E1,Green,15,0.05,48.5625,1.5944835719487724e-15,True
equal_calls,karatsuba,E1,Green,15,0.1,48.5625,1.5944835719487724e-15,True
equal_calls,karatsuba,E1,Green,15,0.2,48.5625,1.5944835719487724e-15,True
equal_calls,karatsuba,E1,Green,15,0.5,48.5625,1.5944835719487724e-15,True
equal_calls,karatsuba,E1,Green,15,1.0,48.5625,1.5944835719487724e-15,True
equal_calls,karatsuba,E1,Green,16,0.0,48.5625,1.947580698642516e-15,True
equal_calls,karatsuba,E1,Green,16,0.01,48.5625,1.947580698642516e-15,True
equal_calls,karatsuba,E1,Green,16,0.02,48.5625,1.947580698642516e-15,True
equal_calls,karatsuba,E1,Green,16,0.05,48.5625,1.947580698642516e-15,True
equal_calls,karatsuba,E1,Green,16,0.1,48.5625,1.947580698642516e-15,True
equal_calls,karatsuba,E1,Green,16,0.2,48.5625,1.947580698642516e-15,True
equal_calls,karatsuba,E1,Green,16,0.5,48.5625,1.947580698642516e-15,True
equal_calls,karatsuba,E1,Green,16,1.0,48.5625,1.947580698642516e-15,True
equal_calls,karatsuba,E1,Green,17,0.0,48.5625,2.1677456228804145e-15,True
equal_calls,karatsuba,E1,Green,17,0.01,48.5625,2.1677456228804145e-15,True
equal_calls,karatsuba,E1,Green,17,0.02,48.5625,2.1677456228804145e-15,True
equal_calls,karatsuba,E1,Green,17,0.05,48.5625,2.1677456228804145e-15,True
equal_calls,karatsuba,E1,Green,17,0.1,48.5625,2.1677456228804145e-15,True
equal_calls,karatsuba,E1,Green,17,0.2,48.5625,2.1677456228804145e-15,True
equal_calls,karatsuba,E1,Green,17,0.5,48.5625,2.1677456228804145e-15,True
equal_calls,karatsuba,E1,Green,17,1.0,48.5625,2.1677456228804145e-15,True
equal_calls,karatsuba,E1,Green,18,0.0,48.5625,3.2489343803753984e-16,True
equal_calls,karatsuba,E1,Green,18,0.01,48.5625,3.2489343803753984e-16,True
equal_calls,karatsuba,E1,Green,18,0.02,48.5625,3.2489343803753984e-16,True
equal_calls,karatsuba,E1,Green,18,0.05,48.5625,3.2489343803753984e-16,True
equal_calls,karatsuba,E1,Green,18,0.1,48.5625,3.2489343803753984e-16,True
equal_calls,karatsuba,E1,Green,18,0.2,48.5625,3.2489343803753984e-16,True
equal_calls,karatsuba,E1,Green,18,0.5,48.5625,3.2489343803753984e-16,True
equal_calls,karatsuba,E1,Green,18,1.0,48.5625,3.2489343803753984e-16,True
equal_calls,karatsuba,E1,Green,19,0.0,48.5625,1.4709222633268395e-15,True
equal_calls,karatsuba,E1,Green,19,0.01,48.5625,1.4709222633268395e-15,True
equal_calls,karatsuba,E1,Green,19,0.02,48.5625,1.4709222633268395e-15,True
equal_calls,karatsuba,E1,Green,19,0.05,48.5625,1.4709222633268395e-15,True
equal_calls,karatsuba,E1,Green,19,0.1,48.5625,1.4709222633268395e-15,True
equal_calls,karatsuba,E1,Green,19,0.2,48.5625,1.4709222633268395e-15,True
equal_calls,karatsuba,E1,Green,19,0.5,48.5625,1.4709222633268395e-15,True
equal_calls,karatsuba,E1,Green,19,1.0,48.5625,1.4709222633268395e-15,True
equal_calls,karatsuba,E1,Green,20,0.0,48.5625,3.4896201714327896e-16,True
equal_calls,karatsuba,E1,Green,20,0.01,48.5625,3.4896201714327896e-16,True
equal_calls,karatsuba,E1,Green,20,0.02,48.5625,3.4896201714327896e-16,True
equal_calls,karatsuba,E1,Green,20,0.05,48.5625,3.4896201714327896e-16,True
equal_calls,karatsuba,E1,Green,20,0.1,48.5625,3.4896201714327896e-16,True
equal_calls,karatsuba,E1,Green,20,0.2,48.5625,3.4896201714327896e-16,True
equal_calls,karatsuba,E1,Green,20,0.5,48.5625,3.4896201714327896e-16,True
equal_calls,karatsuba,E1,Green,20,1.0,48.5625,3.4896201714327896e-16,True
equal_calls,karatsuba,E1,Green,21,0.0,48.5625,9.03448256430443e-16,True
equal_calls,karatsuba,E1,Green,21,0.01,48.5625,9.03448256430443e-16,True
equal_calls,karatsuba,E1,Green,21,0.02,48.5625,9.03448256430443e-16,True
equal_calls,karatsuba,E1,Green,21,0.05,48.5625,9.03448256430443e-16,True
equal_calls,karatsuba,E1,Green,21,0.1,48.5625,9.03448256430443e-16,True
equal_calls,karatsuba,E1,Green,21,0.2,48.5625,9.03448256430443e-16,True
equal_calls,karatsuba,E1,Green,21,0.5,48.5625,9.03448256430443e-16,True
equal_calls,karatsuba,E1,Green,21,1.0,48.5625,9.03448256430443e-16,True
equal_calls,karatsuba,E1,Green,22,0.0,48.5625,7.142928451732104e-16,True
equal_calls,karatsuba,E1,Green,22,0.01,48.5625,7.142928451732104e-16,True
equal_calls,karatsuba,E1,Green,22,0.02,48.5625,7.142928451732104e-16,True
equal_calls,karatsuba,E1,Green,22,0.05,48.5625,7.142928451732104e-16,True
equal_calls,karatsuba,E1,Green,22,0.1,48.5625,7.142928451732104e-16,True
equal_calls,karatsuba,E1,Green,22,0.2,48.5625,7.142928451732104e-16,True
equal_calls,karatsuba,E1,Green,22,0.5,48.5625,7.142928451732104e-16,True
equal_calls,karatsuba,E1,Green,22,1.0,48.5625,7.142928451732104e-16,True
equal_calls,karatsuba,E1,Green,23,0.0,48.5625,9.03448256430443e-16,True
equal_calls,karatsuba,E1,Green,23,0.01,48.5625,9.03448256430443e-16,True
equal_calls,karatsuba,E1,Green,23,0.02,48.5625,9.03448256430443e-16,True
equal_calls,karatsuba,E1,Green,23,0.05,48.5625,9.03448256430443e-16,True
equal_calls,karatsuba,E1,Green,23,0.1,48.5625,9.03448256430443e-16,True
equal_calls,karatsuba,E1,Green,23,0.2,48.5625,9.03448256430443e-16,True
equal_calls,karatsuba,E1,Green,23,0.5,48.5625,9.03448256430443e-16,True
equal_calls,karatsuba,E1,Green,23,1.0,48.5625,9.03448256430443e-16,True
equal_calls,karatsuba,E1,Green,24,0.0,48.5625,3.0443950575286657e-15,True
equal_calls,karatsuba,E1,Green,24,0.01,48.5625,3.0443950575286657e-15,True
equal_calls,karatsuba,E1,Green,24,0.02,48.5625,3.0443950575286657e-15,True
equal_calls,karatsuba,E1,Green,24,0.05,48.5625,3.0443950575286657e-15,True
equal_calls,karatsuba,E1,Green,24,0.1,48.5625,3.0443950575286657e-15,True
equal_calls,karatsuba,E1,Green,24,0.2,48.5625,3.0443950575286657e-15,True
equal_calls,karatsuba,E1,Green,24,0.5,48.5625,3.0443950575286657e-15,True
equal_calls,karatsuba,E1,Green,24,1.0,48.5625,3.0443950575286657e-15,True
equal_calls,karatsuba,E1,Green,25,0.0,48.5625,1.035053617371294e-15,True
equal_calls,karatsuba,E1,Green,25,0.01,48.5625,1.035053617371294e-15,True
equal_calls,karatsuba,E1,Green,25,0.02,48.5625,1.035053617371294e-15,True
equal_calls,karatsuba,E1,Green,25,0.05,48.5625,1.035053617371294e-15,True
equal_calls,karatsuba,E1,Green,25,0.1,48.5625,1.035053617371294e-15,True
equal_calls,karatsuba,E1,Green,25,0.2,48.5625,1.035053617371294e-15,True
equal_calls,karatsuba,E1,Green,25,0.5,48.5625,1.035053617371294e-15,True
equal_calls,karatsuba,E1,Green,25,1.0,48.5625,1.035053617371294e-15,True
equal_calls,karatsuba,E1,Green,26,0.0,48.5625,1.9964913575063468e-15,True
equal_calls,karatsuba,E1,Green,26,0.01,48.5625,1.9964913575063468e-15,True
equal_calls,karatsuba,E1,Green,26,0.02,48.5625,1.9964913575063468e-15,True
equal_calls,karatsuba,E1,Green,26,0.05,48.5625,1.9964913575063468e-15,True
equal_calls,karatsuba,E1,Green,26,0.1,48.5625,1.9964913575063468e-15,True
equal_calls,karatsuba,E1,Green,26,0.2,48.5625,1.9964913575063468e-15,True
equal_calls,karatsuba,E1,Green,26,0.5,48.5625,1.9964913575063468e-15,True
equal_calls,karatsuba,E1,Green,26,1.0,48.5625,1.9964913575063468e-15,True
equal_calls,karatsuba,E1,Green,27,0.0,48.5625,1.2862667904077988e-15,True
equal_calls,karatsuba,E1,Green,27,0.01,48.5625,1.2862667904077988e-15,True
equal_calls,karatsuba,E1,Green,27,0.02,48.5625,1.2862667904077988e-15,True
equal_calls,karatsuba,E1,Green,27,0.05,48.5625,1.2862667904077988e-15,True
equal_calls,karatsuba,E1,Green,27,0.1,48.5625,1.2862667904077988e-15,True
equal_calls,karatsuba,E1,Green,27,0.2,48.5625,1.2862667904077988e-15,True
equal_calls,karatsuba,E1,Green,27,0.5,48.5625,1.2862667904077988e-15,True
equal_calls,karatsuba,E1,Green,27,1.0,48.5625,1.2862667904077988e-15,True
equal_calls,karatsuba,E1,Green,28,0.0,48.5625,8.878886681264161e-16,True
equal_calls,karatsuba,E1,Green,28,0.01,48.5625,8.878886681264161e-16,True
equal_calls,karatsuba,E1,Green,28,0.02,48.5625,8.878886681264161e-16,True
equal_calls,karatsuba,E1,Green,28,0.05,48.5625,8.878886681264161e-16,True
equal_calls,karatsuba,E1,Green,28,0.1,48.5625,8.878886681264161e-16,True
equal_calls,karatsuba,E1,Green,28,0.2,48.5625,8.878886681264161e-16,True
equal_calls,karatsuba,E1,Green,28,0.5,48.5625,8.878886681264161e-16,True
equal_calls,karatsuba,E1,Green,28,1.0,48.5625,8.878886681264161e-16,True
equal_calls,karatsuba,E1,Green,29,0.0,48.5625,1.044925924616553e-15,True
equal_calls,karatsuba,E1,Green,29,0.01,48.5625,1.044925924616553e-15,True
equal_calls,karatsuba,E1,Green,29,0.02,48.5625,1.044925924616553e-15,True
equal_calls,karatsuba,E1,Green,29,0.05,48.5625,1.044925924616553e-15,True
equal_calls,karatsuba,E1,Green,29,0.1,48.5625,1.044925924616553e-15,True
equal_calls,karatsuba,E1,Green,29,0.2,48.5625,1.044925924616553e-15,True
equal_calls,karatsuba,E1,Green,29,0.5,48.5625,1.044925924616553e-15,True
equal_calls,karatsuba,E1,Green,29,1.0,48.5625,1.044925924616553e-15,True
equal_calls,karatsuba,E1,Pareto-terms,0,0.0,48.5625,7.142928451732104e-16,True
equal_calls,karatsuba,E1,Pareto-terms,0,0.01,48.5625,7.142928451732104e-16,True
equal_calls,karatsuba,E1,Pareto-terms,0,0.02,48.5625,7.142928451732104e-16,True
equal_calls,karatsuba,E1,Pareto-terms,0,0.05,48.5625,7.142928451732104e-16,True
equal_calls,karatsuba,E1,Pareto-terms,0,0.1,48.5625,7.142928451732104e-16,True
equal_calls,karatsuba,E1,Pareto-terms,0,0.2,48.5625,7.142928451732104e-16,True
equal_calls,karatsuba,E1,Pareto-terms,0,0.5,48.5625,7.142928451732104e-16,True
equal_calls,karatsuba,E1,Pareto-terms,0,1.0,48.5625,7.142928451732104e-16,True
equal_calls,karatsuba,E1,Pareto-terms,1,0.0,48.5625,3.0443950575286657e-15,True
equal_calls,karatsuba,E1,Pareto-terms,1,0.01,48.5625,3.0443950575286657e-15,True
equal_calls,karatsuba,E1,Pareto-terms,1,0.02,48.5625,3.0443950575286657e-15,True
equal_calls,karatsuba,E1,Pareto-terms,1,0.05,48.5625,3.0443950575286657e-15,True
equal_calls,karatsuba,E1,Pareto-terms,1,0.1,48.5625,3.0443950575286657e-15,True
equal_calls,karatsuba,E1,Pareto-terms,1,0.2,48.5625,3.0443950575286657e-15,True
equal_calls,karatsuba,E1,Pareto-terms,1,0.5,48.5625,3.0443950575286657e-15,True
equal_calls,karatsuba,E1,Pareto-terms,1,1.0,48.5625,3.0443950575286657e-15,True
equal_calls,karatsuba,E1,Pareto-terms,2,0.0,48.5625,3.133304983038018e-15,True
equal_calls,karatsuba,E1,Pareto-terms,2,0.01,48.5625,3.133304983038018e-15,True
equal_calls,karatsuba,E1,Pareto-terms,2,0.02,48.5625,3.133304983038018e-15,True
equal_calls,karatsuba,E1,Pareto-terms,2,0.05,48.5625,3.133304983038018e-15,True
equal_calls,karatsuba,E1,Pareto-terms,2,0.1,48.5625,3.133304983038018e-15,True
equal_calls,karatsuba,E1,Pareto-terms,2,0.2,48.5625,3.133304983038018e-15,True
equal_calls,karatsuba,E1,Pareto-terms,2,0.5,48.5625,3.133304983038018e-15,True
equal_calls,karatsuba,E1,Pareto-terms,2,1.0,48.5625,3.133304983038018e-15,True
equal_calls,karatsuba,E1,Pareto-terms,3,0.0,48.5625,7.142928451732104e-16,True
equal_calls,karatsuba,E1,Pareto-terms,3,0.01,48.5625,7.142928451732104e-16,True
equal_calls,karatsuba,E1,Pareto-terms,3,0.02,48.5625,7.142928451732104e-16,True
equal_calls,karatsuba,E1,Pareto-terms,3,0.05,48.5625,7.142928451732104e-16,True
equal_calls,karatsuba,E1,Pareto-terms,3,0.1,48.5625,7.142928451732104e-16,True
equal_calls,karatsuba,E1,Pareto-terms,3,0.2,48.5625,7.142928451732104e-16,True
equal_calls,karatsuba,E1,Pareto-terms,3,0.5,48.5625,7.142928451732104e-16,True
equal_calls,karatsuba,E1,Pareto-terms,3,1.0,48.5625,7.142928451732104e-16,True
equal_calls,karatsuba,E1,Pareto-terms,4,0.0,48.5625,1.2648814273871748e-15,True
equal_calls,karatsuba,E1,Pareto-terms,4,0.01,48.5625,1.2648814273871748e-15,True
equal_calls,karatsuba,E1,Pareto-terms,4,0.02,48.5625,1.2648814273871748e-15,True
equal_calls,karatsuba,E1,Pareto-terms,4,0.05,48.5625,1.2648814273871748e-15,True
equal_calls,karatsuba,E1,Pareto-terms,4,0.1,48.5625,1.2648814273871748e-15,True
equal_calls,karatsuba,E1,Pareto-terms,4,0.2,48.5625,1.2648814273871748e-15,True
equal_calls,karatsuba,E1,Pareto-terms,4,0.5,48.5625,1.2648814273871748e-15,True
equal_calls,karatsuba,E1,Pareto-terms,4,1.0,48.5625,1.2648814273871748e-15,True
equal_calls,karatsuba,E1,Pareto-terms,5,0.0,48.5625,2.1233430408575456e-15,True
equal_calls,karatsuba,E1,Pareto-terms,5,0.01,48.5625,2.1233430408575456e-15,True
equal_calls,karatsuba,E1,Pareto-terms,5,0.02,48.5625,2.1233430408575456e-15,True
equal_calls,karatsuba,E1,Pareto-terms,5,0.05,48.5625,2.1233430408575456e-15,True
equal_calls,karatsuba,E1,Pareto-terms,5,0.1,48.5625,2.1233430408575456e-15,True
equal_calls,karatsuba,E1,Pareto-terms,5,0.2,48.5625,2.1233430408575456e-15,True
equal_calls,karatsuba,E1,Pareto-terms,5,0.5,48.5625,2.1233430408575456e-15,True
equal_calls,karatsuba,E1,Pareto-terms,5,1.0,48.5625,2.1233430408575456e-15,True
equal_calls,karatsuba,E1,Pareto-terms,6,0.0,48.5625,9.267039282010344e-16,True
equal_calls,karatsuba,E1,Pareto-terms,6,0.01,48.5625,9.267039282010344e-16,True
equal_calls,karatsuba,E1,Pareto-terms,6,0.02,48.5625,9.267039282010344e-16,True
equal_calls,karatsuba,E1,Pareto-terms,6,0.05,48.5625,9.267039282010344e-16,True
equal_calls,karatsuba,E1,Pareto-terms,6,0.1,48.5625,9.267039282010344e-16,True
equal_calls,karatsuba,E1,Pareto-terms,6,0.2,48.5625,9.267039282010344e-16,True
equal_calls,karatsuba,E1,Pareto-terms,6,0.5,48.5625,9.267039282010344e-16,True
equal_calls,karatsuba,E1,Pareto-terms,6,1.0,48.5625,9.267039282010344e-16,True
equal_calls,karatsuba,E1,Pareto-terms,7,0.0,48.5625,2.022374491454973e-15,True
equal_calls,karatsuba,E1,Pareto-terms,7,0.01,48.5625,2.022374491454973e-15,True
equal_calls,karatsuba,E1,Pareto-terms,7,0.02,48.5625,2.022374491454973e-15,True
equal_calls,karatsuba,E1,Pareto-terms,7,0.05,48.5625,2.022374491454973e-15,True
equal_calls,karatsuba,E1,Pareto-terms,7,0.1,48.5625,2.022374491454973e-15,True
equal_calls,karatsuba,E1,Pareto-terms,7,0.2,48.5625,2.022374491454973e-15,True
equal_calls,karatsuba,E1,Pareto-terms,7,0.5,48.5625,2.022374491454973e-15,True
equal_calls,karatsuba,E1,Pareto-terms,7,1.0,48.5625,2.022374491454973e-15,True
equal_calls,karatsuba,E1,Pareto-terms,8,0.0,48.5625,5.29658930435707e-16,True
equal_calls,karatsuba,E1,Pareto-terms,8,0.01,48.5625,5.29658930435707e-16,True
equal_calls,karatsuba,E1,Pareto-terms,8,0.02,48.5625,5.29658930435707e-16,True
equal_calls,karatsuba,E1,Pareto-terms,8,0.05,48.5625,5.29658930435707e-16,True
equal_calls,karatsuba,E1,Pareto-terms,8,0.1,48.5625,5.29658930435707e-16,True
equal_calls,karatsuba,E1,Pareto-terms,8,0.2,48.5625,5.29658930435707e-16,True
equal_calls,karatsuba,E1,Pareto-terms,8,0.5,48.5625,5.29658930435707e-16,True
equal_calls,karatsuba,E1,Pareto-terms,8,1.0,48.5625,5.29658930435707e-16,True
equal_calls,karatsuba,E1,Pareto-terms,9,0.0,48.5625,9.03448256430443e-16,True
equal_calls,karatsuba,E1,Pareto-terms,9,0.01,48.5625,9.03448256430443e-16,True
equal_calls,karatsuba,E1,Pareto-terms,9,0.02,48.5625,9.03448256430443e-16,True
equal_calls,karatsuba,E1,Pareto-terms,9,0.05,48.5625,9.03448256430443e-16,True
equal_calls,karatsuba,E1,Pareto-terms,9,0.1,48.5625,9.03448256430443e-16,True
equal_calls,karatsuba,E1,Pareto-terms,9,0.2,48.5625,9.03448256430443e-16,True
equal_calls,karatsuba,E1,Pareto-terms,9,0.5,48.5625,9.03448256430443e-16,True
equal_calls,karatsuba,E1,Pareto-terms,9,1.0,48.5625,9.03448256430443e-16,True
equal_calls,karatsuba,E1,Pareto-terms,10,0.0,48.5625,3.3132865428115775e-16,True
equal_calls,karatsuba,E1,Pareto-terms,10,0.01,48.5625,3.3132865428115775e-16,True
equal_calls,karatsuba,E1,Pareto-terms,10,0.02,48.5625,3.3132865428115775e-16,True
equal_calls,karatsuba,E1,Pareto-terms,10,0.05,48.5625,3.3132865428115775e-16,True
equal_calls,karatsuba,E1,Pareto-terms,10,0.1,48.5625,3.3132865428115775e-16,True
equal_calls,karatsuba,E1,Pareto-terms,10,0.2,48.5625,3.3132865428115775e-16,True
equal_calls,karatsuba,E1,Pareto-terms,10,0.5,48.5625,3.3132865428115775e-16,True
equal_calls,karatsuba,E1,Pareto-terms,10,1.0,48.5625,3.3132865428115775e-16,True
equal_calls,karatsuba,E1,Pareto-terms,11,0.0,48.5625,8.878886681264161e-16,True
equal_calls,karatsuba,E1,Pareto-terms,11,0.01,48.5625,8.878886681264161e-16,True
equal_calls,karatsuba,E1,Pareto-terms,11,0.02,48.5625,8.878886681264161e-16,True
equal_calls,karatsuba,E1,Pareto-terms,11,0.05,48.5625,8.878886681264161e-16,True
equal_calls,karatsuba,E1,Pareto-terms,11,0.1,48.5625,8.878886681264161e-16,True
equal_calls,karatsuba,E1,Pareto-terms,11,0.2,48.5625,8.878886681264161e-16,True
equal_calls,karatsuba,E1,Pareto-terms,11,0.5,48.5625,8.878886681264161e-16,True
equal_calls,karatsuba,E1,Pareto-terms,11,1.0,48.5625,8.878886681264161e-16,True
equal_calls,karatsuba,E1,Pareto-terms,12,0.0,48.5625,1.2031003816395871e-15,True
equal_calls,karatsuba,E1,Pareto-terms,12,0.01,48.5625,1.2031003816395871e-15,True
equal_calls,karatsuba,E1,Pareto-terms,12,0.02,48.5625,1.2031003816395871e-15,True
equal_calls,karatsuba,E1,Pareto-terms,12,0.05,48.5625,1.2031003816395871e-15,True
equal_calls,karatsuba,E1,Pareto-terms,12,0.1,48.5625,1.2031003816395871e-15,True
equal_calls,karatsuba,E1,Pareto-terms,12,0.2,48.5625,1.2031003816395871e-15,True
equal_calls,karatsuba,E1,Pareto-terms,12,0.5,48.5625,1.2031003816395871e-15,True
equal_calls,karatsuba,E1,Pareto-terms,12,1.0,48.5625,1.2031003816395871e-15,True
equal_calls,karatsuba,E1,Pareto-terms,13,0.0,48.5625,4.084126682246382e-16,True
equal_calls,karatsuba,E1,Pareto-terms,13,0.01,48.5625,4.084126682246382e-16,True
equal_calls,karatsuba,E1,Pareto-terms,13,0.02,48.5625,4.084126682246382e-16,True
equal_calls,karatsuba,E1,Pareto-terms,13,0.05,48.5625,4.084126682246382e-16,True
equal_calls,karatsuba,E1,Pareto-terms,13,0.1,48.5625,4.084126682246382e-16,True
equal_calls,karatsuba,E1,Pareto-terms,13,0.2,48.5625,4.084126682246382e-16,True
equal_calls,karatsuba,E1,Pareto-terms,13,0.5,48.5625,4.084126682246382e-16,True
equal_calls,karatsuba,E1,Pareto-terms,13,1.0,48.5625,4.084126682246382e-16,True
equal_calls,karatsuba,E1,Pareto-terms,14,0.0,48.5625,3.252858957327326e-16,True
equal_calls,karatsuba,E1,Pareto-terms,14,0.01,48.5625,3.252858957327326e-16,True
equal_calls,karatsuba,E1,Pareto-terms,14,0.02,48.5625,3.252858957327326e-16,True
equal_calls,karatsuba,E1,Pareto-terms,14,0.05,48.5625,3.252858957327326e-16,True
equal_calls,karatsuba,E1,Pareto-terms,14,0.1,48.5625,3.252858957327326e-16,True
equal_calls,karatsuba,E1,Pareto-terms,14,0.2,48.5625,3.252858957327326e-16,True
equal_calls,karatsuba,E1,Pareto-terms,14,0.5,48.5625,3.252858957327326e-16,True
equal_calls,karatsuba,E1,Pareto-terms,14,1.0,48.5625,3.252858957327326e-16,True
equal_calls,karatsuba,E1,Pareto-terms,15,0.0,48.5625,1.5944835719487724e-15,True
equal_calls,karatsuba,E1,Pareto-terms,15,0.01,48.5625,1.5944835719487724e-15,True
equal_calls,karatsuba,E1,Pareto-terms,15,0.02,48.5625,1.5944835719487724e-15,True
equal_calls,karatsuba,E1,Pareto-terms,15,0.05,48.5625,1.5944835719487724e-15,True
equal_calls,karatsuba,E1,Pareto-terms,15,0.1,48.5625,1.5944835719487724e-15,True
equal_calls,karatsuba,E1,Pareto-terms,15,0.2,48.5625,1.5944835719487724e-15,True
equal_calls,karatsuba,E1,Pareto-terms,15,0.5,48.5625,1.5944835719487724e-15,True
equal_calls,karatsuba,E1,Pareto-terms,15,1.0,48.5625,1.5944835719487724e-15,True
equal_calls,karatsuba,E1,Pareto-terms,16,0.0,48.5625,1.947580698642516e-15,True
equal_calls,karatsuba,E1,Pareto-terms,16,0.01,48.5625,1.947580698642516e-15,True
equal_calls,karatsuba,E1,Pareto-terms,16,0.02,48.5625,1.947580698642516e-15,True
equal_calls,karatsuba,E1,Pareto-terms,16,0.05,48.5625,1.947580698642516e-15,True
equal_calls,karatsuba,E1,Pareto-terms,16,0.1,48.5625,1.947580698642516e-15,True
equal_calls,karatsuba,E1,Pareto-terms,16,0.2,48.5625,1.947580698642516e-15,True
equal_calls,karatsuba,E1,Pareto-terms,16,0.5,48.5625,1.947580698642516e-15,True
equal_calls,karatsuba,E1,Pareto-terms,16,1.0,48.5625,1.947580698642516e-15,True
equal_calls,karatsuba,E1,Pareto-terms,17,0.0,48.5625,2.1677456228804145e-15,True
equal_calls,karatsuba,E1,Pareto-terms,17,0.01,48.5625,2.1677456228804145e-15,True
equal_calls,karatsuba,E1,Pareto-terms,17,0.02,48.5625,2.1677456228804145e-15,True
equal_calls,karatsuba,E1,Pareto-terms,17,0.05,48.5625,2.1677456228804145e-15,True
equal_calls,karatsuba,E1,Pareto-terms,17,0.1,48.5625,2.1677456228804145e-15,True
equal_calls,karatsuba,E1,Pareto-terms,17,0.2,48.5625,2.1677456228804145e-15,True
equal_calls,karatsuba,E1,Pareto-terms,17,0.5,48.5625,2.1677456228804145e-15,True
equal_calls,karatsuba,E1,Pareto-terms,17,1.0,48.5625,2.1677456228804145e-15,True
equal_calls,karatsuba,E1,Pareto-terms,18,0.0,48.5625,3.2489343803753984e-16,True
equal_calls,karatsuba,E1,Pareto-terms,18,0.01,48.5625,3.2489343803753984e-16,True
equal_calls,karatsuba,E1,Pareto-terms,18,0.02,48.5625,3.2489343803753984e-16,True
equal_calls,karatsuba,E1,Pareto-terms,18,0.05,48.5625,3.2489343803753984e-16,True
equal_calls,karatsuba,E1,Pareto-terms,18,0.1,48.5625,3.2489343803753984e-16,True
equal_calls,karatsuba,E1,Pareto-terms,18,0.2,48.5625,3.2489343803753984e-16,True
equal_calls,karatsuba,E1,Pareto-terms,18,0.5,48.5625,3.2489343803753984e-16,True
equal_calls,karatsuba,E1,Pareto-terms,18,1.0,48.5625,3.2489343803753984e-16,True
equal_calls,karatsuba,E1,Pareto-terms,19,0.0,48.5625,5.468948813044272e-16,True
equal_calls,karatsuba,E1,Pareto-terms,19,0.01,48.5625,5.468948813044272e-16,True
equal_calls,karatsuba,E1,Pareto-terms,19,0.02,48.5625,5.468948813044272e-16,True
equal_calls,karatsuba,E1,Pareto-terms,19,0.05,48.5625,5.468948813044272e-16,True
equal_calls,karatsuba,E1,Pareto-terms,19,0.1,48.5625,5.468948813044272e-16,True
equal_calls,karatsuba,E1,Pareto-terms,19,0.2,48.5625,5.468948813044272e-16,True
equal_calls,karatsuba,E1,Pareto-terms,19,0.5,48.5625,5.468948813044272e-16,True
equal_calls,karatsuba,E1,Pareto-terms,19,1.0,48.5625,5.468948813044272e-16,True
equal_calls,karatsuba,E1,Pareto-terms,20,0.0,48.5625,3.4896201714327896e-16,True
equal_calls,karatsuba,E1,Pareto-terms,20,0.01,48.5625,3.4896201714327896e-16,True
equal_calls,karatsuba,E1,Pareto-terms,20,0.02,48.5625,3.4896201714327896e-16,True
equal_calls,karatsuba,E1,Pareto-terms,20,0.05,48.5625,3.4896201714327896e-16,True
equal_calls,karatsuba,E1,Pareto-terms,20,0.1,48.5625,3.4896201714327896e-16,True
equal_calls,karatsuba,E1,Pareto-terms,20,0.2,48.5625,3.4896201714327896e-16,True
equal_calls,karatsuba,E1,Pareto-terms,20,0.5,48.5625,3.4896201714327896e-16,True
equal_calls,karatsuba,E1,Pareto-terms,20,1.0,48.5625,3.4896201714327896e-16,True
equal_calls,karatsuba,E1,Pareto-terms,21,0.0,48.5625,1.0220753774418589e-15,True
equal_calls,karatsuba,E1,Pareto-terms,21,0.01,48.5625,1.0220753774418589e-15,True
equal_calls,karatsuba,E1,Pareto-terms,21,0.02,48.5625,1.0220753774418589e-15,True
equal_calls,karatsuba,E1,Pareto-terms,21,0.05,48.5625,1.0220753774418589e-15,True
equal_calls,karatsuba,E1,Pareto-terms,21,0.1,48.5625,1.0220753774418589e-15,True
equal_calls,karatsuba,E1,Pareto-terms,21,0.2,48.5625,1.0220753774418589e-15,True
equal_calls,karatsuba,E1,Pareto-terms,21,0.5,48.5625,1.0220753774418589e-15,True
equal_calls,karatsuba,E1,Pareto-terms,21,1.0,48.5625,1.0220753774418589e-15,True
equal_calls,karatsuba,E1,Pareto-terms,22,0.0,48.5625,7.142928451732104e-16,True
equal_calls,karatsuba,E1,Pareto-terms,22,0.01,48.5625,7.142928451732104e-16,True
equal_calls,karatsuba,E1,Pareto-terms,22,0.02,48.5625,7.142928451732104e-16,True
equal_calls,karatsuba,E1,Pareto-terms,22,0.05,48.5625,7.142928451732104e-16,True
equal_calls,karatsuba,E1,Pareto-terms,22,0.1,48.5625,7.142928451732104e-16,True
equal_calls,karatsuba,E1,Pareto-terms,22,0.2,48.5625,7.142928451732104e-16,True
equal_calls,karatsuba,E1,Pareto-terms,22,0.5,48.5625,7.142928451732104e-16,True
equal_calls,karatsuba,E1,Pareto-terms,22,1.0,48.5625,7.142928451732104e-16,True
equal_calls,karatsuba,E1,Pareto-terms,23,0.0,48.5625,1.9114341278221274e-15,True
equal_calls,karatsuba,E1,Pareto-terms,23,0.01,48.5625,1.9114341278221274e-15,True
equal_calls,karatsuba,E1,Pareto-terms,23,0.02,48.5625,1.9114341278221274e-15,True
equal_calls,karatsuba,E1,Pareto-terms,23,0.05,48.5625,1.9114341278221274e-15,True
equal_calls,karatsuba,E1,Pareto-terms,23,0.1,48.5625,1.9114341278221274e-15,True
equal_calls,karatsuba,E1,Pareto-terms,23,0.2,48.5625,1.9114341278221274e-15,True
equal_calls,karatsuba,E1,Pareto-terms,23,0.5,48.5625,1.9114341278221274e-15,True
equal_calls,karatsuba,E1,Pareto-terms,23,1.0,48.5625,1.9114341278221274e-15,True
equal_calls,karatsuba,E1,Pareto-terms,24,0.0,48.5625,2.0302360183971514e-15,True
equal_calls,karatsuba,E1,Pareto-terms,24,0.01,48.5625,2.0302360183971514e-15,True
equal_calls,karatsuba,E1,Pareto-terms,24,0.02,48.5625,2.0302360183971514e-15,True
equal_calls,karatsuba,E1,Pareto-terms,24,0.05,48.5625,2.0302360183971514e-15,True
equal_calls,karatsuba,E1,Pareto-terms,24,0.1,48.5625,2.0302360183971514e-15,True
equal_calls,karatsuba,E1,Pareto-terms,24,0.2,48.5625,2.0302360183971514e-15,True
equal_calls,karatsuba,E1,Pareto-terms,24,0.5,48.5625,2.0302360183971514e-15,True
equal_calls,karatsuba,E1,Pareto-terms,24,1.0,48.5625,2.0302360183971514e-15,True
equal_calls,karatsuba,E1,Pareto-terms,25,0.0,48.5625,1.035053617371294e-15,True
equal_calls,karatsuba,E1,Pareto-terms,25,0.01,48.5625,1.035053617371294e-15,True
equal_calls,karatsuba,E1,Pareto-terms,25,0.02,48.5625,1.035053617371294e-15,True
equal_calls,karatsuba,E1,Pareto-terms,25,0.05,48.5625,1.035053617371294e-15,True
equal_calls,karatsuba,E1,Pareto-terms,25,0.1,48.5625,1.035053617371294e-15,True
equal_calls,karatsuba,E1,Pareto-terms,25,0.2,48.5625,1.035053617371294e-15,True
equal_calls,karatsuba,E1,Pareto-terms,25,0.5,48.5625,1.035053617371294e-15,True
equal_calls,karatsuba,E1,Pareto-terms,25,1.0,48.5625,1.035053617371294e-15,True
equal_calls,karatsuba,E1,Pareto-terms,26,0.0,48.5625,1.9964913575063468e-15,True
equal_calls,karatsuba,E1,Pareto-terms,26,0.01,48.5625,1.9964913575063468e-15,True
equal_calls,karatsuba,E1,Pareto-terms,26,0.02,48.5625,1.9964913575063468e-15,True
equal_calls,karatsuba,E1,Pareto-terms,26,0.05,48.5625,1.9964913575063468e-15,True
equal_calls,karatsuba,E1,Pareto-terms,26,0.1,48.5625,1.9964913575063468e-15,True
equal_calls,karatsuba,E1,Pareto-terms,26,0.2,48.5625,1.9964913575063468e-15,True
equal_calls,karatsuba,E1,Pareto-terms,26,0.5,48.5625,1.9964913575063468e-15,True
equal_calls,karatsuba,E1,Pareto-terms,26,1.0,48.5625,1.9964913575063468e-15,True
equal_calls,karatsuba,E1,Pareto-terms,27,0.0,48.5625,1.2862667904077988e-15,True
equal_calls,karatsuba,E1,Pareto-terms,27,0.01,48.5625,1.2862667904077988e-15,True
equal_calls,karatsuba,E1,Pareto-terms,27,0.02,48.5625,1.2862667904077988e-15,True
equal_calls,karatsuba,E1,Pareto-terms,27,0.05,48.5625,1.2862667904077988e-15,True
equal_calls,karatsuba,E1,Pareto-terms,27,0.1,48.5625,1.2862667904077988e-15,True
equal_calls,karatsuba,E1,Pareto-terms,27,0.2,48.5625,1.2862667904077988e-15,True
equal_calls,karatsuba,E1,Pareto-terms,27,0.5,48.5625,1.2862667904077988e-15,True
equal_calls,karatsuba,E1,Pareto-terms,27,1.0,48.5625,1.2862667904077988e-15,True
equal_calls,karatsuba,E1,Pareto-terms,28,0.0,48.5625,8.878886681264161e-16,True
equal_calls,karatsuba,E1,Pareto-terms,28,0.01,48.5625,8.878886681264161e-16,True
equal_calls,karatsuba,E1,Pareto-terms,28,0.02,48.5625,8.878886681264161e-16,True
equal_calls,karatsuba,E1,Pareto-terms,28,0.05,48.5625,8.878886681264161e-16,True
equal_calls,karatsuba,E1,Pareto-terms,28,0.1,48.5625,8.878886681264161e-16,True
equal_calls,karatsuba,E1,Pareto-terms,28,0.2,48.5625,8.878886681264161e-16,True
equal_calls,karatsuba,E1,Pareto-terms,28,0.5,48.5625,8.878886681264161e-16,True
equal_calls,karatsuba,E1,Pareto-terms,28,1.0,48.5625,8.878886681264161e-16,True
equal_calls,karatsuba,E1,Pareto-terms,29,0.0,48.5625,1.044925924616553e-15,True
equal_calls,karatsuba,E1,Pareto-terms,29,0.01,48.5625,1.044925924616553e-15,True
equal_calls,karatsuba,E1,Pareto-terms,29,0.02,48.5625,1.044925924616553e-15,True
equal_calls,karatsuba,E1,Pareto-terms,29,0.05,48.5625,1.044925924616553e-15,True
equal_calls,karatsuba,E1,Pareto-terms,29,0.1,48.5625,1.044925924616553e-15,True
equal_calls,karatsuba,E1,Pareto-terms,29,0.2,48.5625,1.044925924616553e-15,True
equal_calls,karatsuba,E1,Pareto-terms,29,0.5,48.5625,1.044925924616553e-15,True
equal_calls,karatsuba,E1,Pareto-terms,29,1.0,48.5625,1.044925924616553e-15,True
equal_calls,karatsuba,E1,Pareto-nodes,0,0.0,48.5625,7.142928451732104e-16,True
equal_calls,karatsuba,E1,Pareto-nodes,0,0.01,48.5625,7.142928451732104e-16,True
equal_calls,karatsuba,E1,Pareto-nodes,0,0.02,48.5625,7.142928451732104e-16,True
equal_calls,karatsuba,E1,Pareto-nodes,0,0.05,48.5625,7.142928451732104e-16,True
equal_calls,karatsuba,E1,Pareto-nodes,0,0.1,48.5625,7.142928451732104e-16,True
equal_calls,karatsuba,E1,Pareto-nodes,0,0.2,48.5625,7.142928451732104e-16,True
equal_calls,karatsuba,E1,Pareto-nodes,0,0.5,48.5625,7.142928451732104e-16,True
equal_calls,karatsuba,E1,Pareto-nodes,0,1.0,48.5625,7.142928451732104e-16,True
equal_calls,karatsuba,E1,Pareto-nodes,1,0.0,48.5625,3.0443950575286657e-15,True
equal_calls,karatsuba,E1,Pareto-nodes,1,0.01,48.5625,3.0443950575286657e-15,True
equal_calls,karatsuba,E1,Pareto-nodes,1,0.02,48.5625,3.0443950575286657e-15,True
equal_calls,karatsuba,E1,Pareto-nodes,1,0.05,48.5625,3.0443950575286657e-15,True
equal_calls,karatsuba,E1,Pareto-nodes,1,0.1,48.5625,3.0443950575286657e-15,True
equal_calls,karatsuba,E1,Pareto-nodes,1,0.2,48.5625,3.0443950575286657e-15,True
equal_calls,karatsuba,E1,Pareto-nodes,1,0.5,48.5625,3.0443950575286657e-15,True
equal_calls,karatsuba,E1,Pareto-nodes,1,1.0,48.5625,3.0443950575286657e-15,True
equal_calls,karatsuba,E1,Pareto-nodes,2,0.0,48.5625,3.133304983038018e-15,True
equal_calls,karatsuba,E1,Pareto-nodes,2,0.01,48.5625,3.133304983038018e-15,True
equal_calls,karatsuba,E1,Pareto-nodes,2,0.02,48.5625,3.133304983038018e-15,True
equal_calls,karatsuba,E1,Pareto-nodes,2,0.05,48.5625,3.133304983038018e-15,True
equal_calls,karatsuba,E1,Pareto-nodes,2,0.1,48.5625,3.133304983038018e-15,True
equal_calls,karatsuba,E1,Pareto-nodes,2,0.2,48.5625,3.133304983038018e-15,True
equal_calls,karatsuba,E1,Pareto-nodes,2,0.5,48.5625,3.133304983038018e-15,True
equal_calls,karatsuba,E1,Pareto-nodes,2,1.0,48.5625,3.133304983038018e-15,True
equal_calls,karatsuba,E1,Pareto-nodes,3,0.0,48.5625,7.142928451732104e-16,True
equal_calls,karatsuba,E1,Pareto-nodes,3,0.01,48.5625,7.142928451732104e-16,True
equal_calls,karatsuba,E1,Pareto-nodes,3,0.02,48.5625,7.142928451732104e-16,True
equal_calls,karatsuba,E1,Pareto-nodes,3,0.05,48.5625,7.142928451732104e-16,True
equal_calls,karatsuba,E1,Pareto-nodes,3,0.1,48.5625,7.142928451732104e-16,True
equal_calls,karatsuba,E1,Pareto-nodes,3,0.2,48.5625,7.142928451732104e-16,True
equal_calls,karatsuba,E1,Pareto-nodes,3,0.5,48.5625,7.142928451732104e-16,True
equal_calls,karatsuba,E1,Pareto-nodes,3,1.0,48.5625,7.142928451732104e-16,True
equal_calls,karatsuba,E1,Pareto-nodes,4,0.0,48.5625,1.2648814273871748e-15,True
equal_calls,karatsuba,E1,Pareto-nodes,4,0.01,48.5625,1.2648814273871748e-15,True
equal_calls,karatsuba,E1,Pareto-nodes,4,0.02,48.5625,1.2648814273871748e-15,True
equal_calls,karatsuba,E1,Pareto-nodes,4,0.05,48.5625,1.2648814273871748e-15,True
equal_calls,karatsuba,E1,Pareto-nodes,4,0.1,48.5625,1.2648814273871748e-15,True
equal_calls,karatsuba,E1,Pareto-nodes,4,0.2,48.5625,1.2648814273871748e-15,True
equal_calls,karatsuba,E1,Pareto-nodes,4,0.5,48.5625,1.2648814273871748e-15,True
equal_calls,karatsuba,E1,Pareto-nodes,4,1.0,48.5625,1.2648814273871748e-15,True
equal_calls,karatsuba,E1,Pareto-nodes,5,0.0,48.5625,2.1233430408575456e-15,True
equal_calls,karatsuba,E1,Pareto-nodes,5,0.01,48.5625,2.1233430408575456e-15,True
equal_calls,karatsuba,E1,Pareto-nodes,5,0.02,48.5625,2.1233430408575456e-15,True
equal_calls,karatsuba,E1,Pareto-nodes,5,0.05,48.5625,2.1233430408575456e-15,True
equal_calls,karatsuba,E1,Pareto-nodes,5,0.1,48.5625,2.1233430408575456e-15,True
equal_calls,karatsuba,E1,Pareto-nodes,5,0.2,48.5625,2.1233430408575456e-15,True
equal_calls,karatsuba,E1,Pareto-nodes,5,0.5,48.5625,2.1233430408575456e-15,True
equal_calls,karatsuba,E1,Pareto-nodes,5,1.0,48.5625,2.1233430408575456e-15,True
equal_calls,karatsuba,E1,Pareto-nodes,6,0.0,48.5625,9.267039282010344e-16,True
equal_calls,karatsuba,E1,Pareto-nodes,6,0.01,48.5625,9.267039282010344e-16,True
equal_calls,karatsuba,E1,Pareto-nodes,6,0.02,48.5625,9.267039282010344e-16,True
equal_calls,karatsuba,E1,Pareto-nodes,6,0.05,48.5625,9.267039282010344e-16,True
equal_calls,karatsuba,E1,Pareto-nodes,6,0.1,48.5625,9.267039282010344e-16,True
equal_calls,karatsuba,E1,Pareto-nodes,6,0.2,48.5625,9.267039282010344e-16,True
equal_calls,karatsuba,E1,Pareto-nodes,6,0.5,48.5625,9.267039282010344e-16,True
equal_calls,karatsuba,E1,Pareto-nodes,6,1.0,48.5625,9.267039282010344e-16,True
equal_calls,karatsuba,E1,Pareto-nodes,7,0.0,48.5625,9.368652000835929e-16,True
equal_calls,karatsuba,E1,Pareto-nodes,7,0.01,48.5625,9.368652000835929e-16,True
equal_calls,karatsuba,E1,Pareto-nodes,7,0.02,48.5625,9.368652000835929e-16,True
equal_calls,karatsuba,E1,Pareto-nodes,7,0.05,48.5625,9.368652000835929e-16,True
equal_calls,karatsuba,E1,Pareto-nodes,7,0.1,48.5625,9.368652000835929e-16,True
equal_calls,karatsuba,E1,Pareto-nodes,7,0.2,48.5625,9.368652000835929e-16,True
equal_calls,karatsuba,E1,Pareto-nodes,7,0.5,48.5625,9.368652000835929e-16,True
equal_calls,karatsuba,E1,Pareto-nodes,7,1.0,48.5625,9.368652000835929e-16,True
equal_calls,karatsuba,E1,Pareto-nodes,8,0.0,48.5625,7.374893800286733e-16,True
equal_calls,karatsuba,E1,Pareto-nodes,8,0.01,48.5625,7.374893800286733e-16,True
equal_calls,karatsuba,E1,Pareto-nodes,8,0.02,48.5625,7.374893800286733e-16,True
equal_calls,karatsuba,E1,Pareto-nodes,8,0.05,48.5625,7.374893800286733e-16,True
equal_calls,karatsuba,E1,Pareto-nodes,8,0.1,48.5625,7.374893800286733e-16,True
equal_calls,karatsuba,E1,Pareto-nodes,8,0.2,48.5625,7.374893800286733e-16,True
equal_calls,karatsuba,E1,Pareto-nodes,8,0.5,48.5625,7.374893800286733e-16,True
equal_calls,karatsuba,E1,Pareto-nodes,8,1.0,48.5625,7.374893800286733e-16,True
equal_calls,karatsuba,E1,Pareto-nodes,9,0.0,48.5625,9.03448256430443e-16,True
equal_calls,karatsuba,E1,Pareto-nodes,9,0.01,48.5625,9.03448256430443e-16,True
equal_calls,karatsuba,E1,Pareto-nodes,9,0.02,48.5625,9.03448256430443e-16,True
equal_calls,karatsuba,E1,Pareto-nodes,9,0.05,48.5625,9.03448256430443e-16,True
equal_calls,karatsuba,E1,Pareto-nodes,9,0.1,48.5625,9.03448256430443e-16,True
equal_calls,karatsuba,E1,Pareto-nodes,9,0.2,48.5625,9.03448256430443e-16,True
equal_calls,karatsuba,E1,Pareto-nodes,9,0.5,48.5625,9.03448256430443e-16,True
equal_calls,karatsuba,E1,Pareto-nodes,9,1.0,48.5625,9.03448256430443e-16,True
equal_calls,karatsuba,E1,Pareto-nodes,10,0.0,48.5625,1.4855806743662012e-15,True
equal_calls,karatsuba,E1,Pareto-nodes,10,0.01,48.5625,1.4855806743662012e-15,True
equal_calls,karatsuba,E1,Pareto-nodes,10,0.02,48.5625,1.4855806743662012e-15,True
equal_calls,karatsuba,E1,Pareto-nodes,10,0.05,48.5625,1.4855806743662012e-15,True
equal_calls,karatsuba,E1,Pareto-nodes,10,0.1,48.5625,1.4855806743662012e-15,True
equal_calls,karatsuba,E1,Pareto-nodes,10,0.2,48.5625,1.4855806743662012e-15,True
equal_calls,karatsuba,E1,Pareto-nodes,10,0.5,48.5625,1.4855806743662012e-15,True
equal_calls,karatsuba,E1,Pareto-nodes,10,1.0,48.5625,1.4855806743662012e-15,True
equal_calls,karatsuba,E1,Pareto-nodes,11,0.0,48.5625,8.878886681264161e-16,True
equal_calls,karatsuba,E1,Pareto-nodes,11,0.01,48.5625,8.878886681264161e-16,True
equal_calls,karatsuba,E1,Pareto-nodes,11,0.02,48.5625,8.878886681264161e-16,True
equal_calls,karatsuba,E1,Pareto-nodes,11,0.05,48.5625,8.878886681264161e-16,True
equal_calls,karatsuba,E1,Pareto-nodes,11,0.1,48.5625,8.878886681264161e-16,True
equal_calls,karatsuba,E1,Pareto-nodes,11,0.2,48.5625,8.878886681264161e-16,True
equal_calls,karatsuba,E1,Pareto-nodes,11,0.5,48.5625,8.878886681264161e-16,True
equal_calls,karatsuba,E1,Pareto-nodes,11,1.0,48.5625,8.878886681264161e-16,True
equal_calls,karatsuba,E1,Pareto-nodes,12,0.0,48.5625,1.2031003816395871e-15,True
equal_calls,karatsuba,E1,Pareto-nodes,12,0.01,48.5625,1.2031003816395871e-15,True
equal_calls,karatsuba,E1,Pareto-nodes,12,0.02,48.5625,1.2031003816395871e-15,True
equal_calls,karatsuba,E1,Pareto-nodes,12,0.05,48.5625,1.2031003816395871e-15,True
equal_calls,karatsuba,E1,Pareto-nodes,12,0.1,48.5625,1.2031003816395871e-15,True
equal_calls,karatsuba,E1,Pareto-nodes,12,0.2,48.5625,1.2031003816395871e-15,True
equal_calls,karatsuba,E1,Pareto-nodes,12,0.5,48.5625,1.2031003816395871e-15,True
equal_calls,karatsuba,E1,Pareto-nodes,12,1.0,48.5625,1.2031003816395871e-15,True
equal_calls,karatsuba,E1,Pareto-nodes,13,0.0,48.5625,4.084126682246382e-16,True
equal_calls,karatsuba,E1,Pareto-nodes,13,0.01,48.5625,4.084126682246382e-16,True
equal_calls,karatsuba,E1,Pareto-nodes,13,0.02,48.5625,4.084126682246382e-16,True
equal_calls,karatsuba,E1,Pareto-nodes,13,0.05,48.5625,4.084126682246382e-16,True
equal_calls,karatsuba,E1,Pareto-nodes,13,0.1,48.5625,4.084126682246382e-16,True
equal_calls,karatsuba,E1,Pareto-nodes,13,0.2,48.5625,4.084126682246382e-16,True
equal_calls,karatsuba,E1,Pareto-nodes,13,0.5,48.5625,4.084126682246382e-16,True
equal_calls,karatsuba,E1,Pareto-nodes,13,1.0,48.5625,4.084126682246382e-16,True
equal_calls,karatsuba,E1,Pareto-nodes,14,0.0,48.5625,3.252858957327326e-16,True
equal_calls,karatsuba,E1,Pareto-nodes,14,0.01,48.5625,3.252858957327326e-16,True
equal_calls,karatsuba,E1,Pareto-nodes,14,0.02,48.5625,3.252858957327326e-16,True
equal_calls,karatsuba,E1,Pareto-nodes,14,0.05,48.5625,3.252858957327326e-16,True
equal_calls,karatsuba,E1,Pareto-nodes,14,0.1,48.5625,3.252858957327326e-16,True
equal_calls,karatsuba,E1,Pareto-nodes,14,0.2,48.5625,3.252858957327326e-16,True
equal_calls,karatsuba,E1,Pareto-nodes,14,0.5,48.5625,3.252858957327326e-16,True
equal_calls,karatsuba,E1,Pareto-nodes,14,1.0,48.5625,3.252858957327326e-16,True
equal_calls,karatsuba,E1,Pareto-nodes,15,0.0,48.5625,1.5944835719487724e-15,True
equal_calls,karatsuba,E1,Pareto-nodes,15,0.01,48.5625,1.5944835719487724e-15,True
equal_calls,karatsuba,E1,Pareto-nodes,15,0.02,48.5625,1.5944835719487724e-15,True
equal_calls,karatsuba,E1,Pareto-nodes,15,0.05,48.5625,1.5944835719487724e-15,True
equal_calls,karatsuba,E1,Pareto-nodes,15,0.1,48.5625,1.5944835719487724e-15,True
equal_calls,karatsuba,E1,Pareto-nodes,15,0.2,48.5625,1.5944835719487724e-15,True
equal_calls,karatsuba,E1,Pareto-nodes,15,0.5,48.5625,1.5944835719487724e-15,True
equal_calls,karatsuba,E1,Pareto-nodes,15,1.0,48.5625,1.5944835719487724e-15,True
equal_calls,karatsuba,E1,Pareto-nodes,16,0.0,48.5625,1.7000842944988312e-15,True
equal_calls,karatsuba,E1,Pareto-nodes,16,0.01,48.5625,1.7000842944988312e-15,True
equal_calls,karatsuba,E1,Pareto-nodes,16,0.02,48.5625,1.7000842944988312e-15,True
equal_calls,karatsuba,E1,Pareto-nodes,16,0.05,48.5625,1.7000842944988312e-15,True
equal_calls,karatsuba,E1,Pareto-nodes,16,0.1,48.5625,1.7000842944988312e-15,True
equal_calls,karatsuba,E1,Pareto-nodes,16,0.2,48.5625,1.7000842944988312e-15,True
equal_calls,karatsuba,E1,Pareto-nodes,16,0.5,48.5625,1.7000842944988312e-15,True
equal_calls,karatsuba,E1,Pareto-nodes,16,1.0,48.5625,1.7000842944988312e-15,True
equal_calls,karatsuba,E1,Pareto-nodes,17,0.0,48.5625,2.1677456228804145e-15,True
equal_calls,karatsuba,E1,Pareto-nodes,17,0.01,48.5625,2.1677456228804145e-15,True
equal_calls,karatsuba,E1,Pareto-nodes,17,0.02,48.5625,2.1677456228804145e-15,True
equal_calls,karatsuba,E1,Pareto-nodes,17,0.05,48.5625,2.1677456228804145e-15,True
equal_calls,karatsuba,E1,Pareto-nodes,17,0.1,48.5625,2.1677456228804145e-15,True
equal_calls,karatsuba,E1,Pareto-nodes,17,0.2,48.5625,2.1677456228804145e-15,True
equal_calls,karatsuba,E1,Pareto-nodes,17,0.5,48.5625,2.1677456228804145e-15,True
equal_calls,karatsuba,E1,Pareto-nodes,17,1.0,48.5625,2.1677456228804145e-15,True
equal_calls,karatsuba,E1,Pareto-nodes,18,0.0,48.5625,3.2489343803753984e-16,True
equal_calls,karatsuba,E1,Pareto-nodes,18,0.01,48.5625,3.2489343803753984e-16,True
equal_calls,karatsuba,E1,Pareto-nodes,18,0.02,48.5625,3.2489343803753984e-16,True
equal_calls,karatsuba,E1,Pareto-nodes,18,0.05,48.5625,3.2489343803753984e-16,True
equal_calls,karatsuba,E1,Pareto-nodes,18,0.1,48.5625,3.2489343803753984e-16,True
equal_calls,karatsuba,E1,Pareto-nodes,18,0.2,48.5625,3.2489343803753984e-16,True
equal_calls,karatsuba,E1,Pareto-nodes,18,0.5,48.5625,3.2489343803753984e-16,True
equal_calls,karatsuba,E1,Pareto-nodes,18,1.0,48.5625,3.2489343803753984e-16,True
equal_calls,karatsuba,E1,Pareto-nodes,19,0.0,48.5625,1.4709222633268395e-15,True
equal_calls,karatsuba,E1,Pareto-nodes,19,0.01,48.5625,1.4709222633268395e-15,True
equal_calls,karatsuba,E1,Pareto-nodes,19,0.02,48.5625,1.4709222633268395e-15,True
equal_calls,karatsuba,E1,Pareto-nodes,19,0.05,48.5625,1.4709222633268395e-15,True
equal_calls,karatsuba,E1,Pareto-nodes,19,0.1,48.5625,1.4709222633268395e-15,True
equal_calls,karatsuba,E1,Pareto-nodes,19,0.2,48.5625,1.4709222633268395e-15,True
equal_calls,karatsuba,E1,Pareto-nodes,19,0.5,48.5625,1.4709222633268395e-15,True
equal_calls,karatsuba,E1,Pareto-nodes,19,1.0,48.5625,1.4709222633268395e-15,True
equal_calls,karatsuba,E1,Pareto-nodes,20,0.0,48.5625,2.5179493105858467e-15,True
equal_calls,karatsuba,E1,Pareto-nodes,20,0.01,48.5625,2.5179493105858467e-15,True
equal_calls,karatsuba,E1,Pareto-nodes,20,0.02,48.5625,2.5179493105858467e-15,True
equal_calls,karatsuba,E1,Pareto-nodes,20,0.05,48.5625,2.5179493105858467e-15,True
equal_calls,karatsuba,E1,Pareto-nodes,20,0.1,48.5625,2.5179493105858467e-15,True
equal_calls,karatsuba,E1,Pareto-nodes,20,0.2,48.5625,2.5179493105858467e-15,True
equal_calls,karatsuba,E1,Pareto-nodes,20,0.5,48.5625,2.5179493105858467e-15,True
equal_calls,karatsuba,E1,Pareto-nodes,20,1.0,48.5625,2.5179493105858467e-15,True
equal_calls,karatsuba,E1,Pareto-nodes,21,0.0,48.5625,5.334379212799453e-16,True
equal_calls,karatsuba,E1,Pareto-nodes,21,0.01,48.5625,5.334379212799453e-16,True
equal_calls,karatsuba,E1,Pareto-nodes,21,0.02,48.5625,5.334379212799453e-16,True
equal_calls,karatsuba,E1,Pareto-nodes,21,0.05,48.5625,5.334379212799453e-16,True
equal_calls,karatsuba,E1,Pareto-nodes,21,0.1,48.5625,5.334379212799453e-16,True
equal_calls,karatsuba,E1,Pareto-nodes,21,0.2,48.5625,5.334379212799453e-16,True
equal_calls,karatsuba,E1,Pareto-nodes,21,0.5,48.5625,5.334379212799453e-16,True
equal_calls,karatsuba,E1,Pareto-nodes,21,1.0,48.5625,5.334379212799453e-16,True
equal_calls,karatsuba,E1,Pareto-nodes,22,0.0,48.5625,7.142928451732104e-16,True
equal_calls,karatsuba,E1,Pareto-nodes,22,0.01,48.5625,7.142928451732104e-16,True
equal_calls,karatsuba,E1,Pareto-nodes,22,0.02,48.5625,7.142928451732104e-16,True
equal_calls,karatsuba,E1,Pareto-nodes,22,0.05,48.5625,7.142928451732104e-16,True
equal_calls,karatsuba,E1,Pareto-nodes,22,0.1,48.5625,7.142928451732104e-16,True
equal_calls,karatsuba,E1,Pareto-nodes,22,0.2,48.5625,7.142928451732104e-16,True
equal_calls,karatsuba,E1,Pareto-nodes,22,0.5,48.5625,7.142928451732104e-16,True
equal_calls,karatsuba,E1,Pareto-nodes,22,1.0,48.5625,7.142928451732104e-16,True
equal_calls,karatsuba,E1,Pareto-nodes,23,0.0,48.5625,3.0443950575286657e-15,True
equal_calls,karatsuba,E1,Pareto-nodes,23,0.01,48.5625,3.0443950575286657e-15,True
equal_calls,karatsuba,E1,Pareto-nodes,23,0.02,48.5625,3.0443950575286657e-15,True
equal_calls,karatsuba,E1,Pareto-nodes,23,0.05,48.5625,3.0443950575286657e-15,True
equal_calls,karatsuba,E1,Pareto-nodes,23,0.1,48.5625,3.0443950575286657e-15,True
equal_calls,karatsuba,E1,Pareto-nodes,23,0.2,48.5625,3.0443950575286657e-15,True
equal_calls,karatsuba,E1,Pareto-nodes,23,0.5,48.5625,3.0443950575286657e-15,True
equal_calls,karatsuba,E1,Pareto-nodes,23,1.0,48.5625,3.0443950575286657e-15,True
equal_calls,karatsuba,E1,Pareto-nodes,24,0.0,48.5625,1.5944835719487724e-15,True
equal_calls,karatsuba,E1,Pareto-nodes,24,0.01,48.5625,1.5944835719487724e-15,True
equal_calls,karatsuba,E1,Pareto-nodes,24,0.02,48.5625,1.5944835719487724e-15,True
equal_calls,karatsuba,E1,Pareto-nodes,24,0.05,48.5625,1.5944835719487724e-15,True
equal_calls,karatsuba,E1,Pareto-nodes,24,0.1,48.5625,1.5944835719487724e-15,True
equal_calls,karatsuba,E1,Pareto-nodes,24,0.2,48.5625,1.5944835719487724e-15,True
equal_calls,karatsuba,E1,Pareto-nodes,24,0.5,48.5625,1.5944835719487724e-15,True
equal_calls,karatsuba,E1,Pareto-nodes,24,1.0,48.5625,1.5944835719487724e-15,True
equal_calls,karatsuba,E1,Pareto-nodes,25,0.0,48.5625,1.035053617371294e-15,True
equal_calls,karatsuba,E1,Pareto-nodes,25,0.01,48.5625,1.035053617371294e-15,True
equal_calls,karatsuba,E1,Pareto-nodes,25,0.02,48.5625,1.035053617371294e-15,True
equal_calls,karatsuba,E1,Pareto-nodes,25,0.05,48.5625,1.035053617371294e-15,True
equal_calls,karatsuba,E1,Pareto-nodes,25,0.1,48.5625,1.035053617371294e-15,True
equal_calls,karatsuba,E1,Pareto-nodes,25,0.2,48.5625,1.035053617371294e-15,True
equal_calls,karatsuba,E1,Pareto-nodes,25,0.5,48.5625,1.035053617371294e-15,True
equal_calls,karatsuba,E1,Pareto-nodes,25,1.0,48.5625,1.035053617371294e-15,True
equal_calls,karatsuba,E1,Pareto-nodes,26,0.0,48.5625,1.9964913575063468e-15,True
equal_calls,karatsuba,E1,Pareto-nodes,26,0.01,48.5625,1.9964913575063468e-15,True
equal_calls,karatsuba,E1,Pareto-nodes,26,0.02,48.5625,1.9964913575063468e-15,True
equal_calls,karatsuba,E1,Pareto-nodes,26,0.05,48.5625,1.9964913575063468e-15,True
equal_calls,karatsuba,E1,Pareto-nodes,26,0.1,48.5625,1.9964913575063468e-15,True
equal_calls,karatsuba,E1,Pareto-nodes,26,0.2,48.5625,1.9964913575063468e-15,True
equal_calls,karatsuba,E1,Pareto-nodes,26,0.5,48.5625,1.9964913575063468e-15,True
equal_calls,karatsuba,E1,Pareto-nodes,26,1.0,48.5625,1.9964913575063468e-15,True
equal_calls,karatsuba,E1,Pareto-nodes,27,0.0,48.5625,1.8596693730885658e-15,True
equal_calls,karatsuba,E1,Pareto-nodes,27,0.01,48.5625,1.8596693730885658e-15,True
equal_calls,karatsuba,E1,Pareto-nodes,27,0.02,48.5625,1.8596693730885658e-15,True
equal_calls,karatsuba,E1,Pareto-nodes,27,0.05,48.5625,1.8596693730885658e-15,True
equal_calls,karatsuba,E1,Pareto-nodes,27,0.1,48.5625,1.8596693730885658e-15,True
equal_calls,karatsuba,E1,Pareto-nodes,27,0.2,48.5625,1.8596693730885658e-15,True
equal_calls,karatsuba,E1,Pareto-nodes,27,0.5,48.5625,1.8596693730885658e-15,True
equal_calls,karatsuba,E1,Pareto-nodes,27,1.0,48.5625,1.8596693730885658e-15,True
equal_calls,karatsuba,E1,Pareto-nodes,28,0.0,48.5625,8.878886681264161e-16,True
equal_calls,karatsuba,E1,Pareto-nodes,28,0.01,48.5625,8.878886681264161e-16,True
equal_calls,karatsuba,E1,Pareto-nodes,28,0.02,48.5625,8.878886681264161e-16,True
equal_calls,karatsuba,E1,Pareto-nodes,28,0.05,48.5625,8.878886681264161e-16,True
equal_calls,karatsuba,E1,Pareto-nodes,28,0.1,48.5625,8.878886681264161e-16,True
equal_calls,karatsuba,E1,Pareto-nodes,28,0.2,48.5625,8.878886681264161e-16,True
equal_calls,karatsuba,E1,Pareto-nodes,28,0.5,48.5625,8.878886681264161e-16,True
equal_calls,karatsuba,E1,Pareto-nodes,28,1.0,48.5625,8.878886681264161e-16,True
equal_calls,karatsuba,E1,Pareto-nodes,29,0.0,48.5625,1.044925924616553e-15,True
equal_calls,karatsuba,E1,Pareto-nodes,29,0.01,48.5625,1.044925924616553e-15,True
equal_calls,karatsuba,E1,Pareto-nodes,29,0.02,48.5625,1.044925924616553e-15,True
equal_calls,karatsuba,E1,Pareto-nodes,29,0.05,48.5625,1.044925924616553e-15,True
equal_calls,karatsuba,E1,Pareto-nodes,29,0.1,48.5625,1.044925924616553e-15,True
equal_calls,karatsuba,E1,Pareto-nodes,29,0.2,48.5625,1.044925924616553e-15,True
equal_calls,karatsuba,E1,Pareto-nodes,29,0.5,48.5625,1.044925924616553e-15,True
equal_calls,karatsuba,E1,Pareto-nodes,29,1.0,48.5625,1.044925924616553e-15,True
equal_calls,karatsuba,E2,SO,0,0.0,84.734375,0.028439045742316746,False
equal_calls,karatsuba,E2,SO,0,0.01,84.734375,0.028439045742316746,False
equal_calls,karatsuba,E2,SO,0,0.02,84.734375,0.028439045742316746,False
equal_calls,karatsuba,E2,SO,0,0.05,84.734375,0.028439045742316746,False
equal_calls,karatsuba,E2,SO,0,0.1,84.734375,0.028439045742316746,False
equal_calls,karatsuba,E2,SO,0,0.2,84.734375,0.028439045742316746,False
equal_calls,karatsuba,E2,SO,0,0.5,84.734375,0.028439045742316746,False
equal_calls,karatsuba,E2,SO,0,1.0,84.734375,0.028439045742316746,False
equal_calls,karatsuba,E2,SO,1,0.0,84.734375,0.027974296687295588,False
equal_calls,karatsuba,E2,SO,1,0.01,84.734375,0.027974296687295588,False
equal_calls,karatsuba,E2,SO,1,0.02,84.734375,0.027974296687295588,False
equal_calls,karatsuba,E2,SO,1,0.05,84.734375,0.027974296687295588,False
equal_calls,karatsuba,E2,SO,1,0.1,84.734375,0.027974296687295588,False
equal_calls,karatsuba,E2,SO,1,0.2,84.734375,0.027974296687295588,False
equal_calls,karatsuba,E2,SO,1,0.5,84.734375,0.027974296687295588,False
equal_calls,karatsuba,E2,SO,1,1.0,84.734375,0.027974296687295588,False
equal_calls,karatsuba,E2,SO,2,0.0,84.734375,0.027942879613123903,False
equal_calls,karatsuba,E2,SO,2,0.01,84.734375,0.027942879613123903,False
equal_calls,karatsuba,E2,SO,2,0.02,84.734375,0.027942879613123903,False
equal_calls,karatsuba,E2,SO,2,0.05,84.734375,0.027942879613123903,False
equal_calls,karatsuba,E2,SO,2,0.1,84.734375,0.027942879613123903,False
equal_calls,karatsuba,E2,SO,2,0.2,84.734375,0.027942879613123903,False
equal_calls,karatsuba,E2,SO,2,0.5,84.734375,0.027942879613123903,False
equal_calls,karatsuba,E2,SO,2,1.0,84.734375,0.027942879613123903,False
equal_calls,karatsuba,E2,SO,3,0.0,84.734375,0.028495472197663716,False
equal_calls,karatsuba,E2,SO,3,0.01,84.734375,0.028495472197663716,False
equal_calls,karatsuba,E2,SO,3,0.02,84.734375,0.028495472197663716,False
equal_calls,karatsuba,E2,SO,3,0.05,84.734375,0.028495472197663716,False
equal_calls,karatsuba,E2,SO,3,0.1,84.734375,0.028495472197663716,False
equal_calls,karatsuba,E2,SO,3,0.2,84.734375,0.028495472197663716,False
equal_calls,karatsuba,E2,SO,3,0.5,84.734375,0.028495472197663716,False
equal_calls,karatsuba,E2,SO,3,1.0,84.734375,0.028495472197663716,False
equal_calls,karatsuba,E2,SO,4,0.0,84.734375,0.028495472197663872,False
equal_calls,karatsuba,E2,SO,4,0.01,84.734375,0.028495472197663872,False
equal_calls,karatsuba,E2,SO,4,0.02,84.734375,0.028495472197663872,False
equal_calls,karatsuba,E2,SO,4,0.05,84.734375,0.028495472197663872,False
equal_calls,karatsuba,E2,SO,4,0.1,84.734375,0.028495472197663872,False
equal_calls,karatsuba,E2,SO,4,0.2,84.734375,0.028495472197663872,False
equal_calls,karatsuba,E2,SO,4,0.5,84.734375,0.028495472197663872,False
equal_calls,karatsuba,E2,SO,4,1.0,84.734375,0.028495472197663872,False
equal_calls,karatsuba,E2,SO,5,0.0,84.734375,0.02852788859250901,False
equal_calls,karatsuba,E2,SO,5,0.01,84.734375,0.02852788859250901,False
equal_calls,karatsuba,E2,SO,5,0.02,84.734375,0.02852788859250901,False
equal_calls,karatsuba,E2,SO,5,0.05,84.734375,0.02852788859250901,False
equal_calls,karatsuba,E2,SO,5,0.1,84.734375,0.02852788859250901,False
equal_calls,karatsuba,E2,SO,5,0.2,84.734375,0.02852788859250901,False
equal_calls,karatsuba,E2,SO,5,0.5,84.734375,0.02852788859250901,False
equal_calls,karatsuba,E2,SO,5,1.0,84.734375,0.02852788859250901,False
equal_calls,karatsuba,E2,SO,6,0.0,84.734375,0.027942879613123753,False
equal_calls,karatsuba,E2,SO,6,0.01,84.734375,0.027942879613123753,False
equal_calls,karatsuba,E2,SO,6,0.02,84.734375,0.027942879613123753,False
equal_calls,karatsuba,E2,SO,6,0.05,84.734375,0.027942879613123753,False
equal_calls,karatsuba,E2,SO,6,0.1,84.734375,0.027942879613123753,False
equal_calls,karatsuba,E2,SO,6,0.2,84.734375,0.027942879613123753,False
equal_calls,karatsuba,E2,SO,6,0.5,84.734375,0.027942879613123753,False
equal_calls,karatsuba,E2,SO,6,1.0,84.734375,0.027942879613123753,False
equal_calls,karatsuba,E2,SO,7,0.0,84.734375,0.028527888592509112,False
equal_calls,karatsuba,E2,SO,7,0.01,84.734375,0.028527888592509112,False
equal_calls,karatsuba,E2,SO,7,0.02,84.734375,0.028527888592509112,False
equal_calls,karatsuba,E2,SO,7,0.05,84.734375,0.028527888592509112,False
equal_calls,karatsuba,E2,SO,7,0.1,84.734375,0.028527888592509112,False
equal_calls,karatsuba,E2,SO,7,0.2,84.734375,0.028527888592509112,False
equal_calls,karatsuba,E2,SO,7,0.5,84.734375,0.028527888592509112,False
equal_calls,karatsuba,E2,SO,7,1.0,84.734375,0.028527888592509112,False
equal_calls,karatsuba,E2,SO,8,0.0,84.734375,0.028439045742316746,False
equal_calls,karatsuba,E2,SO,8,0.01,84.734375,0.028439045742316746,False
equal_calls,karatsuba,E2,SO,8,0.02,84.734375,0.028439045742316746,False
equal_calls,karatsuba,E2,SO,8,0.05,84.734375,0.028439045742316746,False
equal_calls,karatsuba,E2,SO,8,0.1,84.734375,0.028439045742316746,False
equal_calls,karatsuba,E2,SO,8,0.2,84.734375,0.028439045742316746,False
equal_calls,karatsuba,E2,SO,8,0.5,84.734375,0.028439045742316746,False
equal_calls,karatsuba,E2,SO,8,1.0,84.734375,0.028439045742316746,False
equal_calls,karatsuba,E2,SO,9,0.0,84.734375,0.02794287961312382,False
equal_calls,karatsuba,E2,SO,9,0.01,84.734375,0.02794287961312382,False
equal_calls,karatsuba,E2,SO,9,0.02,84.734375,0.02794287961312382,False
equal_calls,karatsuba,E2,SO,9,0.05,84.734375,0.02794287961312382,False
equal_calls,karatsuba,E2,SO,9,0.1,84.734375,0.02794287961312382,False
equal_calls,karatsuba,E2,SO,9,0.2,84.734375,0.02794287961312382,False
equal_calls,karatsuba,E2,SO,9,0.5,84.734375,0.02794287961312382,False
equal_calls,karatsuba,E2,SO,9,1.0,84.734375,0.02794287961312382,False
equal_calls,karatsuba,E2,SO,10,0.0,84.734375,0.02794287961312382,False
equal_calls,karatsuba,E2,SO,10,0.01,84.734375,0.02794287961312382,False
equal_calls,karatsuba,E2,SO,10,0.02,84.734375,0.02794287961312382,False
equal_calls,karatsuba,E2,SO,10,0.05,84.734375,0.02794287961312382,False
equal_calls,karatsuba,E2,SO,10,0.1,84.734375,0.02794287961312382,False
equal_calls,karatsuba,E2,SO,10,0.2,84.734375,0.02794287961312382,False
equal_calls,karatsuba,E2,SO,10,0.5,84.734375,0.02794287961312382,False
equal_calls,karatsuba,E2,SO,10,1.0,84.734375,0.02794287961312382,False
equal_calls,karatsuba,E2,SO,11,0.0,84.734375,0.028495472197663657,False
equal_calls,karatsuba,E2,SO,11,0.01,84.734375,0.028495472197663657,False
equal_calls,karatsuba,E2,SO,11,0.02,84.734375,0.028495472197663657,False
equal_calls,karatsuba,E2,SO,11,0.05,84.734375,0.028495472197663657,False
equal_calls,karatsuba,E2,SO,11,0.1,84.734375,0.028495472197663657,False
equal_calls,karatsuba,E2,SO,11,0.2,84.734375,0.028495472197663657,False
equal_calls,karatsuba,E2,SO,11,0.5,84.734375,0.028495472197663657,False
equal_calls,karatsuba,E2,SO,11,1.0,84.734375,0.028495472197663657,False
equal_calls,karatsuba,E2,SO,12,0.0,84.734375,0.028495472197663768,False
equal_calls,karatsuba,E2,SO,12,0.01,84.734375,0.028495472197663768,False
equal_calls,karatsuba,E2,SO,12,0.02,84.734375,0.028495472197663768,False
equal_calls,karatsuba,E2,SO,12,0.05,84.734375,0.028495472197663768,False
equal_calls,karatsuba,E2,SO,12,0.1,84.734375,0.028495472197663768,False
equal_calls,karatsuba,E2,SO,12,0.2,84.734375,0.028495472197663768,False
equal_calls,karatsuba,E2,SO,12,0.5,84.734375,0.028495472197663768,False
equal_calls,karatsuba,E2,SO,12,1.0,84.734375,0.028495472197663768,False
equal_calls,karatsuba,E2,SO,13,0.0,84.734375,0.028495472197663806,False
equal_calls,karatsuba,E2,SO,13,0.01,84.734375,0.028495472197663806,False
equal_calls,karatsuba,E2,SO,13,0.02,84.734375,0.028495472197663806,False
equal_calls,karatsuba,E2,SO,13,0.05,84.734375,0.028495472197663806,False
equal_calls,karatsuba,E2,SO,13,0.1,84.734375,0.028495472197663806,False
equal_calls,karatsuba,E2,SO,13,0.2,84.734375,0.028495472197663806,False
equal_calls,karatsuba,E2,SO,13,0.5,84.734375,0.028495472197663806,False
equal_calls,karatsuba,E2,SO,13,1.0,84.734375,0.028495472197663806,False
equal_calls,karatsuba,E2,SO,14,0.0,84.734375,0.027942879613123823,False
equal_calls,karatsuba,E2,SO,14,0.01,84.734375,0.027942879613123823,False
equal_calls,karatsuba,E2,SO,14,0.02,84.734375,0.027942879613123823,False
equal_calls,karatsuba,E2,SO,14,0.05,84.734375,0.027942879613123823,False
equal_calls,karatsuba,E2,SO,14,0.1,84.734375,0.027942879613123823,False
equal_calls,karatsuba,E2,SO,14,0.2,84.734375,0.027942879613123823,False
equal_calls,karatsuba,E2,SO,14,0.5,84.734375,0.027942879613123823,False
equal_calls,karatsuba,E2,SO,14,1.0,84.734375,0.027942879613123823,False
equal_calls,karatsuba,E2,SO,15,0.0,84.734375,0.028439045742316763,False
equal_calls,karatsuba,E2,SO,15,0.01,84.734375,0.028439045742316763,False
equal_calls,karatsuba,E2,SO,15,0.02,84.734375,0.028439045742316763,False
equal_calls,karatsuba,E2,SO,15,0.05,84.734375,0.028439045742316763,False
equal_calls,karatsuba,E2,SO,15,0.1,84.734375,0.028439045742316763,False
equal_calls,karatsuba,E2,SO,15,0.2,84.734375,0.028439045742316763,False
equal_calls,karatsuba,E2,SO,15,0.5,84.734375,0.028439045742316763,False
equal_calls,karatsuba,E2,SO,15,1.0,84.734375,0.028439045742316763,False
equal_calls,karatsuba,E2,SO,16,0.0,84.734375,0.027942879613123882,False
equal_calls,karatsuba,E2,SO,16,0.01,84.734375,0.027942879613123882,False
equal_calls,karatsuba,E2,SO,16,0.02,84.734375,0.027942879613123882,False
equal_calls,karatsuba,E2,SO,16,0.05,84.734375,0.027942879613123882,False
equal_calls,karatsuba,E2,SO,16,0.1,84.734375,0.027942879613123882,False
equal_calls,karatsuba,E2,SO,16,0.2,84.734375,0.027942879613123882,False
equal_calls,karatsuba,E2,SO,16,0.5,84.734375,0.027942879613123882,False
equal_calls,karatsuba,E2,SO,16,1.0,84.734375,0.027942879613123882,False
equal_calls,karatsuba,E2,SO,17,0.0,84.734375,0.02794252304881898,False
equal_calls,karatsuba,E2,SO,17,0.01,84.734375,0.02794252304881898,False
equal_calls,karatsuba,E2,SO,17,0.02,84.734375,0.02794252304881898,False
equal_calls,karatsuba,E2,SO,17,0.05,84.734375,0.02794252304881898,False
equal_calls,karatsuba,E2,SO,17,0.1,84.734375,0.02794252304881898,False
equal_calls,karatsuba,E2,SO,17,0.2,84.734375,0.02794252304881898,False
equal_calls,karatsuba,E2,SO,17,0.5,84.734375,0.02794252304881898,False
equal_calls,karatsuba,E2,SO,17,1.0,84.734375,0.02794252304881898,False
equal_calls,karatsuba,E2,SO,18,0.0,84.734375,0.028439045742316725,False
equal_calls,karatsuba,E2,SO,18,0.01,84.734375,0.028439045742316725,False
equal_calls,karatsuba,E2,SO,18,0.02,84.734375,0.028439045742316725,False
equal_calls,karatsuba,E2,SO,18,0.05,84.734375,0.028439045742316725,False
equal_calls,karatsuba,E2,SO,18,0.1,84.734375,0.028439045742316725,False
equal_calls,karatsuba,E2,SO,18,0.2,84.734375,0.028439045742316725,False
equal_calls,karatsuba,E2,SO,18,0.5,84.734375,0.028439045742316725,False
equal_calls,karatsuba,E2,SO,18,1.0,84.734375,0.028439045742316725,False
equal_calls,karatsuba,E2,SO,19,0.0,84.734375,0.028495472197663824,False
equal_calls,karatsuba,E2,SO,19,0.01,84.734375,0.028495472197663824,False
equal_calls,karatsuba,E2,SO,19,0.02,84.734375,0.028495472197663824,False
equal_calls,karatsuba,E2,SO,19,0.05,84.734375,0.028495472197663824,False
equal_calls,karatsuba,E2,SO,19,0.1,84.734375,0.028495472197663824,False
equal_calls,karatsuba,E2,SO,19,0.2,84.734375,0.028495472197663824,False
equal_calls,karatsuba,E2,SO,19,0.5,84.734375,0.028495472197663824,False
equal_calls,karatsuba,E2,SO,19,1.0,84.734375,0.028495472197663824,False
equal_calls,karatsuba,E2,SO,20,0.0,84.734375,0.02794287961312374,False
equal_calls,karatsuba,E2,SO,20,0.01,84.734375,0.02794287961312374,False
equal_calls,karatsuba,E2,SO,20,0.02,84.734375,0.02794287961312374,False
equal_calls,karatsuba,E2,SO,20,0.05,84.734375,0.02794287961312374,False
equal_calls,karatsuba,E2,SO,20,0.1,84.734375,0.02794287961312374,False
equal_calls,karatsuba,E2,SO,20,0.2,84.734375,0.02794287961312374,False
equal_calls,karatsuba,E2,SO,20,0.5,84.734375,0.02794287961312374,False
equal_calls,karatsuba,E2,SO,20,1.0,84.734375,0.02794287961312374,False
equal_calls,karatsuba,E2,SO,21,0.0,84.734375,0.02794287961312378,False
equal_calls,karatsuba,E2,SO,21,0.01,84.734375,0.02794287961312378,False
equal_calls,karatsuba,E2,SO,21,0.02,84.734375,0.02794287961312378,False
equal_calls,karatsuba,E2,SO,21,0.05,84.734375,0.02794287961312378,False
equal_calls,karatsuba,E2,SO,21,0.1,84.734375,0.02794287961312378,False
equal_calls,karatsuba,E2,SO,21,0.2,84.734375,0.02794287961312378,False
equal_calls,karatsuba,E2,SO,21,0.5,84.734375,0.02794287961312378,False
equal_calls,karatsuba,E2,SO,21,1.0,84.734375,0.02794287961312378,False
equal_calls,karatsuba,E2,SO,22,0.0,84.734375,0.0284954721976637,False
equal_calls,karatsuba,E2,SO,22,0.01,84.734375,0.0284954721976637,False
equal_calls,karatsuba,E2,SO,22,0.02,84.734375,0.0284954721976637,False
equal_calls,karatsuba,E2,SO,22,0.05,84.734375,0.0284954721976637,False
equal_calls,karatsuba,E2,SO,22,0.1,84.734375,0.0284954721976637,False
equal_calls,karatsuba,E2,SO,22,0.2,84.734375,0.0284954721976637,False
equal_calls,karatsuba,E2,SO,22,0.5,84.734375,0.0284954721976637,False
equal_calls,karatsuba,E2,SO,22,1.0,84.734375,0.0284954721976637,False
equal_calls,karatsuba,E2,SO,23,0.0,84.734375,0.027942879613123726,False
equal_calls,karatsuba,E2,SO,23,0.01,84.734375,0.027942879613123726,False
equal_calls,karatsuba,E2,SO,23,0.02,84.734375,0.027942879613123726,False
equal_calls,karatsuba,E2,SO,23,0.05,84.734375,0.027942879613123726,False
equal_calls,karatsuba,E2,SO,23,0.1,84.734375,0.027942879613123726,False
equal_calls,karatsuba,E2,SO,23,0.2,84.734375,0.027942879613123726,False
equal_calls,karatsuba,E2,SO,23,0.5,84.734375,0.027942879613123726,False
equal_calls,karatsuba,E2,SO,23,1.0,84.734375,0.027942879613123726,False
equal_calls,karatsuba,E2,SO,24,0.0,84.734375,0.02849547219766375,False
equal_calls,karatsuba,E2,SO,24,0.01,84.734375,0.02849547219766375,False
equal_calls,karatsuba,E2,SO,24,0.02,84.734375,0.02849547219766375,False
equal_calls,karatsuba,E2,SO,24,0.05,84.734375,0.02849547219766375,False
equal_calls,karatsuba,E2,SO,24,0.1,84.734375,0.02849547219766375,False
equal_calls,karatsuba,E2,SO,24,0.2,84.734375,0.02849547219766375,False
equal_calls,karatsuba,E2,SO,24,0.5,84.734375,0.02849547219766375,False
equal_calls,karatsuba,E2,SO,24,1.0,84.734375,0.02849547219766375,False
equal_calls,karatsuba,E2,SO,25,0.0,84.734375,0.02849547219766373,False
equal_calls,karatsuba,E2,SO,25,0.01,84.734375,0.02849547219766373,False
equal_calls,karatsuba,E2,SO,25,0.02,84.734375,0.02849547219766373,False
equal_calls,karatsuba,E2,SO,25,0.05,84.734375,0.02849547219766373,False
equal_calls,karatsuba,E2,SO,25,0.1,84.734375,0.02849547219766373,False
equal_calls,karatsuba,E2,SO,25,0.2,84.734375,0.02849547219766373,False
equal_calls,karatsuba,E2,SO,25,0.5,84.734375,0.02849547219766373,False
equal_calls,karatsuba,E2,SO,25,1.0,84.734375,0.02849547219766373,False
equal_calls,karatsuba,E2,SO,26,0.0,84.734375,0.028527888592509126,False
equal_calls,karatsuba,E2,SO,26,0.01,84.734375,0.028527888592509126,False
equal_calls,karatsuba,E2,SO,26,0.02,84.734375,0.028527888592509126,False
equal_calls,karatsuba,E2,SO,26,0.05,84.734375,0.028527888592509126,False
equal_calls,karatsuba,E2,SO,26,0.1,84.734375,0.028527888592509126,False
equal_calls,karatsuba,E2,SO,26,0.2,84.734375,0.028527888592509126,False
equal_calls,karatsuba,E2,SO,26,0.5,84.734375,0.028527888592509126,False
equal_calls,karatsuba,E2,SO,26,1.0,84.734375,0.028527888592509126,False
equal_calls,karatsuba,E2,SO,27,0.0,84.734375,0.027942879613123823,False
equal_calls,karatsuba,E2,SO,27,0.01,84.734375,0.027942879613123823,False
equal_calls,karatsuba,E2,SO,27,0.02,84.734375,0.027942879613123823,False
equal_calls,karatsuba,E2,SO,27,0.05,84.734375,0.027942879613123823,False
equal_calls,karatsuba,E2,SO,27,0.1,84.734375,0.027942879613123823,False
equal_calls,karatsuba,E2,SO,27,0.2,84.734375,0.027942879613123823,False
equal_calls,karatsuba,E2,SO,27,0.5,84.734375,0.027942879613123823,False
equal_calls,karatsuba,E2,SO,27,1.0,84.734375,0.027942879613123823,False
equal_calls,karatsuba,E2,SO,28,0.0,84.734375,0.028495472197663782,False
equal_calls,karatsuba,E2,SO,28,0.01,84.734375,0.028495472197663782,False
equal_calls,karatsuba,E2,SO,28,0.02,84.734375,0.028495472197663782,False
equal_calls,karatsuba,E2,SO,28,0.05,84.734375,0.028495472197663782,False
equal_calls,karatsuba,E2,SO,28,0.1,84.734375,0.028495472197663782,False
equal_calls,karatsuba,E2,SO,28,0.2,84.734375,0.028495472197663782,False
equal_calls,karatsuba,E2,SO,28,0.5,84.734375,0.028495472197663782,False
equal_calls,karatsuba,E2,SO,28,1.0,84.734375,0.028495472197663782,False
equal_calls,karatsuba,E2,SO,29,0.0,84.734375,0.02843904574231672,False
equal_calls,karatsuba,E2,SO,29,0.01,84.734375,0.02843904574231672,False
equal_calls,karatsuba,E2,SO,29,0.02,84.734375,0.02843904574231672,False
equal_calls,karatsuba,E2,SO,29,0.05,84.734375,0.02843904574231672,False
equal_calls,karatsuba,E2,SO,29,0.1,84.734375,0.02843904574231672,False
equal_calls,karatsuba,E2,SO,29,0.2,84.734375,0.02843904574231672,False
equal_calls,karatsuba,E2,SO,29,0.5,84.734375,0.02843904574231672,False
equal_calls,karatsuba,E2,SO,29,1.0,84.734375,0.02843904574231672,False
equal_calls,karatsuba,E2,MO-lex,0,0.0,84.734375,0.028439045742316746,False
equal_calls,karatsuba,E2,MO-lex,0,0.01,72.34375,0.028621296410020255,False
equal_calls,karatsuba,E2,MO-lex,0,0.02,72.34375,0.028621296410020255,False
equal_calls,karatsuba,E2,MO-lex,0,0.05,72.34375,0.028621296410020255,False
equal_calls,karatsuba,E2,MO-lex,0,0.1,72.34375,0.028621296410020255,False
equal_calls,karatsuba,E2,MO-lex,0,0.2,60.953125,0.030502023594221134,False
equal_calls,karatsuba,E2,MO-lex,0,0.5,60.953125,0.030502023594221134,False
equal_calls,karatsuba,E2,MO-lex,0,1.0,48.5625,0.043451014021122655,False
equal_calls,karatsuba,E2,MO-lex,1,0.0,84.734375,0.027974296687295588,False
equal_calls,karatsuba,E2,MO-lex,1,0.01,73.34375,0.02803412927900486,False
equal_calls,karatsuba,E2,MO-lex,1,0.02,60.953125,0.028055878467765197,False
equal_calls,karatsuba,E2,MO-lex,1,0.05,60.953125,0.028055878467765197,False
equal_calls,karatsuba,E2,MO-lex,1,0.1,60.953125,0.028055878467765197,False
equal_calls,karatsuba,E2,MO-lex,1,0.2,60.953125,0.028055878467765197,False
equal_calls,karatsuba,E2,MO-lex,1,0.5,60.953125,0.028055878467765197,False
equal_calls,karatsuba,E2,MO-lex,1,1.0,48.5625,0.042559636106315045,False
equal_calls,karatsuba,E2,MO-lex,2,0.0,84.734375,0.027942879613123903,False
equal_calls,karatsuba,E2,MO-lex,2,0.01,72.34375,0.028809424244161618,False
equal_calls,karatsuba,E2,MO-lex,2,0.02,72.34375,0.028809424244161618,False
equal_calls,karatsuba,E2,MO-lex,2,0.05,72.34375,0.028809424244161618,False
equal_calls,karatsuba,E2,MO-lex,2,0.1,72.34375,0.028809424244161618,False
equal_calls,karatsuba,E2,MO-lex,2,0.2,72.34375,0.028809424244161618,False
equal_calls,karatsuba,E2,MO-lex,2,0.5,48.5625,0.03208498861998801,False
equal_calls,karatsuba,E2,MO-lex,2,1.0,48.5625,0.03208498861998801,False
equal_calls,karatsuba,E2,MO-lex,3,0.0,84.734375,0.028495472197663716,False
equal_calls,karatsuba,E2,MO-lex,3,0.01,84.734375,0.028495472197663716,False
equal_calls,karatsuba,E2,MO-lex,3,0.02,72.34375,0.0281884447599459,False
equal_calls,karatsuba,E2,MO-lex,3,0.05,72.34375,0.0281884447599459,False
equal_calls,karatsuba,E2,MO-lex,3,0.1,72.34375,0.0281884447599459,False
equal_calls,karatsuba,E2,MO-lex,3,0.2,60.953125,0.03103193278219014,False
equal_calls,karatsuba,E2,MO-lex,3,0.5,60.953125,0.03103193278219014,False
equal_calls,karatsuba,E2,MO-lex,3,1.0,60.953125,0.03103193278219014,False
equal_calls,karatsuba,E2,MO-lex,4,0.0,84.734375,0.028495472197663872,False
equal_calls,karatsuba,E2,MO-lex,4,0.01,72.34375,0.028621296410020196,False
equal_calls,karatsuba,E2,MO-lex,4,0.02,72.34375,0.028621296410020196,False
equal_calls,karatsuba,E2,MO-lex,4,0.05,72.34375,0.028621296410020196,False
equal_calls,karatsuba,E2,MO-lex,4,0.1,72.34375,0.028621296410020196,False
equal_calls,karatsuba,E2,MO-lex,4,0.2,72.34375,0.028621296410020196,False
equal_calls,karatsuba,E2,MO-lex,4,0.5,60.953125,0.033848182955642896,False
equal_calls,karatsuba,E2,MO-lex,4,1.0,60.953125,0.033848182955642896,False
equal_calls,karatsuba,E2,MO-lex,5,0.0,84.734375,0.02852788859250901,False
equal_calls,karatsuba,E2,MO-lex,5,0.01,84.734375,0.02852788859250901,False
equal_calls,karatsuba,E2,MO-lex,5,0.02,72.34375,0.029159056587540748,False
equal_calls,karatsuba,E2,MO-lex,5,0.05,72.34375,0.029159056587540748,False
equal_calls,karatsuba,E2,MO-lex,5,0.1,72.34375,0.029159056587540748,False
equal_calls,karatsuba,E2,MO-lex,5,0.2,60.953125,0.030502023594221144,False
equal_calls,karatsuba,E2,MO-lex,5,0.5,48.5625,0.029878948179252764,False
equal_calls,karatsuba,E2,MO-lex,5,1.0,48.5625,0.029878948179252764,False
equal_calls,karatsuba,E2,MO-lex,6,0.0,84.734375,0.027942879613123753,False
equal_calls,karatsuba,E2,MO-lex,6,0.01,73.34375,0.028061057151065827,False
equal_calls,karatsuba,E2,MO-lex,6,0.02,60.953125,0.028055878467765152,False
equal_calls,karatsuba,E2,MO-lex,6,0.05,60.953125,0.028055878467765152,False
equal_calls,karatsuba,E2,MO-lex,6,0.1,60.953125,0.028055878467765152,False
equal_calls,karatsuba,E2,MO-lex,6,0.2,60.953125,0.028055878467765152,False
equal_calls,karatsuba,E2,MO-lex,6,0.5,60.953125,0.028055878467765152,False
equal_calls,karatsuba,E2,MO-lex,6,1.0,60.953125,0.028055878467765152,False
equal_calls,karatsuba,E2,MO-lex,7,0.0,84.734375,0.028527888592509112,False
equal_calls,karatsuba,E2,MO-lex,7,0.01,84.734375,0.028527888592509112,False
equal_calls,karatsuba,E2,MO-lex,7,0.02,73.34375,0.0280374199234565,False
equal_calls,karatsuba,E2,MO-lex,7,0.05,73.34375,0.0280374199234565,False
equal_calls,karatsuba,E2,MO-lex,7,0.1,73.34375,0.0280374199234565,False
equal_calls,karatsuba,E2,MO-lex,7,0.2,60.953125,0.029360170929678884,False
equal_calls,karatsuba,E2,MO-lex,7,0.5,60.953125,0.029360170929678884,False
equal_calls,karatsuba,E2,MO-lex,7,1.0,48.5625,0.047523388488052924,False
equal_calls,karatsuba,E2,MO-lex,8,0.0,84.734375,0.028439045742316746,False
equal_calls,karatsuba,E2,MO-lex,8,0.01,84.734375,0.028439045742316746,False
equal_calls,karatsuba,E2,MO-lex,8,0.02,60.953125,0.028055878467765197,False
equal_calls,karatsuba,E2,MO-lex,8,0.05,60.953125,0.028055878467765197,False
equal_calls,karatsuba,E2,MO-lex,8,0.1,60.953125,0.028055878467765197,False
equal_calls,karatsuba,E2,MO-lex,8,0.2,48.5625,0.03149822664352079,False
equal_calls,karatsuba,E2,MO-lex,8,0.5,48.5625,0.03149822664352079,False
equal_calls,karatsuba,E2,MO-lex,8,1.0,48.5625,0.03149822664352079,False
equal_calls,karatsuba,E2,MO-lex,9,0.0,84.734375,0.02794287961312382,False
equal_calls,karatsuba,E2,MO-lex,9,0.01,84.734375,0.02794287961312382,False
equal_calls,karatsuba,E2,MO-lex,9,0.02,60.953125,0.028150473711904392,False
equal_calls,karatsuba,E2,MO-lex,9,0.05,48.5625,0.02833623162889281,False
equal_calls,karatsuba,E2,MO-lex,9,0.1,48.5625,0.02833623162889281,False
equal_calls,karatsuba,E2,MO-lex,9,0.2,48.5625,0.02833623162889281,False
equal_calls,karatsuba,E2,MO-lex,9,0.5,48.5625,0.02833623162889281,False
equal_calls,karatsuba,E2,MO-lex,9,1.0,48.5625,0.02833623162889281,False
equal_calls,karatsuba,E2,MO-lex,10,0.0,84.734375,0.02794287961312382,False
equal_calls,karatsuba,E2,MO-lex,10,0.01,73.34375,0.028106803351275723,False
equal_calls,karatsuba,E2,MO-lex,10,0.02,72.34375,0.028188444759945874,False
equal_calls,karatsuba,E2,MO-lex,10,0.05,72.34375,0.028188444759945874,False
equal_calls,karatsuba,E2,MO-lex,10,0.1,72.34375,0.028188444759945874,False
equal_calls,karatsuba,E2,MO-lex,10,0.2,60.953125,0.03343950511731536,False
equal_calls,karatsuba,E2,MO-lex,10,0.5,60.953125,0.03343950511731536,False
equal_calls,karatsuba,E2,MO-lex,10,1.0,60.953125,0.03343950511731536,False
equal_calls,karatsuba,E2,MO-lex,11,0.0,84.734375,0.028495472197663657,False
equal_calls,karatsuba,E2,MO-lex,11,0.01,72.34375,0.028621296410020154,False
equal_calls,karatsuba,E2,MO-lex,11,0.02,72.34375,0.028621296410020154,False
equal_calls,karatsuba,E2,MO-lex,11,0.05,72.34375,0.028621296410020154,False
equal_calls,karatsuba,E2,MO-lex,11,0.1,72.34375,0.028621296410020154,False
equal_calls,karatsuba,E2,MO-lex,11,0.2,72.34375,0.028621296410020154,False
equal_calls,karatsuba,E2,MO-lex,11,0.5,60.953125,0.0325978836509007,True
equal_calls,karatsuba,E2,MO-lex,11,1.0,60.953125,0.0325978836509007,True
equal_calls,karatsuba,E2,MO-lex,12,0.0,84.734375,0.028495472197663768,False
equal_calls,karatsuba,E2,MO-lex,12,0.01,84.734375,0.028495472197663768,False
equal_calls,karatsuba,E2,MO-lex,12,0.02,73.34375,0.028037419923456482,False
equal_calls,karatsuba,E2,MO-lex,12,0.05,60.953125,0.028750982584347478,False
equal_calls,karatsuba,E2,MO-lex,12,0.1,60.953125,0.028750982584347478,False
equal_calls,karatsuba,E2,MO-lex,12,0.2,60.953125,0.028750982584347478,False
equal_calls,karatsuba,E2,MO-lex,12,0.5,60.953125,0.028750982584347478,False
equal_calls,karatsuba,E2,MO-lex,12,1.0,48.5625,0.043897939357719566,False
equal_calls,karatsuba,E2,MO-lex,13,0.0,84.734375,0.028495472197663806,False
equal_calls,karatsuba,E2,MO-lex,13,0.01,84.734375,0.028495472197663806,False
equal_calls,karatsuba,E2,MO-lex,13,0.02,72.34375,0.02818844475994596,False
equal_calls,karatsuba,E2,MO-lex,13,0.05,72.34375,0.02818844475994596,False
equal_calls,karatsuba,E2,MO-lex,13,0.1,72.34375,0.02818844475994596,False
equal_calls,karatsuba,E2,MO-lex,13,0.2,60.953125,0.029960622635979612,False
equal_calls,karatsuba,E2,MO-lex,13,0.5,48.5625,0.03370061638417663,False
equal_calls,karatsuba,E2,MO-lex,13,1.0,48.5625,0.03370061638417663,False
equal_calls,karatsuba,E2,MO-lex,14,0.0,84.734375,0.027942879613123823,False
equal_calls,karatsuba,E2,MO-lex,14,0.01,73.34375,0.02803412927900483,False
equal_calls,karatsuba,E2,MO-lex,14,0.02,60.953125,0.028055878467765253,False
equal_calls,karatsuba,E2,MO-lex,14,0.05,60.953125,0.028055878467765253,False
equal_calls,karatsuba,E2,MO-lex,14,0.1,60.953125,0.028055878467765253,False
equal_calls,karatsuba,E2,MO-lex,14,0.2,60.953125,0.028055878467765253,False
equal_calls,karatsuba,E2,MO-lex,14,0.5,60.953125,0.028055878467765253,False
equal_calls,karatsuba,E2,MO-lex,14,1.0,60.953125,0.028055878467765253,False
equal_calls,karatsuba,E2,MO-lex,15,0.0,84.734375,0.028439045742316763,False
equal_calls,karatsuba,E2,MO-lex,15,0.01,73.34375,0.028071444914599893,False
equal_calls,karatsuba,E2,MO-lex,15,0.02,73.34375,0.028071444914599893,False
equal_calls,karatsuba,E2,MO-lex,15,0.05,60.953125,0.02899960310140295,False
equal_calls,karatsuba,E2,MO-lex,15,0.1,60.953125,0.02899960310140295,False
equal_calls,karatsuba,E2,MO-lex,15,0.2,60.953125,0.02899960310140295,False
equal_calls,karatsuba,E2,MO-lex,15,0.5,60.953125,0.02899960310140295,False
equal_calls,karatsuba,E2,MO-lex,15,1.0,48.5625,0.04084059530016623,False
equal_calls,karatsuba,E2,MO-lex,16,0.0,84.734375,0.027942879613123882,False
equal_calls,karatsuba,E2,MO-lex,16,0.01,73.34375,0.028048976976892404,False
equal_calls,karatsuba,E2,MO-lex,16,0.02,72.34375,0.02818268848553528,False
equal_calls,karatsuba,E2,MO-lex,16,0.05,72.34375,0.02818268848553528,False
equal_calls,karatsuba,E2,MO-lex,16,0.1,60.953125,0.027716088639745107,False
equal_calls,karatsuba,E2,MO-lex,16,0.2,60.953125,0.027716088639745107,False
equal_calls,karatsuba,E2,MO-lex,16,0.5,60.953125,0.027716088639745107,False
equal_calls,karatsuba,E2,MO-lex,16,1.0,60.953125,0.027716088639745107,False
equal_calls,karatsuba,E2,MO-lex,17,0.0,84.734375,0.02794252304881898,False
equal_calls,karatsuba,E2,MO-lex,17,0.01,72.34375,0.028177658871386232,False
equal_calls,karatsuba,E2,MO-lex,17,0.02,60.953125,0.02805587846776524,False
equal_calls,karatsuba,E2,MO-lex,17,0.05,48.5625,0.02833623162889271,False
equal_calls,karatsuba,E2,MO-lex,17,0.1,48.5625,0.02833623162889271,False
equal_calls,karatsuba,E2,MO-lex,17,0.2,48.5625,0.02833623162889271,False
equal_calls,karatsuba,E2,MO-lex,17,0.5,48.5625,0.02833623162889271,False
equal_calls,karatsuba,E2,MO-lex,17,1.0,48.5625,0.02833623162889271,False
equal_calls,karatsuba,E2,MO-lex,18,0.0,84.734375,0.028439045742316725,False
equal_calls,karatsuba,E2,MO-lex,18,0.01,84.734375,0.028439045742316725,False
equal_calls,karatsuba,E2,MO-lex,18,0.02,84.734375,0.028439045742316725,False
equal_calls,karatsuba,E2,MO-lex,18,0.05,72.34375,0.028946790859196353,False
equal_calls,karatsuba,E2,MO-lex,18,0.1,60.953125,0.02953148257340495,False
equal_calls,karatsuba,E2,MO-lex,18,0.2,60.953125,0.02953148257340495,False
equal_calls,karatsuba,E2,MO-lex,18,0.5,60.953125,0.02953148257340495,False
equal_calls,karatsuba,E2,MO-lex,18,1.0,60.953125,0.02953148257340495,False
equal_calls,karatsuba,E2,MO-lex,19,0.0,84.734375,0.028495472197663824,False
equal_calls,karatsuba,E2,MO-lex,19,0.01,84.734375,0.028495472197663824,False
equal_calls,karatsuba,E2,MO-lex,19,0.02,72.34375,0.02818268848553524,False
equal_calls,karatsuba,E2,MO-lex,19,0.05,72.34375,0.02818268848553524,False
equal_calls,karatsuba,E2,MO-lex,19,0.1,60.953125,0.027800107337470525,False
equal_calls,karatsuba,E2,MO-lex,19,0.2,60.953125,0.027800107337470525,False
equal_calls,karatsuba,E2,MO-lex,19,0.5,60.953125,0.027800107337470525,False
equal_calls,karatsuba,E2,MO-lex,19,1.0,60.953125,0.027800107337470525,False
equal_calls,karatsuba,E2,MO-lex,20,0.0,84.734375,0.02794287961312374,False
equal_calls,karatsuba,E2,MO-lex,20,0.01,73.34375,0.028061057151065844,False
equal_calls,karatsuba,E2,MO-lex,20,0.02,60.953125,0.02805587846776516,False
equal_calls,karatsuba,E2,MO-lex,20,0.05,48.5625,0.028336231628892795,False
equal_calls,karatsuba,E2,MO-lex,20,0.1,48.5625,0.028336231628892795,False
equal_calls,karatsuba,E2,MO-lex,20,0.2,48.5625,0.028336231628892795,False
equal_calls,karatsuba,E2,MO-lex,20,0.5,48.5625,0.028336231628892795,False
equal_calls,karatsuba,E2,MO-lex,20,1.0,48.5625,0.028336231628892795,False
equal_calls,karatsuba,E2,MO-lex,21,0.0,84.734375,0.02794287961312378,False
equal_calls,karatsuba,E2,MO-lex,21,0.01,73.34375,0.028034129279004793,False
equal_calls,karatsuba,E2,MO-lex,21,0.02,60.953125,0.028055878467765184,False
equal_calls,karatsuba,E2,MO-lex,21,0.05,60.953125,0.028055878467765184,False
equal_calls,karatsuba,E2,MO-lex,21,0.1,60.953125,0.028055878467765184,False
equal_calls,karatsuba,E2,MO-lex,21,0.2,60.953125,0.028055878467765184,False
equal_calls,karatsuba,E2,MO-lex,21,0.5,60.953125,0.028055878467765184,False
equal_calls,karatsuba,E2,MO-lex,21,1.0,60.953125,0.028055878467765184,False
equal_calls,karatsuba,E2,MO-lex,22,0.0,84.734375,0.0284954721976637,False
equal_calls,karatsuba,E2,MO-lex,22,0.01,84.734375,0.0284954721976637,False
equal_calls,karatsuba,E2,MO-lex,22,0.02,60.953125,0.028055878467765197,False
equal_calls,karatsuba,E2,MO-lex,22,0.05,48.5625,0.02833623162889277,False
equal_calls,karatsuba,E2,MO-lex,22,0.1,48.5625,0.02833623162889277,False
equal_calls,karatsuba,E2,MO-lex,22,0.2,48.5625,0.02833623162889277,False
equal_calls,karatsuba,E2,MO-lex,22,0.5,48.5625,0.02833623162889277,False
equal_calls,karatsuba,E2,MO-lex,22,1.0,48.5625,0.02833623162889277,False
equal_calls,karatsuba,E2,MO-lex,23,0.0,84.734375,0.027942879613123726,False
equal_calls,karatsuba,E2,MO-lex,23,0.01,73.34375,0.0280610571510659,False
equal_calls,karatsuba,E2,MO-lex,23,0.02,60.953125,0.02805587846776516,False
equal_calls,karatsuba,E2,MO-lex,23,0.05,48.5625,0.028336231628892795,False
equal_calls,karatsuba,E2,MO-lex,23,0.1,48.5625,0.028336231628892795,False
equal_calls,karatsuba,E2,MO-lex,23,0.2,48.5625,0.028336231628892795,False
equal_calls,karatsuba,E2,MO-lex,23,0.5,48.5625,0.028336231628892795,False
equal_calls,karatsuba,E2,MO-lex,23,1.0,48.5625,0.028336231628892795,False
equal_calls,karatsuba,E2,MO-lex,24,0.0,84.734375,0.02849547219766375,False
equal_calls,karatsuba,E2,MO-lex,24,0.01,72.34375,0.028621296410020206,False
equal_calls,karatsuba,E2,MO-lex,24,0.02,72.34375,0.028621296410020206,False
equal_calls,karatsuba,E2,MO-lex,24,0.05,60.953125,0.028336509178523917,False
equal_calls,karatsuba,E2,MO-lex,24,0.1,60.953125,0.028336509178523917,False
equal_calls,karatsuba,E2,MO-lex,24,0.2,60.953125,0.028336509178523917,False
equal_calls,karatsuba,E2,MO-lex,24,0.5,60.953125,0.028336509178523917,False
equal_calls,karatsuba,E2,MO-lex,24,1.0,60.953125,0.028336509178523917,False
equal_calls,karatsuba,E2,MO-lex,25,0.0,84.734375,0.02849547219766373,False
equal_calls,karatsuba,E2,MO-lex,25,0.01,84.734375,0.02849547219766373,False
equal_calls,karatsuba,E2,MO-lex,25,0.02,73.34375,0.028061057151065962,False
equal_calls,karatsuba,E2,MO-lex,25,0.05,73.34375,0.028061057151065962,False
equal_calls,karatsuba,E2,MO-lex,25,0.1,73.34375,0.028061057151065962,False
equal_calls,karatsuba,E2,MO-lex,25,0.2,73.34375,0.028061057151065962,False
equal_calls,karatsuba,E2,MO-lex,25,0.5,60.953125,0.03331183282744978,False
equal_calls,karatsuba,E2,MO-lex,25,1.0,60.953125,0.03331183282744978,False
equal_calls,karatsuba,E2,MO-lex,26,0.0,84.734375,0.028527888592509126,False
equal_calls,karatsuba,E2,MO-lex,26,0.01,84.734375,0.028527888592509126,False
equal_calls,karatsuba,E2,MO-lex,26,0.02,72.34375,0.02815717361602156,False
equal_calls,karatsuba,E2,MO-lex,26,0.05,72.34375,0.02815717361602156,False
equal_calls,karatsuba,E2,MO-lex,26,0.1,60.953125,0.027762630425478364,False
equal_calls,karatsuba,E2,MO-lex,26,0.2,48.5625,0.028506976251080375,False
equal_calls,karatsuba,E2,MO-lex,26,0.5,48.5625,0.028506976251080375,False
equal_calls,karatsuba,E2,MO-lex,26,1.0,48.5625,0.028506976251080375,False
equal_calls,karatsuba,E2,MO-lex,27,0.0,84.734375,0.027942879613123823,False
equal_calls,karatsuba,E2,MO-lex,27,0.01,73.34375,0.02806105715106592,False
equal_calls,karatsuba,E2,MO-lex,27,0.02,72.34375,0.028182688485535283,False
equal_calls,karatsuba,E2,MO-lex,27,0.05,72.34375,0.028182688485535283,False
equal_calls,karatsuba,E2,MO-lex,27,0.1,60.953125,0.027762630425478337,False
equal_calls,karatsuba,E2,MO-lex,27,0.2,60.953125,0.027762630425478337,False
equal_calls,karatsuba,E2,MO-lex,27,0.5,60.953125,0.027762630425478337,False
equal_calls,karatsuba,E2,MO-lex,27,1.0,60.953125,0.027762630425478337,False
equal_calls,karatsuba,E2,MO-lex,28,0.0,84.734375,0.028495472197663782,False
equal_calls,karatsuba,E2,MO-lex,28,0.01,72.34375,0.02862129641002024,False
equal_calls,karatsuba,E2,MO-lex,28,0.02,72.34375,0.02862129641002024,False
equal_calls,karatsuba,E2,MO-lex,28,0.05,72.34375,0.02862129641002024,False
equal_calls,karatsuba,E2,MO-lex,28,0.1,72.34375,0.02862129641002024,False
equal_calls,karatsuba,E2,MO-lex,28,0.2,72.34375,0.02862129641002024,False
equal_calls,karatsuba,E2,MO-lex,28,0.5,60.953125,0.03152761001438984,True
equal_calls,karatsuba,E2,MO-lex,28,1.0,60.953125,0.03152761001438984,True
equal_calls,karatsuba,E2,MO-lex,29,0.0,84.734375,0.02843904574231672,False
equal_calls,karatsuba,E2,MO-lex,29,0.01,84.734375,0.02843904574231672,False
equal_calls,karatsuba,E2,MO-lex,29,0.02,72.34375,0.028074039740755747,False
equal_calls,karatsuba,E2,MO-lex,29,0.05,72.34375,0.028074039740755747,False
equal_calls,karatsuba,E2,MO-lex,29,0.1,72.34375,0.028074039740755747,False
equal_calls,karatsuba,E2,MO-lex,29,0.2,60.953125,0.03045111097441799,False
equal_calls,karatsuba,E2,MO-lex,29,0.5,60.953125,0.03045111097441799,False
equal_calls,karatsuba,E2,MO-lex,29,1.0,60.953125,0.03045111097441799,False
equal_calls,karatsuba,E2,Green,0,0.0,84.734375,0.027957597881117627,False
equal_calls,karatsuba,E2,Green,0,0.01,73.34375,0.028106803351275817,False
equal_calls,karatsuba,E2,Green,0,0.02,60.953125,0.028055878467765142,False
equal_calls,karatsuba,E2,Green,0,0.05,48.5625,0.028336231628892716,False
equal_calls,karatsuba,E2,Green,0,0.1,48.5625,0.028336231628892716,False
equal_calls,karatsuba,E2,Green,0,0.2,48.5625,0.028336231628892716,False
equal_calls,karatsuba,E2,Green,0,0.5,48.5625,0.028336231628892716,False
equal_calls,karatsuba,E2,Green,0,1.0,48.5625,0.028336231628892716,False
equal_calls,karatsuba,E2,Green,1,0.0,84.734375,0.027974296687295598,False
equal_calls,karatsuba,E2,Green,1,0.01,73.34375,0.02814689414516087,False
equal_calls,karatsuba,E2,Green,1,0.02,60.953125,0.028055878467765184,False
equal_calls,karatsuba,E2,Green,1,0.05,48.5625,0.02833623162889273,False
equal_calls,karatsuba,E2,Green,1,0.1,48.5625,0.02833623162889273,False
equal_calls,karatsuba,E2,Green,1,0.2,48.5625,0.02833623162889273,False
equal_calls,karatsuba,E2,Green,1,0.5,48.5625,0.02833623162889273,False
equal_calls,karatsuba,E2,Green,1,1.0,48.5625,0.02833623162889273,False
equal_calls,karatsuba,E2,Green,2,0.0,84.734375,0.027919355466620364,False
equal_calls,karatsuba,E2,Green,2,0.01,72.34375,0.028200454713256405,False
equal_calls,karatsuba,E2,Green,2,0.02,60.953125,0.02805587846776516,False
equal_calls,karatsuba,E2,Green,2,0.05,48.5625,0.028336231628892785,False
equal_calls,karatsuba,E2,Green,2,0.1,48.5625,0.028336231628892785,False
equal_calls,karatsuba,E2,Green,2,0.2,48.5625,0.028336231628892785,False
equal_calls,karatsuba,E2,Green,2,0.5,48.5625,0.028336231628892785,False
equal_calls,karatsuba,E2,Green,2,1.0,48.5625,0.028336231628892785,False
equal_calls,karatsuba,E2,Green,3,0.0,84.734375,0.027942523048818946,False
equal_calls,karatsuba,E2,Green,3,0.01,72.34375,0.028550657207611414,False
equal_calls,karatsuba,E2,Green,3,0.02,60.953125,0.02805587846776524,False
equal_calls,karatsuba,E2,Green,3,0.05,48.5625,0.028336231628892802,False
equal_calls,karatsuba,E2,Green,3,0.1,48.5625,0.028336231628892802,False
equal_calls,karatsuba,E2,Green,3,0.2,48.5625,0.028336231628892802,False
equal_calls,karatsuba,E2,Green,3,0.5,48.5625,0.028336231628892802,False
equal_calls,karatsuba,E2,Green,3,1.0,48.5625,0.028336231628892802,False
equal_calls,karatsuba,E2,Green,4,0.0,84.734375,0.028495472197663872,False
equal_calls,karatsuba,E2,Green,4,0.01,72.34375,0.028621296410020196,False
equal_calls,karatsuba,E2,Green,4,0.02,60.953125,0.028055878467765156,False
equal_calls,karatsuba,E2,Green,4,0.05,48.5625,0.02833623162889278,False
equal_calls,karatsuba,E2,Green,4,0.1,48.5625,0.02833623162889278,False
equal_calls,karatsuba,E2,Green,4,0.2,48.5625,0.02833623162889278,False
equal_calls,karatsuba,E2,Green,4,0.5,48.5625,0.02833623162889278,False
equal_calls,karatsuba,E2,Green,4,1.0,48.5625,0.02833623162889278,False
equal_calls,karatsuba,E2,Green,5,0.0,84.734375,0.028528164978217415,False
equal_calls,karatsuba,E2,Green,5,0.01,72.34375,0.028621296410020206,False
equal_calls,karatsuba,E2,Green,5,0.02,60.953125,0.02805587846776524,False
equal_calls,karatsuba,E2,Green,5,0.05,48.5625,0.0283362316288928,False
equal_calls,karatsuba,E2,Green,5,0.1,48.5625,0.0283362316288928,False
equal_calls,karatsuba,E2,Green,5,0.2,48.5625,0.0283362316288928,False
equal_calls,karatsuba,E2,Green,5,0.5,48.5625,0.0283362316288928,False
equal_calls,karatsuba,E2,Green,5,1.0,48.5625,0.0283362316288928,False
equal_calls,karatsuba,E2,Green,6,0.0,84.734375,0.028439045742316746,False
equal_calls,karatsuba,E2,Green,6,0.01,72.34375,0.028621296410020272,False
equal_calls,karatsuba,E2,Green,6,0.02,60.953125,0.028055878467765197,False
equal_calls,karatsuba,E2,Green,6,0.05,48.5625,0.02833623162889271,False
equal_calls,karatsuba,E2,Green,6,0.1,48.5625,0.02833623162889271,False
equal_calls,karatsuba,E2,Green,6,0.2,48.5625,0.02833623162889271,False
equal_calls,karatsuba,E2,Green,6,0.5,48.5625,0.02833623162889271,False
equal_calls,karatsuba,E2,Green,6,1.0,48.5625,0.02833623162889271,False
equal_calls,karatsuba,E2,Green,7,0.0,84.734375,0.028439045742316666,False
equal_calls,karatsuba,E2,Green,7,0.01,73.34375,0.028146894145160993,False
equal_calls,karatsuba,E2,Green,7,0.02,60.953125,0.028055878467765197,False
equal_calls,karatsuba,E2,Green,7,0.05,48.5625,0.028336231628892813,False
equal_calls,karatsuba,E2,Green,7,0.1,48.5625,0.028336231628892813,False
equal_calls,karatsuba,E2,Green,7,0.2,48.5625,0.028336231628892813,False
equal_calls,karatsuba,E2,Green,7,0.5,48.5625,0.028336231628892813,False
equal_calls,karatsuba,E2,Green,7,1.0,48.5625,0.028336231628892813,False
equal_calls,karatsuba,E2,Green,8,0.0,84.734375,0.028114567281363308,False
equal_calls,karatsuba,E2,Green,8,0.01,60.953125,0.028055878467765236,False
equal_calls,karatsuba,E2,Green,8,0.02,60.953125,0.028055878467765236,False
equal_calls,karatsuba,E2,Green,8,0.05,48.5625,0.028336231628892785,False
equal_calls,karatsuba,E2,Green,8,0.1,48.5625,0.028336231628892785,False
equal_calls,karatsuba,E2,Green,8,0.2,48.5625,0.028336231628892785,False
equal_calls,karatsuba,E2,Green,8,0.5,48.5625,0.028336231628892785,False
equal_calls,karatsuba,E2,Green,8,1.0,48.5625,0.028336231628892785,False
equal_calls,karatsuba,E2,Green,9,0.0,84.734375,0.028155688559466385,False
equal_calls,karatsuba,E2,Green,9,0.01,72.34375,0.028200454713256353,False
equal_calls,karatsuba,E2,Green,9,0.02,60.953125,0.02805587846776524,False
equal_calls,karatsuba,E2,Green,9,0.05,60.953125,0.02805587846776524,False
equal_calls,karatsuba,E2,Green,9,0.1,60.953125,0.02805587846776524,False
equal_calls,karatsuba,E2,Green,9,0.2,48.5625,0.030866434753901464,False
equal_calls,karatsuba,E2,Green,9,0.5,48.5625,0.030866434753901464,False
equal_calls,karatsuba,E2,Green,9,1.0,48.5625,0.030866434753901464,False
equal_calls,karatsuba,E2,Green,10,0.0,84.734375,0.027974296687295563,False
equal_calls,karatsuba,E2,Green,10,0.01,72.34375,0.028550657207611397,False
equal_calls,karatsuba,E2,Green,10,0.02,60.953125,0.028055878467765194,False
equal_calls,karatsuba,E2,Green,10,0.05,48.5625,0.02833623162889277,False
equal_calls,karatsuba,E2,Green,10,0.1,48.5625,0.02833623162889277,False
equal_calls,karatsuba,E2,Green,10,0.2,48.5625,0.02833623162889277,False
equal_calls,karatsuba,E2,Green,10,0.5,48.5625,0.02833623162889277,False
equal_calls,karatsuba,E2,Green,10,1.0,48.5625,0.02833623162889277,False
equal_calls,karatsuba,E2,Green,11,0.0,84.734375,0.027957597881117582,False
equal_calls,karatsuba,E2,Green,11,0.01,72.34375,0.0281884447599459,False
equal_calls,karatsuba,E2,Green,11,0.02,60.953125,0.02805587846776516,False
equal_calls,karatsuba,E2,Green,11,0.05,48.5625,0.028336231628892785,False
equal_calls,karatsuba,E2,Green,11,0.1,48.5625,0.028336231628892785,False
equal_calls,karatsuba,E2,Green,11,0.2,48.5625,0.028336231628892785,False
equal_calls,karatsuba,E2,Green,11,0.5,48.5625,0.028336231628892785,False
equal_calls,karatsuba,E2,Green,11,1.0,48.5625,0.028336231628892785,False
equal_calls,karatsuba,E2,Green,12,0.0,84.734375,0.027942879613123774,False
equal_calls,karatsuba,E2,Green,12,0.01,72.34375,0.028550657207611414,False
equal_calls,karatsuba,E2,Green,12,0.02,60.953125,0.028055878467765156,False
equal_calls,karatsuba,E2,Green,12,0.05,48.5625,0.02833623162889279,False
equal_calls,karatsuba,E2,Green,12,0.1,48.5625,0.02833623162889279,False
equal_calls,karatsuba,E2,Green,12,0.2,48.5625,0.02833623162889279,False
equal_calls,karatsuba,E2,Green,12,0.5,48.5625,0.02833623162889279,False
equal_calls,karatsuba,E2,Green,12,1.0,36.171875,0.03997385380317286,False
equal_calls,karatsuba,E2,Green,13,0.0,84.734375,0.028439045742316697,False
equal_calls,karatsuba,E2,Green,13,0.01,73.34375,0.02814689414516094,False
equal_calls,karatsuba,E2,Green,13,0.02,60.953125,0.028055878467765173,False
equal_calls,karatsuba,E2,Green,13,0.05,48.5625,0.028336231628892854,False
equal_calls,karatsuba,E2,Green,13,0.1,48.5625,0.028336231628892854,False
equal_calls,karatsuba,E2,Green,13,0.2,48.5625,0.028336231628892854,False
equal_calls,karatsuba,E2,Green,13,0.5,48.5625,0.028336231628892854,False
equal_calls,karatsuba,E2,Green,13,1.0,48.5625,0.028336231628892854,False
equal_calls,karatsuba,E2,Green,14,0.0,84.734375,0.027942523048819008,False
equal_calls,karatsuba,E2,Green,14,0.01,73.34375,0.028146894145160882,False
equal_calls,karatsuba,E2,Green,14,0.02,60.953125,0.02805587846776516,False
equal_calls,karatsuba,E2,Green,14,0.05,48.5625,0.028336231628892802,False
equal_calls,karatsuba,E2,Green,14,0.1,48.5625,0.028336231628892802,False
equal_calls,karatsuba,E2,Green,14,0.2,48.5625,0.028336231628892802,False
equal_calls,karatsuba,E2,Green,14,0.5,48.5625,0.028336231628892802,False
equal_calls,karatsuba,E2,Green,14,1.0,36.171875,0.03997385380317285,False
equal_calls,karatsuba,E2,Green,15,0.0,84.734375,0.027974296687295567,False
equal_calls,karatsuba,E2,Green,15,0.01,73.34375,0.02814689414516087,False
equal_calls,karatsuba,E2,Green,15,0.02,60.953125,0.028055878467765236,False
equal_calls,karatsuba,E2,Green,15,0.05,48.5625,0.028336231628892743,False
equal_calls,karatsuba,E2,Green,15,0.1,48.5625,0.028336231628892743,False
equal_calls,karatsuba,E2,Green,15,0.2,48.5625,0.028336231628892743,False
equal_calls,karatsuba,E2,Green,15,0.5,48.5625,0.028336231628892743,False
equal_calls,karatsuba,E2,Green,15,1.0,48.5625,0.028336231628892743,False
equal_calls,karatsuba,E2,Green,16,0.0,84.734375,0.028012512421825883,False
equal_calls,karatsuba,E2,Green,16,0.01,72.34375,0.028188444759945874,False
equal_calls,karatsuba,E2,Green,16,0.02,60.953125,0.02805587846776524,False
equal_calls,karatsuba,E2,Green,16,0.05,48.5625,0.02833623162889278,False
equal_calls,karatsuba,E2,Green,16,0.1,48.5625,0.02833623162889278,False
equal_calls,karatsuba,E2,Green,16,0.2,48.5625,0.02833623162889278,False
equal_calls,karatsuba,E2,Green,16,0.5,48.5625,0.02833623162889278,False
equal_calls,karatsuba,E2,Green,16,1.0,48.5625,0.02833623162889278,False
equal_calls,karatsuba,E2,Green,17,0.0,84.734375,0.027974296687295588,False
equal_calls,karatsuba,E2,Green,17,0.01,72.34375,0.028550657207611414,False
equal_calls,karatsuba,E2,Green,17,0.02,60.953125,0.02805587846776524,False
equal_calls,karatsuba,E2,Green,17,0.05,48.5625,0.028336231628892785,False
equal_calls,karatsuba,E2,Green,17,0.1,48.5625,0.028336231628892785,False
equal_calls,karatsuba,E2,Green,17,0.2,48.5625,0.028336231628892785,False
equal_calls,karatsuba,E2,Green,17,0.5,48.5625,0.028336231628892785,False
equal_calls,karatsuba,E2,Green,17,1.0,48.5625,0.028336231628892785,False
equal_calls,karatsuba,E2,Green,18,0.0,73.34375,0.02800287597716376,False
equal_calls,karatsuba,E2,Green,18,0.01,73.34375,0.02800287597716376,False
equal_calls,karatsuba,E2,Green,18,0.02,73.34375,0.02800287597716376,False
equal_calls,karatsuba,E2,Green,18,0.05,60.953125,0.02776895984100228,False
equal_calls,karatsuba,E2,Green,18,0.1,60.953125,0.02776895984100228,False
equal_calls,karatsuba,E2,Green,18,0.2,48.5625,0.0308664347539014,False
equal_calls,karatsuba,E2,Green,18,0.5,48.5625,0.0308664347539014,False
equal_calls,karatsuba,E2,Green,18,1.0,48.5625,0.0308664347539014,False
equal_calls,karatsuba,E2,Green,19,0.0,84.734375,0.028439045742316746,False
equal_calls,karatsuba,E2,Green,19,0.01,72.34375,0.028550657207611414,False
equal_calls,karatsuba,E2,Green,19,0.02,60.953125,0.02805587846776524,False
equal_calls,karatsuba,E2,Green,19,0.05,48.5625,0.028336231628892785,False
equal_calls,karatsuba,E2,Green,19,0.1,48.5625,0.028336231628892785,False
equal_calls,karatsuba,E2,Green,19,0.2,48.5625,0.028336231628892785,False
equal_calls,karatsuba,E2,Green,19,0.5,48.5625,0.028336231628892785,False
equal_calls,karatsuba,E2,Green,19,1.0,48.5625,0.028336231628892785,False
equal_calls,karatsuba,E2,Green,20,0.0,84.734375,0.027919355466620416,False
equal_calls,karatsuba,E2,Green,20,0.01,72.34375,0.028200454713256426,False
equal_calls,karatsuba,E2,Green,20,0.02,60.953125,0.02805587846776518,False
equal_calls,karatsuba,E2,Green,20,0.05,48.5625,0.028336231628892813,False
equal_calls,karatsuba,E2,Green,20,0.1,48.5625,0.028336231628892813,False
equal_calls,karatsuba,E2,Green,20,0.2,48.5625,0.028336231628892813,False
equal_calls,karatsuba,E2,Green,20,0.5,48.5625,0.028336231628892813,False
equal_calls,karatsuba,E2,Green,20,1.0,48.5625,0.028336231628892813,False
equal_calls,karatsuba,E2,Green,21,0.0,84.734375,0.028589567436890916,False
equal_calls,karatsuba,E2,Green,21,0.01,72.34375,0.02880942424416154,False
equal_calls,karatsuba,E2,Green,21,0.02,60.953125,0.028055878467765128,False
equal_calls,karatsuba,E2,Green,21,0.05,48.5625,0.028336231628892823,False
equal_calls,karatsuba,E2,Green,21,0.1,48.5625,0.028336231628892823,False
equal_calls,karatsuba,E2,Green,21,0.2,48.5625,0.028336231628892823,False
equal_calls,karatsuba,E2,Green,21,0.5,48.5625,0.028336231628892823,False
equal_calls,karatsuba,E2,Green,21,1.0,48.5625,0.028336231628892823,False
equal_calls,karatsuba,E2,Green,22,0.0,84.734375,0.027942523048818967,False
equal_calls,karatsuba,E2,Green,22,0.01,72.34375,0.028188444759945884,False
equal_calls,karatsuba,E2,Green,22,0.02,60.953125,0.028055878467765166,False
equal_calls,karatsuba,E2,Green,22,0.05,48.5625,0.02833623162889273,False
equal_calls,karatsuba,E2,Green,22,0.1,48.5625,0.02833623162889273,False
equal_calls,karatsuba,E2,Green,22,0.2,48.5625,0.02833623162889273,False
equal_calls,karatsuba,E2,Green,22,0.5,48.5625,0.02833623162889273,False
equal_calls,karatsuba,E2,Green,22,1.0,48.5625,0.02833623162889273,False
equal_calls,karatsuba,E2,Green,23,0.0,84.734375,0.02794287961312374,False
equal_calls,karatsuba,E2,Green,23,0.01,73.34375,0.028146894145160934,False
equal_calls,karatsuba,E2,Green,23,0.02,60.953125,0.028055878467765166,False
equal_calls,karatsuba,E2,Green,23,0.05,48.5625,0.028336231628892813,False
equal_calls,karatsuba,E2,Green,23,0.1,48.5625,0.028336231628892813,False
equal_calls,karatsuba,E2,Green,23,0.2,48.5625,0.028336231628892813,False
equal_calls,karatsuba,E2,Green,23,0.5,48.5625,0.028336231628892813,False
equal_calls,karatsuba,E2,Green,23,1.0,48.5625,0.028336231628892813,False
equal_calls,karatsuba,E2,Green,24,0.0,84.734375,0.027942523048818994,False
equal_calls,karatsuba,E2,Green,24,0.01,72.34375,0.028200454713256322,False
equal_calls,karatsuba,E2,Green,24,0.02,60.953125,0.02805587846776526,False
equal_calls,karatsuba,E2,Green,24,0.05,48.5625,0.028336231628892775,False
equal_calls,karatsuba,E2,Green,24,0.1,48.5625,0.028336231628892775,False
equal_calls,karatsuba,E2,Green,24,0.2,48.5625,0.028336231628892775,False
equal_calls,karatsuba,E2,Green,24,0.5,48.5625,0.028336231628892775,False
equal_calls,karatsuba,E2,Green,24,1.0,48.5625,0.028336231628892775,False
equal_calls,karatsuba,E2,Green,25,0.0,84.734375,0.02793534085846915,False
equal_calls,karatsuba,E2,Green,25,0.01,60.953125,0.028055878467765145,False
equal_calls,karatsuba,E2,Green,25,0.02,60.953125,0.028055878467765145,False
equal_calls,karatsuba,E2,Green,25,0.05,48.5625,0.02833623162889278,False
equal_calls,karatsuba,E2,Green,25,0.1,48.5625,0.02833623162889278,False
equal_calls,karatsuba,E2,Green,25,0.2,48.5625,0.02833623162889278,False
equal_calls,karatsuba,E2,Green,25,0.5,48.5625,0.02833623162889278,False
equal_calls,karatsuba,E2,Green,25,1.0,48.5625,0.02833623162889278,False
equal_calls,karatsuba,E2,Green,26,0.0,84.734375,0.028589567436890957,False
equal_calls,karatsuba,E2,Green,26,0.01,72.34375,0.028809424244161545,False
equal_calls,karatsuba,E2,Green,26,0.02,60.953125,0.028055878467765187,False
equal_calls,karatsuba,E2,Green,26,0.05,48.5625,0.02833623162889271,False
equal_calls,karatsuba,E2,Green,26,0.1,48.5625,0.02833623162889271,False
equal_calls,karatsuba,E2,Green,26,0.2,48.5625,0.02833623162889271,False
equal_calls,karatsuba,E2,Green,26,0.5,48.5625,0.02833623162889271,False
equal_calls,karatsuba,E2,Green,26,1.0,48.5625,0.02833623162889271,False
equal_calls,karatsuba,E2,Green,27,0.0,84.734375,0.027942879613123816,False
equal_calls,karatsuba,E2,Green,27,0.01,73.34375,0.028146894145160927,False
equal_calls,karatsuba,E2,Green,27,0.02,60.953125,0.028055878467765236,False
equal_calls,karatsuba,E2,Green,27,0.05,48.5625,0.028336231628892747,False
equal_calls,karatsuba,E2,Green,27,0.1,48.5625,0.028336231628892747,False
equal_calls,karatsuba,E2,Green,27,0.2,48.5625,0.028336231628892747,False
equal_calls,karatsuba,E2,Green,27,0.5,48.5625,0.028336231628892747,False
equal_calls,karatsuba,E2,Green,27,1.0,48.5625,0.028336231628892747,False
equal_calls,karatsuba,E2,Green,28,0.0,84.734375,0.027957597881117586,False
equal_calls,karatsuba,E2,Green,28,0.01,72.34375,0.028188444759945832,False
equal_calls,karatsuba,E2,Green,28,0.02,60.953125,0.028055878467765184,False
equal_calls,karatsuba,E2,Green,28,0.05,48.5625,0.028336231628892705,False
equal_calls,karatsuba,E2,Green,28,0.1,48.5625,0.028336231628892705,False
equal_calls,karatsuba,E2,Green,28,0.2,48.5625,0.028336231628892705,False
equal_calls,karatsuba,E2,Green,28,0.5,48.5625,0.028336231628892705,False
equal_calls,karatsuba,E2,Green,28,1.0,48.5625,0.028336231628892705,False
equal_calls,karatsuba,E2,Green,29,0.0,84.734375,0.0284954721976637,False
equal_calls,karatsuba,E2,Green,29,0.01,72.34375,0.028621296410020234,False
equal_calls,karatsuba,E2,Green,29,0.02,60.953125,0.02805587846776512,False
equal_calls,karatsuba,E2,Green,29,0.05,48.5625,0.028336231628892802,False
equal_calls,karatsuba,E2,Green,29,0.1,48.5625,0.028336231628892802,False
equal_calls,karatsuba,E2,Green,29,0.2,48.5625,0.028336231628892802,False
equal_calls,karatsuba,E2,Green,29,0.5,48.5625,0.028336231628892802,False
equal_calls,karatsuba,E2,Green,29,1.0,48.5625,0.028336231628892802,False
equal_calls,karatsuba,E2,Pareto-terms,0,0.0,84.734375,0.028051303057781907,False
equal_calls,karatsuba,E2,Pareto-terms,0,0.01,72.34375,0.028550657207611487,False
equal_calls,karatsuba,E2,Pareto-terms,0,0.02,72.34375,0.028550657207611487,False
equal_calls,karatsuba,E2,Pareto-terms,0,0.05,48.5625,0.02833623162889279,False
equal_calls,karatsuba,E2,Pareto-terms,0,0.1,48.5625,0.02833623162889279,False
equal_calls,karatsuba,E2,Pareto-terms,0,0.2,48.5625,0.02833623162889279,False
equal_calls,karatsuba,E2,Pareto-terms,0,0.5,48.5625,0.02833623162889279,False
equal_calls,karatsuba,E2,Pareto-terms,0,1.0,48.5625,0.02833623162889279,False
equal_calls,karatsuba,E2,Pareto-terms,1,0.0,84.734375,0.02849547219766374,False
equal_calls,karatsuba,E2,Pareto-terms,1,0.01,72.34375,0.028621296410020234,False
equal_calls,karatsuba,E2,Pareto-terms,1,0.02,72.34375,0.028621296410020234,False
equal_calls,karatsuba,E2,Pareto-terms,1,0.05,48.5625,0.028336231628892802,False
equal_calls,karatsuba,E2,Pareto-terms,1,0.1,48.5625,0.028336231628892802,False
equal_calls,karatsuba,E2,Pareto-terms,1,0.2,48.5625,0.028336231628892802,False
equal_calls,karatsuba,E2,Pareto-terms,1,0.5,48.5625,0.028336231628892802,False
equal_calls,karatsuba,E2,Pareto-terms,1,1.0,48.5625,0.028336231628892802,False
equal_calls,karatsuba,E2,Pareto-terms,2,0.0,84.734375,0.028527888592509085,False
equal_calls,karatsuba,E2,Pareto-terms,2,0.01,84.734375,0.028527888592509085,False
equal_calls,karatsuba,E2,Pareto-terms,2,0.02,72.34375,0.028200454713256294,False
equal_calls,karatsuba,E2,Pareto-terms,2,0.05,48.5625,0.029240311556465063,False
equal_calls,karatsuba,E2,Pareto-terms,2,0.1,48.5625,0.029240311556465063,False
equal_calls,karatsuba,E2,Pareto-terms,2,0.2,48.5625,0.029240311556465063,False
equal_calls,karatsuba,E2,Pareto-terms,2,0.5,48.5625,0.029240311556465063,False
equal_calls,karatsuba,E2,Pareto-terms,2,1.0,48.5625,0.029240311556465063,False
equal_calls,karatsuba,E2,Pareto-terms,3,0.0,84.734375,0.027942523048818942,False
equal_calls,karatsuba,E2,Pareto-terms,3,0.01,72.34375,0.028550657207611397,False
equal_calls,karatsuba,E2,Pareto-terms,3,0.02,72.34375,0.028550657207611397,False
equal_calls,karatsuba,E2,Pareto-terms,3,0.05,48.5625,0.028336231628892785,False
equal_calls,karatsuba,E2,Pareto-terms,3,0.1,48.5625,0.028336231628892785,False
equal_calls,karatsuba,E2,Pareto-terms,3,0.2,48.5625,0.028336231628892785,False
equal_calls,karatsuba,E2,Pareto-terms,3,0.5,48.5625,0.028336231628892785,False
equal_calls,karatsuba,E2,Pareto-terms,3,1.0,48.5625,0.028336231628892785,False
equal_calls,karatsuba,E2,Pareto-terms,4,0.0,84.734375,0.028589567436890888,False
equal_calls,karatsuba,E2,Pareto-terms,4,0.01,72.34375,0.028621296410020276,False
equal_calls,karatsuba,E2,Pareto-terms,4,0.02,72.34375,0.028621296410020276,False
equal_calls,karatsuba,E2,Pareto-terms,4,0.05,48.5625,0.02833623162889281,False
equal_calls,karatsuba,E2,Pareto-terms,4,0.1,48.5625,0.02833623162889281,False
equal_calls,karatsuba,E2,Pareto-terms,4,0.2,48.5625,0.02833623162889281,False
equal_calls,karatsuba,E2,Pareto-terms,4,0.5,48.5625,0.02833623162889281,False
equal_calls,karatsuba,E2,Pareto-terms,4,1.0,48.5625,0.02833623162889281,False
equal_calls,karatsuba,E2,Pareto-terms,5,0.0,84.734375,0.028528164978217422,False
equal_calls,karatsuba,E2,Pareto-terms,5,0.01,72.34375,0.028621296410020293,False
equal_calls,karatsuba,E2,Pareto-terms,5,0.02,72.34375,0.028621296410020293,False
equal_calls,karatsuba,E2,Pareto-terms,5,0.05,48.5625,0.028336231628892785,False
equal_calls,karatsuba,E2,Pareto-terms,5,0.1,48.5625,0.028336231628892785,False
equal_calls,karatsuba,E2,Pareto-terms,5,0.2,48.5625,0.028336231628892785,False
equal_calls,karatsuba,E2,Pareto-terms,5,0.5,48.5625,0.028336231628892785,False
equal_calls,karatsuba,E2,Pareto-terms,5,1.0,48.5625,0.028336231628892785,False
equal_calls,karatsuba,E2,Pareto-terms,6,0.0,84.734375,0.027974296687295605,False
equal_calls,karatsuba,E2,Pareto-terms,6,0.01,84.734375,0.027974296687295605,False
equal_calls,karatsuba,E2,Pareto-terms,6,0.02,72.34375,0.02820045471325632,False
equal_calls,karatsuba,E2,Pareto-terms,6,0.05,72.34375,0.02820045471325632,False
equal_calls,karatsuba,E2,Pareto-terms,6,0.1,48.5625,0.027785635104398226,False
equal_calls,karatsuba,E2,Pareto-terms,6,0.2,48.5625,0.027785635104398226,False
equal_calls,karatsuba,E2,Pareto-terms,6,0.5,48.5625,0.027785635104398226,False
equal_calls,karatsuba,E2,Pareto-terms,6,1.0,48.5625,0.027785635104398226,False
equal_calls,karatsuba,E2,Pareto-terms,7,0.0,84.734375,0.027974296687295612,False
equal_calls,karatsuba,E2,Pareto-terms,7,0.01,72.34375,0.028550657207611442,False
equal_calls,karatsuba,E2,Pareto-terms,7,0.02,72.34375,0.028550657207611442,False
equal_calls,karatsuba,E2,Pareto-terms,7,0.05,48.5625,0.028336231628892816,False
equal_calls,karatsuba,E2,Pareto-terms,7,0.1,48.5625,0.028336231628892816,False
equal_calls,karatsuba,E2,Pareto-terms,7,0.2,48.5625,0.028336231628892816,False
equal_calls,karatsuba,E2,Pareto-terms,7,0.5,48.5625,0.028336231628892816,False
equal_calls,karatsuba,E2,Pareto-terms,7,1.0,48.5625,0.028336231628892816,False
equal_calls,karatsuba,E2,Pareto-terms,8,0.0,84.734375,0.02797429668729562,False
equal_calls,karatsuba,E2,Pareto-terms,8,0.01,84.734375,0.02797429668729562,False
equal_calls,karatsuba,E2,Pareto-terms,8,0.02,72.34375,0.02820045471325635,False
equal_calls,karatsuba,E2,Pareto-terms,8,0.05,48.5625,0.028336231628892785,False
equal_calls,karatsuba,E2,Pareto-terms,8,0.1,48.5625,0.028336231628892785,False
equal_calls,karatsuba,E2,Pareto-terms,8,0.2,48.5625,0.028336231628892785,False
equal_calls,karatsuba,E2,Pareto-terms,8,0.5,48.5625,0.028336231628892785,False
equal_calls,karatsuba,E2,Pareto-terms,8,1.0,48.5625,0.028336231628892785,False
equal_calls,karatsuba,E2,Pareto-terms,9,0.0,84.734375,0.02849547219766382,False
equal_calls,karatsuba,E2,Pareto-terms,9,0.01,72.34375,0.028621296410020213,False
equal_calls,karatsuba,E2,Pareto-terms,9,0.02,72.34375,0.028621296410020213,False
equal_calls,karatsuba,E2,Pareto-terms,9,0.05,48.5625,0.028336231628892816,False
equal_calls,karatsuba,E2,Pareto-terms,9,0.1,48.5625,0.028336231628892816,False
equal_calls,karatsuba,E2,Pareto-terms,9,0.2,48.5625,0.028336231628892816,False
equal_calls,karatsuba,E2,Pareto-terms,9,0.5,48.5625,0.028336231628892816,False
equal_calls,karatsuba,E2,Pareto-terms,9,1.0,48.5625,0.028336231628892816,False
equal_calls,karatsuba,E2,Pareto-terms,10,0.0,84.734375,0.028401858342682742,False
equal_calls,karatsuba,E2,Pareto-terms,10,0.01,72.34375,0.028621296410020213,False
equal_calls,karatsuba,E2,Pareto-terms,10,0.02,72.34375,0.028621296410020213,False
equal_calls,karatsuba,E2,Pareto-terms,10,0.05,48.5625,0.0287137722954734,False
equal_calls,karatsuba,E2,Pareto-terms,10,0.1,48.5625,0.0287137722954734,False
equal_calls,karatsuba,E2,Pareto-terms,10,0.2,48.5625,0.0287137722954734,False
equal_calls,karatsuba,E2,Pareto-terms,10,0.5,48.5625,0.0287137722954734,False
equal_calls,karatsuba,E2,Pareto-terms,10,1.0,48.5625,0.0287137722954734,False
equal_calls,karatsuba,E2,Pareto-terms,11,0.0,84.734375,0.028439045742316732,False
equal_calls,karatsuba,E2,Pareto-terms,11,0.01,84.734375,0.028439045742316732,False
equal_calls,karatsuba,E2,Pareto-terms,11,0.02,72.34375,0.02818844475994596,False
equal_calls,karatsuba,E2,Pareto-terms,11,0.05,48.5625,0.02833623162889281,False
equal_calls,karatsuba,E2,Pareto-terms,11,0.1,48.5625,0.02833623162889281,False
equal_calls,karatsuba,E2,Pareto-terms,11,0.2,48.5625,0.02833623162889281,False
equal_calls,karatsuba,E2,Pareto-terms,11,0.5,48.5625,0.02833623162889281,False
equal_calls,karatsuba,E2,Pareto-terms,11,1.0,48.5625,0.02833623162889281,False
equal_calls,karatsuba,E2,Pareto-terms,12,0.0,84.734375,0.027957597881117548,False
equal_calls,karatsuba,E2,Pareto-terms,12,0.01,72.34375,0.028188444759945915,False
equal_calls,karatsuba,E2,Pareto-terms,12,0.02,72.34375,0.028188444759945915,False
equal_calls,karatsuba,E2,Pareto-terms,12,0.05,48.5625,0.028336231628892813,False
equal_calls,karatsuba,E2,Pareto-terms,12,0.1,48.5625,0.028336231628892813,False
equal_calls,karatsuba,E2,Pareto-terms,12,0.2,48.5625,0.028336231628892813,False
equal_calls,karatsuba,E2,Pareto-terms,12,0.5,48.5625,0.028336231628892813,False
equal_calls,karatsuba,E2,Pareto-terms,12,1.0,48.5625,0.028336231628892813,False
equal_calls,karatsuba,E2,Pareto-terms,13,0.0,84.734375,0.028439045742316746,False
equal_calls,karatsuba,E2,Pareto-terms,13,0.01,84.734375,0.028439045742316746,False
equal_calls,karatsuba,E2,Pareto-terms,13,0.02,72.34375,0.028809424244161663,False
equal_calls,karatsuba,E2,Pareto-terms,13,0.05,48.5625,0.028336231628892816,False
equal_calls,karatsuba,E2,Pareto-terms,13,0.1,48.5625,0.028336231628892816,False
equal_calls,karatsuba,E2,Pareto-terms,13,0.2,48.5625,0.028336231628892816,False
equal_calls,karatsuba,E2,Pareto-terms,13,0.5,48.5625,0.028336231628892816,False
equal_calls,karatsuba,E2,Pareto-terms,13,1.0,48.5625,0.028336231628892816,False
equal_calls,karatsuba,E2,Pareto-terms,14,0.0,84.734375,0.028439045742316666,False
equal_calls,karatsuba,E2,Pareto-terms,14,0.01,72.34375,0.028621296410020196,False
equal_calls,karatsuba,E2,Pareto-terms,14,0.02,72.34375,0.028621296410020196,False
equal_calls,karatsuba,E2,Pareto-terms,14,0.05,48.5625,0.028336231628892813,False
equal_calls,karatsuba,E2,Pareto-terms,14,0.1,48.5625,0.028336231628892813,False
equal_calls,karatsuba,E2,Pareto-terms,14,0.2,48.5625,0.028336231628892813,False
equal_calls,karatsuba,E2,Pareto-terms,14,0.5,48.5625,0.028336231628892813,False
equal_calls,karatsuba,E2,Pareto-terms,14,1.0,36.171875,0.03997385380317282,False
equal_calls,karatsuba,E2,Pareto-terms,15,0.0,84.734375,0.02843904574231675,False
equal_calls,karatsuba,E2,Pareto-terms,15,0.01,72.34375,0.028550657207611362,False
equal_calls,karatsuba,E2,Pareto-terms,15,0.02,72.34375,0.028550657207611362,False
equal_calls,karatsuba,E2,Pareto-terms,15,0.05,48.5625,0.028336231628892716,False
equal_calls,karatsuba,E2,Pareto-terms,15,0.1,48.5625,0.028336231628892716,False
equal_calls,karatsuba,E2,Pareto-terms,15,0.2,48.5625,0.028336231628892716,False
equal_calls,karatsuba,E2,Pareto-terms,15,0.5,48.5625,0.028336231628892716,False
equal_calls,karatsuba,E2,Pareto-terms,15,1.0,48.5625,0.028336231628892716,False
equal_calls,karatsuba,E2,Pareto-terms,16,0.0,84.734375,0.0279425230488189,False
equal_calls,karatsuba,E2,Pareto-terms,16,0.01,72.34375,0.02855065720761141,False
equal_calls,karatsuba,E2,Pareto-terms,16,0.02,72.34375,0.02855065720761141,False
equal_calls,karatsuba,E2,Pareto-terms,16,0.05,48.5625,0.02833623162889278,False
equal_calls,karatsuba,E2,Pareto-terms,16,0.1,48.5625,0.02833623162889278,False
equal_calls,karatsuba,E2,Pareto-terms,16,0.2,48.5625,0.02833623162889278,False
equal_calls,karatsuba,E2,Pareto-terms,16,0.5,48.5625,0.02833623162889278,False
equal_calls,karatsuba,E2,Pareto-terms,16,1.0,48.5625,0.02833623162889278,False
equal_calls,karatsuba,E2,Pareto-terms,17,0.0,84.734375,0.027919355466620294,False
equal_calls,karatsuba,E2,Pareto-terms,17,0.01,72.34375,0.028550657207611442,False
equal_calls,karatsuba,E2,Pareto-terms,17,0.02,72.34375,0.028550657207611442,False
equal_calls,karatsuba,E2,Pareto-terms,17,0.05,48.5625,0.028336231628892754,False
equal_calls,karatsuba,E2,Pareto-terms,17,0.1,48.5625,0.028336231628892754,False
equal_calls,karatsuba,E2,Pareto-terms,17,0.2,48.5625,0.028336231628892754,False
equal_calls,karatsuba,E2,Pareto-terms,17,0.5,48.5625,0.028336231628892754,False
equal_calls,karatsuba,E2,Pareto-terms,17,1.0,48.5625,0.028336231628892754,False
equal_calls,karatsuba,E2,Pareto-terms,18,0.0,84.734375,0.02861894972975284,False
equal_calls,karatsuba,E2,Pareto-terms,18,0.01,72.34375,0.028809424244161625,False
equal_calls,karatsuba,E2,Pareto-terms,18,0.02,72.34375,0.028809424244161625,False
equal_calls,karatsuba,E2,Pareto-terms,18,0.05,48.5625,0.028336231628892795,False
equal_calls,karatsuba,E2,Pareto-terms,18,0.1,48.5625,0.028336231628892795,False
equal_calls,karatsuba,E2,Pareto-terms,18,0.2,48.5625,0.028336231628892795,False
equal_calls,karatsuba,E2,Pareto-terms,18,0.5,48.5625,0.028336231628892795,False
equal_calls,karatsuba,E2,Pareto-terms,18,1.0,48.5625,0.028336231628892795,False
equal_calls,karatsuba,E2,Pareto-terms,19,0.0,84.734375,0.027942879613123823,False
equal_calls,karatsuba,E2,Pareto-terms,19,0.01,72.34375,0.028550657207611397,False
equal_calls,karatsuba,E2,Pareto-terms,19,0.02,72.34375,0.028550657207611397,False
equal_calls,karatsuba,E2,Pareto-terms,19,0.05,48.5625,0.028336231628892785,False
equal_calls,karatsuba,E2,Pareto-terms,19,0.1,48.5625,0.028336231628892785,False
equal_calls,karatsuba,E2,Pareto-terms,19,0.2,48.5625,0.028336231628892785,False
equal_calls,karatsuba,E2,Pareto-terms,19,0.5,48.5625,0.028336231628892785,False
equal_calls,karatsuba,E2,Pareto-terms,19,1.0,48.5625,0.028336231628892785,False
equal_calls,karatsuba,E2,Pareto-terms,20,0.0,84.734375,0.028495472197663758,False
equal_calls,karatsuba,E2,Pareto-terms,20,0.01,72.34375,0.028621296410020224,False
equal_calls,karatsuba,E2,Pareto-terms,20,0.02,72.34375,0.028621296410020224,False
equal_calls,karatsuba,E2,Pareto-terms,20,0.05,48.5625,0.028336231628892816,False
equal_calls,karatsuba,E2,Pareto-terms,20,0.1,48.5625,0.028336231628892816,False
equal_calls,karatsuba,E2,Pareto-terms,20,0.2,48.5625,0.028336231628892816,False
equal_calls,karatsuba,E2,Pareto-terms,20,0.5,48.5625,0.028336231628892816,False
equal_calls,karatsuba,E2,Pareto-terms,20,1.0,48.5625,0.028336231628892816,False
equal_calls,karatsuba,E2,Pareto-terms,21,0.0,84.734375,0.027942879613123743,False
equal_calls,karatsuba,E2,Pareto-terms,21,0.01,84.734375,0.027942879613123743,False
equal_calls,karatsuba,E2,Pareto-terms,21,0.02,72.34375,0.02820045471325628,False
equal_calls,karatsuba,E2,Pareto-terms,21,0.05,48.5625,0.02833623162889278,False
equal_calls,karatsuba,E2,Pareto-terms,21,0.1,48.5625,0.02833623162889278,False
equal_calls,karatsuba,E2,Pareto-terms,21,0.2,48.5625,0.02833623162889278,False
equal_calls,karatsuba,E2,Pareto-terms,21,0.5,48.5625,0.02833623162889278,False
equal_calls,karatsuba,E2,Pareto-terms,21,1.0,48.5625,0.02833623162889278,False
equal_calls,karatsuba,E2,Pareto-terms,22,0.0,84.734375,0.02794252304881899,False
equal_calls,karatsuba,E2,Pareto-terms,22,0.01,72.34375,0.028550657207611456,False
equal_calls,karatsuba,E2,Pareto-terms,22,0.02,72.34375,0.028550657207611456,False
equal_calls,karatsuba,E2,Pareto-terms,22,0.05,48.5625,0.028336231628892785,False
equal_calls,karatsuba,E2,Pareto-terms,22,0.1,48.5625,0.028336231628892785,False
equal_calls,karatsuba,E2,Pareto-terms,22,0.2,48.5625,0.028336231628892785,False
equal_calls,karatsuba,E2,Pareto-terms,22,0.5,48.5625,0.028336231628892785,False
equal_calls,karatsuba,E2,Pareto-terms,22,1.0,36.171875,0.03997385380317282,False
equal_calls,karatsuba,E2,Pareto-terms,23,0.0,84.734375,0.0285278885925091,False
equal_calls,karatsuba,E2,Pareto-terms,23,0.01,72.34375,0.028550657207611515,False
equal_calls,karatsuba,E2,Pareto-terms,23,0.02,72.34375,0.028550657207611515,False
equal_calls,karatsuba,E2,Pareto-terms,23,0.05,48.5625,0.028336231628892743,False
equal_calls,karatsuba,E2,Pareto-terms,23,0.1,48.5625,0.028336231628892743,False
equal_calls,karatsuba,E2,Pareto-terms,23,0.2,48.5625,0.028336231628892743,False
equal_calls,karatsuba,E2,Pareto-terms,23,0.5,48.5625,0.028336231628892743,False
equal_calls,karatsuba,E2,Pareto-terms,23,1.0,36.171875,0.03839160837509461,False
equal_calls,karatsuba,E2,Pareto-terms,24,0.0,84.734375,0.028564930229603713,False
equal_calls,karatsuba,E2,Pareto-terms,24,0.01,72.34375,0.02818268848553524,False
equal_calls,karatsuba,E2,Pareto-terms,24,0.02,72.34375,0.02818268848553524,False
equal_calls,karatsuba,E2,Pareto-terms,24,0.05,48.5625,0.02833623162889271,False
equal_calls,karatsuba,E2,Pareto-terms,24,0.1,48.5625,0.02833623162889271,False
equal_calls,karatsuba,E2,Pareto-terms,24,0.2,48.5625,0.02833623162889271,False
equal_calls,karatsuba,E2,Pareto-terms,24,0.5,48.5625,0.02833623162889271,False
equal_calls,karatsuba,E2,Pareto-terms,24,1.0,48.5625,0.02833623162889271,False
equal_calls,karatsuba,E2,Pareto-terms,25,0.0,84.734375,0.02849457631785011,False
equal_calls,karatsuba,E2,Pareto-terms,25,0.01,84.734375,0.02849457631785011,False
equal_calls,karatsuba,E2,Pareto-terms,25,0.02,72.34375,0.028334138057724185,False
equal_calls,karatsuba,E2,Pareto-terms,25,0.05,72.34375,0.028334138057724185,False
equal_calls,karatsuba,E2,Pareto-terms,25,0.1,72.34375,0.028334138057724185,False
equal_calls,karatsuba,E2,Pareto-terms,25,0.2,48.5625,0.027892109355327335,False
equal_calls,karatsuba,E2,Pareto-terms,25,0.5,48.5625,0.027892109355327335,False
equal_calls,karatsuba,E2,Pareto-terms,25,1.0,48.5625,0.027892109355327335,False
equal_calls,karatsuba,E2,Pareto-terms,26,0.0,84.734375,0.02849547219766373,False
equal_calls,karatsuba,E2,Pareto-terms,26,0.01,72.34375,0.028621296410020213,False
equal_calls,karatsuba,E2,Pareto-terms,26,0.02,72.34375,0.028621296410020213,False
equal_calls,karatsuba,E2,Pareto-terms,26,0.05,48.5625,0.028336231628892816,False
equal_calls,karatsuba,E2,Pareto-terms,26,0.1,48.5625,0.028336231628892816,False
equal_calls,karatsuba,E2,Pareto-terms,26,0.2,48.5625,0.028336231628892816,False
equal_calls,karatsuba,E2,Pareto-terms,26,0.5,48.5625,0.028336231628892816,False
equal_calls,karatsuba,E2,Pareto-terms,26,1.0,48.5625,0.028336231628892816,False
equal_calls,karatsuba,E2,Pareto-terms,27,0.0,84.734375,0.027942879613123823,False
equal_calls,karatsuba,E2,Pareto-terms,27,0.01,84.734375,0.027942879613123823,False
equal_calls,karatsuba,E2,Pareto-terms,27,0.02,72.34375,0.02820045471325632,False
equal_calls,karatsuba,E2,Pareto-terms,27,0.05,48.5625,0.02833623162889277,False
equal_calls,karatsuba,E2,Pareto-terms,27,0.1,48.5625,0.02833623162889277,False
equal_calls,karatsuba,E2,Pareto-terms,27,0.2,48.5625,0.02833623162889277,False
equal_calls,karatsuba,E2,Pareto-terms,27,0.5,48.5625,0.02833623162889277,False
equal_calls,karatsuba,E2,Pareto-terms,27,1.0,48.5625,0.02833623162889277,False
equal_calls,karatsuba,E2,Pareto-terms,28,0.0,84.734375,0.027974296687295605,False
equal_calls,karatsuba,E2,Pareto-terms,28,0.01,84.734375,0.027974296687295605,False
equal_calls,karatsuba,E2,Pareto-terms,28,0.02,60.953125,0.028055878467765267,False
equal_calls,karatsuba,E2,Pareto-terms,28,0.05,48.5625,0.02833623162889278,False
equal_calls,karatsuba,E2,Pareto-terms,28,0.1,48.5625,0.02833623162889278,False
equal_calls,karatsuba,E2,Pareto-terms,28,0.2,48.5625,0.02833623162889278,False
equal_calls,karatsuba,E2,Pareto-terms,28,0.5,48.5625,0.02833623162889278,False
equal_calls,karatsuba,E2,Pareto-terms,28,1.0,48.5625,0.02833623162889278,False
equal_calls,karatsuba,E2,Pareto-terms,29,0.0,84.734375,0.027942879613123823,False
equal_calls,karatsuba,E2,Pareto-terms,29,0.01,72.34375,0.028621296410020206,False
equal_calls,karatsuba,E2,Pareto-terms,29,0.02,72.34375,0.028621296410020206,False
equal_calls,karatsuba,E2,Pareto-terms,29,0.05,48.5625,0.028336231628892802,False
equal_calls,karatsuba,E2,Pareto-terms,29,0.1,48.5625,0.028336231628892802,False
equal_calls,karatsuba,E2,Pareto-terms,29,0.2,48.5625,0.028336231628892802,False
equal_calls,karatsuba,E2,Pareto-terms,29,0.5,48.5625,0.028336231628892802,False
equal_calls,karatsuba,E2,Pareto-terms,29,1.0,48.5625,0.028336231628892802,False
equal_calls,karatsuba,E2,Pareto-nodes,0,0.0,84.734375,0.02860570960696864,False
equal_calls,karatsuba,E2,Pareto-nodes,0,0.01,73.34375,0.028071444914599866,False
equal_calls,karatsuba,E2,Pareto-nodes,0,0.02,73.34375,0.028071444914599866,False
equal_calls,karatsuba,E2,Pareto-nodes,0,0.05,73.34375,0.028071444914599866,False
equal_calls,karatsuba,E2,Pareto-nodes,0,0.1,73.34375,0.028071444914599866,False
equal_calls,karatsuba,E2,Pareto-nodes,0,0.2,48.5625,0.030866434753901533,False
equal_calls,karatsuba,E2,Pareto-nodes,0,0.5,48.5625,0.030866434753901533,False
equal_calls,karatsuba,E2,Pareto-nodes,0,1.0,48.5625,0.030866434753901533,False
equal_calls,karatsuba,E2,Pareto-nodes,1,0.0,84.734375,0.028605709606968573,False
equal_calls,karatsuba,E2,Pareto-nodes,1,0.01,73.34375,0.0280714449145998,False
equal_calls,karatsuba,E2,Pareto-nodes,1,0.02,73.34375,0.0280714449145998,False
equal_calls,karatsuba,E2,Pareto-nodes,1,0.05,73.34375,0.0280714449145998,False
equal_calls,karatsuba,E2,Pareto-nodes,1,0.1,73.34375,0.0280714449145998,False
equal_calls,karatsuba,E2,Pareto-nodes,1,0.2,60.953125,0.0292463627012747,True
equal_calls,karatsuba,E2,Pareto-nodes,1,0.5,48.5625,0.029409386519632905,True
equal_calls,karatsuba,E2,Pareto-nodes,1,1.0,48.5625,0.029409386519632905,True
equal_calls,karatsuba,E2,Pareto-nodes,2,0.0,84.734375,0.028626658785107305,False
equal_calls,karatsuba,E2,Pareto-nodes,2,0.01,73.34375,0.028016866688640733,False
equal_calls,karatsuba,E2,Pareto-nodes,2,0.02,73.34375,0.028016866688640733,False
equal_calls,karatsuba,E2,Pareto-nodes,2,0.05,73.34375,0.028016866688640733,False
equal_calls,karatsuba,E2,Pareto-nodes,2,0.1,73.34375,0.028016866688640733,False
equal_calls,karatsuba,E2,Pareto-nodes,2,0.2,60.953125,0.0292463627012746,True
equal_calls,karatsuba,E2,Pareto-nodes,2,0.5,48.5625,0.02940938651963273,True
equal_calls,karatsuba,E2,Pareto-nodes,2,1.0,48.5625,0.02940938651963273,True
equal_calls,karatsuba,E2,Pareto-nodes,3,0.0,107.515625,0.027909725489832945,False
equal_calls,karatsuba,E2,Pareto-nodes,3,0.01,73.34375,0.028071444914599883,False
equal_calls,karatsuba,E2,Pareto-nodes,3,0.02,73.34375,0.028071444914599883,False
equal_calls,karatsuba,E2,Pareto-nodes,3,0.05,73.34375,0.028071444914599883,False
equal_calls,karatsuba,E2,Pareto-nodes,3,0.1,73.34375,0.028071444914599883,False
equal_calls,karatsuba,E2,Pareto-nodes,3,0.2,48.5625,0.030866434753901516,False
equal_calls,karatsuba,E2,Pareto-nodes,3,0.5,48.5625,0.030866434753901516,False
equal_calls,karatsuba,E2,Pareto-nodes,3,1.0,48.5625,0.030866434753901516,False
equal_calls,karatsuba,E2,Pareto-nodes,4,0.0,84.734375,0.02795759788111758,False
equal_calls,karatsuba,E2,Pareto-nodes,4,0.01,73.34375,0.028071444914599827,False
equal_calls,karatsuba,E2,Pareto-nodes,4,0.02,73.34375,0.028071444914599827,False
equal_calls,karatsuba,E2,Pareto-nodes,4,0.05,73.34375,0.028071444914599827,False
equal_calls,karatsuba,E2,Pareto-nodes,4,0.1,73.34375,0.028071444914599827,False
equal_calls,karatsuba,E2,Pareto-nodes,4,0.2,48.5625,0.030866434753901256,False
equal_calls,karatsuba,E2,Pareto-nodes,4,0.5,48.5625,0.030866434753901256,False
equal_calls,karatsuba,E2,Pareto-nodes,4,1.0,48.5625,0.030866434753901256,False
equal_calls,karatsuba,E2,Pareto-nodes,5,0.0,84.734375,0.02801251242182585,False
equal_calls,karatsuba,E2,Pareto-nodes,5,0.01,73.34375,0.028071444914599918,False
equal_calls,karatsuba,E2,Pareto-nodes,5,0.02,73.34375,0.028071444914599918,False
equal_calls,karatsuba,E2,Pareto-nodes,5,0.05,73.34375,0.028071444914599918,False
equal_calls,karatsuba,E2,Pareto-nodes,5,0.1,73.34375,0.028071444914599918,False
equal_calls,karatsuba,E2,Pareto-nodes,5,0.2,48.5625,0.030866434753901346,False
equal_calls,karatsuba,E2,Pareto-nodes,5,0.5,48.5625,0.030866434753901346,False
equal_calls,karatsuba,E2,Pareto-nodes,5,1.0,48.5625,0.030866434753901346,False
equal_calls,karatsuba,E2,Pareto-nodes,6,0.0,84.734375,0.02802748001882844,False
equal_calls,karatsuba,E2,Pareto-nodes,6,0.01,73.34375,0.02810680335127587,False
equal_calls,karatsuba,E2,Pareto-nodes,6,0.02,73.34375,0.02810680335127587,False
equal_calls,karatsuba,E2,Pareto-nodes,6,0.05,73.34375,0.02810680335127587,False
equal_calls,karatsuba,E2,Pareto-nodes,6,0.1,73.34375,0.02810680335127587,False
equal_calls,karatsuba,E2,Pareto-nodes,6,0.2,48.5625,0.030866434753901266,False
equal_calls,karatsuba,E2,Pareto-nodes,6,0.5,48.5625,0.030866434753901266,False
equal_calls,karatsuba,E2,Pareto-nodes,6,1.0,48.5625,0.030866434753901266,False
equal_calls,karatsuba,E2,Pareto-nodes,7,0.0,84.734375,0.028527888592509112,False
equal_calls,karatsuba,E2,Pareto-nodes,7,0.01,84.734375,0.028527888592509112,False
equal_calls,karatsuba,E2,Pareto-nodes,7,0.02,73.34375,0.02801130180517587,False
equal_calls,karatsuba,E2,Pareto-nodes,7,0.05,73.34375,0.02801130180517587,False
equal_calls,karatsuba,E2,Pareto-nodes,7,0.1,73.34375,0.02801130180517587,False
equal_calls,karatsuba,E2,Pareto-nodes,7,0.2,48.5625,0.03086643475390108,False
equal_calls,karatsuba,E2,Pareto-nodes,7,0.5,48.5625,0.03086643475390108,False
equal_calls,karatsuba,E2,Pareto-nodes,7,1.0,48.5625,0.03086643475390108,False
equal_calls,karatsuba,E2,Pareto-nodes,8,0.0,84.734375,0.028544126204016793,False
equal_calls,karatsuba,E2,Pareto-nodes,8,0.01,84.734375,0.028544126204016793,False
equal_calls,karatsuba,E2,Pareto-nodes,8,0.02,73.34375,0.02813210947687806,False
equal_calls,karatsuba,E2,Pareto-nodes,8,0.05,73.34375,0.02813210947687806,False
equal_calls,karatsuba,E2,Pareto-nodes,8,0.1,73.34375,0.02813210947687806,False
equal_calls,karatsuba,E2,Pareto-nodes,8,0.2,48.5625,0.030866434753901346,False
equal_calls,karatsuba,E2,Pareto-nodes,8,0.5,48.5625,0.030866434753901346,False
equal_calls,karatsuba,E2,Pareto-nodes,8,1.0,48.5625,0.030866434753901346,False
equal_calls,karatsuba,E2,Pareto-nodes,9,0.0,84.734375,0.02862665878510729,False
equal_calls,karatsuba,E2,Pareto-nodes,9,0.01,73.34375,0.028071444914599786,False
equal_calls,karatsuba,E2,Pareto-nodes,9,0.02,73.34375,0.028071444914599786,False
equal_calls,karatsuba,E2,Pareto-nodes,9,0.05,73.34375,0.028071444914599786,False
equal_calls,karatsuba,E2,Pareto-nodes,9,0.1,73.34375,0.028071444914599786,False
equal_calls,karatsuba,E2,Pareto-nodes,9,0.2,48.5625,0.030866434753901585,False
equal_calls,karatsuba,E2,Pareto-nodes,9,0.5,48.5625,0.030866434753901585,False
equal_calls,karatsuba,E2,Pareto-nodes,9,1.0,48.5625,0.030866434753901585,False
equal_calls,karatsuba,E2,Pareto-nodes,10,0.0,84.734375,0.028051303057781928,False
equal_calls,karatsuba,E2,Pareto-nodes,10,0.01,73.34375,0.02807144491459992,False
equal_calls,karatsuba,E2,Pareto-nodes,10,0.02,73.34375,0.02807144491459992,False
equal_calls,karatsuba,E2,Pareto-nodes,10,0.05,73.34375,0.02807144491459992,False
equal_calls,karatsuba,E2,Pareto-nodes,10,0.1,73.34375,0.02807144491459992,False
equal_calls,karatsuba,E2,Pareto-nodes,10,0.2,48.5625,0.03086643475390167,False
equal_calls,karatsuba,E2,Pareto-nodes,10,0.5,48.5625,0.03086643475390167,False
equal_calls,karatsuba,E2,Pareto-nodes,10,1.0,48.5625,0.03086643475390167,False
equal_calls,karatsuba,E2,Pareto-nodes,11,0.0,84.734375,0.02797837913690606,False
equal_calls,karatsuba,E2,Pareto-nodes,11,0.01,73.34375,0.02801686668864068,False
equal_calls,karatsuba,E2,Pareto-nodes,11,0.02,73.34375,0.02801686668864068,False
equal_calls,karatsuba,E2,Pareto-nodes,11,0.05,73.34375,0.02801686668864068,False
equal_calls,karatsuba,E2,Pareto-nodes,11,0.1,73.34375,0.02801686668864068,False
equal_calls,karatsuba,E2,Pareto-nodes,11,0.2,48.5625,0.03086643475390146,False
equal_calls,karatsuba,E2,Pareto-nodes,11,0.5,48.5625,0.03086643475390146,False
equal_calls,karatsuba,E2,Pareto-nodes,11,1.0,48.5625,0.03086643475390146,False
equal_calls,karatsuba,E2,Pareto-nodes,12,0.0,84.734375,0.027974296687295605,False
equal_calls,karatsuba,E2,Pareto-nodes,12,0.01,73.34375,0.02807144491459992,False
equal_calls,karatsuba,E2,Pareto-nodes,12,0.02,73.34375,0.02807144491459992,False
equal_calls,karatsuba,E2,Pareto-nodes,12,0.05,73.34375,0.02807144491459992,False
equal_calls,karatsuba,E2,Pareto-nodes,12,0.1,73.34375,0.02807144491459992,False
equal_calls,karatsuba,E2,Pareto-nodes,12,0.2,48.5625,0.03086643475390154,False
equal_calls,karatsuba,E2,Pareto-nodes,12,0.5,48.5625,0.03086643475390154,False
equal_calls,karatsuba,E2,Pareto-nodes,12,1.0,48.5625,0.03086643475390154,False
equal_calls,karatsuba,E2,Pareto-nodes,13,0.0,84.734375,0.0280513030577819,False
equal_calls,karatsuba,E2,Pareto-nodes,13,0.01,73.34375,0.028016866688640736,False
equal_calls,karatsuba,E2,Pareto-nodes,13,0.02,73.34375,0.028016866688640736,False
equal_calls,karatsuba,E2,Pareto-nodes,13,0.05,73.34375,0.028016866688640736,False
equal_calls,karatsuba,E2,Pareto-nodes,13,0.1,73.34375,0.028016866688640736,False
equal_calls,karatsuba,E2,Pareto-nodes,13,0.2,60.953125,0.029246362701274693,True
equal_calls,karatsuba,E2,Pareto-nodes,13,0.5,48.5625,0.029409386519632822,True
equal_calls,karatsuba,E2,Pareto-nodes,13,1.0,48.5625,0.029409386519632822,True
equal_calls,karatsuba,E2,Pareto-nodes,14,0.0,73.34375,0.02810680335127587,False
equal_calls,karatsuba,E2,Pareto-nodes,14,0.01,73.34375,0.02810680335127587,False
equal_calls,karatsuba,E2,Pareto-nodes,14,0.02,73.34375,0.02810680335127587,False
equal_calls,karatsuba,E2,Pareto-nodes,14,0.05,73.34375,0.02810680335127587,False
equal_calls,karatsuba,E2,Pareto-nodes,14,0.1,73.34375,0.02810680335127587,False
equal_calls,karatsuba,E2,Pareto-nodes,14,0.2,48.5625,0.030866434753901335,False
equal_calls,karatsuba,E2,Pareto-nodes,14,0.5,48.5625,0.030866434753901335,False
equal_calls,karatsuba,E2,Pareto-nodes,14,1.0,48.5625,0.030866434753901335,False
equal_calls,karatsuba,E2,Pareto-nodes,15,0.0,84.734375,0.027957597881117558,False
equal_calls,karatsuba,E2,Pareto-nodes,15,0.01,73.34375,0.028071444914599838,False
equal_calls,karatsuba,E2,Pareto-nodes,15,0.02,73.34375,0.028071444914599838,False
equal_calls,karatsuba,E2,Pareto-nodes,15,0.05,73.34375,0.028071444914599838,False
equal_calls,karatsuba,E2,Pareto-nodes,15,0.1,73.34375,0.028071444914599838,False
equal_calls,karatsuba,E2,Pareto-nodes,15,0.2,48.5625,0.030866434753901335,False
equal_calls,karatsuba,E2,Pareto-nodes,15,0.5,48.5625,0.030866434753901335,False
equal_calls,karatsuba,E2,Pareto-nodes,15,1.0,48.5625,0.030866434753901335,False
equal_calls,karatsuba,E2,Pareto-nodes,16,0.0,84.734375,0.027942523048818925,False
equal_calls,karatsuba,E2,Pareto-nodes,16,0.01,73.34375,0.028106803351275748,False
equal_calls,karatsuba,E2,Pareto-nodes,16,0.02,73.34375,0.028106803351275748,False
equal_calls,karatsuba,E2,Pareto-nodes,16,0.05,73.34375,0.028106803351275748,False
equal_calls,karatsuba,E2,Pareto-nodes,16,0.1,73.34375,0.028106803351275748,False
equal_calls,karatsuba,E2,Pareto-nodes,16,0.2,48.5625,0.030866434753901422,False
equal_calls,karatsuba,E2,Pareto-nodes,16,0.5,48.5625,0.030866434753901422,False
equal_calls,karatsuba,E2,Pareto-nodes,16,1.0,48.5625,0.030866434753901422,False
equal_calls,karatsuba,E2,Pareto-nodes,17,0.0,84.734375,0.028838869214329998,False
equal_calls,karatsuba,E2,Pareto-nodes,17,0.01,73.34375,0.028071444914599838,False
equal_calls,karatsuba,E2,Pareto-nodes,17,0.02,73.34375,0.028071444914599838,False
equal_calls,karatsuba,E2,Pareto-nodes,17,0.05,73.34375,0.028071444914599838,False
equal_calls,karatsuba,E2,Pareto-nodes,17,0.1,73.34375,0.028071444914599838,False
equal_calls,karatsuba,E2,Pareto-nodes,17,0.2,48.5625,0.030866434753901415,False
equal_calls,karatsuba,E2,Pareto-nodes,17,0.5,48.5625,0.030866434753901415,False
equal_calls,karatsuba,E2,Pareto-nodes,17,1.0,48.5625,0.030866434753901415,False
equal_calls,karatsuba,E2,Pareto-nodes,18,0.0,84.734375,0.02843904574231668,False
equal_calls,karatsuba,E2,Pareto-nodes,18,0.01,73.34375,0.02810680335127582,False
equal_calls,karatsuba,E2,Pareto-nodes,18,0.02,73.34375,0.02810680335127582,False
equal_calls,karatsuba,E2,Pareto-nodes,18,0.05,73.34375,0.02810680335127582,False
equal_calls,karatsuba,E2,Pareto-nodes,18,0.1,73.34375,0.02810680335127582,False
equal_calls,karatsuba,E2,Pareto-nodes,18,0.2,48.5625,0.03086643475390145,False
equal_calls,karatsuba,E2,Pareto-nodes,18,0.5,48.5625,0.03086643475390145,False
equal_calls,karatsuba,E2,Pareto-nodes,18,1.0,48.5625,0.03086643475390145,False
equal_calls,karatsuba,E2,Pareto-nodes,19,0.0,84.734375,0.028051303057781914,False
equal_calls,karatsuba,E2,Pareto-nodes,19,0.01,73.34375,0.028071444914599866,False
equal_calls,karatsuba,E2,Pareto-nodes,19,0.02,73.34375,0.028071444914599866,False
equal_calls,karatsuba,E2,Pareto-nodes,19,0.05,73.34375,0.028071444914599866,False
equal_calls,karatsuba,E2,Pareto-nodes,19,0.1,73.34375,0.028071444914599866,False
equal_calls,karatsuba,E2,Pareto-nodes,19,0.2,48.5625,0.030866434753901245,False
equal_calls,karatsuba,E2,Pareto-nodes,19,0.5,48.5625,0.030866434753901245,False
equal_calls,karatsuba,E2,Pareto-nodes,19,1.0,48.5625,0.030866434753901245,False
equal_calls,karatsuba,E2,Pareto-nodes,20,0.0,84.734375,0.028439045742316697,False
equal_calls,karatsuba,E2,Pareto-nodes,20,0.01,73.34375,0.028071444914599876,False
equal_calls,karatsuba,E2,Pareto-nodes,20,0.02,73.34375,0.028071444914599876,False
equal_calls,karatsuba,E2,Pareto-nodes,20,0.05,73.34375,0.028071444914599876,False
equal_calls,karatsuba,E2,Pareto-nodes,20,0.1,73.34375,0.028071444914599876,False
equal_calls,karatsuba,E2,Pareto-nodes,20,0.2,48.5625,0.030866434753901054,False
equal_calls,karatsuba,E2,Pareto-nodes,20,0.5,48.5625,0.030866434753901054,False
equal_calls,karatsuba,E2,Pareto-nodes,20,1.0,48.5625,0.030866434753901054,False
equal_calls,karatsuba,E2,Pareto-nodes,21,0.0,84.734375,0.02852816497821746,False
equal_calls,karatsuba,E2,Pareto-nodes,21,0.01,73.34375,0.028071444914599838,False
equal_calls,karatsuba,E2,Pareto-nodes,21,0.02,73.34375,0.028071444914599838,False
equal_calls,karatsuba,E2,Pareto-nodes,21,0.05,73.34375,0.028071444914599838,False
equal_calls,karatsuba,E2,Pareto-nodes,21,0.1,73.34375,0.028071444914599838,False
equal_calls,karatsuba,E2,Pareto-nodes,21,0.2,48.5625,0.030866434753901415,False
equal_calls,karatsuba,E2,Pareto-nodes,21,0.5,48.5625,0.030866434753901415,False
equal_calls,karatsuba,E2,Pareto-nodes,21,1.0,48.5625,0.030866434753901415,False
equal_calls,karatsuba,E2,Pareto-nodes,22,0.0,84.734375,0.02858956743689083,False
equal_calls,karatsuba,E2,Pareto-nodes,22,0.01,73.34375,0.02807144491459992,False
equal_calls,karatsuba,E2,Pareto-nodes,22,0.02,73.34375,0.02807144491459992,False
equal_calls,karatsuba,E2,Pareto-nodes,22,0.05,73.34375,0.02807144491459992,False
equal_calls,karatsuba,E2,Pareto-nodes,22,0.1,73.34375,0.02807144491459992,False
equal_calls,karatsuba,E2,Pareto-nodes,22,0.2,48.5625,0.030866434753901512,False
equal_calls,karatsuba,E2,Pareto-nodes,22,0.5,48.5625,0.030866434753901512,False
equal_calls,karatsuba,E2,Pareto-nodes,22,1.0,48.5625,0.030866434753901512,False
equal_calls,karatsuba,E2,Pareto-nodes,23,0.0,84.734375,0.028528164978217425,False
equal_calls,karatsuba,E2,Pareto-nodes,23,0.01,73.34375,0.028071444914599848,False
equal_calls,karatsuba,E2,Pareto-nodes,23,0.02,73.34375,0.028071444914599848,False
equal_calls,karatsuba,E2,Pareto-nodes,23,0.05,73.34375,0.028071444914599848,False
equal_calls,karatsuba,E2,Pareto-nodes,23,0.1,73.34375,0.028071444914599848,False
equal_calls,karatsuba,E2,Pareto-nodes,23,0.2,48.5625,0.030866434753901474,False
equal_calls,karatsuba,E2,Pareto-nodes,23,0.5,48.5625,0.030866434753901474,False
equal_calls,karatsuba,E2,Pareto-nodes,23,1.0,48.5625,0.030866434753901474,False
equal_calls,karatsuba,E2,Pareto-nodes,24,0.0,84.734375,0.028626658785107284,False
equal_calls,karatsuba,E2,Pareto-nodes,24,0.01,73.34375,0.028071444914599772,False
equal_calls,karatsuba,E2,Pareto-nodes,24,0.02,73.34375,0.028071444914599772,False
equal_calls,karatsuba,E2,Pareto-nodes,24,0.05,73.34375,0.028071444914599772,False
equal_calls,karatsuba,E2,Pareto-nodes,24,0.1,73.34375,0.028071444914599772,False
equal_calls,karatsuba,E2,Pareto-nodes,24,0.2,48.5625,0.03086643475390139,False
equal_calls,karatsuba,E2,Pareto-nodes,24,0.5,48.5625,0.03086643475390139,False
equal_calls,karatsuba,E2,Pareto-nodes,24,1.0,48.5625,0.03086643475390139,False
equal_calls,karatsuba,E2,Pareto-nodes,25,0.0,84.734375,0.027967147529334418,False
equal_calls,karatsuba,E2,Pareto-nodes,25,0.01,73.34375,0.028022555635036566,False
equal_calls,karatsuba,E2,Pareto-nodes,25,0.02,60.953125,0.02815047371190434,False
equal_calls,karatsuba,E2,Pareto-nodes,25,0.05,60.953125,0.02815047371190434,False
equal_calls,karatsuba,E2,Pareto-nodes,25,0.1,60.953125,0.02815047371190434,False
equal_calls,karatsuba,E2,Pareto-nodes,25,0.2,60.953125,0.02815047371190434,False
equal_calls,karatsuba,E2,Pareto-nodes,25,0.5,48.5625,0.02940938651963293,True
equal_calls,karatsuba,E2,Pareto-nodes,25,1.0,48.5625,0.02940938651963293,True
equal_calls,karatsuba,E2,Pareto-nodes,26,0.0,84.734375,0.02800786858976944,False
equal_calls,karatsuba,E2,Pareto-nodes,26,0.01,73.34375,0.028071444914599907,False
equal_calls,karatsuba,E2,Pareto-nodes,26,0.02,73.34375,0.028071444914599907,False
equal_calls,karatsuba,E2,Pareto-nodes,26,0.05,73.34375,0.028071444914599907,False
equal_calls,karatsuba,E2,Pareto-nodes,26,0.1,73.34375,0.028071444914599907,False
equal_calls,karatsuba,E2,Pareto-nodes,26,0.2,48.5625,0.030866434753901408,False
equal_calls,karatsuba,E2,Pareto-nodes,26,0.5,48.5625,0.030866434753901408,False
equal_calls,karatsuba,E2,Pareto-nodes,26,1.0,48.5625,0.030866434753901408,False
equal_calls,karatsuba,E2,Pareto-nodes,27,0.0,84.734375,0.028527888592509088,False
equal_calls,karatsuba,E2,Pareto-nodes,27,0.01,73.34375,0.028071444914599904,False
equal_calls,karatsuba,E2,Pareto-nodes,27,0.02,73.34375,0.028071444914599904,False
equal_calls,karatsuba,E2,Pareto-nodes,27,0.05,73.34375,0.028071444914599904,False
equal_calls,karatsuba,E2,Pareto-nodes,27,0.1,73.34375,0.028071444914599904,False
equal_calls,karatsuba,E2,Pareto-nodes,27,0.2,48.5625,0.03086643475390108,False
equal_calls,karatsuba,E2,Pareto-nodes,27,0.5,48.5625,0.03086643475390108,False
equal_calls,karatsuba,E2,Pareto-nodes,27,1.0,48.5625,0.03086643475390108,False
equal_calls,karatsuba,E2,Pareto-nodes,28,0.0,84.734375,0.027942879613123753,False
equal_calls,karatsuba,E2,Pareto-nodes,28,0.01,73.34375,0.028071444914599796,False
equal_calls,karatsuba,E2,Pareto-nodes,28,0.02,73.34375,0.028071444914599796,False
equal_calls,karatsuba,E2,Pareto-nodes,28,0.05,73.34375,0.028071444914599796,False
equal_calls,karatsuba,E2,Pareto-nodes,28,0.1,73.34375,0.028071444914599796,False
equal_calls,karatsuba,E2,Pareto-nodes,28,0.2,48.5625,0.030866434753901415,False
equal_calls,karatsuba,E2,Pareto-nodes,28,0.5,48.5625,0.030866434753901415,False
equal_calls,karatsuba,E2,Pareto-nodes,28,1.0,48.5625,0.030866434753901415,False
equal_calls,karatsuba,E2,Pareto-nodes,29,0.0,84.734375,0.028605709606968694,False
equal_calls,karatsuba,E2,Pareto-nodes,29,0.01,73.34375,0.02807144491459988,False
equal_calls,karatsuba,E2,Pareto-nodes,29,0.02,73.34375,0.02807144491459988,False
equal_calls,karatsuba,E2,Pareto-nodes,29,0.05,73.34375,0.02807144491459988,False
equal_calls,karatsuba,E2,Pareto-nodes,29,0.1,73.34375,0.02807144491459988,False
equal_calls,karatsuba,E2,Pareto-nodes,29,0.2,48.5625,0.030866434753901464,False
equal_calls,karatsuba,E2,Pareto-nodes,29,0.5,48.5625,0.030866434753901464,False
equal_calls,karatsuba,E2,Pareto-nodes,29,1.0,48.5625,0.030866434753901464,False
equal_calls,karatsuba,E3,SO,0,0.0,133.296875,1.4201369254348997,False
equal_calls,karatsuba,E3,SO,0,0.01,133.296875,1.4201369254348997,False
equal_calls,karatsuba,E3,SO,0,0.02,133.296875,1.4201369254348997,False
equal_calls,karatsuba,E3,SO,0,0.05,133.296875,1.4201369254348997,False
equal_calls,karatsuba,E3,SO,0,0.1,133.296875,1.4201369254348997,False
equal_calls,karatsuba,E3,SO,0,0.2,133.296875,1.4201369254348997,False
equal_calls,karatsuba,E3,SO,0,0.5,133.296875,1.4201369254348997,False
equal_calls,karatsuba,E3,SO,0,1.0,133.296875,1.4201369254348997,False
equal_calls,karatsuba,E3,SO,1,0.0,109.515625,1.3685669607668864,False
equal_calls,karatsuba,E3,SO,1,0.01,109.515625,1.3685669607668864,False
equal_calls,karatsuba,E3,SO,1,0.02,109.515625,1.3685669607668864,False
equal_calls,karatsuba,E3,SO,1,0.05,109.515625,1.3685669607668864,False
equal_calls,karatsuba,E3,SO,1,0.1,109.515625,1.3685669607668864,False
equal_calls,karatsuba,E3,SO,1,0.2,109.515625,1.3685669607668864,False
equal_calls,karatsuba,E3,SO,1,0.5,109.515625,1.3685669607668864,False
equal_calls,karatsuba,E3,SO,1,1.0,109.515625,1.3685669607668864,False
equal_calls,karatsuba,E3,SO,2,0.0,133.296875,1.2522088427975897,False
equal_calls,karatsuba,E3,SO,2,0.01,133.296875,1.2522088427975897,False
equal_calls,karatsuba,E3,SO,2,0.02,133.296875,1.2522088427975897,False
equal_calls,karatsuba,E3,SO,2,0.05,133.296875,1.2522088427975897,False
equal_calls,karatsuba,E3,SO,2,0.1,133.296875,1.2522088427975897,False
equal_calls,karatsuba,E3,SO,2,0.2,133.296875,1.2522088427975897,False
equal_calls,karatsuba,E3,SO,2,0.5,133.296875,1.2522088427975897,False
equal_calls,karatsuba,E3,SO,2,1.0,133.296875,1.2522088427975897,False
equal_calls,karatsuba,E3,SO,3,0.0,121.90625,1.3937274818636392,False
equal_calls,karatsuba,E3,SO,3,0.01,121.90625,1.3937274818636392,False
equal_calls,karatsuba,E3,SO,3,0.02,121.90625,1.3937274818636392,False
equal_calls,karatsuba,E3,SO,3,0.05,121.90625,1.3937274818636392,False
equal_calls,karatsuba,E3,SO,3,0.1,121.90625,1.3937274818636392,False
equal_calls,karatsuba,E3,SO,3,0.2,121.90625,1.3937274818636392,False
equal_calls,karatsuba,E3,SO,3,0.5,121.90625,1.3937274818636392,False
equal_calls,karatsuba,E3,SO,3,1.0,121.90625,1.3937274818636392,False
equal_calls,karatsuba,E3,SO,4,0.0,121.90625,1.3847582396988163,False
equal_calls,karatsuba,E3,SO,4,0.01,121.90625,1.3847582396988163,False
equal_calls,karatsuba,E3,SO,4,0.02,121.90625,1.3847582396988163,False
equal_calls,karatsuba,E3,SO,4,0.05,121.90625,1.3847582396988163,False
equal_calls,karatsuba,E3,SO,4,0.1,121.90625,1.3847582396988163,False
equal_calls,karatsuba,E3,SO,4,0.2,121.90625,1.3847582396988163,False
equal_calls,karatsuba,E3,SO,4,0.5,121.90625,1.3847582396988163,False
equal_calls,karatsuba,E3,SO,4,1.0,121.90625,1.3847582396988163,False
equal_calls,karatsuba,E3,SO,5,0.0,121.90625,1.318735813192184,False
equal_calls,karatsuba,E3,SO,5,0.01,121.90625,1.318735813192184,False
equal_calls,karatsuba,E3,SO,5,0.02,121.90625,1.318735813192184,False
equal_calls,karatsuba,E3,SO,5,0.05,121.90625,1.318735813192184,False
equal_calls,karatsuba,E3,SO,5,0.1,121.90625,1.318735813192184,False
equal_calls,karatsuba,E3,SO,5,0.2,121.90625,1.318735813192184,False
equal_calls,karatsuba,E3,SO,5,0.5,121.90625,1.318735813192184,False
equal_calls,karatsuba,E3,SO,5,1.0,121.90625,1.318735813192184,False
equal_calls,karatsuba,E3,SO,6,0.0,133.296875,1.503138715081509,False
equal_calls,karatsuba,E3,SO,6,0.01,133.296875,1.503138715081509,False
equal_calls,karatsuba,E3,SO,6,0.02,133.296875,1.503138715081509,False
equal_calls,karatsuba,E3,SO,6,0.05,133.296875,1.503138715081509,False
equal_calls,karatsuba,E3,SO,6,0.1,133.296875,1.503138715081509,False
equal_calls,karatsuba,E3,SO,6,0.2,133.296875,1.503138715081509,False
equal_calls,karatsuba,E3,SO,6,0.5,133.296875,1.503138715081509,False
equal_calls,karatsuba,E3,SO,6,1.0,133.296875,1.503138715081509,False
equal_calls,karatsuba,E3,SO,7,0.0,144.6875,1.1706935881100962,False
equal_calls,karatsuba,E3,SO,7,0.01,144.6875,1.1706935881100962,False
equal_calls,karatsuba,E3,SO,7,0.02,144.6875,1.1706935881100962,False
equal_calls,karatsuba,E3,SO,7,0.05,144.6875,1.1706935881100962,False
equal_calls,karatsuba,E3,SO,7,0.1,144.6875,1.1706935881100962,False
equal_calls,karatsuba,E3,SO,7,0.2,144.6875,1.1706935881100962,False
equal_calls,karatsuba,E3,SO,7,0.5,144.6875,1.1706935881100962,False
equal_calls,karatsuba,E3,SO,7,1.0,144.6875,1.1706935881100962,False
equal_calls,karatsuba,E3,SO,8,0.0,109.515625,1.4670512654674763,False
equal_calls,karatsuba,E3,SO,8,0.01,109.515625,1.4670512654674763,False
equal_calls,karatsuba,E3,SO,8,0.02,109.515625,1.4670512654674763,False
equal_calls,karatsuba,E3,SO,8,0.05,109.515625,1.4670512654674763,False
equal_calls,karatsuba,E3,SO,8,0.1,109.515625,1.4670512654674763,False
equal_calls,karatsuba,E3,SO,8,0.2,109.515625,1.4670512654674763,False
equal_calls,karatsuba,E3,SO,8,0.5,109.515625,1.4670512654674763,False
equal_calls,karatsuba,E3,SO,8,1.0,109.515625,1.4670512654674763,False
equal_calls,karatsuba,E3,SO,9,0.0,144.6875,1.300967457472379,False
equal_calls,karatsuba,E3,SO,9,0.01,144.6875,1.300967457472379,False
equal_calls,karatsuba,E3,SO,9,0.02,144.6875,1.300967457472379,False
equal_calls,karatsuba,E3,SO,9,0.05,144.6875,1.300967457472379,False
equal_calls,karatsuba,E3,SO,9,0.1,144.6875,1.300967457472379,False
equal_calls,karatsuba,E3,SO,9,0.2,144.6875,1.300967457472379,False
equal_calls,karatsuba,E3,SO,9,0.5,144.6875,1.300967457472379,False
equal_calls,karatsuba,E3,SO,9,1.0,144.6875,1.300967457472379,False
equal_calls,karatsuba,E3,SO,10,0.0,201.640625,0.5117397039527375,False
equal_calls,karatsuba,E3,SO,10,0.01,201.640625,0.5117397039527375,False
equal_calls,karatsuba,E3,SO,10,0.02,201.640625,0.5117397039527375,False
equal_calls,karatsuba,E3,SO,10,0.05,201.640625,0.5117397039527375,False
equal_calls,karatsuba,E3,SO,10,0.1,201.640625,0.5117397039527375,False
equal_calls,karatsuba,E3,SO,10,0.2,201.640625,0.5117397039527375,False
equal_calls,karatsuba,E3,SO,10,0.5,201.640625,0.5117397039527375,False
equal_calls,karatsuba,E3,SO,10,1.0,201.640625,0.5117397039527375,False
equal_calls,karatsuba,E3,SO,11,0.0,190.25,0.15936494644949042,False
equal_calls,karatsuba,E3,SO,11,0.01,190.25,0.15936494644949042,False
equal_calls,karatsuba,E3,SO,11,0.02,190.25,0.15936494644949042,False
equal_calls,karatsuba,E3,SO,11,0.05,190.25,0.15936494644949042,False
equal_calls,karatsuba,E3,SO,11,0.1,190.25,0.15936494644949042,False
equal_calls,karatsuba,E3,SO,11,0.2,190.25,0.15936494644949042,False
equal_calls,karatsuba,E3,SO,11,0.5,190.25,0.15936494644949042,False
equal_calls,karatsuba,E3,SO,11,1.0,190.25,0.15936494644949042,False
equal_calls,karatsuba,E3,SO,12,0.0,121.90625,1.413237231933367,False
equal_calls,karatsuba,E3,SO,12,0.01,121.90625,1.413237231933367,False
equal_calls,karatsuba,E3,SO,12,0.02,121.90625,1.413237231933367,False
equal_calls,karatsuba,E3,SO,12,0.05,121.90625,1.413237231933367,False
equal_calls,karatsuba,E3,SO,12,0.1,121.90625,1.413237231933367,False
equal_calls,karatsuba,E3,SO,12,0.2,121.90625,1.413237231933367,False
equal_calls,karatsuba,E3,SO,12,0.5,121.90625,1.413237231933367,False
equal_calls,karatsuba,E3,SO,12,1.0,121.90625,1.413237231933367,False
equal_calls,karatsuba,E3,SO,13,0.0,133.296875,1.4978106212189835,False
equal_calls,karatsuba,E3,SO,13,0.01,133.296875,1.4978106212189835,False
equal_calls,karatsuba,E3,SO,13,0.02,133.296875,1.4978106212189835,False
equal_calls,karatsuba,E3,SO,13,0.05,133.296875,1.4978106212189835,False
equal_calls,karatsuba,E3,SO,13,0.1,133.296875,1.4978106212189835,False
equal_calls,karatsuba,E3,SO,13,0.2,133.296875,1.4978106212189835,False
equal_calls,karatsuba,E3,SO,13,0.5,133.296875,1.4978106212189835,False
equal_calls,karatsuba,E3,SO,13,1.0,133.296875,1.4978106212189835,False
equal_calls,karatsuba,E3,SO,14,0.0,86.734375,1.424536414312042,False
equal_calls,karatsuba,E3,SO,14,0.01,86.734375,1.424536414312042,False
equal_calls,karatsuba,E3,SO,14,0.02,86.734375,1.424536414312042,False
equal_calls,karatsuba,E3,SO,14,0.05,86.734375,1.424536414312042,False
equal_calls,karatsuba,E3,SO,14,0.1,86.734375,1.424536414312042,False
equal_calls,karatsuba,E3,SO,14,0.2,86.734375,1.424536414312042,False
equal_calls,karatsuba,E3,SO,14,0.5,86.734375,1.424536414312042,False
equal_calls,karatsuba,E3,SO,14,1.0,86.734375,1.424536414312042,False
equal_calls,karatsuba,E3,SO,15,0.0,144.6875,1.0777152814237663,False
equal_calls,karatsuba,E3,SO,15,0.01,144.6875,1.0777152814237663,False
equal_calls,karatsuba,E3,SO,15,0.02,144.6875,1.0777152814237663,False
equal_calls,karatsuba,E3,SO,15,0.05,144.6875,1.0777152814237663,False
equal_calls,karatsuba,E3,SO,15,0.1,144.6875,1.0777152814237663,False
equal_calls,karatsuba,E3,SO,15,0.2,144.6875,1.0777152814237663,False
equal_calls,karatsuba,E3,SO,15,0.5,144.6875,1.0777152814237663,False
equal_calls,karatsuba,E3,SO,15,1.0,144.6875,1.0777152814237663,False
equal_calls,karatsuba,E3,SO,16,0.0,109.515625,1.3737644606081234,False
equal_calls,karatsuba,E3,SO,16,0.01,109.515625,1.3737644606081234,False
equal_calls,karatsuba,E3,SO,16,0.02,109.515625,1.3737644606081234,False
equal_calls,karatsuba,E3,SO,16,0.05,109.515625,1.3737644606081234,False
equal_calls,karatsuba,E3,SO,16,0.1,109.515625,1.3737644606081234,False
equal_calls,karatsuba,E3,SO,16,0.2,109.515625,1.3737644606081234,False
equal_calls,karatsuba,E3,SO,16,0.5,109.515625,1.3737644606081234,False
equal_calls,karatsuba,E3,SO,16,1.0,109.515625,1.3737644606081234,False
equal_calls,karatsuba,E3,SO,17,0.0,121.90625,1.4132372314242998,False
equal_calls,karatsuba,E3,SO,17,0.01,121.90625,1.4132372314242998,False
equal_calls,karatsuba,E3,SO,17,0.02,121.90625,1.4132372314242998,False
equal_calls,karatsuba,E3,SO,17,0.05,121.90625,1.4132372314242998,False
equal_calls,karatsuba,E3,SO,17,0.1,121.90625,1.4132372314242998,False
equal_calls,karatsuba,E3,SO,17,0.2,121.90625,1.4132372314242998,False
equal_calls,karatsuba,E3,SO,17,0.5,121.90625,1.4132372314242998,False
equal_calls,karatsuba,E3,SO,17,1.0,121.90625,1.4132372314242998,False
equal_calls,karatsuba,E3,SO,18,0.0,109.515625,1.474250042250113,False
equal_calls,karatsuba,E3,SO,18,0.01,109.515625,1.474250042250113,False
equal_calls,karatsuba,E3,SO,18,0.02,109.515625,1.474250042250113,False
equal_calls,karatsuba,E3,SO,18,0.05,109.515625,1.474250042250113,False
equal_calls,karatsuba,E3,SO,18,0.1,109.515625,1.474250042250113,False
equal_calls,karatsuba,E3,SO,18,0.2,109.515625,1.474250042250113,False
equal_calls,karatsuba,E3,SO,18,0.5,109.515625,1.474250042250113,False
equal_calls,karatsuba,E3,SO,18,1.0,109.515625,1.474250042250113,False
equal_calls,karatsuba,E3,SO,19,0.0,133.296875,1.506652679879836,False
equal_calls,karatsuba,E3,SO,19,0.01,133.296875,1.506652679879836,False
equal_calls,karatsuba,E3,SO,19,0.02,133.296875,1.506652679879836,False
equal_calls,karatsuba,E3,SO,19,0.05,133.296875,1.506652679879836,False
equal_calls,karatsuba,E3,SO,19,0.1,133.296875,1.506652679879836,False
equal_calls,karatsuba,E3,SO,19,0.2,133.296875,1.506652679879836,False
equal_calls,karatsuba,E3,SO,19,0.5,133.296875,1.506652679879836,False
equal_calls,karatsuba,E3,SO,19,1.0,133.296875,1.506652679879836,False
equal_calls,karatsuba,E3,SO,20,0.0,109.515625,1.3814531183213783,False
equal_calls,karatsuba,E3,SO,20,0.01,109.515625,1.3814531183213783,False
equal_calls,karatsuba,E3,SO,20,0.02,109.515625,1.3814531183213783,False
equal_calls,karatsuba,E3,SO,20,0.05,109.515625,1.3814531183213783,False
equal_calls,karatsuba,E3,SO,20,0.1,109.515625,1.3814531183213783,False
equal_calls,karatsuba,E3,SO,20,0.2,109.515625,1.3814531183213783,False
equal_calls,karatsuba,E3,SO,20,0.5,109.515625,1.3814531183213783,False
equal_calls,karatsuba,E3,SO,20,1.0,109.515625,1.3814531183213783,False
equal_calls,karatsuba,E3,SO,21,0.0,144.6875,1.1192204615298393,False
equal_calls,karatsuba,E3,SO,21,0.01,144.6875,1.1192204615298393,False
equal_calls,karatsuba,E3,SO,21,0.02,144.6875,1.1192204615298393,False
equal_calls,karatsuba,E3,SO,21,0.05,144.6875,1.1192204615298393,False
equal_calls,karatsuba,E3,SO,21,0.1,144.6875,1.1192204615298393,False
equal_calls,karatsuba,E3,SO,21,0.2,144.6875,1.1192204615298393,False
equal_calls,karatsuba,E3,SO,21,0.5,144.6875,1.1192204615298393,False
equal_calls,karatsuba,E3,SO,21,1.0,144.6875,1.1192204615298393,False
equal_calls,karatsuba,E3,SO,22,0.0,86.734375,1.4245364143079842,False
equal_calls,karatsuba,E3,SO,22,0.01,86.734375,1.4245364143079842,False
equal_calls,karatsuba,E3,SO,22,0.02,86.734375,1.4245364143079842,False
equal_calls,karatsuba,E3,SO,22,0.05,86.734375,1.4245364143079842,False
equal_calls,karatsuba,E3,SO,22,0.1,86.734375,1.4245364143079842,False
equal_calls,karatsuba,E3,SO,22,0.2,86.734375,1.4245364143079842,False
equal_calls,karatsuba,E3,SO,22,0.5,86.734375,1.4245364143079842,False
equal_calls,karatsuba,E3,SO,22,1.0,86.734375,1.4245364143079842,False
equal_calls,karatsuba,E3,SO,23,0.0,166.46875,0.06295452017153055,False
equal_calls,karatsuba,E3,SO,23,0.01,166.46875,0.06295452017153055,False
equal_calls,karatsuba,E3,SO,23,0.02,166.46875,0.06295452017153055,False
equal_calls,karatsuba,E3,SO,23,0.05,166.46875,0.06295452017153055,False
equal_calls,karatsuba,E3,SO,23,0.1,166.46875,0.06295452017153055,False
equal_calls,karatsuba,E3,SO,23,0.2,166.46875,0.06295452017153055,False
equal_calls,karatsuba,E3,SO,23,0.5,166.46875,0.06295452017153055,False
equal_calls,karatsuba,E3,SO,23,1.0,166.46875,0.06295452017153055,False
equal_calls,karatsuba,E3,SO,24,0.0,133.296875,1.5027628031419384,False
equal_calls,karatsuba,E3,SO,24,0.01,133.296875,1.5027628031419384,False
equal_calls,karatsuba,E3,SO,24,0.02,133.296875,1.5027628031419384,False
equal_calls,karatsuba,E3,SO,24,0.05,133.296875,1.5027628031419384,False
equal_calls,karatsuba,E3,SO,24,0.1,133.296875,1.5027628031419384,False
equal_calls,karatsuba,E3,SO,24,0.2,133.296875,1.5027628031419384,False
equal_calls,karatsuba,E3,SO,24,0.5,133.296875,1.5027628031419384,False
equal_calls,karatsuba,E3,SO,24,1.0,133.296875,1.5027628031419384,False
equal_calls,karatsuba,E3,SO,25,0.0,121.90625,1.3937274818561558,False
equal_calls,karatsuba,E3,SO,25,0.01,121.90625,1.3937274818561558,False
equal_calls,karatsuba,E3,SO,25,0.02,121.90625,1.3937274818561558,False
equal_calls,karatsuba,E3,SO,25,0.05,121.90625,1.3937274818561558,False
equal_calls,karatsuba,E3,SO,25,0.1,121.90625,1.3937274818561558,False
equal_calls,karatsuba,E3,SO,25,0.2,121.90625,1.3937274818561558,False
equal_calls,karatsuba,E3,SO,25,0.5,121.90625,1.3937274818561558,False
equal_calls,karatsuba,E3,SO,25,1.0,121.90625,1.3937274818561558,False
equal_calls,karatsuba,E3,SO,26,0.0,133.296875,1.4325346169094877,False
equal_calls,karatsuba,E3,SO,26,0.01,133.296875,1.4325346169094877,False
equal_calls,karatsuba,E3,SO,26,0.02,133.296875,1.4325346169094877,False
equal_calls,karatsuba,E3,SO,26,0.05,133.296875,1.4325346169094877,False
equal_calls,karatsuba,E3,SO,26,0.1,133.296875,1.4325346169094877,False
equal_calls,karatsuba,E3,SO,26,0.2,133.296875,1.4325346169094877,False
equal_calls,karatsuba,E3,SO,26,0.5,133.296875,1.4325346169094877,False
equal_calls,karatsuba,E3,SO,26,1.0,133.296875,1.4325346169094877,False
equal_calls,karatsuba,E3,SO,27,0.0,133.296875,1.4625786496880029,False
equal_calls,karatsuba,E3,SO,27,0.01,133.296875,1.4625786496880029,False
equal_calls,karatsuba,E3,SO,27,0.02,133.296875,1.4625786496880029,False
equal_calls,karatsuba,E3,SO,27,0.05,133.296875,1.4625786496880029,False
equal_calls,karatsuba,E3,SO,27,0.1,133.296875,1.4625786496880029,False
equal_calls,karatsuba,E3,SO,27,0.2,133.296875,1.4625786496880029,False
equal_calls,karatsuba,E3,SO,27,0.5,133.296875,1.4625786496880029,False
equal_calls,karatsuba,E3,SO,27,1.0,133.296875,1.4625786496880029,False
equal_calls,karatsuba,E3,SO,28,0.0,86.734375,1.5473864518772669,False
equal_calls,karatsuba,E3,SO,28,0.01,86.734375,1.5473864518772669,False
equal_calls,karatsuba,E3,SO,28,0.02,86.734375,1.5473864518772669,False
equal_calls,karatsuba,E3,SO,28,0.05,86.734375,1.5473864518772669,False
equal_calls,karatsuba,E3,SO,28,0.1,86.734375,1.5473864518772669,False
equal_calls,karatsuba,E3,SO,28,0.2,86.734375,1.5473864518772669,False
equal_calls,karatsuba,E3,SO,28,0.5,86.734375,1.5473864518772669,False
equal_calls,karatsuba,E3,SO,28,1.0,86.734375,1.5473864518772669,False
equal_calls,karatsuba,E3,SO,29,0.0,109.515625,inf,False
equal_calls,karatsuba,E3,SO,29,0.01,109.515625,inf,False
equal_calls,karatsuba,E3,SO,29,0.02,109.515625,inf,False
equal_calls,karatsuba,E3,SO,29,0.05,109.515625,inf,False
equal_calls,karatsuba,E3,SO,29,0.1,109.515625,inf,False
equal_calls,karatsuba,E3,SO,29,0.2,109.515625,inf,False
equal_calls,karatsuba,E3,SO,29,0.5,109.515625,inf,False
equal_calls,karatsuba,E3,SO,29,1.0,109.515625,inf,False
equal_calls,karatsuba,E3,MO-lex,0,0.0,133.296875,1.4201369254348997,False
equal_calls,karatsuba,E3,MO-lex,0,0.01,109.515625,1.4114130381953272,False
equal_calls,karatsuba,E3,MO-lex,0,0.02,109.515625,1.4114130381953272,False
equal_calls,karatsuba,E3,MO-lex,0,0.05,109.515625,1.4114130381953272,False
equal_calls,karatsuba,E3,MO-lex,0,0.1,109.515625,1.4114130381953272,False
equal_calls,karatsuba,E3,MO-lex,0,0.2,109.515625,1.4114130381953272,False
equal_calls,karatsuba,E3,MO-lex,0,0.5,109.515625,1.4114130381953272,False
equal_calls,karatsuba,E3,MO-lex,0,1.0,109.515625,1.4114130381953272,False
equal_calls,karatsuba,E3,MO-lex,1,0.0,109.515625,1.3685669607668864,False
equal_calls,karatsuba,E3,MO-lex,1,0.01,109.515625,1.3685669607668864,False
equal_calls,karatsuba,E3,MO-lex,1,0.02,109.515625,1.3685669607668864,False
equal_calls,karatsuba,E3,MO-lex,1,0.05,109.515625,1.3685669607668864,False
equal_calls,karatsuba,E3,MO-lex,1,0.1,109.515625,1.3685669607668864,False
equal_calls,karatsuba,E3,MO-lex,1,0.2,109.515625,1.3685669607668864,False
equal_calls,karatsuba,E3,MO-lex,1,0.5,86.734375,1.5671959780111402,False
equal_calls,karatsuba,E3,MO-lex,1,1.0,86.734375,1.5671959780111402,False
equal_calls,karatsuba,E3,MO-lex,2,0.0,133.296875,1.2522088427975897,False
equal_calls,karatsuba,E3,MO-lex,2,0.01,109.515625,1.2543238892233024,False
equal_calls,karatsuba,E3,MO-lex,2,0.02,109.515625,1.2543238892233024,False
equal_calls,karatsuba,E3,MO-lex,2,0.05,109.515625,1.2543238892233024,False
equal_calls,karatsuba,E3,MO-lex,2,0.1,109.515625,1.2543238892233024,False
equal_calls,karatsuba,E3,MO-lex,2,0.2,109.515625,1.2543238892233024,False
equal_calls,karatsuba,E3,MO-lex,2,0.5,97.125,1.3156392568057336,False
equal_calls,karatsuba,E3,MO-lex,2,1.0,74.34375,542.023559226671,False
equal_calls,karatsuba,E3,MO-lex,3,0.0,121.90625,1.3937274818636392,False
equal_calls,karatsuba,E3,MO-lex,3,0.01,109.515625,1.4114130377786807,False
equal_calls,karatsuba,E3,MO-lex,3,0.02,109.515625,1.4114130377786807,False
equal_calls,karatsuba,E3,MO-lex,3,0.05,109.515625,1.4114130377786807,False
equal_calls,karatsuba,E3,MO-lex,3,0.1,109.515625,1.4114130377786807,False
equal_calls,karatsuba,E3,MO-lex,3,0.2,109.515625,1.4114130377786807,False
equal_calls,karatsuba,E3,MO-lex,3,0.5,109.515625,1.4114130377786807,False
equal_calls,karatsuba,E3,MO-lex,3,1.0,86.734375,129.20178530217558,False
equal_calls,karatsuba,E3,MO-lex,4,0.0,121.90625,1.3847582396988163,False
equal_calls,karatsuba,E3,MO-lex,4,0.01,109.515625,1.4073547064290304,False
equal_calls,karatsuba,E3,MO-lex,4,0.02,109.515625,1.4073547064290304,False
equal_calls,karatsuba,E3,MO-lex,4,0.05,109.515625,1.4073547064290304,False
equal_calls,karatsuba,E3,MO-lex,4,0.1,109.515625,1.4073547064290304,False
equal_calls,karatsuba,E3,MO-lex,4,0.2,98.125,8.931210244968689,False
equal_calls,karatsuba,E3,MO-lex,4,0.5,86.734375,1.516515060178145,False
equal_calls,karatsuba,E3,MO-lex,4,1.0,86.734375,1.516515060178145,False
equal_calls,karatsuba,E3,MO-lex,5,0.0,121.90625,1.318735813192184,False
equal_calls,karatsuba,E3,MO-lex,5,0.01,109.515625,1.339835537085711,False
equal_calls,karatsuba,E3,MO-lex,5,0.02,109.515625,1.339835537085711,False
equal_calls,karatsuba,E3,MO-lex,5,0.05,109.515625,1.339835537085711,False
equal_calls,karatsuba,E3,MO-lex,5,0.1,109.515625,1.339835537085711,False
equal_calls,karatsuba,E3,MO-lex,5,0.2,109.515625,1.339835537085711,False
equal_calls,karatsuba,E3,MO-lex,5,0.5,97.125,1.843167327177586,False
equal_calls,karatsuba,E3,MO-lex,5,1.0,97.125,1.843167327177586,False
equal_calls,karatsuba,E3,MO-lex,6,0.0,133.296875,1.503138715081509,False
equal_calls,karatsuba,E3,MO-lex,6,0.01,109.515625,1.4670512654174257,False
equal_calls,karatsuba,E3,MO-lex,6,0.02,109.515625,1.4670512654174257,False
equal_calls,karatsuba,E3,MO-lex,6,0.05,109.515625,1.4670512654174257,False
equal_calls,karatsuba,E3,MO-lex,6,0.1,109.515625,1.4670512654174257,False
equal_calls,karatsuba,E3,MO-lex,6,0.2,109.515625,1.4670512654174257,False
equal_calls,karatsuba,E3,MO-lex,6,0.5,98.125,28.478621995008684,False
equal_calls,karatsuba,E3,MO-lex,6,1.0,98.125,28.478621995008684,False
equal_calls,karatsuba,E3,MO-lex,7,0.0,144.6875,1.1706935881100962,False
equal_calls,karatsuba,E3,MO-lex,7,0.01,144.6875,1.1706935881100962,False
equal_calls,karatsuba,E3,MO-lex,7,0.02,144.6875,1.1706935881100962,False
equal_calls,karatsuba,E3,MO-lex,7,0.05,144.6875,1.1706935881100962,False
equal_calls,karatsuba,E3,MO-lex,7,0.1,144.6875,1.1706935881100962,False
equal_calls,karatsuba,E3,MO-lex,7,0.2,144.6875,1.1706935881100962,False
equal_calls,karatsuba,E3,MO-lex,7,0.5,132.296875,0.24278444474102315,False
equal_calls,karatsuba,E3,MO-lex,7,1.0,121.90625,1.5389084083684266,False
equal_calls,karatsuba,E3,MO-lex,8,0.0,109.515625,1.4670512654674763,False
equal_calls,karatsuba,E3,MO-lex,8,0.01,109.515625,1.4670512654674763,False
equal_calls,karatsuba,E3,MO-lex,8,0.02,109.515625,1.4670512654674763,False
equal_calls,karatsuba,E3,MO-lex,8,0.05,109.515625,1.4670512654674763,False
equal_calls,karatsuba,E3,MO-lex,8,0.1,109.515625,1.4670512654674763,False
equal_calls,karatsuba,E3,MO-lex,8,0.2,109.515625,1.4670512654674763,False
equal_calls,karatsuba,E3,MO-lex,8,0.5,97.125,3.2368738681988116,False
equal_calls,karatsuba,E3,MO-lex,8,1.0,97.125,3.2368738681988116,False
equal_calls,karatsuba,E3,MO-lex,9,0.0,144.6875,1.300967457472379,False
equal_calls,karatsuba,E3,MO-lex,9,0.01,109.515625,1.299601640550438,False
equal_calls,karatsuba,E3,MO-lex,9,0.02,109.515625,1.299601640550438,False
equal_calls,karatsuba,E3,MO-lex,9,0.05,109.515625,1.299601640550438,False
equal_calls,karatsuba,E3,MO-lex,9,0.1,109.515625,1.299601640550438,False
equal_calls,karatsuba,E3,MO-lex,9,0.2,109.515625,1.299601640550438,False
equal_calls,karatsuba,E3,MO-lex,9,0.5,86.734375,1.5085351819679258,False
equal_calls,karatsuba,E3,MO-lex,9,1.0,74.34375,272.3494024573,False
equal_calls,karatsuba,E3,MO-lex,10,0.0,201.640625,0.5117397039527375,False
equal_calls,karatsuba,E3,MO-lex,10,0.01,190.25,0.5562636241465339,False
equal_calls,karatsuba,E3,MO-lex,10,0.02,166.46875,0.5000326217763083,False
equal_calls,karatsuba,E3,MO-lex,10,0.05,166.46875,0.5000326217763083,False
equal_calls,karatsuba,E3,MO-lex,10,0.1,166.46875,0.5000326217763083,False
equal_calls,karatsuba,E3,MO-lex,10,0.2,166.46875,0.5000326217763083,False
equal_calls,karatsuba,E3,MO-lex,10,0.5,166.46875,0.5000326217763083,False
equal_calls,karatsuba,E3,MO-lex,10,1.0,155.078125,0.5807082531145178,False
equal_calls,karatsuba,E3,MO-lex,11,0.0,190.25,0.15936494644949042,False
equal_calls,karatsuba,E3,MO-lex,11,0.01,190.25,0.15936494644949042,False
equal_calls,karatsuba,E3,MO-lex,11,0.02,190.25,0.15936494644949042,False
equal_calls,karatsuba,E3,MO-lex,11,0.05,155.078125,1.5731477329613914,False
equal_calls,karatsuba,E3,MO-lex,11,0.1,155.078125,1.5731477329613914,False
equal_calls,karatsuba,E3,MO-lex,11,0.2,155.078125,1.5731477329613914,False
equal_calls,karatsuba,E3,MO-lex,11,0.5,155.078125,1.5731477329613914,False
equal_calls,karatsuba,E3,MO-lex,11,1.0,155.078125,1.5731477329613914,False
equal_calls,karatsuba,E3,MO-lex,12,0.0,121.90625,1.413237231933367,False
equal_calls,karatsuba,E3,MO-lex,12,0.01,109.515625,1.4309455630478096,False
equal_calls,karatsuba,E3,MO-lex,12,0.02,109.515625,1.4309455630478096,False
equal_calls,karatsuba,E3,MO-lex,12,0.05,109.515625,1.4309455630478096,False
equal_calls,karatsuba,E3,MO-lex,12,0.1,109.515625,1.4309455630478096,False
equal_calls,karatsuba,E3,MO-lex,12,0.2,109.515625,1.4309455630478096,False
equal_calls,karatsuba,E3,MO-lex,12,0.5,99.125,1.4060373904033643,False
equal_calls,karatsuba,E3,MO-lex,12,1.0,86.734375,136.14141456847426,False
equal_calls,karatsuba,E3,MO-lex,13,0.0,133.296875,1.4978106212189835,False
equal_calls,karatsuba,E3,MO-lex,13,0.01,133.296875,1.4978106212189835,False
equal_calls,karatsuba,E3,MO-lex,13,0.02,133.296875,1.4978106212189835,False
equal_calls,karatsuba,E3,MO-lex,13,0.05,133.296875,1.4978106212189835,False
equal_calls,karatsuba,E3,MO-lex,13,0.1,133.296875,1.4978106212189835,False
equal_calls,karatsuba,E3,MO-lex,13,0.2,121.90625,1.2914595046165889,False
equal_calls,karatsuba,E3,MO-lex,13,0.5,110.515625,1.6036133781762083,False
equal_calls,karatsuba,E3,MO-lex,13,1.0,110.515625,1.6036133781762083,False
equal_calls,karatsuba,E3,MO-lex,14,0.0,86.734375,1.424536414312042,False
equal_calls,karatsuba,E3,MO-lex,14,0.01,86.734375,1.424536414312042,False
equal_calls,karatsuba,E3,MO-lex,14,0.02,86.734375,1.424536414312042,False
equal_calls,karatsuba,E3,MO-lex,14,0.05,86.734375,1.424536414312042,False
equal_calls,karatsuba,E3,MO-lex,14,0.1,86.734375,1.424536414312042,False
equal_calls,karatsuba,E3,MO-lex,14,0.2,86.734375,1.424536414312042,False
equal_calls,karatsuba,E3,MO-lex,14,0.5,86.734375,1.424536414312042,False
equal_calls,karatsuba,E3,MO-lex,14,1.0,86.734375,1.424536414312042,False
equal_calls,karatsuba,E3,MO-lex,15,0.0,144.6875,1.0777152814237663,False
equal_calls,karatsuba,E3,MO-lex,15,0.01,144.6875,1.0777152814237663,False
equal_calls,karatsuba,E3,MO-lex,15,0.02,144.6875,1.0777152814237663,False
equal_calls,karatsuba,E3,MO-lex,15,0.05,144.6875,1.0777152814237663,False
equal_calls,karatsuba,E3,MO-lex,15,0.1,144.6875,1.0777152814237663,False
equal_calls,karatsuba,E3,MO-lex,15,0.2,144.6875,1.0777152814237663,False
equal_calls,karatsuba,E3,MO-lex,15,0.5,132.296875,0.35408354494542943,False
equal_calls,karatsuba,E3,MO-lex,15,1.0,110.515625,1.6003992271570908,False
equal_calls,karatsuba,E3,MO-lex,16,0.0,109.515625,1.3737644606081234,False
equal_calls,karatsuba,E3,MO-lex,16,0.01,109.515625,1.3737644606081234,False
equal_calls,karatsuba,E3,MO-lex,16,0.02,109.515625,1.3737644606081234,False
equal_calls,karatsuba,E3,MO-lex,16,0.05,109.515625,1.3737644606081234,False
equal_calls,karatsuba,E3,MO-lex,16,0.1,109.515625,1.3737644606081234,False
equal_calls,karatsuba,E3,MO-lex,16,0.2,109.515625,1.3737644606081234,False
equal_calls,karatsuba,E3,MO-lex,16,0.5,86.734375,7.704964674494544,False
equal_calls,karatsuba,E3,MO-lex,16,1.0,86.734375,7.704964674494544,False
equal_calls,karatsuba,E3,MO-lex,17,0.0,121.90625,1.4132372314242998,False
equal_calls,karatsuba,E3,MO-lex,17,0.01,109.515625,1.4309455630836678,False
equal_calls,karatsuba,E3,MO-lex,17,0.02,109.515625,1.4309455630836678,False
equal_calls,karatsuba,E3,MO-lex,17,0.05,109.515625,1.4309455630836678,False
equal_calls,karatsuba,E3,MO-lex,17,0.1,109.515625,1.4309455630836678,False
equal_calls,karatsuba,E3,MO-lex,17,0.2,74.34375,7.364572833632151,False
equal_calls,karatsuba,E3,MO-lex,17,0.5,74.34375,7.364572833632151,False
equal_calls,karatsuba,E3,MO-lex,17,1.0,74.34375,7.364572833632151,False
equal_calls,karatsuba,E3,MO-lex,18,0.0,109.515625,1.474250042250113,False
equal_calls,karatsuba,E3,MO-lex,18,0.01,109.515625,1.474250042250113,False
equal_calls,karatsuba,E3,MO-lex,18,0.02,109.515625,1.474250042250113,False
equal_calls,karatsuba,E3,MO-lex,18,0.05,109.515625,1.474250042250113,False
equal_calls,karatsuba,E3,MO-lex,18,0.1,109.515625,1.474250042250113,False
equal_calls,karatsuba,E3,MO-lex,18,0.2,109.515625,1.474250042250113,False
equal_calls,karatsuba,E3,MO-lex,18,0.5,86.734375,1.5789925514511733,False
equal_calls,karatsuba,E3,MO-lex,18,1.0,86.734375,1.5789925514511733,False
equal_calls,karatsuba,E3,MO-lex,19,0.0,133.296875,1.506652679879836,False
equal_calls,karatsuba,E3,MO-lex,19,0.01,109.515625,1.4670512654687449,False
equal_calls,karatsuba,E3,MO-lex,19,0.02,109.515625,1.4670512654687449,False
equal_calls,karatsuba,E3,MO-lex,19,0.05,109.515625,1.4670512654687449,False
equal_calls,karatsuba,E3,MO-lex,19,0.1,109.515625,1.4670512654687449,False
equal_calls,karatsuba,E3,MO-lex,19,0.2,109.515625,1.4670512654687449,False
equal_calls,karatsuba,E3,MO-lex,19,0.5,74.34375,12.980748539452287,False
equal_calls,karatsuba,E3,MO-lex,19,1.0,74.34375,12.980748539452287,False
equal_calls,karatsuba,E3,MO-lex,20,0.0,109.515625,1.3814531183213783,False
equal_calls,karatsuba,E3,MO-lex,20,0.01,109.515625,1.3814531183213783,False
equal_calls,karatsuba,E3,MO-lex,20,0.02,109.515625,1.3814531183213783,False
equal_calls,karatsuba,E3,MO-lex,20,0.05,109.515625,1.3814531183213783,False
equal_calls,karatsuba,E3,MO-lex,20,0.1,109.515625,1.3814531183213783,False
equal_calls,karatsuba,E3,MO-lex,20,0.2,98.125,15.949521099753676,False
equal_calls,karatsuba,E3,MO-lex,20,0.5,74.34375,12.636048921423928,False
equal_calls,karatsuba,E3,MO-lex,20,1.0,74.34375,12.636048921423928,False
equal_calls,karatsuba,E3,MO-lex,21,0.0,144.6875,1.1192204615298393,False
equal_calls,karatsuba,E3,MO-lex,21,0.01,144.6875,1.1192204615298393,False
equal_calls,karatsuba,E3,MO-lex,21,0.02,144.6875,1.1192204615298393,False
equal_calls,karatsuba,E3,MO-lex,21,0.05,144.6875,1.1192204615298393,False
equal_calls,karatsuba,E3,MO-lex,21,0.1,144.6875,1.1192204615298393,False
equal_calls,karatsuba,E3,MO-lex,21,0.2,144.6875,1.1192204615298393,False
equal_calls,karatsuba,E3,MO-lex,21,0.5,132.296875,0.4244785627122026,False
equal_calls,karatsuba,E3,MO-lex,21,1.0,109.515625,3.8944860360178217,False
equal_calls,karatsuba,E3,MO-lex,22,0.0,86.734375,1.4245364143079842,False
equal_calls,karatsuba,E3,MO-lex,22,0.01,86.734375,1.4245364143079842,False
equal_calls,karatsuba,E3,MO-lex,22,0.02,86.734375,1.4245364143079842,False
equal_calls,karatsuba,E3,MO-lex,22,0.05,86.734375,1.4245364143079842,False
equal_calls,karatsuba,E3,MO-lex,22,0.1,86.734375,1.4245364143079842,False
equal_calls,karatsuba,E3,MO-lex,22,0.2,86.734375,1.4245364143079842,False
equal_calls,karatsuba,E3,MO-lex,22,0.5,86.734375,1.4245364143079842,False
equal_calls,karatsuba,E3,MO-lex,22,1.0,86.734375,1.4245364143079842,False
equal_calls,karatsuba,E3,MO-lex,23,0.0,166.46875,0.06295452017153055,False
equal_calls,karatsuba,E3,MO-lex,23,0.01,142.6875,0.06446755592298278,False
equal_calls,karatsuba,E3,MO-lex,23,0.02,142.6875,0.06446755592298278,False
equal_calls,karatsuba,E3,MO-lex,23,0.05,142.6875,0.06446755592298278,False
equal_calls,karatsuba,E3,MO-lex,23,0.1,142.6875,0.06446755592298278,False
equal_calls,karatsuba,E3,MO-lex,23,0.2,142.6875,0.06446755592298278,False
equal_calls,karatsuba,E3,MO-lex,23,0.5,142.6875,0.06446755592298278,False
equal_calls,karatsuba,E3,MO-lex,23,1.0,142.6875,0.06446755592298278,False
equal_calls,karatsuba,E3,MO-lex,24,0.0,133.296875,1.5027628031419384,False
equal_calls,karatsuba,E3,MO-lex,24,0.01,109.515625,1.4670512654698473,False
equal_calls,karatsuba,E3,MO-lex,24,0.02,109.515625,1.4670512654698473,False
equal_calls,karatsuba,E3,MO-lex,24,0.05,109.515625,1.4670512654698473,False
equal_calls,karatsuba,E3,MO-lex,24,0.1,109.515625,1.4670512654698473,False
equal_calls,karatsuba,E3,MO-lex,24,0.2,109.515625,1.4670512654698473,False
equal_calls,karatsuba,E3,MO-lex,24,0.5,97.125,3.236873868223929,False
equal_calls,karatsuba,E3,MO-lex,24,1.0,97.125,3.236873868223929,False
equal_calls,karatsuba,E3,MO-lex,25,0.0,121.90625,1.3937274818561558,False
equal_calls,karatsuba,E3,MO-lex,25,0.01,109.515625,1.3398355368559265,False
equal_calls,karatsuba,E3,MO-lex,25,0.02,109.515625,1.3398355368559265,False
equal_calls,karatsuba,E3,MO-lex,25,0.05,109.515625,1.3398355368559265,False
equal_calls,karatsuba,E3,MO-lex,25,0.1,109.515625,1.3398355368559265,False
equal_calls,karatsuba,E3,MO-lex,25,0.2,86.734375,6.123957139593107,False
equal_calls,karatsuba,E3,MO-lex,25,0.5,86.734375,6.123957139593107,False
equal_calls,karatsuba,E3,MO-lex,25,1.0,86.734375,6.123957139593107,False
equal_calls,karatsuba,E3,MO-lex,26,0.0,133.296875,1.4325346169094877,False
equal_calls,karatsuba,E3,MO-lex,26,0.01,109.515625,1.4181047658819748,False
equal_calls,karatsuba,E3,MO-lex,26,0.02,109.515625,1.4181047658819748,False
equal_calls,karatsuba,E3,MO-lex,26,0.05,109.515625,1.4181047658819748,False
equal_calls,karatsuba,E3,MO-lex,26,0.1,109.515625,1.4181047658819748,False
equal_calls,karatsuba,E3,MO-lex,26,0.2,109.515625,1.4181047658819748,False
equal_calls,karatsuba,E3,MO-lex,26,0.5,86.734375,1.5474295103009832,False
equal_calls,karatsuba,E3,MO-lex,26,1.0,86.734375,1.5474295103009832,False
equal_calls,karatsuba,E3,MO-lex,27,0.0,133.296875,1.4625786496880029,False
equal_calls,karatsuba,E3,MO-lex,27,0.01,109.515625,1.4296840167920426,False
equal_calls,karatsuba,E3,MO-lex,27,0.02,109.515625,1.4296840167920426,False
equal_calls,karatsuba,E3,MO-lex,27,0.05,109.515625,1.4296840167920426,False
equal_calls,karatsuba,E3,MO-lex,27,0.1,109.515625,1.4296840167920426,False
equal_calls,karatsuba,E3,MO-lex,27,0.2,86.734375,2.514396867771477,False
equal_calls,karatsuba,E3,MO-lex,27,0.5,86.734375,2.514396867771477,False
equal_calls,karatsuba,E3,MO-lex,27,1.0,86.734375,2.514396867771477,False
equal_calls,karatsuba,E3,MO-lex,28,0.0,86.734375,1.5473864518772669,False
equal_calls,karatsuba,E3,MO-lex,28,0.01,86.734375,1.5473864518772669,False
equal_calls,karatsuba,E3,MO-lex,28,0.02,86.734375,1.5473864518772669,False
equal_calls,karatsuba,E3,MO-lex,28,0.05,86.734375,1.5473864518772669,False
equal_calls,karatsuba,E3,MO-lex,28,0.1,86.734375,1.5473864518772669,False
equal_calls,karatsuba,E3,MO-lex,28,0.2,86.734375,1.5473864518772669,False
equal_calls,karatsuba,E3,MO-lex,28,0.5,74.34375,154.27027319608396,False
equal_calls,karatsuba,E3,MO-lex,28,1.0,74.34375,154.27027319608396,False
equal_calls,karatsuba,E3,MO-lex,29,0.0,109.515625,inf,False
equal_calls,karatsuba,E3,MO-lex,29,0.01,109.515625,inf,False
equal_calls,karatsuba,E3,MO-lex,29,0.02,109.515625,inf,False
equal_calls,karatsuba,E3,MO-lex,29,0.05,109.515625,inf,False
equal_calls,karatsuba,E3,MO-lex,29,0.1,109.515625,inf,False
equal_calls,karatsuba,E3,MO-lex,29,0.2,109.515625,inf,False
equal_calls,karatsuba,E3,MO-lex,29,0.5,86.734375,1.4655813557904531,False
equal_calls,karatsuba,E3,MO-lex,29,1.0,86.734375,1.4655813557904531,False
equal_calls,karatsuba,E3,Green,0,0.0,121.90625,1.4449293087591413,False
equal_calls,karatsuba,E3,Green,0,0.01,109.515625,1.4483227715680842,False
equal_calls,karatsuba,E3,Green,0,0.02,109.515625,1.4483227715680842,False
equal_calls,karatsuba,E3,Green,0,0.05,109.515625,1.4483227715680842,False
equal_calls,karatsuba,E3,Green,0,0.1,86.734375,1.5473864518785614,False
equal_calls,karatsuba,E3,Green,0,0.2,86.734375,1.5473864518785614,False
equal_calls,karatsuba,E3,Green,0,0.5,74.34375,75.6045660550486,False
equal_calls,karatsuba,E3,Green,0,1.0,74.34375,75.6045660550486,False
equal_calls,karatsuba,E3,Green,1,0.0,86.734375,2.5143968677737876,False
equal_calls,karatsuba,E3,Green,1,0.01,86.734375,2.5143968677737876,False
equal_calls,karatsuba,E3,Green,1,0.02,86.734375,2.5143968677737876,False
equal_calls,karatsuba,E3,Green,1,0.05,86.734375,2.5143968677737876,False
equal_calls,karatsuba,E3,Green,1,0.1,74.34375,7.364572833595971,False
equal_calls,karatsuba,E3,Green,1,0.2,74.34375,7.364572833595971,False
equal_calls,karatsuba,E3,Green,1,0.5,74.34375,7.364572833595971,False
equal_calls,karatsuba,E3,Green,1,1.0,74.34375,7.364572833595971,False
equal_calls,karatsuba,E3,Green,2,0.0,133.296875,1.4514657613210287,False
equal_calls,karatsuba,E3,Green,2,0.01,109.515625,1.3972351584085652,False
equal_calls,karatsuba,E3,Green,2,0.02,109.515625,1.3972351584085652,False
equal_calls,karatsuba,E3,Green,2,0.05,109.515625,1.3972351584085652,False
equal_calls,karatsuba,E3,Green,2,0.1,109.515625,1.3972351584085652,False
equal_calls,karatsuba,E3,Green,2,0.2,86.734375,1.539546937905184,False
equal_calls,karatsuba,E3,Green,2,0.5,74.34375,35.66205173265783,False
equal_calls,karatsuba,E3,Green,2,1.0,74.34375,35.66205173265783,False
equal_calls,karatsuba,E3,Green,3,0.0,109.515625,1.355559121630551,False
equal_calls,karatsuba,E3,Green,3,0.01,109.515625,1.355559121630551,False
equal_calls,karatsuba,E3,Green,3,0.02,109.515625,1.355559121630551,False
equal_calls,karatsuba,E3,Green,3,0.05,109.515625,1.355559121630551,False
equal_calls,karatsuba,E3,Green,3,0.1,109.515625,1.355559121630551,False
equal_calls,karatsuba,E3,Green,3,0.2,74.34375,7.364572833589215,False
equal_calls,karatsuba,E3,Green,3,0.5,74.34375,7.364572833589215,False
equal_calls,karatsuba,E3,Green,3,1.0,74.34375,7.364572833589215,False
equal_calls,karatsuba,E3,Green,4,0.0,109.515625,1.2781378337196525,False
equal_calls,karatsuba,E3,Green,4,0.01,109.515625,1.2781378337196525,False
equal_calls,karatsuba,E3,Green,4,0.02,109.515625,1.2781378337196525,False
equal_calls,karatsuba,E3,Green,4,0.05,109.515625,1.2781378337196525,False
equal_calls,karatsuba,E3,Green,4,0.1,109.515625,1.2781378337196525,False
equal_calls,karatsuba,E3,Green,4,0.2,109.515625,1.2781378337196525,False
equal_calls,karatsuba,E3,Green,4,0.5,74.34375,9.357567611524042,False
equal_calls,karatsuba,E3,Green,4,1.0,74.34375,9.357567611524042,False
equal_calls,karatsuba,E3,Green,5,0.0,86.734375,1.4449381264175172,False
equal_calls,karatsuba,E3,Green,5,0.01,86.734375,1.4449381264175172,False
equal_calls,karatsuba,E3,Green,5,0.02,86.734375,1.4449381264175172,False
equal_calls,karatsuba,E3,Green,5,0.05,74.34375,2.0154456527544355,False
equal_calls,karatsuba,E3,Green,5,0.1,74.34375,2.0154456527544355,False
equal_calls,karatsuba,E3,Green,5,0.2,74.34375,2.0154456527544355,False
equal_calls,karatsuba,E3,Green,5,0.5,74.34375,2.0154456527544355,False
equal_calls,karatsuba,E3,Green,5,1.0,74.34375,2.0154456527544355,False
equal_calls,karatsuba,E3,Green,6,0.0,109.515625,1.4079220935535615,False
equal_calls,karatsuba,E3,Green,6,0.01,109.515625,1.4079220935535615,False
equal_calls,karatsuba,E3,Green,6,0.02,109.515625,1.4079220935535615,False
equal_calls,karatsuba,E3,Green,6,0.05,109.515625,1.4079220935535615,False
equal_calls,karatsuba,E3,Green,6,0.1,109.515625,1.4079220935535615,False
equal_calls,karatsuba,E3,Green,6,0.2,109.515625,1.4079220935535615,False
equal_calls,karatsuba,E3,Green,6,0.5,74.34375,7.364572833585438,False
equal_calls,karatsuba,E3,Green,6,1.0,74.34375,7.364572833585438,False
equal_calls,karatsuba,E3,Green,7,0.0,133.296875,inf,False
equal_calls,karatsuba,E3,Green,7,0.01,109.515625,inf,False
equal_calls,karatsuba,E3,Green,7,0.02,109.515625,inf,False
equal_calls,karatsuba,E3,Green,7,0.05,109.515625,inf,False
equal_calls,karatsuba,E3,Green,7,0.1,109.515625,inf,False
equal_calls,karatsuba,E3,Green,7,0.2,86.734375,1.575593913315672,False
equal_calls,karatsuba,E3,Green,7,0.5,74.34375,70.81141130411316,False
equal_calls,karatsuba,E3,Green,7,1.0,74.34375,70.81141130411316,False
equal_calls,karatsuba,E3,Green,8,0.0,109.515625,1.4309455630682304,False
equal_calls,karatsuba,E3,Green,8,0.01,109.515625,1.4309455630682304,False
equal_calls,karatsuba,E3,Green,8,0.02,109.515625,1.4309455630682304,False
equal_calls,karatsuba,E3,Green,8,0.05,109.515625,1.4309455630682304,False
equal_calls,karatsuba,E3,Green,8,0.1,109.515625,1.4309455630682304,False
equal_calls,karatsuba,E3,Green,8,0.2,74.34375,7.364572833593287,False
equal_calls,karatsuba,E3,Green,8,0.5,74.34375,7.364572833593287,False
equal_calls,karatsuba,E3,Green,8,1.0,74.34375,7.364572833593287,False
equal_calls,karatsuba,E3,Green,9,0.0,109.515625,1.4155761416685462,False
equal_calls,karatsuba,E3,Green,9,0.01,109.515625,1.4155761416685462,False
equal_calls,karatsuba,E3,Green,9,0.02,109.515625,1.4155761416685462,False
equal_calls,karatsuba,E3,Green,9,0.05,109.515625,1.4155761416685462,False
equal_calls,karatsuba,E3,Green,9,0.1,109.515625,1.4155761416685462,False
equal_calls,karatsuba,E3,Green,9,0.2,86.734375,1.4617509145636975,False
equal_calls,karatsuba,E3,Green,9,0.5,74.34375,12.482540171917758,False
equal_calls,karatsuba,E3,Green,9,1.0,74.34375,12.482540171917758,False
equal_calls,karatsuba,E3,Green,10,0.0,109.515625,1.3111305879350437,False
equal_calls,karatsuba,E3,Green,10,0.01,109.515625,1.3111305879350437,False
equal_calls,karatsuba,E3,Green,10,0.02,109.515625,1.3111305879350437,False
equal_calls,karatsuba,E3,Green,10,0.05,109.515625,1.3111305879350437,False
equal_calls,karatsuba,E3,Green,10,0.1,86.734375,2.5143968677743143,False
equal_calls,karatsuba,E3,Green,10,0.2,86.734375,2.5143968677743143,False
equal_calls,karatsuba,E3,Green,10,0.5,74.34375,22.691011322780387,False
equal_calls,karatsuba,E3,Green,10,1.0,74.34375,22.691011322780387,False
equal_calls,karatsuba,E3,Green,11,0.0,109.515625,1.3555591215124962,False
equal_calls,karatsuba,E3,Green,11,0.01,109.515625,1.3555591215124962,False
equal_calls,karatsuba,E3,Green,11,0.02,109.515625,1.3555591215124962,False
equal_calls,karatsuba,E3,Green,11,0.05,109.515625,1.3555591215124962,False
equal_calls,karatsuba,E3,Green,11,0.1,109.515625,1.3555591215124962,False
equal_calls,karatsuba,E3,Green,11,0.2,74.34375,7.364572833578784,False
equal_calls,karatsuba,E3,Green,11,0.5,74.34375,7.364572833578784,False
equal_calls,karatsuba,E3,Green,11,1.0,74.34375,7.364572833578784,False
equal_calls,karatsuba,E3,Green,12,0.0,86.734375,1.5707251889112723,False
equal_calls,karatsuba,E3,Green,12,0.01,86.734375,1.5707251889112723,False
equal_calls,karatsuba,E3,Green,12,0.02,86.734375,1.5707251889112723,False
equal_calls,karatsuba,E3,Green,12,0.05,86.734375,1.5707251889112723,False
equal_calls,karatsuba,E3,Green,12,0.1,86.734375,1.5707251889112723,False
equal_calls,karatsuba,E3,Green,12,0.2,86.734375,1.5707251889112723,False
equal_calls,karatsuba,E3,Green,12,0.5,74.34375,2.5175210638775822,False
equal_calls,karatsuba,E3,Green,12,1.0,74.34375,2.5175210638775822,False
equal_calls,karatsuba,E3,Green,13,0.0,86.734375,1.5473864518783458,False
equal_calls,karatsuba,E3,Green,13,0.01,86.734375,1.5473864518783458,False
equal_calls,karatsuba,E3,Green,13,0.02,86.734375,1.5473864518783458,False
equal_calls,karatsuba,E3,Green,13,0.05,86.734375,1.5473864518783458,False
equal_calls,karatsuba,E3,Green,13,0.1,86.734375,1.5473864518783458,False
equal_calls,karatsuba,E3,Green,13,0.2,74.34375,4.428414968184928,False
equal_calls,karatsuba,E3,Green,13,0.5,74.34375,4.428414968184928,False
equal_calls,karatsuba,E3,Green,13,1.0,74.34375,4.428414968184928,False
equal_calls,karatsuba,E3,Green,14,0.0,109.515625,1.2885927432206232,False
equal_calls,karatsuba,E3,Green,14,0.01,109.515625,1.2885927432206232,False
equal_calls,karatsuba,E3,Green,14,0.02,109.515625,1.2885927432206232,False
equal_calls,karatsuba,E3,Green,14,0.05,109.515625,1.2885927432206232,False
equal_calls,karatsuba,E3,Green,14,0.1,109.515625,1.2885927432206232,False
equal_calls,karatsuba,E3,Green,14,0.2,109.515625,1.2885927432206232,False
equal_calls,karatsuba,E3,Green,14,0.5,86.734375,1.5473864518785805,False
equal_calls,karatsuba,E3,Green,14,1.0,74.34375,70.92665806630947,False
equal_calls,karatsuba,E3,Green,15,0.0,109.515625,1.3203847073776964,False
equal_calls,karatsuba,E3,Green,15,0.01,109.515625,1.3203847073776964,False
equal_calls,karatsuba,E3,Green,15,0.02,109.515625,1.3203847073776964,False
equal_calls,karatsuba,E3,Green,15,0.05,109.515625,1.3203847073776964,False
equal_calls,karatsuba,E3,Green,15,0.1,109.515625,1.3203847073776964,False
equal_calls,karatsuba,E3,Green,15,0.2,74.34375,7.3645728335545675,False
equal_calls,karatsuba,E3,Green,15,0.5,74.34375,7.3645728335545675,False
equal_calls,karatsuba,E3,Green,15,1.0,74.34375,7.3645728335545675,False
equal_calls,karatsuba,E3,Green,16,0.0,156.078125,1.2277844086036842,False
equal_calls,karatsuba,E3,Green,16,0.01,156.078125,1.2277844086036842,False
equal_calls,karatsuba,E3,Green,16,0.02,156.078125,1.2277844086036842,False
equal_calls,karatsuba,E3,Green,16,0.05,109.515625,4.479868586345388,False
equal_calls,karatsuba,E3,Green,16,0.1,109.515625,4.479868586345388,False
equal_calls,karatsuba,E3,Green,16,0.2,86.734375,1.4730121982548625,False
equal_calls,karatsuba,E3,Green,16,0.5,74.34375,1.8162609673670869,False
equal_calls,karatsuba,E3,Green,16,1.0,74.34375,1.8162609673670869,False
equal_calls,karatsuba,E3,Green,17,0.0,109.515625,inf,False
equal_calls,karatsuba,E3,Green,17,0.01,109.515625,inf,False
equal_calls,karatsuba,E3,Green,17,0.02,109.515625,inf,False
equal_calls,karatsuba,E3,Green,17,0.05,86.734375,1.5789925514510132,False
equal_calls,karatsuba,E3,Green,17,0.1,86.734375,1.5789925514510132,False
equal_calls,karatsuba,E3,Green,17,0.2,74.34375,23.250200578926457,False
equal_calls,karatsuba,E3,Green,17,0.5,74.34375,23.250200578926457,False
equal_calls,karatsuba,E3,Green,17,1.0,74.34375,23.250200578926457,False
equal_calls,karatsuba,E3,Green,18,0.0,86.734375,3.1389235208566686,False
equal_calls,karatsuba,E3,Green,18,0.01,86.734375,3.1389235208566686,False
equal_calls,karatsuba,E3,Green,18,0.02,86.734375,3.1389235208566686,False
equal_calls,karatsuba,E3,Green,18,0.05,86.734375,3.1389235208566686,False
equal_calls,karatsuba,E3,Green,18,0.1,74.34375,12.98074853946391,False
equal_calls,karatsuba,E3,Green,18,0.2,74.34375,12.98074853946391,False
equal_calls,karatsuba,E3,Green,18,0.5,74.34375,12.98074853946391,False
equal_calls,karatsuba,E3,Green,18,1.0,74.34375,12.98074853946391,False
equal_calls,karatsuba,E3,Green,19,0.0,109.515625,1.343059593032506,False
equal_calls,karatsuba,E3,Green,19,0.01,109.515625,1.343059593032506,False
equal_calls,karatsuba,E3,Green,19,0.02,109.515625,1.343059593032506,False
equal_calls,karatsuba,E3,Green,19,0.05,109.515625,1.343059593032506,False
equal_calls,karatsuba,E3,Green,19,0.1,109.515625,1.343059593032506,False
equal_calls,karatsuba,E3,Green,19,0.2,86.734375,1.5595553196449146,False
equal_calls,karatsuba,E3,Green,19,0.5,74.34375,3.144326772027981,False
equal_calls,karatsuba,E3,Green,19,1.0,74.34375,3.144326772027981,False
equal_calls,karatsuba,E3,Green,20,0.0,121.90625,1.0839126955847045,False
equal_calls,karatsuba,E3,Green,20,0.01,109.515625,1.138687721862569,False
equal_calls,karatsuba,E3,Green,20,0.02,109.515625,1.138687721862569,False
equal_calls,karatsuba,E3,Green,20,0.05,109.515625,1.138687721862569,False
equal_calls,karatsuba,E3,Green,20,0.1,86.734375,1.4342685195823932,False
equal_calls,karatsuba,E3,Green,20,0.2,74.34375,2.173323500620619,False
equal_calls,karatsuba,E3,Green,20,0.5,74.34375,2.173323500620619,False
equal_calls,karatsuba,E3,Green,20,1.0,74.34375,2.173323500620619,False
equal_calls,karatsuba,E3,Green,21,0.0,109.515625,1.2458680086687117,False
equal_calls,karatsuba,E3,Green,21,0.01,109.515625,1.2458680086687117,False
equal_calls,karatsuba,E3,Green,21,0.02,109.515625,1.2458680086687117,False
equal_calls,karatsuba,E3,Green,21,0.05,109.515625,1.2458680086687117,False
equal_calls,karatsuba,E3,Green,21,0.1,109.515625,1.2458680086687117,False
equal_calls,karatsuba,E3,Green,21,0.2,86.734375,1.547386451876302,False
equal_calls,karatsuba,E3,Green,21,0.5,86.734375,1.547386451876302,False
equal_calls,karatsuba,E3,Green,21,1.0,74.34375,75.60456605503283,False
equal_calls,karatsuba,E3,Green,22,0.0,86.734375,1.5375370250618285,False
equal_calls,karatsuba,E3,Green,22,0.01,86.734375,1.5375370250618285,False
equal_calls,karatsuba,E3,Green,22,0.02,86.734375,1.5375370250618285,False
equal_calls,karatsuba,E3,Green,22,0.05,86.734375,1.5375370250618285,False
equal_calls,karatsuba,E3,Green,22,0.1,86.734375,1.5375370250618285,False
equal_calls,karatsuba,E3,Green,22,0.2,86.734375,1.5375370250618285,False
equal_calls,karatsuba,E3,Green,22,0.5,74.34375,12.48254017187487,False
equal_calls,karatsuba,E3,Green,22,1.0,74.34375,12.48254017187487,False
equal_calls,karatsuba,E3,Green,23,0.0,109.515625,1.3714728850373217,False
equal_calls,karatsuba,E3,Green,23,0.01,109.515625,1.3714728850373217,False
equal_calls,karatsuba,E3,Green,23,0.02,109.515625,1.3714728850373217,False
equal_calls,karatsuba,E3,Green,23,0.05,109.515625,1.3714728850373217,False
equal_calls,karatsuba,E3,Green,23,0.1,109.515625,1.3714728850373217,False
equal_calls,karatsuba,E3,Green,23,0.2,109.515625,1.3714728850373217,False
equal_calls,karatsuba,E3,Green,23,0.5,74.34375,12.636048921382182,False
equal_calls,karatsuba,E3,Green,23,1.0,74.34375,12.636048921382182,False
equal_calls,karatsuba,E3,Green,24,0.0,109.515625,1.1526913252349507,False
equal_calls,karatsuba,E3,Green,24,0.01,109.515625,1.1526913252349507,False
equal_calls,karatsuba,E3,Green,24,0.02,109.515625,1.1526913252349507,False
equal_calls,karatsuba,E3,Green,24,0.05,109.515625,1.1526913252349507,False
equal_calls,karatsuba,E3,Green,24,0.1,109.515625,1.1526913252349507,False
equal_calls,karatsuba,E3,Green,24,0.2,74.34375,7.364572833565354,False
equal_calls,karatsuba,E3,Green,24,0.5,74.34375,7.364572833565354,False
equal_calls,karatsuba,E3,Green,24,1.0,74.34375,7.364572833565354,False
equal_calls,karatsuba,E3,Green,25,0.0,109.515625,1.4778994592087247,False
equal_calls,karatsuba,E3,Green,25,0.01,109.515625,1.4778994592087247,False
equal_calls,karatsuba,E3,Green,25,0.02,109.515625,1.4778994592087247,False
equal_calls,karatsuba,E3,Green,25,0.05,109.515625,1.4778994592087247,False
equal_calls,karatsuba,E3,Green,25,0.1,109.515625,1.4778994592087247,False
equal_calls,karatsuba,E3,Green,25,0.2,86.734375,3.8490863990940056,False
equal_calls,karatsuba,E3,Green,25,0.5,74.34375,2.4810227370210542,False
equal_calls,karatsuba,E3,Green,25,1.0,74.34375,2.4810227370210542,False
equal_calls,karatsuba,E3,Green,26,0.0,133.296875,1.236514933634558,False
equal_calls,karatsuba,E3,Green,26,0.01,109.515625,1.2881936518532247,False
equal_calls,karatsuba,E3,Green,26,0.02,109.515625,1.2881936518532247,False
equal_calls,karatsuba,E3,Green,26,0.05,109.515625,1.2881936518532247,False
equal_calls,karatsuba,E3,Green,26,0.1,109.515625,1.2881936518532247,False
equal_calls,karatsuba,E3,Green,26,0.2,74.34375,7.364572833562802,False
equal_calls,karatsuba,E3,Green,26,0.5,74.34375,7.364572833562802,False
equal_calls,karatsuba,E3,Green,26,1.0,74.34375,7.364572833562802,False
equal_calls,karatsuba,E3,Green,27,0.0,109.515625,1.2031771338611859,False
equal_calls,karatsuba,E3,Green,27,0.01,109.515625,1.2031771338611859,False
equal_calls,karatsuba,E3,Green,27,0.02,109.515625,1.2031771338611859,False
equal_calls,karatsuba,E3,Green,27,0.05,109.515625,1.2031771338611859,False
equal_calls,karatsuba,E3,Green,27,0.1,109.515625,1.2031771338611859,False
equal_calls,karatsuba,E3,Green,27,0.2,86.734375,1.5903470501495443,False
equal_calls,karatsuba,E3,Green,27,0.5,74.34375,4.1373166248667195,False
equal_calls,karatsuba,E3,Green,27,1.0,74.34375,4.1373166248667195,False
equal_calls,karatsuba,E3,Green,28,0.0,86.734375,2.3969439364626797,False
equal_calls,karatsuba,E3,Green,28,0.01,86.734375,2.3969439364626797,False
equal_calls,karatsuba,E3,Green,28,0.02,86.734375,2.3969439364626797,False
equal_calls,karatsuba,E3,Green,28,0.05,86.734375,2.3969439364626797,False
equal_calls,karatsuba,E3,Green,28,0.1,74.34375,2.8987845805663115,False
equal_calls,karatsuba,E3,Green,28,0.2,74.34375,2.8987845805663115,False
equal_calls,karatsuba,E3,Green,28,0.5,74.34375,2.8987845805663115,False
equal_calls,karatsuba,E3,Green,28,1.0,74.34375,2.8987845805663115,False
equal_calls,karatsuba,E3,Green,29,0.0,109.515625,1.384353794924409,False
equal_calls,karatsuba,E3,Green,29,0.01,109.515625,1.384353794924409,False
equal_calls,karatsuba,E3,Green,29,0.02,109.515625,1.384353794924409,False
equal_calls,karatsuba,E3,Green,29,0.05,109.515625,1.384353794924409,False
equal_calls,karatsuba,E3,Green,29,0.1,109.515625,1.384353794924409,False
equal_calls,karatsuba,E3,Green,29,0.2,109.515625,1.384353794924409,False
equal_calls,karatsuba,E3,Green,29,0.5,74.34375,9.995462255563407,False
equal_calls,karatsuba,E3,Green,29,1.0,74.34375,9.995462255563407,False
equal_calls,karatsuba,E3,Pareto-terms,0,0.0,109.515625,1.0461309919447197,False
equal_calls,karatsuba,E3,Pareto-terms,0,0.01,109.515625,1.0461309919447197,False
equal_calls,karatsuba,E3,Pareto-terms,0,0.02,109.515625,1.0461309919447197,False
equal_calls,karatsuba,E3,Pareto-terms,0,0.05,109.515625,1.0461309919447197,False
equal_calls,karatsuba,E3,Pareto-terms,0,0.1,109.515625,1.0461309919447197,False
equal_calls,karatsuba,E3,Pareto-terms,0,0.2,109.515625,1.0461309919447197,False
equal_calls,karatsuba,E3,Pareto-terms,0,0.5,84.734375,1.106899467260149,False
equal_calls,karatsuba,E3,Pareto-terms,0,1.0,84.734375,1.106899467260149,False
equal_calls,karatsuba,E3,Pareto-terms,1,0.0,133.296875,inf,False
equal_calls,karatsuba,E3,Pareto-terms,1,0.01,133.296875,inf,False
equal_calls,karatsuba,E3,Pareto-terms,1,0.02,133.296875,inf,False
equal_calls,karatsuba,E3,Pareto-terms,1,0.05,133.296875,inf,False
equal_calls,karatsuba,E3,Pareto-terms,1,0.1,109.515625,1.197690971509784,False
equal_calls,karatsuba,E3,Pareto-terms,1,0.2,109.515625,1.197690971509784,False
equal_calls,karatsuba,E3,Pareto-terms,1,0.5,74.34375,12.63604892141433,False
equal_calls,karatsuba,E3,Pareto-terms,1,1.0,74.34375,12.63604892141433,False
equal_calls,karatsuba,E3,Pareto-terms,2,0.0,109.515625,1.7268150852082804,False
equal_calls,karatsuba,E3,Pareto-terms,2,0.01,109.515625,1.7268150852082804,False
equal_calls,karatsuba,E3,Pareto-terms,2,0.02,109.515625,1.7268150852082804,False
equal_calls,karatsuba,E3,Pareto-terms,2,0.05,109.515625,1.7268150852082804,False
equal_calls,karatsuba,E3,Pareto-terms,2,0.1,109.515625,1.7268150852082804,False
equal_calls,karatsuba,E3,Pareto-terms,2,0.2,109.515625,1.7268150852082804,False
equal_calls,karatsuba,E3,Pareto-terms,2,0.5,74.34375,11.426453683176497,False
equal_calls,karatsuba,E3,Pareto-terms,2,1.0,74.34375,11.426453683176497,False
equal_calls,karatsuba,E3,Pareto-terms,3,0.0,121.90625,1.3505296782262681,False
equal_calls,karatsuba,E3,Pareto-terms,3,0.01,109.515625,1.3276689598982652,False
equal_calls,karatsuba,E3,Pareto-terms,3,0.02,109.515625,1.3276689598982652,False
equal_calls,karatsuba,E3,Pareto-terms,3,0.05,109.515625,1.3276689598982652,False
equal_calls,karatsuba,E3,Pareto-terms,3,0.1,109.515625,1.3276689598982652,False
equal_calls,karatsuba,E3,Pareto-terms,3,0.2,109.515625,1.3276689598982652,False
equal_calls,karatsuba,E3,Pareto-terms,3,0.5,84.734375,0.8801682309199738,False
equal_calls,karatsuba,E3,Pareto-terms,3,1.0,84.734375,0.8801682309199738,False
equal_calls,karatsuba,E3,Pareto-terms,4,0.0,121.90625,1.3556520097687703,False
equal_calls,karatsuba,E3,Pareto-terms,4,0.01,109.515625,1.2550548780094937,False
equal_calls,karatsuba,E3,Pareto-terms,4,0.02,109.515625,1.2550548780094937,False
equal_calls,karatsuba,E3,Pareto-terms,4,0.05,109.515625,1.2550548780094937,False
equal_calls,karatsuba,E3,Pareto-terms,4,0.1,109.515625,1.2550548780094937,False
equal_calls,karatsuba,E3,Pareto-terms,4,0.2,109.515625,1.2550548780094937,False
equal_calls,karatsuba,E3,Pareto-terms,4,0.5,97.125,5.303935535690787,False
equal_calls,karatsuba,E3,Pareto-terms,4,1.0,84.734375,1.0206085268973304,False
equal_calls,karatsuba,E3,Pareto-terms,5,0.0,121.90625,inf,False
equal_calls,karatsuba,E3,Pareto-terms,5,0.01,121.90625,inf,False
equal_calls,karatsuba,E3,Pareto-terms,5,0.02,121.90625,inf,False
equal_calls,karatsuba,E3,Pareto-terms,5,0.05,109.515625,1.0335699113821262,False
equal_calls,karatsuba,E3,Pareto-terms,5,0.1,109.515625,1.0335699113821262,False
equal_calls,karatsuba,E3,Pareto-terms,5,0.2,109.515625,1.0335699113821262,False
equal_calls,karatsuba,E3,Pareto-terms,5,0.5,84.734375,0.7719645771087643,False
equal_calls,karatsuba,E3,Pareto-terms,5,1.0,84.734375,0.7719645771087643,False
equal_calls,karatsuba,E3,Pareto-terms,6,0.0,133.296875,1.224447693258512,False
equal_calls,karatsuba,E3,Pareto-terms,6,0.01,109.515625,1.1876592779551423,False
equal_calls,karatsuba,E3,Pareto-terms,6,0.02,109.515625,1.1876592779551423,False
equal_calls,karatsuba,E3,Pareto-terms,6,0.05,109.515625,1.1876592779551423,False
equal_calls,karatsuba,E3,Pareto-terms,6,0.1,109.515625,1.1876592779551423,False
equal_calls,karatsuba,E3,Pareto-terms,6,0.2,109.515625,1.1876592779551423,False
equal_calls,karatsuba,E3,Pareto-terms,6,0.5,97.125,12.058049067410376,False
equal_calls,karatsuba,E3,Pareto-terms,6,1.0,84.734375,18.440232489041325,False
equal_calls,karatsuba,E3,Pareto-terms,7,0.0,144.6875,0.8631469943739745,False
equal_calls,karatsuba,E3,Pareto-terms,7,0.01,144.6875,0.8631469943739745,False
equal_calls,karatsuba,E3,Pareto-terms,7,0.02,109.515625,1.2050556005083048,False
equal_calls,karatsuba,E3,Pareto-terms,7,0.05,109.515625,1.2050556005083048,False
equal_calls,karatsuba,E3,Pareto-terms,7,0.1,109.515625,1.2050556005083048,False
equal_calls,karatsuba,E3,Pareto-terms,7,0.2,109.515625,1.2050556005083048,False
equal_calls,karatsuba,E3,Pareto-terms,7,0.5,109.515625,1.2050556005083048,False
equal_calls,karatsuba,E3,Pareto-terms,7,1.0,84.734375,2.261080429126855,False
equal_calls,karatsuba,E3,Pareto-terms,8,0.0,109.515625,1.3025156350103855,False
equal_calls,karatsuba,E3,Pareto-terms,8,0.01,109.515625,1.3025156350103855,False
equal_calls,karatsuba,E3,Pareto-terms,8,0.02,109.515625,1.3025156350103855,False
equal_calls,karatsuba,E3,Pareto-terms,8,0.05,109.515625,1.3025156350103855,False
equal_calls,karatsuba,E3,Pareto-terms,8,0.1,109.515625,1.3025156350103855,False
equal_calls,karatsuba,E3,Pareto-terms,8,0.2,109.515625,1.3025156350103855,False
equal_calls,karatsuba,E3,Pareto-terms,8,0.5,97.125,2.797959827763853,False
equal_calls,karatsuba,E3,Pareto-terms,8,1.0,84.734375,2.8174287043980213,False
equal_calls,karatsuba,E3,Pareto-terms,9,0.0,190.25,0.032299032126128356,False
equal_calls,karatsuba,E3,Pareto-terms,9,0.01,190.25,0.032299032126128356,False
equal_calls,karatsuba,E3,Pareto-terms,9,0.02,190.25,0.032299032126128356,False
equal_calls,karatsuba,E3,Pareto-terms,9,0.05,190.25,0.032299032126128356,False
equal_calls,karatsuba,E3,Pareto-terms,9,0.1,155.078125,0.14377932806301183,False
equal_calls,karatsuba,E3,Pareto-terms,9,0.2,142.6875,inf,False
equal_calls,karatsuba,E3,Pareto-terms,9,0.5,107.515625,0.28234794258780893,False
equal_calls,karatsuba,E3,Pareto-terms,9,1.0,107.515625,0.28234794258780893,False
equal_calls,karatsuba,E3,Pareto-terms,10,0.0,121.90625,1.0814860030967781,False
equal_calls,karatsuba,E3,Pareto-terms,10,0.01,109.515625,1.0747005238624125,False
equal_calls,karatsuba,E3,Pareto-terms,10,0.02,109.515625,1.0747005238624125,False
equal_calls,karatsuba,E3,Pareto-terms,10,0.05,109.515625,1.0747005238624125,False
equal_calls,karatsuba,E3,Pareto-terms,10,0.1,109.515625,1.0747005238624125,False
equal_calls,karatsuba,E3,Pareto-terms,10,0.2,74.34375,6.083487610131344,False
equal_calls,karatsuba,E3,Pareto-terms,10,0.5,74.34375,6.083487610131344,False
equal_calls,karatsuba,E3,Pareto-terms,10,1.0,74.34375,6.083487610131344,False
equal_calls,karatsuba,E3,Pareto-terms,11,0.0,109.515625,1.545504912854941,False
equal_calls,karatsuba,E3,Pareto-terms,11,0.01,109.515625,1.545504912854941,False
equal_calls,karatsuba,E3,Pareto-terms,11,0.02,109.515625,1.545504912854941,False
equal_calls,karatsuba,E3,Pareto-terms,11,0.05,109.515625,1.545504912854941,False
equal_calls,karatsuba,E3,Pareto-terms,11,0.1,109.515625,1.545504912854941,False
equal_calls,karatsuba,E3,Pareto-terms,11,0.2,109.515625,1.545504912854941,False
equal_calls,karatsuba,E3,Pareto-terms,11,0.5,97.125,2.3066189219923654,False
equal_calls,karatsuba,E3,Pareto-terms,11,1.0,84.734375,44.6368892327444,False
equal_calls,karatsuba,E3,Pareto-terms,12,0.0,109.515625,1.2351420869547782,False
equal_calls,karatsuba,E3,Pareto-terms,12,0.01,109.515625,1.2351420869547782,False
equal_calls,karatsuba,E3,Pareto-terms,12,0.02,109.515625,1.2351420869547782,False
equal_calls,karatsuba,E3,Pareto-terms,12,0.05,109.515625,1.2351420869547782,False
equal_calls,karatsuba,E3,Pareto-terms,12,0.1,109.515625,1.2351420869547782,False
equal_calls,karatsuba,E3,Pareto-terms,12,0.2,109.515625,1.2351420869547782,False
equal_calls,karatsuba,E3,Pareto-terms,12,0.5,97.125,2.9736878288349757,False
equal_calls,karatsuba,E3,Pareto-terms,12,1.0,84.734375,inf,False
equal_calls,karatsuba,E3,Pareto-terms,13,0.0,109.515625,1.4742500422892846,False
equal_calls,karatsuba,E3,Pareto-terms,13,0.01,109.515625,1.4742500422892846,False
equal_calls,karatsuba,E3,Pareto-terms,13,0.02,109.515625,1.4742500422892846,False
equal_calls,karatsuba,E3,Pareto-terms,13,0.05,109.515625,1.4742500422892846,False
equal_calls,karatsuba,E3,Pareto-terms,13,0.1,109.515625,1.4742500422892846,False
equal_calls,karatsuba,E3,Pareto-terms,13,0.2,109.515625,1.4742500422892846,False
equal_calls,karatsuba,E3,Pareto-terms,13,0.5,97.125,1.7035186783375385,False
equal_calls,karatsuba,E3,Pareto-terms,13,1.0,84.734375,3.566843975823091,False
equal_calls,karatsuba,E3,Pareto-terms,14,0.0,133.296875,1.2117161945720074,False
equal_calls,karatsuba,E3,Pareto-terms,14,0.01,109.515625,1.2069838106068937,False
equal_calls,karatsuba,E3,Pareto-terms,14,0.02,109.515625,1.2069838106068937,False
equal_calls,karatsuba,E3,Pareto-terms,14,0.05,109.515625,1.2069838106068937,False
equal_calls,karatsuba,E3,Pareto-terms,14,0.1,109.515625,1.2069838106068937,False
equal_calls,karatsuba,E3,Pareto-terms,14,0.2,109.515625,1.2069838106068937,False
equal_calls,karatsuba,E3,Pareto-terms,14,0.5,97.125,30.15464203228255,False
equal_calls,karatsuba,E3,Pareto-terms,14,1.0,84.734375,1.2425628547499508,False
equal_calls,karatsuba,E3,Pareto-terms,15,0.0,109.515625,inf,False
equal_calls,karatsuba,E3,Pareto-terms,15,0.01,109.515625,inf,False
equal_calls,karatsuba,E3,Pareto-terms,15,0.02,109.515625,inf,False
equal_calls,karatsuba,E3,Pareto-terms,15,0.05,109.515625,inf,False
equal_calls,karatsuba,E3,Pareto-terms,15,0.1,109.515625,inf,False
equal_calls,karatsuba,E3,Pareto-terms,15,0.2,109.515625,inf,False
equal_calls,karatsuba,E3,Pareto-terms,15,0.5,74.34375,9.357567611539858,False
equal_calls,karatsuba,E3,Pareto-terms,15,1.0,74.34375,9.357567611539858,False
equal_calls,karatsuba,E3,Pareto-terms,16,0.0,109.515625,1.1726055387838763,False
equal_calls,karatsuba,E3,Pareto-terms,16,0.01,109.515625,1.1726055387838763,False
equal_calls,karatsuba,E3,Pareto-terms,16,0.02,109.515625,1.1726055387838763,False
equal_calls,karatsuba,E3,Pareto-terms,16,0.05,109.515625,1.1726055387838763,False
equal_calls,karatsuba,E3,Pareto-terms,16,0.1,109.515625,1.1726055387838763,False
equal_calls,karatsuba,E3,Pareto-terms,16,0.2,109.515625,1.1726055387838763,False
equal_calls,karatsuba,E3,Pareto-terms,16,0.5,97.125,13.872679703635178,False
equal_calls,karatsuba,E3,Pareto-terms,16,1.0,84.734375,2.3065494188412754,False
equal_calls,karatsuba,E3,Pareto-terms,17,0.0,109.515625,1.1473612035619547,False
equal_calls,karatsuba,E3,Pareto-terms,17,0.01,109.515625,1.1473612035619547,False
equal_calls,karatsuba,E3,Pareto-terms,17,0.02,109.515625,1.1473612035619547,False
equal_calls,karatsuba,E3,Pareto-terms,17,0.05,109.515625,1.1473612035619547,False
equal_calls,karatsuba,E3,Pareto-terms,17,0.1,109.515625,1.1473612035619547,False
equal_calls,karatsuba,E3,Pareto-terms,17,0.2,109.515625,1.1473612035619547,False
equal_calls,karatsuba,E3,Pareto-terms,17,0.5,74.34375,37.12459833775827,False
equal_calls,karatsuba,E3,Pareto-terms,17,1.0,74.34375,37.12459833775827,False
equal_calls,karatsuba,E3,Pareto-terms,18,0.0,109.515625,inf,False
equal_calls,karatsuba,E3,Pareto-terms,18,0.01,109.515625,inf,False
equal_calls,karatsuba,E3,Pareto-terms,18,0.02,109.515625,inf,False
equal_calls,karatsuba,E3,Pareto-terms,18,0.05,109.515625,inf,False
equal_calls,karatsuba,E3,Pareto-terms,18,0.1,109.515625,inf,False
equal_calls,karatsuba,E3,Pareto-terms,18,0.2,74.34375,7.3645728335899445,False
equal_calls,karatsuba,E3,Pareto-terms,18,0.5,74.34375,7.3645728335899445,False
equal_calls,karatsuba,E3,Pareto-terms,18,1.0,74.34375,7.3645728335899445,False
equal_calls,karatsuba,E3,Pareto-terms,19,0.0,133.296875,1.3890848272831633,False
equal_calls,karatsuba,E3,Pareto-terms,19,0.01,133.296875,1.3890848272831633,False
equal_calls,karatsuba,E3,Pareto-terms,19,0.02,133.296875,1.3890848272831633,False
equal_calls,karatsuba,E3,Pareto-terms,19,0.05,109.515625,1.1840154997834973,False
equal_calls,karatsuba,E3,Pareto-terms,19,0.1,109.515625,1.1840154997834973,False
equal_calls,karatsuba,E3,Pareto-terms,19,0.2,109.515625,1.1840154997834973,False
equal_calls,karatsuba,E3,Pareto-terms,19,0.5,74.34375,3.2849094834406762,False
equal_calls,karatsuba,E3,Pareto-terms,19,1.0,74.34375,3.2849094834406762,False
equal_calls,karatsuba,E3,Pareto-terms,20,0.0,133.296875,0.8275129258343256,False
equal_calls,karatsuba,E3,Pareto-terms,20,0.01,109.515625,0.906026658737162,False
equal_calls,karatsuba,E3,Pareto-terms,20,0.02,109.515625,0.906026658737162,False
equal_calls,karatsuba,E3,Pareto-terms,20,0.05,109.515625,0.906026658737162,False
equal_calls,karatsuba,E3,Pareto-terms,20,0.1,109.515625,0.906026658737162,False
equal_calls,karatsuba,E3,Pareto-terms,20,0.2,109.515625,0.906026658737162,False
equal_calls,karatsuba,E3,Pareto-terms,20,0.5,84.734375,2.042009996813194,False
equal_calls,karatsuba,E3,Pareto-terms,20,1.0,84.734375,2.042009996813194,False
equal_calls,karatsuba,E3,Pareto-terms,21,0.0,133.296875,3.356379838949135,False
equal_calls,karatsuba,E3,Pareto-terms,21,0.01,133.296875,3.356379838949135,False
equal_calls,karatsuba,E3,Pareto-terms,21,0.02,109.515625,1.170080388411654,False
equal_calls,karatsuba,E3,Pareto-terms,21,0.05,109.515625,1.170080388411654,False
equal_calls,karatsuba,E3,Pareto-terms,21,0.1,109.515625,1.170080388411654,False
equal_calls,karatsuba,E3,Pareto-terms,21,0.2,109.515625,1.170080388411654,False
equal_calls,karatsuba,E3,Pareto-terms,21,0.5,97.125,2.290142037165022,False
equal_calls,karatsuba,E3,Pareto-terms,21,1.0,84.734375,0.8679407868376384,False
equal_calls,karatsuba,E3,Pareto-terms,22,0.0,190.25,inf,False
equal_calls,karatsuba,E3,Pareto-terms,22,0.01,190.25,inf,False
equal_calls,karatsuba,E3,Pareto-terms,22,0.02,190.25,inf,False
equal_calls,karatsuba,E3,Pareto-terms,22,0.05,190.25,inf,False
equal_calls,karatsuba,E3,Pareto-terms,22,0.1,142.6875,0.0524340490206433,False
equal_calls,karatsuba,E3,Pareto-terms,22,0.2,142.6875,0.0524340490206433,False
equal_calls,karatsuba,E3,Pareto-terms,22,0.5,130.296875,0.05940937894913211,False
equal_calls,karatsuba,E3,Pareto-terms,22,1.0,130.296875,0.05940937894913211,False
equal_calls,karatsuba,E3,Pareto-terms,23,0.0,167.46875,0.21924931340053197,False
equal_calls,karatsuba,E3,Pareto-terms,23,0.01,167.46875,0.21924931340053197,False
equal_calls,karatsuba,E3,Pareto-terms,23,0.02,167.46875,0.21924931340053197,False
equal_calls,karatsuba,E3,Pareto-terms,23,0.05,132.296875,0.270033112892764,False
equal_calls,karatsuba,E3,Pareto-terms,23,0.1,132.296875,0.270033112892764,False
equal_calls,karatsuba,E3,Pareto-terms,23,0.2,132.296875,0.270033112892764,False
equal_calls,karatsuba,E3,Pareto-terms,23,0.5,132.296875,0.270033112892764,False
equal_calls,karatsuba,E3,Pareto-terms,23,1.0,132.296875,0.270033112892764,False
equal_calls,karatsuba,E3,Pareto-terms,24,0.0,109.515625,1.4296840167755989,False
equal_calls,karatsuba,E3,Pareto-terms,24,0.01,109.515625,1.4296840167755989,False
equal_calls,karatsuba,E3,Pareto-terms,24,0.02,109.515625,1.4296840167755989,False
equal_calls,karatsuba,E3,Pareto-terms,24,0.05,109.515625,1.4296840167755989,False
equal_calls,karatsuba,E3,Pareto-terms,24,0.1,109.515625,1.4296840167755989,False
equal_calls,karatsuba,E3,Pareto-terms,24,0.2,109.515625,1.4296840167755989,False
equal_calls,karatsuba,E3,Pareto-terms,24,0.5,97.125,13.872679706732166,False
equal_calls,karatsuba,E3,Pareto-terms,24,1.0,84.734375,3.5668439757432444,False
equal_calls,karatsuba,E3,Pareto-terms,25,0.0,109.515625,inf,False
equal_calls,karatsuba,E3,Pareto-terms,25,0.01,109.515625,inf,False
equal_calls,karatsuba,E3,Pareto-terms,25,0.02,109.515625,inf,False
equal_calls,karatsuba,E3,Pareto-terms,25,0.05,109.515625,inf,False
equal_calls,karatsuba,E3,Pareto-terms,25,0.1,109.515625,inf,False
equal_calls,karatsuba,E3,Pareto-terms,25,0.2,109.515625,inf,False
equal_calls,karatsuba,E3,Pareto-terms,25,0.5,97.125,13.87267970531066,False
equal_calls,karatsuba,E3,Pareto-terms,25,1.0,84.734375,3.7931569552302093,False
equal_calls,karatsuba,E3,Pareto-terms,26,0.0,109.515625,inf,False
equal_calls,karatsuba,E3,Pareto-terms,26,0.01,109.515625,inf,False
equal_calls,karatsuba,E3,Pareto-terms,26,0.02,109.515625,inf,False
equal_calls,karatsuba,E3,Pareto-terms,26,0.05,109.515625,inf,False
equal_calls,karatsuba,E3,Pareto-terms,26,0.1,109.515625,inf,False
equal_calls,karatsuba,E3,Pareto-terms,26,0.2,109.515625,inf,False
equal_calls,karatsuba,E3,Pareto-terms,26,0.5,109.515625,inf,False
equal_calls,karatsuba,E3,Pareto-terms,26,1.0,84.734375,1.0206085269056946,False
equal_calls,karatsuba,E3,Pareto-terms,27,0.0,109.515625,1.2877018126126032,False
equal_calls,karatsuba,E3,Pareto-terms,27,0.01,109.515625,1.2877018126126032,False
equal_calls,karatsuba,E3,Pareto-terms,27,0.02,109.515625,1.2877018126126032,False
equal_calls,karatsuba,E3,Pareto-terms,27,0.05,109.515625,1.2877018126126032,False
equal_calls,karatsuba,E3,Pareto-terms,27,0.1,109.515625,1.2877018126126032,False
equal_calls,karatsuba,E3,Pareto-terms,27,0.2,109.515625,1.2877018126126032,False
equal_calls,karatsuba,E3,Pareto-terms,27,0.5,74.34375,22.691011322736163,False
equal_calls,karatsuba,E3,Pareto-terms,27,1.0,74.34375,22.691011322736163,False
equal_calls,karatsuba,E3,Pareto-terms,28,0.0,109.515625,1.1900456995045323,False
equal_calls,karatsuba,E3,Pareto-terms,28,0.01,109.515625,1.1900456995045323,False
equal_calls,karatsuba,E3,Pareto-terms,28,0.02,109.515625,1.1900456995045323,False
equal_calls,karatsuba,E3,Pareto-terms,28,0.05,109.515625,1.1900456995045323,False
equal_calls,karatsuba,E3,Pareto-terms,28,0.1,109.515625,1.1900456995045323,False
equal_calls,karatsuba,E3,Pareto-terms,28,0.2,109.515625,1.1900456995045323,False
equal_calls,karatsuba,E3,Pareto-terms,28,0.5,97.125,3.0718756734693065,False
equal_calls,karatsuba,E3,Pareto-terms,28,1.0,84.734375,0.5096370975564264,False
equal_calls,karatsuba,E3,Pareto-terms,29,0.0,167.46875,0.3774349345421184,False
equal_calls,karatsuba,E3,Pareto-terms,29,0.01,132.296875,0.44103144105950387,False
equal_calls,karatsuba,E3,Pareto-terms,29,0.02,119.90625,0.33362148481031667,False
equal_calls,karatsuba,E3,Pareto-terms,29,0.05,107.515625,0.5151382644042416,False
equal_calls,karatsuba,E3,Pareto-terms,29,0.1,107.515625,0.5151382644042416,False
equal_calls,karatsuba,E3,Pareto-terms,29,0.2,107.515625,0.5151382644042416,False
equal_calls,karatsuba,E3,Pareto-terms,29,0.5,107.515625,0.5151382644042416,False
equal_calls,karatsuba,E3,Pareto-terms,29,1.0,107.515625,0.5151382644042416,False
equal_calls,karatsuba,E3,Pareto-nodes,0,0.0,109.515625,1.371472885306109,False
equal_calls,karatsuba,E3,Pareto-nodes,0,0.01,109.515625,1.371472885306109,False
equal_calls,karatsuba,E3,Pareto-nodes,0,0.02,109.515625,1.371472885306109,False
equal_calls,karatsuba,E3,Pareto-nodes,0,0.05,109.515625,1.371472885306109,False
equal_calls,karatsuba,E3,Pareto-nodes,0,0.1,109.515625,1.371472885306109,False
equal_calls,karatsuba,E3,Pareto-nodes,0,0.2,109.515625,1.371472885306109,False
equal_calls,karatsuba,E3,Pareto-nodes,0,0.5,86.734375,1.3919962050805543,False
equal_calls,karatsuba,E3,Pareto-nodes,0,1.0,86.734375,1.3919962050805543,False
equal_calls,karatsuba,E3,Pareto-nodes,1,0.0,133.296875,1.3282581695628235,False
equal_calls,karatsuba,E3,Pareto-nodes,1,0.01,133.296875,1.3282581695628235,False
equal_calls,karatsuba,E3,Pareto-nodes,1,0.02,109.515625,1.3181635508748608,False
equal_calls,karatsuba,E3,Pareto-nodes,1,0.05,109.515625,1.3181635508748608,False
equal_calls,karatsuba,E3,Pareto-nodes,1,0.1,86.734375,1.4617509145624445,False
equal_calls,karatsuba,E3,Pareto-nodes,1,0.2,86.734375,1.4617509145624445,False
equal_calls,karatsuba,E3,Pareto-nodes,1,0.5,86.734375,1.4617509145624445,False
equal_calls,karatsuba,E3,Pareto-nodes,1,1.0,86.734375,1.4617509145624445,False
equal_calls,karatsuba,E3,Pareto-nodes,2,0.0,86.734375,1.4528658292621515,False
equal_calls,karatsuba,E3,Pareto-nodes,2,0.01,86.734375,1.4528658292621515,False
equal_calls,karatsuba,E3,Pareto-nodes,2,0.02,86.734375,1.4528658292621515,False
equal_calls,karatsuba,E3,Pareto-nodes,2,0.05,86.734375,1.4528658292621515,False
equal_calls,karatsuba,E3,Pareto-nodes,2,0.1,86.734375,1.4528658292621515,False
equal_calls,karatsuba,E3,Pareto-nodes,2,0.2,86.734375,1.4528658292621515,False
equal_calls,karatsuba,E3,Pareto-nodes,2,0.5,86.734375,1.4528658292621515,False
equal_calls,karatsuba,E3,Pareto-nodes,2,1.0,86.734375,1.4528658292621515,False
equal_calls,karatsuba,E3,Pareto-nodes,3,0.0,121.90625,1.1022216075166724,False
equal_calls,karatsuba,E3,Pareto-nodes,3,0.01,121.90625,1.1022216075166724,False
equal_calls,karatsuba,E3,Pareto-nodes,3,0.02,121.90625,1.1022216075166724,False
equal_calls,karatsuba,E3,Pareto-nodes,3,0.05,86.734375,1.510805559431249,False
equal_calls,karatsuba,E3,Pareto-nodes,3,0.1,86.734375,1.510805559431249,False
equal_calls,karatsuba,E3,Pareto-nodes,3,0.2,86.734375,1.510805559431249,False
equal_calls,karatsuba,E3,Pareto-nodes,3,0.5,86.734375,1.510805559431249,False
equal_calls,karatsuba,E3,Pareto-nodes,3,1.0,86.734375,1.510805559431249,False
equal_calls,karatsuba,E3,Pareto-nodes,4,0.0,86.734375,1.4565616308330942,False
equal_calls,karatsuba,E3,Pareto-nodes,4,0.01,86.734375,1.4565616308330942,False
equal_calls,karatsuba,E3,Pareto-nodes,4,0.02,86.734375,1.4565616308330942,False
equal_calls,karatsuba,E3,Pareto-nodes,4,0.05,86.734375,1.4565616308330942,False
equal_calls,karatsuba,E3,Pareto-nodes,4,0.1,86.734375,1.4565616308330942,False
equal_calls,karatsuba,E3,Pareto-nodes,4,0.2,86.734375,1.4565616308330942,False
equal_calls,karatsuba,E3,Pareto-nodes,4,0.5,86.734375,1.4565616308330942,False
equal_calls,karatsuba,E3,Pareto-nodes,4,1.0,86.734375,1.4565616308330942,False
equal_calls,karatsuba,E3,Pareto-nodes,5,0.0,86.734375,1.5189111260114148,False
equal_calls,karatsuba,E3,Pareto-nodes,5,0.01,86.734375,1.5189111260114148,False
equal_calls,karatsuba,E3,Pareto-nodes,5,0.02,86.734375,1.5189111260114148,False
equal_calls,karatsuba,E3,Pareto-nodes,5,0.05,86.734375,1.5189111260114148,False
equal_calls,karatsuba,E3,Pareto-nodes,5,0.1,86.734375,1.5189111260114148,False
equal_calls,karatsuba,E3,Pareto-nodes,5,0.2,86.734375,1.5189111260114148,False
equal_calls,karatsuba,E3,Pareto-nodes,5,0.5,86.734375,1.5189111260114148,False
equal_calls,karatsuba,E3,Pareto-nodes,5,1.0,86.734375,1.5189111260114148,False
equal_calls,karatsuba,E3,Pareto-nodes,6,0.0,86.734375,1.4245364143107146,False
equal_calls,karatsuba,E3,Pareto-nodes,6,0.01,86.734375,1.4245364143107146,False
equal_calls,karatsuba,E3,Pareto-nodes,6,0.02,86.734375,1.4245364143107146,False
equal_calls,karatsuba,E3,Pareto-nodes,6,0.05,86.734375,1.4245364143107146,False
equal_calls,karatsuba,E3,Pareto-nodes,6,0.1,86.734375,1.4245364143107146,False
equal_calls,karatsuba,E3,Pareto-nodes,6,0.2,86.734375,1.4245364143107146,False
equal_calls,karatsuba,E3,Pareto-nodes,6,0.5,86.734375,1.4245364143107146,False
equal_calls,karatsuba,E3,Pareto-nodes,6,1.0,86.734375,1.4245364143107146,False
equal_calls,karatsuba,E3,Pareto-nodes,7,0.0,86.734375,1.424536414309211,False
equal_calls,karatsuba,E3,Pareto-nodes,7,0.01,86.734375,1.424536414309211,False
equal_calls,karatsuba,E3,Pareto-nodes,7,0.02,86.734375,1.424536414309211,False
equal_calls,karatsuba,E3,Pareto-nodes,7,0.05,86.734375,1.424536414309211,False
equal_calls,karatsuba,E3,Pareto-nodes,7,0.1,86.734375,1.424536414309211,False
equal_calls,karatsuba,E3,Pareto-nodes,7,0.2,86.734375,1.424536414309211,False
equal_calls,karatsuba,E3,Pareto-nodes,7,0.5,86.734375,1.424536414309211,False
equal_calls,karatsuba,E3,Pareto-nodes,7,1.0,86.734375,1.424536414309211,False
equal_calls,karatsuba,E3,Pareto-nodes,8,0.0,86.734375,1.4245364143112071,False
equal_calls,karatsuba,E3,Pareto-nodes,8,0.01,86.734375,1.4245364143112071,False
equal_calls,karatsuba,E3,Pareto-nodes,8,0.02,86.734375,1.4245364143112071,False
equal_calls,karatsuba,E3,Pareto-nodes,8,0.05,86.734375,1.4245364143112071,False
equal_calls,karatsuba,E3,Pareto-nodes,8,0.1,86.734375,1.4245364143112071,False
equal_calls,karatsuba,E3,Pareto-nodes,8,0.2,86.734375,1.4245364143112071,False
equal_calls,karatsuba,E3,Pareto-nodes,8,0.5,86.734375,1.4245364143112071,False
equal_calls,karatsuba,E3,Pareto-nodes,8,1.0,86.734375,1.4245364143112071,False
equal_calls,karatsuba,E3,Pareto-nodes,9,0.0,109.515625,1.1935312738040122,False
equal_calls,karatsuba,E3,Pareto-nodes,9,0.01,109.515625,1.1935312738040122,False
equal_calls,karatsuba,E3,Pareto-nodes,9,0.02,109.515625,1.1935312738040122,False
equal_calls,karatsuba,E3,Pareto-nodes,9,0.05,109.515625,1.1935312738040122,False
equal_calls,karatsuba,E3,Pareto-nodes,9,0.1,109.515625,1.1935312738040122,False
equal_calls,karatsuba,E3,Pareto-nodes,9,0.2,86.734375,1.3919962050816932,False
equal_calls,karatsuba,E3,Pareto-nodes,9,0.5,86.734375,1.3919962050816932,False
equal_calls,karatsuba,E3,Pareto-nodes,9,1.0,86.734375,1.3919962050816932,False
equal_calls,karatsuba,E3,Pareto-nodes,10,0.0,86.734375,1.4546166097087225,False
equal_calls,karatsuba,E3,Pareto-nodes,10,0.01,86.734375,1.4546166097087225,False
equal_calls,karatsuba,E3,Pareto-nodes,10,0.02,86.734375,1.4546166097087225,False
equal_calls,karatsuba,E3,Pareto-nodes,10,0.05,86.734375,1.4546166097087225,False
equal_calls,karatsuba,E3,Pareto-nodes,10,0.1,86.734375,1.4546166097087225,False
equal_calls,karatsuba,E3,Pareto-nodes,10,0.2,86.734375,1.4546166097087225,False
equal_calls,karatsuba,E3,Pareto-nodes,10,0.5,86.734375,1.4546166097087225,False
equal_calls,karatsuba,E3,Pareto-nodes,10,1.0,86.734375,1.4546166097087225,False
equal_calls,karatsuba,E3,Pareto-nodes,11,0.0,109.515625,1.0874038205225713,False
equal_calls,karatsuba,E3,Pareto-nodes,11,0.01,109.515625,1.0874038205225713,False
equal_calls,karatsuba,E3,Pareto-nodes,11,0.02,109.515625,1.0874038205225713,False
equal_calls,karatsuba,E3,Pareto-nodes,11,0.05,109.515625,1.0874038205225713,False
equal_calls,karatsuba,E3,Pareto-nodes,11,0.1,86.734375,1.4994673311256368,False
equal_calls,karatsuba,E3,Pareto-nodes,11,0.2,86.734375,1.4994673311256368,False
equal_calls,karatsuba,E3,Pareto-nodes,11,0.5,86.734375,1.4994673311256368,False
equal_calls,karatsuba,E3,Pareto-nodes,11,1.0,86.734375,1.4994673311256368,False
equal_calls,karatsuba,E3,Pareto-nodes,12,0.0,86.734375,1.4095959796661124,False
equal_calls,karatsuba,E3,Pareto-nodes,12,0.01,86.734375,1.4095959796661124,False
equal_calls,karatsuba,E3,Pareto-nodes,12,0.02,86.734375,1.4095959796661124,False
equal_calls,karatsuba,E3,Pareto-nodes,12,0.05,86.734375,1.4095959796661124,False
equal_calls,karatsuba,E3,Pareto-nodes,12,0.1,86.734375,1.4095959796661124,False
equal_calls,karatsuba,E3,Pareto-nodes,12,0.2,86.734375,1.4095959796661124,False
equal_calls,karatsuba,E3,Pareto-nodes,12,0.5,86.734375,1.4095959796661124,False
equal_calls,karatsuba,E3,Pareto-nodes,12,1.0,86.734375,1.4095959796661124,False
equal_calls,karatsuba,E3,Pareto-nodes,13,0.0,86.734375,1.473012198253683,False
equal_calls,karatsuba,E3,Pareto-nodes,13,0.01,86.734375,1.473012198253683,False
equal_calls,karatsuba,E3,Pareto-nodes,13,0.02,86.734375,1.473012198253683,False
equal_calls,karatsuba,E3,Pareto-nodes,13,0.05,86.734375,1.473012198253683,False
equal_calls,karatsuba,E3,Pareto-nodes,13,0.1,86.734375,1.473012198253683,False
equal_calls,karatsuba,E3,Pareto-nodes,13,0.2,86.734375,1.473012198253683,False
equal_calls,karatsuba,E3,Pareto-nodes,13,0.5,86.734375,1.473012198253683,False
equal_calls,karatsuba,E3,Pareto-nodes,13,1.0,86.734375,1.473012198253683,False
equal_calls,karatsuba,E3,Pareto-nodes,14,0.0,133.296875,1.150384234253165,False
equal_calls,karatsuba,E3,Pareto-nodes,14,0.01,133.296875,1.150384234253165,False
equal_calls,karatsuba,E3,Pareto-nodes,14,0.02,133.296875,1.150384234253165,False
equal_calls,karatsuba,E3,Pareto-nodes,14,0.05,109.515625,1.0126459642318393,False
equal_calls,karatsuba,E3,Pareto-nodes,14,0.1,109.515625,1.0126459642318393,False
equal_calls,karatsuba,E3,Pareto-nodes,14,0.2,86.734375,1.3919962050742944,False
equal_calls,karatsuba,E3,Pareto-nodes,14,0.5,86.734375,1.3919962050742944,False
equal_calls,karatsuba,E3,Pareto-nodes,14,1.0,86.734375,1.3919962050742944,False
equal_calls,karatsuba,E3,Pareto-nodes,15,0.0,86.734375,1.4617509145611625,False
equal_calls,karatsuba,E3,Pareto-nodes,15,0.01,86.734375,1.4617509145611625,False
equal_calls,karatsuba,E3,Pareto-nodes,15,0.02,86.734375,1.4617509145611625,False
equal_calls,karatsuba,E3,Pareto-nodes,15,0.05,86.734375,1.4617509145611625,False
equal_calls,karatsuba,E3,Pareto-nodes,15,0.1,86.734375,1.4617509145611625,False
equal_calls,karatsuba,E3,Pareto-nodes,15,0.2,86.734375,1.4617509145611625,False
equal_calls,karatsuba,E3,Pareto-nodes,15,0.5,86.734375,1.4617509145611625,False
equal_calls,karatsuba,E3,Pareto-nodes,15,1.0,86.734375,1.4617509145611625,False
equal_calls,karatsuba,E3,Pareto-nodes,16,0.0,86.734375,1.4245364143095023,False
equal_calls,karatsuba,E3,Pareto-nodes,16,0.01,86.734375,1.4245364143095023,False
equal_calls,karatsuba,E3,Pareto-nodes,16,0.02,86.734375,1.4245364143095023,False
equal_calls,karatsuba,E3,Pareto-nodes,16,0.05,86.734375,1.4245364143095023,False
equal_calls,karatsuba,E3,Pareto-nodes,16,0.1,86.734375,1.4245364143095023,False
equal_calls,karatsuba,E3,Pareto-nodes,16,0.2,86.734375,1.4245364143095023,False
equal_calls,karatsuba,E3,Pareto-nodes,16,0.5,86.734375,1.4245364143095023,False
equal_calls,karatsuba,E3,Pareto-nodes,16,1.0,86.734375,1.4245364143095023,False
equal_calls,karatsuba,E3,Pareto-nodes,17,0.0,86.734375,1.452865829263168,False
equal_calls,karatsuba,E3,Pareto-nodes,17,0.01,86.734375,1.452865829263168,False
equal_calls,karatsuba,E3,Pareto-nodes,17,0.02,86.734375,1.452865829263168,False
equal_calls,karatsuba,E3,Pareto-nodes,17,0.05,86.734375,1.452865829263168,False
equal_calls,karatsuba,E3,Pareto-nodes,17,0.1,86.734375,1.452865829263168,False
equal_calls,karatsuba,E3,Pareto-nodes,17,0.2,86.734375,1.452865829263168,False
equal_calls,karatsuba,E3,Pareto-nodes,17,0.5,86.734375,1.452865829263168,False
equal_calls,karatsuba,E3,Pareto-nodes,17,1.0,86.734375,1.452865829263168,False
equal_calls,karatsuba,E3,Pareto-nodes,18,0.0,121.90625,1.3364762832313215,False
equal_calls,karatsuba,E3,Pareto-nodes,18,0.01,121.90625,1.3364762832313215,False
equal_calls,karatsuba,E3,Pareto-nodes,18,0.02,121.90625,1.3364762832313215,False
equal_calls,karatsuba,E3,Pareto-nodes,18,0.05,109.515625,1.0425688821878254,False
equal_calls,karatsuba,E3,Pareto-nodes,18,0.1,86.734375,1.4791563122456395,False
equal_calls,karatsuba,E3,Pareto-nodes,18,0.2,86.734375,1.4791563122456395,False
equal_calls,karatsuba,E3,Pareto-nodes,18,0.5,86.734375,1.4791563122456395,False
equal_calls,karatsuba,E3,Pareto-nodes,18,1.0,86.734375,1.4791563122456395,False
equal_calls,karatsuba,E3,Pareto-nodes,19,0.0,86.734375,1.4245364143096149,False
equal_calls,karatsuba,E3,Pareto-nodes,19,0.01,86.734375,1.4245364143096149,False
equal_calls,karatsuba,E3,Pareto-nodes,19,0.02,86.734375,1.4245364143096149,False
equal_calls,karatsuba,E3,Pareto-nodes,19,0.05,86.734375,1.4245364143096149,False
equal_calls,karatsuba,E3,Pareto-nodes,19,0.1,86.734375,1.4245364143096149,False
equal_calls,karatsuba,E3,Pareto-nodes,19,0.2,86.734375,1.4245364143096149,False
equal_calls,karatsuba,E3,Pareto-nodes,19,0.5,86.734375,1.4245364143096149,False
equal_calls,karatsuba,E3,Pareto-nodes,19,1.0,86.734375,1.4245364143096149,False
equal_calls,karatsuba,E3,Pareto-nodes,20,0.0,86.734375,1.4245364143134607,False
equal_calls,karatsuba,E3,Pareto-nodes,20,0.01,86.734375,1.4245364143134607,False
equal_calls,karatsuba,E3,Pareto-nodes,20,0.02,86.734375,1.4245364143134607,False
equal_calls,karatsuba,E3,Pareto-nodes,20,0.05,86.734375,1.4245364143134607,False
equal_calls,karatsuba,E3,Pareto-nodes,20,0.1,86.734375,1.4245364143134607,False
equal_calls,karatsuba,E3,Pareto-nodes,20,0.2,86.734375,1.4245364143134607,False
equal_calls,karatsuba,E3,Pareto-nodes,20,0.5,86.734375,1.4245364143134607,False
equal_calls,karatsuba,E3,Pareto-nodes,20,1.0,86.734375,1.4245364143134607,False
equal_calls,karatsuba,E3,Pareto-nodes,21,0.0,133.296875,1.4173685629568207,False
equal_calls,karatsuba,E3,Pareto-nodes,21,0.01,109.515625,1.4154531407343445,False
equal_calls,karatsuba,E3,Pareto-nodes,21,0.02,109.515625,1.4154531407343445,False
equal_calls,karatsuba,E3,Pareto-nodes,21,0.05,109.515625,1.4154531407343445,False
equal_calls,karatsuba,E3,Pareto-nodes,21,0.1,86.734375,1.424536414309473,False
equal_calls,karatsuba,E3,Pareto-nodes,21,0.2,86.734375,1.424536414309473,False
equal_calls,karatsuba,E3,Pareto-nodes,21,0.5,86.734375,1.424536414309473,False
equal_calls,karatsuba,E3,Pareto-nodes,21,1.0,86.734375,1.424536414309473,False
equal_calls,karatsuba,E3,Pareto-nodes,22,0.0,121.90625,1.2114047907777283,False
equal_calls,karatsuba,E3,Pareto-nodes,22,0.01,121.90625,1.2114047907777283,False
equal_calls,karatsuba,E3,Pareto-nodes,22,0.02,121.90625,1.2114047907777283,False
equal_calls,karatsuba,E3,Pareto-nodes,22,0.05,121.90625,1.2114047907777283,False
equal_calls,karatsuba,E3,Pareto-nodes,22,0.1,86.734375,1.4245364143131878,False
equal_calls,karatsuba,E3,Pareto-nodes,22,0.2,86.734375,1.4245364143131878,False
equal_calls,karatsuba,E3,Pareto-nodes,22,0.5,86.734375,1.4245364143131878,False
equal_calls,karatsuba,E3,Pareto-nodes,22,1.0,86.734375,1.4245364143131878,False
equal_calls,karatsuba,E3,Pareto-nodes,23,0.0,86.734375,1.4730121982537272,False
equal_calls,karatsuba,E3,Pareto-nodes,23,0.01,86.734375,1.4730121982537272,False
equal_calls,karatsuba,E3,Pareto-nodes,23,0.02,86.734375,1.4730121982537272,False
equal_calls,karatsuba,E3,Pareto-nodes,23,0.05,86.734375,1.4730121982537272,False
equal_calls,karatsuba,E3,Pareto-nodes,23,0.1,86.734375,1.4730121982537272,False
equal_calls,karatsuba,E3,Pareto-nodes,23,0.2,86.734375,1.4730121982537272,False
equal_calls,karatsuba,E3,Pareto-nodes,23,0.5,86.734375,1.4730121982537272,False
equal_calls,karatsuba,E3,Pareto-nodes,23,1.0,86.734375,1.4730121982537272,False
equal_calls,karatsuba,E3,Pareto-nodes,24,0.0,133.296875,1.286444456818243,True
equal_calls,karatsuba,E3,Pareto-nodes,24,0.01,109.515625,1.1016319823768743,False
equal_calls,karatsuba,E3,Pareto-nodes,24,0.02,109.515625,1.1016319823768743,False
equal_calls,karatsuba,E3,Pareto-nodes,24,0.05,109.515625,1.1016319823768743,False
equal_calls,karatsuba,E3,Pareto-nodes,24,0.1,109.515625,1.1016319823768743,False
equal_calls,karatsuba,E3,Pareto-nodes,24,0.2,86.734375,1.446142011541699,False
equal_calls,karatsuba,E3,Pareto-nodes,24,0.5,86.734375,1.446142011541699,False
equal_calls,karatsuba,E3,Pareto-nodes,24,1.0,86.734375,1.446142011541699,False
equal_calls,karatsuba,E3,Pareto-nodes,25,0.0,86.734375,1.4245364143127044,False
equal_calls,karatsuba,E3,Pareto-nodes,25,0.01,86.734375,1.4245364143127044,False
equal_calls,karatsuba,E3,Pareto-nodes,25,0.02,86.734375,1.4245364143127044,False
equal_calls,karatsuba,E3,Pareto-nodes,25,0.05,86.734375,1.4245364143127044,False
equal_calls,karatsuba,E3,Pareto-nodes,25,0.1,86.734375,1.4245364143127044,False
equal_calls,karatsuba,E3,Pareto-nodes,25,0.2,86.734375,1.4245364143127044,False
equal_calls,karatsuba,E3,Pareto-nodes,25,0.5,86.734375,1.4245364143127044,False
equal_calls,karatsuba,E3,Pareto-nodes,25,1.0,86.734375,1.4245364143127044,False
equal_calls,karatsuba,E3,Pareto-nodes,26,0.0,121.90625,7.202952200218821,False
equal_calls,karatsuba,E3,Pareto-nodes,26,0.01,121.90625,7.202952200218821,False
equal_calls,karatsuba,E3,Pareto-nodes,26,0.02,121.90625,7.202952200218821,False
equal_calls,karatsuba,E3,Pareto-nodes,26,0.05,121.90625,7.202952200218821,False
equal_calls,karatsuba,E3,Pareto-nodes,26,0.1,121.90625,7.202952200218821,False
equal_calls,karatsuba,E3,Pareto-nodes,26,0.2,86.734375,1.4342685195836067,False
equal_calls,karatsuba,E3,Pareto-nodes,26,0.5,86.734375,1.4342685195836067,False
equal_calls,karatsuba,E3,Pareto-nodes,26,1.0,86.734375,1.4342685195836067,False
equal_calls,karatsuba,E3,Pareto-nodes,27,0.0,109.515625,1.4768492302347278,False
equal_calls,karatsuba,E3,Pareto-nodes,27,0.01,109.515625,1.4768492302347278,False
equal_calls,karatsuba,E3,Pareto-nodes,27,0.02,109.515625,1.4768492302347278,False
equal_calls,karatsuba,E3,Pareto-nodes,27,0.05,109.515625,1.4768492302347278,False
equal_calls,karatsuba,E3,Pareto-nodes,27,0.1,109.515625,1.4768492302347278,False
equal_calls,karatsuba,E3,Pareto-nodes,27,0.2,86.734375,1.4827696026688375,False
equal_calls,karatsuba,E3,Pareto-nodes,27,0.5,86.734375,1.4827696026688375,False
equal_calls,karatsuba,E3,Pareto-nodes,27,1.0,86.734375,1.4827696026688375,False
equal_calls,karatsuba,E3,Pareto-nodes,28,0.0,86.734375,1.5081828402449202,False
equal_calls,karatsuba,E3,Pareto-nodes,28,0.01,86.734375,1.5081828402449202,False
equal_calls,karatsuba,E3,Pareto-nodes,28,0.02,86.734375,1.5081828402449202,False
equal_calls,karatsuba,E3,Pareto-nodes,28,0.05,86.734375,1.5081828402449202,False
equal_calls,karatsuba,E3,Pareto-nodes,28,0.1,86.734375,1.5081828402449202,False
equal_calls,karatsuba,E3,Pareto-nodes,28,0.2,86.734375,1.5081828402449202,False
equal_calls,karatsuba,E3,Pareto-nodes,28,0.5,86.734375,1.5081828402449202,False
equal_calls,karatsuba,E3,Pareto-nodes,28,1.0,86.734375,1.5081828402449202,False
equal_calls,karatsuba,E3,Pareto-nodes,29,0.0,86.734375,1.5718469478574009,False
equal_calls,karatsuba,E3,Pareto-nodes,29,0.01,86.734375,1.5718469478574009,False
equal_calls,karatsuba,E3,Pareto-nodes,29,0.02,86.734375,1.5718469478574009,False
equal_calls,karatsuba,E3,Pareto-nodes,29,0.05,86.734375,1.5718469478574009,False
equal_calls,karatsuba,E3,Pareto-nodes,29,0.1,86.734375,1.5718469478574009,False
equal_calls,karatsuba,E3,Pareto-nodes,29,0.2,86.734375,1.5718469478574009,False
equal_calls,karatsuba,E3,Pareto-nodes,29,0.5,86.734375,1.5718469478574009,False
equal_calls,karatsuba,E3,Pareto-nodes,29,1.0,86.734375,1.5718469478574009,False
equal_calls,ops,E1,Green,0,0.0,7.0,7.142928451732104e-16,True
equal_calls,ops,E1,Green,0,0.01,7.0,7.142928451732104e-16,True
equal_calls,ops,E1,Green,0,0.02,7.0,7.142928451732104e-16,True
equal_calls,ops,E1,Green,0,0.05,7.0,7.142928451732104e-16,True
equal_calls,ops,E1,Green,0,0.1,7.0,7.142928451732104e-16,True
equal_calls,ops,E1,Green,0,0.2,7.0,7.142928451732104e-16,True
equal_calls,ops,E1,Green,0,0.5,7.0,7.142928451732104e-16,True
equal_calls,ops,E1,Green,0,1.0,7.0,7.142928451732104e-16,True
equal_calls,ops,E1,Green,1,0.0,7.0,3.0443950575286657e-15,True
equal_calls,ops,E1,Green,1,0.01,7.0,3.0443950575286657e-15,True
equal_calls,ops,E1,Green,1,0.02,7.0,3.0443950575286657e-15,True
equal_calls,ops,E1,Green,1,0.05,7.0,3.0443950575286657e-15,True
equal_calls,ops,E1,Green,1,0.1,7.0,3.0443950575286657e-15,True
equal_calls,ops,E1,Green,1,0.2,7.0,3.0443950575286657e-15,True
equal_calls,ops,E1,Green,1,0.5,7.0,3.0443950575286657e-15,True
equal_calls,ops,E1,Green,1,1.0,7.0,3.0443950575286657e-15,True
equal_calls,ops,E1,Green,2,0.0,7.0,3.133304983038018e-15,True
equal_calls,ops,E1,Green,2,0.01,7.0,3.133304983038018e-15,True
equal_calls,ops,E1,Green,2,0.02,7.0,3.133304983038018e-15,True
equal_calls,ops,E1,Green,2,0.05,7.0,3.133304983038018e-15,True
equal_calls,ops,E1,Green,2,0.1,7.0,3.133304983038018e-15,True
equal_calls,ops,E1,Green,2,0.2,7.0,3.133304983038018e-15,True
equal_calls,ops,E1,Green,2,0.5,7.0,3.133304983038018e-15,True
equal_calls,ops,E1,Green,2,1.0,7.0,3.133304983038018e-15,True
equal_calls,ops,E1,Green,3,0.0,7.0,7.142928451732104e-16,True
equal_calls,ops,E1,Green,3,0.01,7.0,7.142928451732104e-16,True
equal_calls,ops,E1,Green,3,0.02,7.0,7.142928451732104e-16,True
equal_calls,ops,E1,Green,3,0.05,7.0,7.142928451732104e-16,True
equal_calls,ops,E1,Green,3,0.1,7.0,7.142928451732104e-16,True
equal_calls,ops,E1,Green,3,0.2,7.0,7.142928451732104e-16,True
equal_calls,ops,E1,Green,3,0.5,7.0,7.142928451732104e-16,True
equal_calls,ops,E1,Green,3,1.0,7.0,7.142928451732104e-16,True
equal_calls,ops,E1,Green,4,0.0,7.0,1.2648814273871748e-15,True
equal_calls,ops,E1,Green,4,0.01,7.0,1.2648814273871748e-15,True
equal_calls,ops,E1,Green,4,0.02,7.0,1.2648814273871748e-15,True
equal_calls,ops,E1,Green,4,0.05,7.0,1.2648814273871748e-15,True
equal_calls,ops,E1,Green,4,0.1,7.0,1.2648814273871748e-15,True
equal_calls,ops,E1,Green,4,0.2,7.0,1.2648814273871748e-15,True
equal_calls,ops,E1,Green,4,0.5,7.0,1.2648814273871748e-15,True
equal_calls,ops,E1,Green,4,1.0,7.0,1.2648814273871748e-15,True
equal_calls,ops,E1,Green,5,0.0,7.0,2.1233430408575456e-15,True
equal_calls,ops,E1,Green,5,0.01,7.0,2.1233430408575456e-15,True
equal_calls,ops,E1,Green,5,0.02,7.0,2.1233430408575456e-15,True
equal_calls,ops,E1,Green,5,0.05,7.0,2.1233430408575456e-15,True
equal_calls,ops,E1,Green,5,0.1,7.0,2.1233430408575456e-15,True
equal_calls,ops,E1,Green,5,0.2,7.0,2.1233430408575456e-15,True
equal_calls,ops,E1,Green,5,0.5,7.0,2.1233430408575456e-15,True
equal_calls,ops,E1,Green,5,1.0,7.0,2.1233430408575456e-15,True
equal_calls,ops,E1,Green,6,0.0,7.0,9.267039282010344e-16,True
equal_calls,ops,E1,Green,6,0.01,7.0,9.267039282010344e-16,True
equal_calls,ops,E1,Green,6,0.02,7.0,9.267039282010344e-16,True
equal_calls,ops,E1,Green,6,0.05,7.0,9.267039282010344e-16,True
equal_calls,ops,E1,Green,6,0.1,7.0,9.267039282010344e-16,True
equal_calls,ops,E1,Green,6,0.2,7.0,9.267039282010344e-16,True
equal_calls,ops,E1,Green,6,0.5,7.0,9.267039282010344e-16,True
equal_calls,ops,E1,Green,6,1.0,7.0,9.267039282010344e-16,True
equal_calls,ops,E1,Green,7,0.0,7.0,3.4896201714327896e-16,True
equal_calls,ops,E1,Green,7,0.01,7.0,3.4896201714327896e-16,True
equal_calls,ops,E1,Green,7,0.02,7.0,3.4896201714327896e-16,True
equal_calls,ops,E1,Green,7,0.05,7.0,3.4896201714327896e-16,True
equal_calls,ops,E1,Green,7,0.1,7.0,3.4896201714327896e-16,True
equal_calls,ops,E1,Green,7,0.2,7.0,3.4896201714327896e-16,True
equal_calls,ops,E1,Green,7,0.5,7.0,3.4896201714327896e-16,True
equal_calls,ops,E1,Green,7,1.0,7.0,3.4896201714327896e-16,True
equal_calls,ops,E1,Green,8,0.0,7.0,5.29658930435707e-16,True
equal_calls,ops,E1,Green,8,0.01,7.0,5.29658930435707e-16,True
equal_calls,ops,E1,Green,8,0.02,7.0,5.29658930435707e-16,True
equal_calls,ops,E1,Green,8,0.05,7.0,5.29658930435707e-16,True
equal_calls,ops,E1,Green,8,0.1,7.0,5.29658930435707e-16,True
equal_calls,ops,E1,Green,8,0.2,7.0,5.29658930435707e-16,True
equal_calls,ops,E1,Green,8,0.5,7.0,5.29658930435707e-16,True
equal_calls,ops,E1,Green,8,1.0,7.0,5.29658930435707e-16,True
equal_calls,ops,E1,Green,9,0.0,7.0,9.03448256430443e-16,True
equal_calls,ops,E1,Green,9,0.01,7.0,9.03448256430443e-16,True
equal_calls,ops,E1,Green,9,0.02,7.0,9.03448256430443e-16,True
equal_calls,ops,E1,Green,9,0.05,7.0,9.03448256430443e-16,True
equal_calls,ops,E1,Green,9,0.1,7.0,9.03448256430443e-16,True
equal_calls,ops,E1,Green,9,0.2,7.0,9.03448256430443e-16,True
equal_calls,ops,E1,Green,9,0.5,7.0,9.03448256430443e-16,True
equal_calls,ops,E1,Green,9,1.0,7.0,9.03448256430443e-16,True
equal_calls,ops,E1,Green,10,0.0,7.0,1.2648814273871748e-15,True
equal_calls,ops,E1,Green,10,0.01,7.0,1.2648814273871748e-15,True
equal_calls,ops,E1,Green,10,0.02,7.0,1.2648814273871748e-15,True
equal_calls,ops,E1,Green,10,0.05,7.0,1.2648814273871748e-15,True
equal_calls,ops,E1,Green,10,0.1,7.0,1.2648814273871748e-15,True
equal_calls,ops,E1,Green,10,0.2,7.0,1.2648814273871748e-15,True
equal_calls,ops,E1,Green,10,0.5,7.0,1.2648814273871748e-15,True
equal_calls,ops,E1,Green,10,1.0,7.0,1.2648814273871748e-15,True
equal_calls,ops,E1,Green,11,0.0,7.0,8.878886681264161e-16,True
equal_calls,ops,E1,Green,11,0.01,7.0,8.878886681264161e-16,True
equal_calls,ops,E1,Green,11,0.02,7.0,8.878886681264161e-16,True
equal_calls,ops,E1,Green,11,0.05,7.0,8.878886681264161e-16,True
equal_calls,ops,E1,Green,11,0.1,7.0,8.878886681264161e-16,True
equal_calls,ops,E1,Green,11,0.2,7.0,8.878886681264161e-16,True
equal_calls,ops,E1,Green,11,0.5,7.0,8.878886681264161e-16,True
equal_calls,ops,E1,Green,11,1.0,7.0,8.878886681264161e-16,True
equal_calls,ops,E1,Green,12,0.0,7.0,1.2031003816395871e-15,True
equal_calls,ops,E1,Green,12,0.01,7.0,1.2031003816395871e-15,True
equal_calls,ops,E1,Green,12,0.02,7.0,1.2031003816395871e-15,True
equal_calls,ops,E1,Green,12,0.05,7.0,1.2031003816395871e-15,True
equal_calls,ops,E1,Green,12,0.1,7.0,1.2031003816395871e-15,True
equal_calls,ops,E1,Green,12,0.2,7.0,1.2031003816395871e-15,True
equal_calls,ops,E1,Green,12,0.5,7.0,1.2031003816395871e-15,True
equal_calls,ops,E1,Green,12,1.0,7.0,1.2031003816395871e-15,True
equal_calls,ops,E1,Green,13,0.0,7.0,4.084126682246382e-16,True
equal_calls,ops,E1,Green,13,0.01,7.0,4.084126682246382e-16,True
equal_calls,ops,E1,Green,13,0.02,7.0,4.084126682246382e-16,True
equal_calls,ops,E1,Green,13,0.05,7.0,4.084126682246382e-16,True
equal_calls,ops,E1,Green,13,0.1,7.0,4.084126682246382e-16,True
equal_calls,ops,E1,Green,13,0.2,7.0,4.084126682246382e-16,True
equal_calls,ops,E1,Green,13,0.5,7.0,4.084126682246382e-16,True
equal_calls,ops,E1,Green,13,1.0,7.0,4.084126682246382e-16,True
equal_calls,ops,E1,Green,14,0.0,7.0,3.252858957327326e-16,True
equal_calls,ops,E1,Green,14,0.01,7.0,3.252858957327326e-16,True
equal_calls,ops,E1,Green,14,0.02,7.0,3.252858957327326e-16,True
equal_calls,ops,E1,Green,14,0.05,7.0,3.252858957327326e-16,True
equal_calls,ops,E1,Green,14,0.1,7.0,3.252858957327326e-16,True
equal_calls,ops,E1,Green,14,0.2,7.0,3.252858957327326e-16,True
equal_calls,ops,E1,Green,14,0.5,7.0,3.252858957327326e-16,True
equal_calls,ops,E1,Green,14,1.0,7.0,3.252858957327326e-16,True
equal_calls,ops,E1,Green,15,0.0,7.0,1.5944835719487724e-15,True
equal_calls,ops,E1,Green,15,0.01,7.0,1.5944835719487724e-15,True
equal_calls,ops,E1,Green,15,0.02,7.0,1.5944835719487724e-15,True
equal_calls,ops,E1,Green,15,0.05,7.0,1.5944835719487724e-15,True
equal_calls,ops,E1,Green,15,0.1,7.0,1.5944835719487724e-15,True
equal_calls,ops,E1,Green,15,0.2,7.0,1.5944835719487724e-15,True
equal_calls,ops,E1,Green,15,0.5,7.0,1.5944835719487724e-15,True
equal_calls,ops,E1,Green,15,1.0,7.0,1.5944835719487724e-15,True
equal_calls,ops,E1,Green,16,0.0,7.0,1.947580698642516e-15,True
equal_calls,ops,E1,Green,16,0.01,7.0,1.947580698642516e-15,True
equal_calls,ops,E1,Green,16,0.02,7.0,1.947580698642516e-15,True
equal_calls,ops,E1,Green,16,0.05,7.0,1.947580698642516e-15,True
equal_calls,ops,E1,Green,16,0.1,7.0,1.947580698642516e-15,True
equal_calls,ops,E1,Green,16,0.2,7.0,1.947580698642516e-15,True
equal_calls,ops,E1,Green,16,0.5,7.0,1.947580698642516e-15,True
equal_calls,ops,E1,Green,16,1.0,7.0,1.947580698642516e-15,True
equal_calls,ops,E1,Green,17,0.0,7.0,2.1677456228804145e-15,True
equal_calls,ops,E1,Green,17,0.01,7.0,2.1677456228804145e-15,True
equal_calls,ops,E1,Green,17,0.02,7.0,2.1677456228804145e-15,True
equal_calls,ops,E1,Green,17,0.05,7.0,2.1677456228804145e-15,True
equal_calls,ops,E1,Green,17,0.1,7.0,2.1677456228804145e-15,True
equal_calls,ops,E1,Green,17,0.2,7.0,2.1677456228804145e-15,True
equal_calls,ops,E1,Green,17,0.5,7.0,2.1677456228804145e-15,True
equal_calls,ops,E1,Green,17,1.0,7.0,2.1677456228804145e-15,True
equal_calls,ops,E1,Green,18,0.0,7.0,3.2489343803753984e-16,True
equal_calls,ops,E1,Green,18,0.01,7.0,3.2489343803753984e-16,True
equal_calls,ops,E1,Green,18,0.02,7.0,3.2489343803753984e-16,True
equal_calls,ops,E1,Green,18,0.05,7.0,3.2489343803753984e-16,True
equal_calls,ops,E1,Green,18,0.1,7.0,3.2489343803753984e-16,True
equal_calls,ops,E1,Green,18,0.2,7.0,3.2489343803753984e-16,True
equal_calls,ops,E1,Green,18,0.5,7.0,3.2489343803753984e-16,True
equal_calls,ops,E1,Green,18,1.0,7.0,3.2489343803753984e-16,True
equal_calls,ops,E1,Green,19,0.0,7.0,2.4083468322922223e-15,True
equal_calls,ops,E1,Green,19,0.01,7.0,2.4083468322922223e-15,True
equal_calls,ops,E1,Green,19,0.02,7.0,2.4083468322922223e-15,True
equal_calls,ops,E1,Green,19,0.05,7.0,2.4083468322922223e-15,True
equal_calls,ops,E1,Green,19,0.1,7.0,2.4083468322922223e-15,True
equal_calls,ops,E1,Green,19,0.2,7.0,2.4083468322922223e-15,True
equal_calls,ops,E1,Green,19,0.5,7.0,2.4083468322922223e-15,True
equal_calls,ops,E1,Green,19,1.0,7.0,2.4083468322922223e-15,True
equal_calls,ops,E1,Green,20,0.0,7.0,3.4896201714327896e-16,True
equal_calls,ops,E1,Green,20,0.01,7.0,3.4896201714327896e-16,True
equal_calls,ops,E1,Green,20,0.02,7.0,3.4896201714327896e-16,True
equal_calls,ops,E1,Green,20,0.05,7.0,3.4896201714327896e-16,True
equal_calls,ops,E1,Green,20,0.1,7.0,3.4896201714327896e-16,True
equal_calls,ops,E1,Green,20,0.2,7.0,3.4896201714327896e-16,True
equal_calls,ops,E1,Green,20,0.5,7.0,3.4896201714327896e-16,True
equal_calls,ops,E1,Green,20,1.0,7.0,3.4896201714327896e-16,True
equal_calls,ops,E1,Green,21,0.0,7.0,9.03448256430443e-16,True
equal_calls,ops,E1,Green,21,0.01,7.0,9.03448256430443e-16,True
equal_calls,ops,E1,Green,21,0.02,7.0,9.03448256430443e-16,True
equal_calls,ops,E1,Green,21,0.05,7.0,9.03448256430443e-16,True
equal_calls,ops,E1,Green,21,0.1,7.0,9.03448256430443e-16,True
equal_calls,ops,E1,Green,21,0.2,7.0,9.03448256430443e-16,True
equal_calls,ops,E1,Green,21,0.5,7.0,9.03448256430443e-16,True
equal_calls,ops,E1,Green,21,1.0,7.0,9.03448256430443e-16,True
equal_calls,ops,E1,Green,22,0.0,7.0,7.142928451732104e-16,True
equal_calls,ops,E1,Green,22,0.01,7.0,7.142928451732104e-16,True
equal_calls,ops,E1,Green,22,0.02,7.0,7.142928451732104e-16,True
equal_calls,ops,E1,Green,22,0.05,7.0,7.142928451732104e-16,True
equal_calls,ops,E1,Green,22,0.1,7.0,7.142928451732104e-16,True
equal_calls,ops,E1,Green,22,0.2,7.0,7.142928451732104e-16,True
equal_calls,ops,E1,Green,22,0.5,7.0,7.142928451732104e-16,True
equal_calls,ops,E1,Green,22,1.0,7.0,7.142928451732104e-16,True
equal_calls,ops,E1,Green,23,0.0,7.0,9.03448256430443e-16,True
equal_calls,ops,E1,Green,23,0.01,7.0,9.03448256430443e-16,True
equal_calls,ops,E1,Green,23,0.02,7.0,9.03448256430443e-16,True
equal_calls,ops,E1,Green,23,0.05,7.0,9.03448256430443e-16,True
equal_calls,ops,E1,Green,23,0.1,7.0,9.03448256430443e-16,True
equal_calls,ops,E1,Green,23,0.2,7.0,9.03448256430443e-16,True
equal_calls,ops,E1,Green,23,0.5,7.0,9.03448256430443e-16,True
equal_calls,ops,E1,Green,23,1.0,7.0,9.03448256430443e-16,True
equal_calls,ops,E1,Green,24,0.0,7.0,4.732199139948951e-16,True
equal_calls,ops,E1,Green,24,0.01,7.0,4.732199139948951e-16,True
equal_calls,ops,E1,Green,24,0.02,7.0,4.732199139948951e-16,True
equal_calls,ops,E1,Green,24,0.05,7.0,4.732199139948951e-16,True
equal_calls,ops,E1,Green,24,0.1,7.0,4.732199139948951e-16,True
equal_calls,ops,E1,Green,24,0.2,7.0,4.732199139948951e-16,True
equal_calls,ops,E1,Green,24,0.5,7.0,4.732199139948951e-16,True
equal_calls,ops,E1,Green,24,1.0,7.0,4.732199139948951e-16,True
equal_calls,ops,E1,Green,25,0.0,7.0,1.035053617371294e-15,True
equal_calls,ops,E1,Green,25,0.01,7.0,1.035053617371294e-15,True
equal_calls,ops,E1,Green,25,0.02,7.0,1.035053617371294e-15,True
equal_calls,ops,E1,Green,25,0.05,7.0,1.035053617371294e-15,True
equal_calls,ops,E1,Green,25,0.1,7.0,1.035053617371294e-15,True
equal_calls,ops,E1,Green,25,0.2,7.0,1.035053617371294e-15,True
equal_calls,ops,E1,Green,25,0.5,7.0,1.035053617371294e-15,True
equal_calls,ops,E1,Green,25,1.0,7.0,1.035053617371294e-15,True
equal_calls,ops,E1,Green,26,0.0,7.0,1.9964913575063468e-15,True
equal_calls,ops,E1,Green,26,0.01,7.0,1.9964913575063468e-15,True
equal_calls,ops,E1,Green,26,0.02,7.0,1.9964913575063468e-15,True
equal_calls,ops,E1,Green,26,0.05,7.0,1.9964913575063468e-15,True
equal_calls,ops,E1,Green,26,0.1,7.0,1.9964913575063468e-15,True
equal_calls,ops,E1,Green,26,0.2,7.0,1.9964913575063468e-15,True
equal_calls,ops,E1,Green,26,0.5,7.0,1.9964913575063468e-15,True
equal_calls,ops,E1,Green,26,1.0,7.0,1.9964913575063468e-15,True
equal_calls,ops,E1,Green,27,0.0,7.0,1.2862667904077988e-15,True
equal_calls,ops,E1,Green,27,0.01,7.0,1.2862667904077988e-15,True
equal_calls,ops,E1,Green,27,0.02,7.0,1.2862667904077988e-15,True
equal_calls,ops,E1,Green,27,0.05,7.0,1.2862667904077988e-15,True
equal_calls,ops,E1,Green,27,0.1,7.0,1.2862667904077988e-15,True
equal_calls,ops,E1,Green,27,0.2,7.0,1.2862667904077988e-15,True
equal_calls,ops,E1,Green,27,0.5,7.0,1.2862667904077988e-15,True
equal_calls,ops,E1,Green,27,1.0,7.0,1.2862667904077988e-15,True
equal_calls,ops,E1,Green,28,0.0,7.0,8.878886681264161e-16,True
equal_calls,ops,E1,Green,28,0.01,7.0,8.878886681264161e-16,True
equal_calls,ops,E1,Green,28,0.02,7.0,8.878886681264161e-16,True
equal_calls,ops,E1,Green,28,0.05,7.0,8.878886681264161e-16,True
equal_calls,ops,E1,Green,28,0.1,7.0,8.878886681264161e-16,True
equal_calls,ops,E1,Green,28,0.2,7.0,8.878886681264161e-16,True
equal_calls,ops,E1,Green,28,0.5,7.0,8.878886681264161e-16,True
equal_calls,ops,E1,Green,28,1.0,7.0,8.878886681264161e-16,True
equal_calls,ops,E1,Green,29,0.0,7.0,1.044925924616553e-15,True
equal_calls,ops,E1,Green,29,0.01,7.0,1.044925924616553e-15,True
equal_calls,ops,E1,Green,29,0.02,7.0,1.044925924616553e-15,True
equal_calls,ops,E1,Green,29,0.05,7.0,1.044925924616553e-15,True
equal_calls,ops,E1,Green,29,0.1,7.0,1.044925924616553e-15,True
equal_calls,ops,E1,Green,29,0.2,7.0,1.044925924616553e-15,True
equal_calls,ops,E1,Green,29,0.5,7.0,1.044925924616553e-15,True
equal_calls,ops,E1,Green,29,1.0,7.0,1.044925924616553e-15,True
equal_calls,ops,E1,MO-lex,0,0.0,7.0,3.25075120964195e-16,True
equal_calls,ops,E1,MO-lex,0,0.01,7.0,3.25075120964195e-16,True
equal_calls,ops,E1,MO-lex,0,0.02,7.0,3.25075120964195e-16,True
equal_calls,ops,E1,MO-lex,0,0.05,7.0,3.25075120964195e-16,True
equal_calls,ops,E1,MO-lex,0,0.1,7.0,3.25075120964195e-16,True
equal_calls,ops,E1,MO-lex,0,0.2,7.0,3.25075120964195e-16,True
equal_calls,ops,E1,MO-lex,0,0.5,7.0,3.25075120964195e-16,True
equal_calls,ops,E1,MO-lex,0,1.0,7.0,3.25075120964195e-16,True
equal_calls,ops,E1,MO-lex,1,0.0,7.0,3.25075120964195e-16,True
equal_calls,ops,E1,MO-lex,1,0.01,7.0,3.25075120964195e-16,True
equal_calls,ops,E1,MO-lex,1,0.02,7.0,3.25075120964195e-16,True
equal_calls,ops,E1,MO-lex,1,0.05,7.0,3.25075120964195e-16,True
equal_calls,ops,E1,MO-lex,1,0.1,7.0,3.25075120964195e-16,True
equal_calls,ops,E1,MO-lex,1,0.2,7.0,3.25075120964195e-16,True
equal_calls,ops,E1,MO-lex,1,0.5,7.0,3.25075120964195e-16,True
equal_calls,ops,E1,MO-lex,1,1.0,7.0,3.25075120964195e-16,True
equal_calls,ops,E1,MO-lex,2,0.0,7.0,2.700813343538282e-16,True
equal_calls,ops,E1,MO-lex,2,0.01,7.0,2.700813343538282e-16,True
equal_calls,ops,E1,MO-lex,2,0.02,7.0,2.700813343538282e-16,True
equal_calls,ops,E1,MO-lex,2,0.05,7.0,2.700813343538282e-16,True
equal_calls,ops,E1,MO-lex,2,0.1,7.0,2.700813343538282e-16,True
equal_calls,ops,E1,MO-lex,2,0.2,7.0,2.700813343538282e-16,True
equal_calls,ops,E1,MO-lex,2,0.5,7.0,2.700813343538282e-16,True
equal_calls,ops,E1,MO-lex,2,1.0,7.0,2.700813343538282e-16,True
equal_calls,ops,E1,MO-lex,3,0.0,7.0,3.3132865428115775e-16,True
equal_calls,ops,E1,MO-lex,3,0.01,7.0,3.3132865428115775e-16,True
equal_calls,ops,E1,MO-lex,3,0.02,7.0,3.3132865428115775e-16,True
equal_calls,ops,E1,MO-lex,3,0.05,7.0,3.3132865428115775e-16,True
equal_calls,ops,E1,MO-lex,3,0.1,7.0,3.3132865428115775e-16,True
equal_calls,ops,E1,MO-lex,3,0.2,7.0,3.3132865428115775e-16,True
equal_calls,ops,E1,MO-lex,3,0.5,7.0,3.3132865428115775e-16,True
equal_calls,ops,E1,MO-lex,3,1.0,7.0,3.3132865428115775e-16,True
equal_calls,ops,E1,MO-lex,4,0.0,7.0,3.26099261257318e-16,True
equal_calls,ops,E1,MO-lex,4,0.01,7.0,3.26099261257318e-16,True
equal_calls,ops,E1,MO-lex,4,0.02,7.0,3.26099261257318e-16,True
equal_calls,ops,E1,MO-lex,4,0.05,7.0,3.26099261257318e-16,True
equal_calls,ops,E1,MO-lex,4,0.1,7.0,3.26099261257318e-16,True
equal_calls,ops,E1,MO-lex,4,0.2,7.0,3.26099261257318e-16,True
equal_calls,ops,E1,MO-lex,4,0.5,7.0,3.26099261257318e-16,True
equal_calls,ops,E1,MO-lex,4,1.0,7.0,3.26099261257318e-16,True
equal_calls,ops,E1,MO-lex,5,0.0,7.0,2.700813343538282e-16,True
equal_calls,ops,E1,MO-lex,5,0.01,7.0,2.700813343538282e-16,True
equal_calls,ops,E1,MO-lex,5,0.02,7.0,2.700813343538282e-16,True
equal_calls,ops,E1,MO-lex,5,0.05,7.0,2.700813343538282e-16,True
equal_calls,ops,E1,MO-lex,5,0.1,7.0,2.700813343538282e-16,True
equal_calls,ops,E1,MO-lex,5,0.2,7.0,2.700813343538282e-16,True
equal_calls,ops,E1,MO-lex,5,0.5,7.0,2.700813343538282e-16,True
equal_calls,ops,E1,MO-lex,5,1.0,7.0,2.700813343538282e-16,True
equal_calls,ops,E1,MO-lex,6,0.0,7.0,2.700813343538282e-16,True
equal_calls,ops,E1,MO-lex,6,0.01,7.0,2.700813343538282e-16,True
equal_calls,ops,E1,MO-lex,6,0.02,7.0,2.700813343538282e-16,True
equal_calls,ops,E1,MO-lex,6,0.05,7.0,2.700813343538282e-16,True
equal_calls,ops,E1,MO-lex,6,0.1,7.0,2.700813343538282e-16,True
equal_calls,ops,E1,MO-lex,6,0.2,7.0,2.700813343538282e-16,True
equal_calls,ops,E1,MO-lex,6,0.5,7.0,2.700813343538282e-16,True
equal_calls,ops,E1,MO-lex,6,1.0,7.0,2.700813343538282e-16,True
equal_calls,ops,E1,MO-lex,7,0.0,7.0,3.25075120964195e-16,True
equal_calls,ops,E1,MO-lex,7,0.01,7.0,3.25075120964195e-16,True
equal_calls,ops,E1,MO-lex,7,0.02,7.0,3.25075120964195e-16,True
equal_calls,ops,E1,MO-lex,7,0.05,7.0,3.25075120964195e-16,True
equal_calls,ops,E1,MO-lex,7,0.1,7.0,3.25075120964195e-16,True
equal_calls,ops,E1,MO-lex,7,0.2,7.0,3.25075120964195e-16,True
equal_calls,ops,E1,MO-lex,7,0.5,7.0,3.25075120964195e-16,True
equal_calls,ops,E1,MO-lex,7,1.0,7.0,3.25075120964195e-16,True
equal_calls,ops,E1,MO-lex,8,0.0,7.0,3.25075120964195e-16,True
equal_calls,ops,E1,MO-lex,8,0.01,7.0,3.25075120964195e-16,True
equal_calls,ops,E1,MO-lex,8,0.02,7.0,3.25075120964195e-16,True
equal_calls,ops,E1,MO-lex,8,0.05,7.0,3.25075120964195e-16,True
equal_calls,ops,E1,MO-lex,8,0.1,7.0,3.25075120964195e-16,True
equal_calls,ops,E1,MO-lex,8,0.2,7.0,3.25075120964195e-16,True
equal_calls,ops,E1,MO-lex,8,0.5,7.0,3.25075120964195e-16,True
equal_calls,ops,E1,MO-lex,8,1.0,7.0,3.25075120964195e-16,True
equal_calls,ops,E1,MO-lex,9,0.0,7.0,2.700813343538282e-16,True
equal_calls,ops,E1,MO-lex,9,0.01,7.0,2.700813343538282e-16,True
equal_calls,ops,E1,MO-lex,9,0.02,7.0,2.700813343538282e-16,True
equal_calls,ops,E1,MO-lex,9,0.05,7.0,2.700813343538282e-16,True
equal_calls,ops,E1,MO-lex,9,0.1,7.0,2.700813343538282e-16,True
equal_calls,ops,E1,MO-lex,9,0.2,7.0,2.700813343538282e-16,True
equal_calls,ops,E1,MO-lex,9,0.5,7.0,2.700813343538282e-16,True
equal_calls,ops,E1,MO-lex,9,1.0,7.0,2.700813343538282e-16,True
equal_calls,ops,E1,MO-lex,10,0.0,7.0,2.700813343538282e-16,True
equal_calls,ops,E1,MO-lex,10,0.01,7.0,2.700813343538282e-16,True
equal_calls,ops,E1,MO-lex,10,0.02,7.0,2.700813343538282e-16,True
equal_calls,ops,E1,MO-lex,10,0.05,7.0,2.700813343538282e-16,True
equal_calls,ops,E1,MO-lex,10,0.1,7.0,2.700813343538282e-16,True
equal_calls,ops,E1,MO-lex,10,0.2,7.0,2.700813343538282e-16,True
equal_calls,ops,E1,MO-lex,10,0.5,7.0,2.700813343538282e-16,True
equal_calls,ops,E1,MO-lex,10,1.0,7.0,2.700813343538282e-16,True
equal_calls,ops,E1,MO-lex,11,0.0,7.0,2.700813343538282e-16,True
equal_calls,ops,E1,MO-lex,11,0.01,7.0,2.700813343538282e-16,True
equal_calls,ops,E1,MO-lex,11,0.02,7.0,2.700813343538282e-16,True
equal_calls,ops,E1,MO-lex,11,0.05,7.0,2.700813343538282e-16,True
equal_calls,ops,E1,MO-lex,11,0.1,7.0,2.700813343538282e-16,True
equal_calls,ops,E1,MO-lex,11,0.2,7.0,2.700813343538282e-16,True
equal_calls,ops,E1,MO-lex,11,0.5,7.0,2.700813343538282e-16,True
equal_calls,ops,E1,MO-lex,11,1.0,7.0,2.700813343538282e-16,True
equal_calls,ops,E1,MO-lex,12,0.0,7.0,2.700813343538282e-16,True
equal_calls,ops,E1,MO-lex,12,0.01,7.0,2.700813343538282e-16,True
equal_calls,ops,E1,MO-lex,12,0.02,7.0,2.700813343538282e-16,True
equal_calls,ops,E1,MO-lex,12,0.05,7.0,2.700813343538282e-16,True
equal_calls,ops,E1,MO-lex,12,0.1,7.0,2.700813343538282e-16,True
equal_calls,ops,E1,MO-lex,12,0.2,7.0,2.700813343538282e-16,True
equal_calls,ops,E1,MO-lex,12,0.5,7.0,2.700813343538282e-16,True
equal_calls,ops,E1,MO-lex,12,1.0,7.0,2.700813343538282e-16,True
equal_calls,ops,E1,MO-lex,13,0.0,7.0,2.700813343538282e-16,True
equal_calls,ops,E1,MO-lex,13,0.01,7.0,2.700813343538282e-16,True
equal_calls,ops,E1,MO-lex,13,0.02,7.0,2.700813343538282e-16,True
equal_calls,ops,E1,MO-lex,13,0.05,7.0,2.700813343538282e-16,True
equal_calls,ops,E1,MO-lex,13,0.1,7.0,2.700813343538282e-16,True
equal_calls,ops,E1,MO-lex,13,0.2,7.0,2.700813343538282e-16,True
equal_calls,ops,E1,MO-lex,13,0.5,7.0,2.700813343538282e-16,True
equal_calls,ops,E1,MO-lex,13,1.0,7.0,2.700813343538282e-16,True
equal_calls,ops,E1,MO-lex,14,0.0,7.0,2.700813343538282e-16,True
equal_calls,ops,E1,MO-lex,14,0.01,7.0,2.700813343538282e-16,True
equal_calls,ops,E1,MO-lex,14,0.02,7.0,2.700813343538282e-16,True
equal_calls,ops,E1,MO-lex,14,0.05,7.0,2.700813343538282e-16,True
equal_calls,ops,E1,MO-lex,14,0.1,7.0,2.700813343538282e-16,True
equal_calls,ops,E1,MO-lex,14,0.2,7.0,2.700813343538282e-16,True
equal_calls,ops,E1,MO-lex,14,0.5,7.0,2.700813343538282e-16,True
equal_calls,ops,E1,MO-lex,14,1.0,7.0,2.700813343538282e-16,True
equal_calls,ops,E1,MO-lex,15,0.0,7.0,3.25075120964195e-16,True
equal_calls,ops,E1,MO-lex,15,0.01,7.0,3.25075120964195e-16,True
equal_calls,ops,E1,MO-lex,15,0.02,7.0,3.25075120964195e-16,True
equal_calls,ops,E1,MO-lex,15,0.05,7.0,3.25075120964195e-16,True
equal_calls,ops,E1,MO-lex,15,0.1,7.0,3.25075120964195e-16,True
equal_calls,ops,E1,MO-lex,15,0.2,7.0,3.25075120964195e-16,True
equal_calls,ops,E1,MO-lex,15,0.5,7.0,3.25075120964195e-16,True
equal_calls,ops,E1,MO-lex,15,1.0,7.0,3.25075120964195e-16,True
equal_calls,ops,E1,MO-lex,16,0.0,7.0,2.700813343538282e-16,True
equal_calls,ops,E1,MO-lex,16,0.01,7.0,2.700813343538282e-16,True
equal_calls,ops,E1,MO-lex,16,0.02,7.0,2.700813343538282e-16,True
equal_calls,ops,E1,MO-lex,16,0.05,7.0,2.700813343538282e-16,True
equal_calls,ops,E1,MO-lex,16,0.1,7.0,2.700813343538282e-16,True
equal_calls,ops,E1,MO-lex,16,0.2,7.0,2.700813343538282e-16,True
equal_calls,ops,E1,MO-lex,16,0.5,7.0,2.700813343538282e-16,True
equal_calls,ops,E1,MO-lex,16,1.0,7.0,2.700813343538282e-16,True
equal_calls,ops,E1,MO-lex,17,0.0,7.0,3.3132865428115775e-16,True
equal_calls,ops,E1,MO-lex,17,0.01,7.0,3.3132865428115775e-16,True
equal_calls,ops,E1,MO-lex,17,0.02,7.0,3.3132865428115775e-16,True
equal_calls,ops,E1,MO-lex,17,0.05,7.0,3.3132865428115775e-16,True
equal_calls,ops,E1,MO-lex,17,0.1,7.0,3.3132865428115775e-16,True
equal_calls,ops,E1,MO-lex,17,0.2,7.0,3.3132865428115775e-16,True
equal_calls,ops,E1,MO-lex,17,0.5,7.0,3.3132865428115775e-16,True
equal_calls,ops,E1,MO-lex,17,1.0,7.0,3.3132865428115775e-16,True
equal_calls,ops,E1,MO-lex,18,0.0,7.0,6.156117865385776e-16,True
equal_calls,ops,E1,MO-lex,18,0.01,7.0,6.156117865385776e-16,True
equal_calls,ops,E1,MO-lex,18,0.02,7.0,6.156117865385776e-16,True
equal_calls,ops,E1,MO-lex,18,0.05,7.0,6.156117865385776e-16,True
equal_calls,ops,E1,MO-lex,18,0.1,7.0,6.156117865385776e-16,True
equal_calls,ops,E1,MO-lex,18,0.2,7.0,6.156117865385776e-16,True
equal_calls,ops,E1,MO-lex,18,0.5,7.0,6.156117865385776e-16,True
equal_calls,ops,E1,MO-lex,18,1.0,7.0,6.156117865385776e-16,True
equal_calls,ops,E1,MO-lex,19,0.0,7.0,2.700813343538282e-16,True
equal_calls,ops,E1,MO-lex,19,0.01,7.0,2.700813343538282e-16,True
equal_calls,ops,E1,MO-lex,19,0.02,7.0,2.700813343538282e-16,True
equal_calls,ops,E1,MO-lex,19,0.05,7.0,2.700813343538282e-16,True
equal_calls,ops,E1,MO-lex,19,0.1,7.0,2.700813343538282e-16,True
equal_calls,ops,E1,MO-lex,19,0.2,7.0,2.700813343538282e-16,True
equal_calls,ops,E1,MO-lex,19,0.5,7.0,2.700813343538282e-16,True
equal_calls,ops,E1,MO-lex,19,1.0,7.0,2.700813343538282e-16,True
equal_calls,ops,E1,MO-lex,20,0.0,7.0,2.700813343538282e-16,True
equal_calls,ops,E1,MO-lex,20,0.01,7.0,2.700813343538282e-16,True
equal_calls,ops,E1,MO-lex,20,0.02,7.0,2.700813343538282e-16,True
equal_calls,ops,E1,MO-lex,20,0.05,7.0,2.700813343538282e-16,True
equal_calls,ops,E1,MO-lex,20,0.1,7.0,2.700813343538282e-16,True
equal_calls,ops,E1,MO-lex,20,0.2,7.0,2.700813343538282e-16,True
equal_calls,ops,E1,MO-lex,20,0.5,7.0,2.700813343538282e-16,True
equal_calls,ops,E1,MO-lex,20,1.0,7.0,2.700813343538282e-16,True
equal_calls,ops,E1,MO-lex,21,0.0,7.0,3.25075120964195e-16,True
equal_calls,ops,E1,MO-lex,21,0.01,7.0,3.25075120964195e-16,True
equal_calls,ops,E1,MO-lex,21,0.02,7.0,3.25075120964195e-16,True
equal_calls,ops,E1,MO-lex,21,0.05,7.0,3.25075120964195e-16,True
equal_calls,ops,E1,MO-lex,21,0.1,7.0,3.25075120964195e-16,True
equal_calls,ops,E1,MO-lex,21,0.2,7.0,3.25075120964195e-16,True
equal_calls,ops,E1,MO-lex,21,0.5,7.0,3.25075120964195e-16,True
equal_calls,ops,E1,MO-lex,21,1.0,7.0,3.25075120964195e-16,True
equal_calls,ops,E1,MO-lex,22,0.0,7.0,3.25075120964195e-16,True
equal_calls,ops,E1,MO-lex,22,0.01,7.0,3.25075120964195e-16,True
equal_calls,ops,E1,MO-lex,22,0.02,7.0,3.25075120964195e-16,True
equal_calls,ops,E1,MO-lex,22,0.05,7.0,3.25075120964195e-16,True
equal_calls,ops,E1,MO-lex,22,0.1,7.0,3.25075120964195e-16,True
equal_calls,ops,E1,MO-lex,22,0.2,7.0,3.25075120964195e-16,True
equal_calls,ops,E1,MO-lex,22,0.5,7.0,3.25075120964195e-16,True
equal_calls,ops,E1,MO-lex,22,1.0,7.0,3.25075120964195e-16,True
equal_calls,ops,E1,MO-lex,23,0.0,7.0,7.495765931930908e-16,True
equal_calls,ops,E1,MO-lex,23,0.01,7.0,7.495765931930908e-16,True
equal_calls,ops,E1,MO-lex,23,0.02,7.0,7.495765931930908e-16,True
equal_calls,ops,E1,MO-lex,23,0.05,7.0,7.495765931930908e-16,True
equal_calls,ops,E1,MO-lex,23,0.1,7.0,7.495765931930908e-16,True
equal_calls,ops,E1,MO-lex,23,0.2,7.0,7.495765931930908e-16,True
equal_calls,ops,E1,MO-lex,23,0.5,7.0,7.495765931930908e-16,True
equal_calls,ops,E1,MO-lex,23,1.0,7.0,7.495765931930908e-16,True
equal_calls,ops,E1,MO-lex,24,0.0,7.0,2.700813343538282e-16,True
equal_calls,ops,E1,MO-lex,24,0.01,7.0,2.700813343538282e-16,True
equal_calls,ops,E1,MO-lex,24,0.02,7.0,2.700813343538282e-16,True
equal_calls,ops,E1,MO-lex,24,0.05,7.0,2.700813343538282e-16,True
equal_calls,ops,E1,MO-lex,24,0.1,7.0,2.700813343538282e-16,True
equal_calls,ops,E1,MO-lex,24,0.2,7.0,2.700813343538282e-16,True
equal_calls,ops,E1,MO-lex,24,0.5,7.0,2.700813343538282e-16,True
equal_calls,ops,E1,MO-lex,24,1.0,7.0,2.700813343538282e-16,True
equal_calls,ops,E1,MO-lex,25,0.0,7.0,2.700813343538282e-16,True
equal_calls,ops,E1,MO-lex,25,0.01,7.0,2.700813343538282e-16,True
equal_calls,ops,E1,MO-lex,25,0.02,7.0,2.700813343538282e-16,True
equal_calls,ops,E1,MO-lex,25,0.05,7.0,2.700813343538282e-16,True
equal_calls,ops,E1,MO-lex,25,0.1,7.0,2.700813343538282e-16,True
equal_calls,ops,E1,MO-lex,25,0.2,7.0,2.700813343538282e-16,True
equal_calls,ops,E1,MO-lex,25,0.5,7.0,2.700813343538282e-16,True
equal_calls,ops,E1,MO-lex,25,1.0,7.0,2.700813343538282e-16,True
equal_calls,ops,E1,MO-lex,26,0.0,7.0,2.700813343538282e-16,True
equal_calls,ops,E1,MO-lex,26,0.01,7.0,2.700813343538282e-16,True
equal_calls,ops,E1,MO-lex,26,0.02,7.0,2.700813343538282e-16,True
equal_calls,ops,E1,MO-lex,26,0.05,7.0,2.700813343538282e-16,True
equal_calls,ops,E1,MO-lex,26,0.1,7.0,2.700813343538282e-16,True
equal_calls,ops,E1,MO-lex,26,0.2,7.0,2.700813343538282e-16,True
equal_calls,ops,E1,MO-lex,26,0.5,7.0,2.700813343538282e-16,True
equal_calls,ops,E1,MO-lex,26,1.0,7.0,2.700813343538282e-16,True
equal_calls,ops,E1,MO-lex,27,0.0,7.0,2.700813343538282e-16,True
equal_calls,ops,E1,MO-lex,27,0.01,7.0,2.700813343538282e-16,True
equal_calls,ops,E1,MO-lex,27,0.02,7.0,2.700813343538282e-16,True
equal_calls,ops,E1,MO-lex,27,0.05,7.0,2.700813343538282e-16,True
equal_calls,ops,E1,MO-lex,27,0.1,7.0,2.700813343538282e-16,True
equal_calls,ops,E1,MO-lex,27,0.2,7.0,2.700813343538282e-16,True
equal_calls,ops,E1,MO-lex,27,0.5,7.0,2.700813343538282e-16,True
equal_calls,ops,E1,MO-lex,27,1.0,7.0,2.700813343538282e-16,True
equal_calls,ops,E1,MO-lex,28,0.0,7.0,5.369700045505021e-16,True
equal_calls,ops,E1,MO-lex,28,0.01,7.0,5.369700045505021e-16,True
equal_calls,ops,E1,MO-lex,28,0.02,7.0,5.369700045505021e-16,True
equal_calls,ops,E1,MO-lex,28,0.05,7.0,5.369700045505021e-16,True
equal_calls,ops,E1,MO-lex,28,0.1,7.0,5.369700045505021e-16,True
equal_calls,ops,E1,MO-lex,28,0.2,7.0,5.369700045505021e-16,True
equal_calls,ops,E1,MO-lex,28,0.5,7.0,5.369700045505021e-16,True
equal_calls,ops,E1,MO-lex,28,1.0,7.0,5.369700045505021e-16,True
equal_calls,ops,E1,MO-lex,29,0.0,7.0,2.700813343538282e-16,True
equal_calls,ops,E1,MO-lex,29,0.01,7.0,2.700813343538282e-16,True
equal_calls,ops,E1,MO-lex,29,0.02,7.0,2.700813343538282e-16,True
equal_calls,ops,E1,MO-lex,29,0.05,7.0,2.700813343538282e-16,True
equal_calls,ops,E1,MO-lex,29,0.1,7.0,2.700813343538282e-16,True
equal_calls,ops,E1,MO-lex,29,0.2,7.0,2.700813343538282e-16,True
equal_calls,ops,E1,MO-lex,29,0.5,7.0,2.700813343538282e-16,True
equal_calls,ops,E1,MO-lex,29,1.0,7.0,2.700813343538282e-16,True
equal_calls,ops,E1,Pareto-nodes,0,0.0,7.0,7.142928451732104e-16,True
equal_calls,ops,E1,Pareto-nodes,0,0.01,7.0,7.142928451732104e-16,True
equal_calls,ops,E1,Pareto-nodes,0,0.02,7.0,7.142928451732104e-16,True
equal_calls,ops,E1,Pareto-nodes,0,0.05,7.0,7.142928451732104e-16,True
equal_calls,ops,E1,Pareto-nodes,0,0.1,7.0,7.142928451732104e-16,True
equal_calls,ops,E1,Pareto-nodes,0,0.2,7.0,7.142928451732104e-16,True
equal_calls,ops,E1,Pareto-nodes,0,0.5,7.0,7.142928451732104e-16,True
equal_calls,ops,E1,Pareto-nodes,0,1.0,7.0,7.142928451732104e-16,True
equal_calls,ops,E1,Pareto-nodes,1,0.0,7.0,3.0443950575286657e-15,True
equal_calls,ops,E1,Pareto-nodes,1,0.01,7.0,3.0443950575286657e-15,True
equal_calls,ops,E1,Pareto-nodes,1,0.02,7.0,3.0443950575286657e-15,True
equal_calls,ops,E1,Pareto-nodes,1,0.05,7.0,3.0443950575286657e-15,True
equal_calls,ops,E1,Pareto-nodes,1,0.1,7.0,3.0443950575286657e-15,True
equal_calls,ops,E1,Pareto-nodes,1,0.2,7.0,3.0443950575286657e-15,True
equal_calls,ops,E1,Pareto-nodes,1,0.5,7.0,3.0443950575286657e-15,True
equal_calls,ops,E1,Pareto-nodes,1,1.0,7.0,3.0443950575286657e-15,True
equal_calls,ops,E1,Pareto-nodes,2,0.0,7.0,3.133304983038018e-15,True
equal_calls,ops,E1,Pareto-nodes,2,0.01,7.0,3.133304983038018e-15,True
equal_calls,ops,E1,Pareto-nodes,2,0.02,7.0,3.133304983038018e-15,True
equal_calls,ops,E1,Pareto-nodes,2,0.05,7.0,3.133304983038018e-15,True
equal_calls,ops,E1,Pareto-nodes,2,0.1,7.0,3.133304983038018e-15,True
equal_calls,ops,E1,Pareto-nodes,2,0.2,7.0,3.133304983038018e-15,True
equal_calls,ops,E1,Pareto-nodes,2,0.5,7.0,3.133304983038018e-15,True
equal_calls,ops,E1,Pareto-nodes,2,1.0,7.0,3.133304983038018e-15,True
equal_calls,ops,E1,Pareto-nodes,3,0.0,7.0,7.142928451732104e-16,True
equal_calls,ops,E1,Pareto-nodes,3,0.01,7.0,7.142928451732104e-16,True
equal_calls,ops,E1,Pareto-nodes,3,0.02,7.0,7.142928451732104e-16,True
equal_calls,ops,E1,Pareto-nodes,3,0.05,7.0,7.142928451732104e-16,True
equal_calls,ops,E1,Pareto-nodes,3,0.1,7.0,7.142928451732104e-16,True
equal_calls,ops,E1,Pareto-nodes,3,0.2,7.0,7.142928451732104e-16,True
equal_calls,ops,E1,Pareto-nodes,3,0.5,7.0,7.142928451732104e-16,True
equal_calls,ops,E1,Pareto-nodes,3,1.0,7.0,7.142928451732104e-16,True
equal_calls,ops,E1,Pareto-nodes,4,0.0,7.0,1.2648814273871748e-15,True
equal_calls,ops,E1,Pareto-nodes,4,0.01,7.0,1.2648814273871748e-15,True
equal_calls,ops,E1,Pareto-nodes,4,0.02,7.0,1.2648814273871748e-15,True
equal_calls,ops,E1,Pareto-nodes,4,0.05,7.0,1.2648814273871748e-15,True
equal_calls,ops,E1,Pareto-nodes,4,0.1,7.0,1.2648814273871748e-15,True
equal_calls,ops,E1,Pareto-nodes,4,0.2,7.0,1.2648814273871748e-15,True
equal_calls,ops,E1,Pareto-nodes,4,0.5,7.0,1.2648814273871748e-15,True
equal_calls,ops,E1,Pareto-nodes,4,1.0,7.0,1.2648814273871748e-15,True
equal_calls,ops,E1,Pareto-nodes,5,0.0,7.0,2.1233430408575456e-15,True
equal_calls,ops,E1,Pareto-nodes,5,0.01,7.0,2.1233430408575456e-15,True
equal_calls,ops,E1,Pareto-nodes,5,0.02,7.0,2.1233430408575456e-15,True
equal_calls,ops,E1,Pareto-nodes,5,0.05,7.0,2.1233430408575456e-15,True
equal_calls,ops,E1,Pareto-nodes,5,0.1,7.0,2.1233430408575456e-15,True
equal_calls,ops,E1,Pareto-nodes,5,0.2,7.0,2.1233430408575456e-15,True
equal_calls,ops,E1,Pareto-nodes,5,0.5,7.0,2.1233430408575456e-15,True
equal_calls,ops,E1,Pareto-nodes,5,1.0,7.0,2.1233430408575456e-15,True
equal_calls,ops,E1,Pareto-nodes,6,0.0,7.0,9.267039282010344e-16,True
equal_calls,ops,E1,Pareto-nodes,6,0.01,7.0,9.267039282010344e-16,True
equal_calls,ops,E1,Pareto-nodes,6,0.02,7.0,9.267039282010344e-16,True
equal_calls,ops,E1,Pareto-nodes,6,0.05,7.0,9.267039282010344e-16,True
equal_calls,ops,E1,Pareto-nodes,6,0.1,7.0,9.267039282010344e-16,True
equal_calls,ops,E1,Pareto-nodes,6,0.2,7.0,9.267039282010344e-16,True
equal_calls,ops,E1,Pareto-nodes,6,0.5,7.0,9.267039282010344e-16,True
equal_calls,ops,E1,Pareto-nodes,6,1.0,7.0,9.267039282010344e-16,True
equal_calls,ops,E1,Pareto-nodes,7,0.0,7.0,9.368652000835929e-16,True
equal_calls,ops,E1,Pareto-nodes,7,0.01,7.0,9.368652000835929e-16,True
equal_calls,ops,E1,Pareto-nodes,7,0.02,7.0,9.368652000835929e-16,True
equal_calls,ops,E1,Pareto-nodes,7,0.05,7.0,9.368652000835929e-16,True
equal_calls,ops,E1,Pareto-nodes,7,0.1,7.0,9.368652000835929e-16,True
equal_calls,ops,E1,Pareto-nodes,7,0.2,7.0,9.368652000835929e-16,True
equal_calls,ops,E1,Pareto-nodes,7,0.5,7.0,9.368652000835929e-16,True
equal_calls,ops,E1,Pareto-nodes,7,1.0,7.0,9.368652000835929e-16,True
equal_calls,ops,E1,Pareto-nodes,8,0.0,7.0,7.374893800286733e-16,True
equal_calls,ops,E1,Pareto-nodes,8,0.01,7.0,7.374893800286733e-16,True
equal_calls,ops,E1,Pareto-nodes,8,0.02,7.0,7.374893800286733e-16,True
equal_calls,ops,E1,Pareto-nodes,8,0.05,7.0,7.374893800286733e-16,True
equal_calls,ops,E1,Pareto-nodes,8,0.1,7.0,7.374893800286733e-16,True
equal_calls,ops,E1,Pareto-nodes,8,0.2,7.0,7.374893800286733e-16,True
equal_calls,ops,E1,Pareto-nodes,8,0.5,7.0,7.374893800286733e-16,True
equal_calls,ops,E1,Pareto-nodes,8,1.0,7.0,7.374893800286733e-16,True
equal_calls,ops,E1,Pareto-nodes,9,0.0,7.0,9.03448256430443e-16,True
equal_calls,ops,E1,Pareto-nodes,9,0.01,7.0,9.03448256430443e-16,True
equal_calls,ops,E1,Pareto-nodes,9,0.02,7.0,9.03448256430443e-16,True
equal_calls,ops,E1,Pareto-nodes,9,0.05,7.0,9.03448256430443e-16,True
equal_calls,ops,E1,Pareto-nodes,9,0.1,7.0,9.03448256430443e-16,True
equal_calls,ops,E1,Pareto-nodes,9,0.2,7.0,9.03448256430443e-16,True
equal_calls,ops,E1,Pareto-nodes,9,0.5,7.0,9.03448256430443e-16,True
equal_calls,ops,E1,Pareto-nodes,9,1.0,7.0,9.03448256430443e-16,True
equal_calls,ops,E1,Pareto-nodes,10,0.0,7.0,1.4855806743662012e-15,True
equal_calls,ops,E1,Pareto-nodes,10,0.01,7.0,1.4855806743662012e-15,True
equal_calls,ops,E1,Pareto-nodes,10,0.02,7.0,1.4855806743662012e-15,True
equal_calls,ops,E1,Pareto-nodes,10,0.05,7.0,1.4855806743662012e-15,True
equal_calls,ops,E1,Pareto-nodes,10,0.1,7.0,1.4855806743662012e-15,True
equal_calls,ops,E1,Pareto-nodes,10,0.2,7.0,1.4855806743662012e-15,True
equal_calls,ops,E1,Pareto-nodes,10,0.5,7.0,1.4855806743662012e-15,True
equal_calls,ops,E1,Pareto-nodes,10,1.0,7.0,1.4855806743662012e-15,True
equal_calls,ops,E1,Pareto-nodes,11,0.0,7.0,8.878886681264161e-16,True
equal_calls,ops,E1,Pareto-nodes,11,0.01,7.0,8.878886681264161e-16,True
equal_calls,ops,E1,Pareto-nodes,11,0.02,7.0,8.878886681264161e-16,True
equal_calls,ops,E1,Pareto-nodes,11,0.05,7.0,8.878886681264161e-16,True
equal_calls,ops,E1,Pareto-nodes,11,0.1,7.0,8.878886681264161e-16,True
equal_calls,ops,E1,Pareto-nodes,11,0.2,7.0,8.878886681264161e-16,True
equal_calls,ops,E1,Pareto-nodes,11,0.5,7.0,8.878886681264161e-16,True
equal_calls,ops,E1,Pareto-nodes,11,1.0,7.0,8.878886681264161e-16,True
equal_calls,ops,E1,Pareto-nodes,12,0.0,7.0,1.2031003816395871e-15,True
equal_calls,ops,E1,Pareto-nodes,12,0.01,7.0,1.2031003816395871e-15,True
equal_calls,ops,E1,Pareto-nodes,12,0.02,7.0,1.2031003816395871e-15,True
equal_calls,ops,E1,Pareto-nodes,12,0.05,7.0,1.2031003816395871e-15,True
equal_calls,ops,E1,Pareto-nodes,12,0.1,7.0,1.2031003816395871e-15,True
equal_calls,ops,E1,Pareto-nodes,12,0.2,7.0,1.2031003816395871e-15,True
equal_calls,ops,E1,Pareto-nodes,12,0.5,7.0,1.2031003816395871e-15,True
equal_calls,ops,E1,Pareto-nodes,12,1.0,7.0,1.2031003816395871e-15,True
equal_calls,ops,E1,Pareto-nodes,13,0.0,7.0,4.084126682246382e-16,True
equal_calls,ops,E1,Pareto-nodes,13,0.01,7.0,4.084126682246382e-16,True
equal_calls,ops,E1,Pareto-nodes,13,0.02,7.0,4.084126682246382e-16,True
equal_calls,ops,E1,Pareto-nodes,13,0.05,7.0,4.084126682246382e-16,True
equal_calls,ops,E1,Pareto-nodes,13,0.1,7.0,4.084126682246382e-16,True
equal_calls,ops,E1,Pareto-nodes,13,0.2,7.0,4.084126682246382e-16,True
equal_calls,ops,E1,Pareto-nodes,13,0.5,7.0,4.084126682246382e-16,True
equal_calls,ops,E1,Pareto-nodes,13,1.0,7.0,4.084126682246382e-16,True
equal_calls,ops,E1,Pareto-nodes,14,0.0,7.0,3.252858957327326e-16,True
equal_calls,ops,E1,Pareto-nodes,14,0.01,7.0,3.252858957327326e-16,True
equal_calls,ops,E1,Pareto-nodes,14,0.02,7.0,3.252858957327326e-16,True
equal_calls,ops,E1,Pareto-nodes,14,0.05,7.0,3.252858957327326e-16,True
equal_calls,ops,E1,Pareto-nodes,14,0.1,7.0,3.252858957327326e-16,True
equal_calls,ops,E1,Pareto-nodes,14,0.2,7.0,3.252858957327326e-16,True
equal_calls,ops,E1,Pareto-nodes,14,0.5,7.0,3.252858957327326e-16,True
equal_calls,ops,E1,Pareto-nodes,14,1.0,7.0,3.252858957327326e-16,True
equal_calls,ops,E1,Pareto-nodes,15,0.0,7.0,1.5944835719487724e-15,True
equal_calls,ops,E1,Pareto-nodes,15,0.01,7.0,1.5944835719487724e-15,True
equal_calls,ops,E1,Pareto-nodes,15,0.02,7.0,1.5944835719487724e-15,True
equal_calls,ops,E1,Pareto-nodes,15,0.05,7.0,1.5944835719487724e-15,True
equal_calls,ops,E1,Pareto-nodes,15,0.1,7.0,1.5944835719487724e-15,True
equal_calls,ops,E1,Pareto-nodes,15,0.2,7.0,1.5944835719487724e-15,True
equal_calls,ops,E1,Pareto-nodes,15,0.5,7.0,1.5944835719487724e-15,True
equal_calls,ops,E1,Pareto-nodes,15,1.0,7.0,1.5944835719487724e-15,True
equal_calls,ops,E1,Pareto-nodes,16,0.0,7.0,1.7000842944988312e-15,True
equal_calls,ops,E1,Pareto-nodes,16,0.01,7.0,1.7000842944988312e-15,True
equal_calls,ops,E1,Pareto-nodes,16,0.02,7.0,1.7000842944988312e-15,True
equal_calls,ops,E1,Pareto-nodes,16,0.05,7.0,1.7000842944988312e-15,True
equal_calls,ops,E1,Pareto-nodes,16,0.1,7.0,1.7000842944988312e-15,True
equal_calls,ops,E1,Pareto-nodes,16,0.2,7.0,1.7000842944988312e-15,True
equal_calls,ops,E1,Pareto-nodes,16,0.5,7.0,1.7000842944988312e-15,True
equal_calls,ops,E1,Pareto-nodes,16,1.0,7.0,1.7000842944988312e-15,True
equal_calls,ops,E1,Pareto-nodes,17,0.0,7.0,2.1677456228804145e-15,True
equal_calls,ops,E1,Pareto-nodes,17,0.01,7.0,2.1677456228804145e-15,True
equal_calls,ops,E1,Pareto-nodes,17,0.02,7.0,2.1677456228804145e-15,True
equal_calls,ops,E1,Pareto-nodes,17,0.05,7.0,2.1677456228804145e-15,True
equal_calls,ops,E1,Pareto-nodes,17,0.1,7.0,2.1677456228804145e-15,True
equal_calls,ops,E1,Pareto-nodes,17,0.2,7.0,2.1677456228804145e-15,True
equal_calls,ops,E1,Pareto-nodes,17,0.5,7.0,2.1677456228804145e-15,True
equal_calls,ops,E1,Pareto-nodes,17,1.0,7.0,2.1677456228804145e-15,True
equal_calls,ops,E1,Pareto-nodes,18,0.0,7.0,3.2489343803753984e-16,True
equal_calls,ops,E1,Pareto-nodes,18,0.01,7.0,3.2489343803753984e-16,True
equal_calls,ops,E1,Pareto-nodes,18,0.02,7.0,3.2489343803753984e-16,True
equal_calls,ops,E1,Pareto-nodes,18,0.05,7.0,3.2489343803753984e-16,True
equal_calls,ops,E1,Pareto-nodes,18,0.1,7.0,3.2489343803753984e-16,True
equal_calls,ops,E1,Pareto-nodes,18,0.2,7.0,3.2489343803753984e-16,True
equal_calls,ops,E1,Pareto-nodes,18,0.5,7.0,3.2489343803753984e-16,True
equal_calls,ops,E1,Pareto-nodes,18,1.0,7.0,3.2489343803753984e-16,True
equal_calls,ops,E1,Pareto-nodes,19,0.0,7.0,1.4709222633268395e-15,True
equal_calls,ops,E1,Pareto-nodes,19,0.01,7.0,1.4709222633268395e-15,True
equal_calls,ops,E1,Pareto-nodes,19,0.02,7.0,1.4709222633268395e-15,True
equal_calls,ops,E1,Pareto-nodes,19,0.05,7.0,1.4709222633268395e-15,True
equal_calls,ops,E1,Pareto-nodes,19,0.1,7.0,1.4709222633268395e-15,True
equal_calls,ops,E1,Pareto-nodes,19,0.2,7.0,1.4709222633268395e-15,True
equal_calls,ops,E1,Pareto-nodes,19,0.5,7.0,1.4709222633268395e-15,True
equal_calls,ops,E1,Pareto-nodes,19,1.0,7.0,1.4709222633268395e-15,True
equal_calls,ops,E1,Pareto-nodes,20,0.0,7.0,2.5179493105858467e-15,True
equal_calls,ops,E1,Pareto-nodes,20,0.01,7.0,2.5179493105858467e-15,True
equal_calls,ops,E1,Pareto-nodes,20,0.02,7.0,2.5179493105858467e-15,True
equal_calls,ops,E1,Pareto-nodes,20,0.05,7.0,2.5179493105858467e-15,True
equal_calls,ops,E1,Pareto-nodes,20,0.1,7.0,2.5179493105858467e-15,True
equal_calls,ops,E1,Pareto-nodes,20,0.2,7.0,2.5179493105858467e-15,True
equal_calls,ops,E1,Pareto-nodes,20,0.5,7.0,2.5179493105858467e-15,True
equal_calls,ops,E1,Pareto-nodes,20,1.0,7.0,2.5179493105858467e-15,True
equal_calls,ops,E1,Pareto-nodes,21,0.0,7.0,5.334379212799453e-16,True
equal_calls,ops,E1,Pareto-nodes,21,0.01,7.0,5.334379212799453e-16,True
equal_calls,ops,E1,Pareto-nodes,21,0.02,7.0,5.334379212799453e-16,True
equal_calls,ops,E1,Pareto-nodes,21,0.05,7.0,5.334379212799453e-16,True
equal_calls,ops,E1,Pareto-nodes,21,0.1,7.0,5.334379212799453e-16,True
equal_calls,ops,E1,Pareto-nodes,21,0.2,7.0,5.334379212799453e-16,True
equal_calls,ops,E1,Pareto-nodes,21,0.5,7.0,5.334379212799453e-16,True
equal_calls,ops,E1,Pareto-nodes,21,1.0,7.0,5.334379212799453e-16,True
equal_calls,ops,E1,Pareto-nodes,22,0.0,7.0,7.142928451732104e-16,True
equal_calls,ops,E1,Pareto-nodes,22,0.01,7.0,7.142928451732104e-16,True
equal_calls,ops,E1,Pareto-nodes,22,0.02,7.0,7.142928451732104e-16,True
equal_calls,ops,E1,Pareto-nodes,22,0.05,7.0,7.142928451732104e-16,True
equal_calls,ops,E1,Pareto-nodes,22,0.1,7.0,7.142928451732104e-16,True
equal_calls,ops,E1,Pareto-nodes,22,0.2,7.0,7.142928451732104e-16,True
equal_calls,ops,E1,Pareto-nodes,22,0.5,7.0,7.142928451732104e-16,True
equal_calls,ops,E1,Pareto-nodes,22,1.0,7.0,7.142928451732104e-16,True
equal_calls,ops,E1,Pareto-nodes,23,0.0,7.0,3.0443950575286657e-15,True
equal_calls,ops,E1,Pareto-nodes,23,0.01,7.0,3.0443950575286657e-15,True
equal_calls,ops,E1,Pareto-nodes,23,0.02,7.0,3.0443950575286657e-15,True
equal_calls,ops,E1,Pareto-nodes,23,0.05,7.0,3.0443950575286657e-15,True
equal_calls,ops,E1,Pareto-nodes,23,0.1,7.0,3.0443950575286657e-15,True
equal_calls,ops,E1,Pareto-nodes,23,0.2,7.0,3.0443950575286657e-15,True
equal_calls,ops,E1,Pareto-nodes,23,0.5,7.0,3.0443950575286657e-15,True
equal_calls,ops,E1,Pareto-nodes,23,1.0,7.0,3.0443950575286657e-15,True
equal_calls,ops,E1,Pareto-nodes,24,0.0,7.0,1.5944835719487724e-15,True
equal_calls,ops,E1,Pareto-nodes,24,0.01,7.0,1.5944835719487724e-15,True
equal_calls,ops,E1,Pareto-nodes,24,0.02,7.0,1.5944835719487724e-15,True
equal_calls,ops,E1,Pareto-nodes,24,0.05,7.0,1.5944835719487724e-15,True
equal_calls,ops,E1,Pareto-nodes,24,0.1,7.0,1.5944835719487724e-15,True
equal_calls,ops,E1,Pareto-nodes,24,0.2,7.0,1.5944835719487724e-15,True
equal_calls,ops,E1,Pareto-nodes,24,0.5,7.0,1.5944835719487724e-15,True
equal_calls,ops,E1,Pareto-nodes,24,1.0,7.0,1.5944835719487724e-15,True
equal_calls,ops,E1,Pareto-nodes,25,0.0,7.0,1.035053617371294e-15,True
equal_calls,ops,E1,Pareto-nodes,25,0.01,7.0,1.035053617371294e-15,True
equal_calls,ops,E1,Pareto-nodes,25,0.02,7.0,1.035053617371294e-15,True
equal_calls,ops,E1,Pareto-nodes,25,0.05,7.0,1.035053617371294e-15,True
equal_calls,ops,E1,Pareto-nodes,25,0.1,7.0,1.035053617371294e-15,True
equal_calls,ops,E1,Pareto-nodes,25,0.2,7.0,1.035053617371294e-15,True
equal_calls,ops,E1,Pareto-nodes,25,0.5,7.0,1.035053617371294e-15,True
equal_calls,ops,E1,Pareto-nodes,25,1.0,7.0,1.035053617371294e-15,True
equal_calls,ops,E1,Pareto-nodes,26,0.0,7.0,1.9964913575063468e-15,True
equal_calls,ops,E1,Pareto-nodes,26,0.01,7.0,1.9964913575063468e-15,True
equal_calls,ops,E1,Pareto-nodes,26,0.02,7.0,1.9964913575063468e-15,True
equal_calls,ops,E1,Pareto-nodes,26,0.05,7.0,1.9964913575063468e-15,True
equal_calls,ops,E1,Pareto-nodes,26,0.1,7.0,1.9964913575063468e-15,True
equal_calls,ops,E1,Pareto-nodes,26,0.2,7.0,1.9964913575063468e-15,True
equal_calls,ops,E1,Pareto-nodes,26,0.5,7.0,1.9964913575063468e-15,True
equal_calls,ops,E1,Pareto-nodes,26,1.0,7.0,1.9964913575063468e-15,True
equal_calls,ops,E1,Pareto-nodes,27,0.0,7.0,1.8596693730885658e-15,True
equal_calls,ops,E1,Pareto-nodes,27,0.01,7.0,1.8596693730885658e-15,True
equal_calls,ops,E1,Pareto-nodes,27,0.02,7.0,1.8596693730885658e-15,True
equal_calls,ops,E1,Pareto-nodes,27,0.05,7.0,1.8596693730885658e-15,True
equal_calls,ops,E1,Pareto-nodes,27,0.1,7.0,1.8596693730885658e-15,True
equal_calls,ops,E1,Pareto-nodes,27,0.2,7.0,1.8596693730885658e-15,True
equal_calls,ops,E1,Pareto-nodes,27,0.5,7.0,1.8596693730885658e-15,True
equal_calls,ops,E1,Pareto-nodes,27,1.0,7.0,1.8596693730885658e-15,True
equal_calls,ops,E1,Pareto-nodes,28,0.0,7.0,8.878886681264161e-16,True
equal_calls,ops,E1,Pareto-nodes,28,0.01,7.0,8.878886681264161e-16,True
equal_calls,ops,E1,Pareto-nodes,28,0.02,7.0,8.878886681264161e-16,True
equal_calls,ops,E1,Pareto-nodes,28,0.05,7.0,8.878886681264161e-16,True
equal_calls,ops,E1,Pareto-nodes,28,0.1,7.0,8.878886681264161e-16,True
equal_calls,ops,E1,Pareto-nodes,28,0.2,7.0,8.878886681264161e-16,True
equal_calls,ops,E1,Pareto-nodes,28,0.5,7.0,8.878886681264161e-16,True
equal_calls,ops,E1,Pareto-nodes,28,1.0,7.0,8.878886681264161e-16,True
equal_calls,ops,E1,Pareto-nodes,29,0.0,7.0,1.044925924616553e-15,True
equal_calls,ops,E1,Pareto-nodes,29,0.01,7.0,1.044925924616553e-15,True
equal_calls,ops,E1,Pareto-nodes,29,0.02,7.0,1.044925924616553e-15,True
equal_calls,ops,E1,Pareto-nodes,29,0.05,7.0,1.044925924616553e-15,True
equal_calls,ops,E1,Pareto-nodes,29,0.1,7.0,1.044925924616553e-15,True
equal_calls,ops,E1,Pareto-nodes,29,0.2,7.0,1.044925924616553e-15,True
equal_calls,ops,E1,Pareto-nodes,29,0.5,7.0,1.044925924616553e-15,True
equal_calls,ops,E1,Pareto-nodes,29,1.0,7.0,1.044925924616553e-15,True
equal_calls,ops,E1,Pareto-terms,0,0.0,7.0,7.142928451732104e-16,True
equal_calls,ops,E1,Pareto-terms,0,0.01,7.0,7.142928451732104e-16,True
equal_calls,ops,E1,Pareto-terms,0,0.02,7.0,7.142928451732104e-16,True
equal_calls,ops,E1,Pareto-terms,0,0.05,7.0,7.142928451732104e-16,True
equal_calls,ops,E1,Pareto-terms,0,0.1,7.0,7.142928451732104e-16,True
equal_calls,ops,E1,Pareto-terms,0,0.2,7.0,7.142928451732104e-16,True
equal_calls,ops,E1,Pareto-terms,0,0.5,7.0,7.142928451732104e-16,True
equal_calls,ops,E1,Pareto-terms,0,1.0,7.0,7.142928451732104e-16,True
equal_calls,ops,E1,Pareto-terms,1,0.0,7.0,3.0443950575286657e-15,True
equal_calls,ops,E1,Pareto-terms,1,0.01,7.0,3.0443950575286657e-15,True
equal_calls,ops,E1,Pareto-terms,1,0.02,7.0,3.0443950575286657e-15,True
equal_calls,ops,E1,Pareto-terms,1,0.05,7.0,3.0443950575286657e-15,True
equal_calls,ops,E1,Pareto-terms,1,0.1,7.0,3.0443950575286657e-15,True
equal_calls,ops,E1,Pareto-terms,1,0.2,7.0,3.0443950575286657e-15,True
equal_calls,ops,E1,Pareto-terms,1,0.5,7.0,3.0443950575286657e-15,True
equal_calls,ops,E1,Pareto-terms,1,1.0,7.0,3.0443950575286657e-15,True
equal_calls,ops,E1,Pareto-terms,2,0.0,7.0,3.133304983038018e-15,True
equal_calls,ops,E1,Pareto-terms,2,0.01,7.0,3.133304983038018e-15,True
equal_calls,ops,E1,Pareto-terms,2,0.02,7.0,3.133304983038018e-15,True
equal_calls,ops,E1,Pareto-terms,2,0.05,7.0,3.133304983038018e-15,True
equal_calls,ops,E1,Pareto-terms,2,0.1,7.0,3.133304983038018e-15,True
equal_calls,ops,E1,Pareto-terms,2,0.2,7.0,3.133304983038018e-15,True
equal_calls,ops,E1,Pareto-terms,2,0.5,7.0,3.133304983038018e-15,True
equal_calls,ops,E1,Pareto-terms,2,1.0,7.0,3.133304983038018e-15,True
equal_calls,ops,E1,Pareto-terms,3,0.0,7.0,7.142928451732104e-16,True
equal_calls,ops,E1,Pareto-terms,3,0.01,7.0,7.142928451732104e-16,True
equal_calls,ops,E1,Pareto-terms,3,0.02,7.0,7.142928451732104e-16,True
equal_calls,ops,E1,Pareto-terms,3,0.05,7.0,7.142928451732104e-16,True
equal_calls,ops,E1,Pareto-terms,3,0.1,7.0,7.142928451732104e-16,True
equal_calls,ops,E1,Pareto-terms,3,0.2,7.0,7.142928451732104e-16,True
equal_calls,ops,E1,Pareto-terms,3,0.5,7.0,7.142928451732104e-16,True
equal_calls,ops,E1,Pareto-terms,3,1.0,7.0,7.142928451732104e-16,True
equal_calls,ops,E1,Pareto-terms,4,0.0,7.0,1.2648814273871748e-15,True
equal_calls,ops,E1,Pareto-terms,4,0.01,7.0,1.2648814273871748e-15,True
equal_calls,ops,E1,Pareto-terms,4,0.02,7.0,1.2648814273871748e-15,True
equal_calls,ops,E1,Pareto-terms,4,0.05,7.0,1.2648814273871748e-15,True
equal_calls,ops,E1,Pareto-terms,4,0.1,7.0,1.2648814273871748e-15,True
equal_calls,ops,E1,Pareto-terms,4,0.2,7.0,1.2648814273871748e-15,True
equal_calls,ops,E1,Pareto-terms,4,0.5,7.0,1.2648814273871748e-15,True
equal_calls,ops,E1,Pareto-terms,4,1.0,7.0,1.2648814273871748e-15,True
equal_calls,ops,E1,Pareto-terms,5,0.0,7.0,2.1233430408575456e-15,True
equal_calls,ops,E1,Pareto-terms,5,0.01,7.0,2.1233430408575456e-15,True
equal_calls,ops,E1,Pareto-terms,5,0.02,7.0,2.1233430408575456e-15,True
equal_calls,ops,E1,Pareto-terms,5,0.05,7.0,2.1233430408575456e-15,True
equal_calls,ops,E1,Pareto-terms,5,0.1,7.0,2.1233430408575456e-15,True
equal_calls,ops,E1,Pareto-terms,5,0.2,7.0,2.1233430408575456e-15,True
equal_calls,ops,E1,Pareto-terms,5,0.5,7.0,2.1233430408575456e-15,True
equal_calls,ops,E1,Pareto-terms,5,1.0,7.0,2.1233430408575456e-15,True
equal_calls,ops,E1,Pareto-terms,6,0.0,7.0,9.267039282010344e-16,True
equal_calls,ops,E1,Pareto-terms,6,0.01,7.0,9.267039282010344e-16,True
equal_calls,ops,E1,Pareto-terms,6,0.02,7.0,9.267039282010344e-16,True
equal_calls,ops,E1,Pareto-terms,6,0.05,7.0,9.267039282010344e-16,True
equal_calls,ops,E1,Pareto-terms,6,0.1,7.0,9.267039282010344e-16,True
equal_calls,ops,E1,Pareto-terms,6,0.2,7.0,9.267039282010344e-16,True
equal_calls,ops,E1,Pareto-terms,6,0.5,7.0,9.267039282010344e-16,True
equal_calls,ops,E1,Pareto-terms,6,1.0,7.0,9.267039282010344e-16,True
equal_calls,ops,E1,Pareto-terms,7,0.0,7.0,2.022374491454973e-15,True
equal_calls,ops,E1,Pareto-terms,7,0.01,7.0,2.022374491454973e-15,True
equal_calls,ops,E1,Pareto-terms,7,0.02,7.0,2.022374491454973e-15,True
equal_calls,ops,E1,Pareto-terms,7,0.05,7.0,2.022374491454973e-15,True
equal_calls,ops,E1,Pareto-terms,7,0.1,7.0,2.022374491454973e-15,True
equal_calls,ops,E1,Pareto-terms,7,0.2,7.0,2.022374491454973e-15,True
equal_calls,ops,E1,Pareto-terms,7,0.5,7.0,2.022374491454973e-15,True
equal_calls,ops,E1,Pareto-terms,7,1.0,7.0,2.022374491454973e-15,True
equal_calls,ops,E1,Pareto-terms,8,0.0,7.0,5.29658930435707e-16,True
equal_calls,ops,E1,Pareto-terms,8,0.01,7.0,5.29658930435707e-16,True
equal_calls,ops,E1,Pareto-terms,8,0.02,7.0,5.29658930435707e-16,True
equal_calls,ops,E1,Pareto-terms,8,0.05,7.0,5.29658930435707e-16,True
equal_calls,ops,E1,Pareto-terms,8,0.1,7.0,5.29658930435707e-16,True
equal_calls,ops,E1,Pareto-terms,8,0.2,7.0,5.29658930435707e-16,True
equal_calls,ops,E1,Pareto-terms,8,0.5,7.0,5.29658930435707e-16,True
equal_calls,ops,E1,Pareto-terms,8,1.0,7.0,5.29658930435707e-16,True
equal_calls,ops,E1,Pareto-terms,9,0.0,7.0,9.03448256430443e-16,True
equal_calls,ops,E1,Pareto-terms,9,0.01,7.0,9.03448256430443e-16,True
equal_calls,ops,E1,Pareto-terms,9,0.02,7.0,9.03448256430443e-16,True
equal_calls,ops,E1,Pareto-terms,9,0.05,7.0,9.03448256430443e-16,True
equal_calls,ops,E1,Pareto-terms,9,0.1,7.0,9.03448256430443e-16,True
equal_calls,ops,E1,Pareto-terms,9,0.2,7.0,9.03448256430443e-16,True
equal_calls,ops,E1,Pareto-terms,9,0.5,7.0,9.03448256430443e-16,True
equal_calls,ops,E1,Pareto-terms,9,1.0,7.0,9.03448256430443e-16,True
equal_calls,ops,E1,Pareto-terms,10,0.0,7.0,3.3132865428115775e-16,True
equal_calls,ops,E1,Pareto-terms,10,0.01,7.0,3.3132865428115775e-16,True
equal_calls,ops,E1,Pareto-terms,10,0.02,7.0,3.3132865428115775e-16,True
equal_calls,ops,E1,Pareto-terms,10,0.05,7.0,3.3132865428115775e-16,True
equal_calls,ops,E1,Pareto-terms,10,0.1,7.0,3.3132865428115775e-16,True
equal_calls,ops,E1,Pareto-terms,10,0.2,7.0,3.3132865428115775e-16,True
equal_calls,ops,E1,Pareto-terms,10,0.5,7.0,3.3132865428115775e-16,True
equal_calls,ops,E1,Pareto-terms,10,1.0,7.0,3.3132865428115775e-16,True
equal_calls,ops,E1,Pareto-terms,11,0.0,7.0,8.878886681264161e-16,True
equal_calls,ops,E1,Pareto-terms,11,0.01,7.0,8.878886681264161e-16,True
equal_calls,ops,E1,Pareto-terms,11,0.02,7.0,8.878886681264161e-16,True
equal_calls,ops,E1,Pareto-terms,11,0.05,7.0,8.878886681264161e-16,True
equal_calls,ops,E1,Pareto-terms,11,0.1,7.0,8.878886681264161e-16,True
equal_calls,ops,E1,Pareto-terms,11,0.2,7.0,8.878886681264161e-16,True
equal_calls,ops,E1,Pareto-terms,11,0.5,7.0,8.878886681264161e-16,True
equal_calls,ops,E1,Pareto-terms,11,1.0,7.0,8.878886681264161e-16,True
equal_calls,ops,E1,Pareto-terms,12,0.0,7.0,1.2031003816395871e-15,True
equal_calls,ops,E1,Pareto-terms,12,0.01,7.0,1.2031003816395871e-15,True
equal_calls,ops,E1,Pareto-terms,12,0.02,7.0,1.2031003816395871e-15,True
equal_calls,ops,E1,Pareto-terms,12,0.05,7.0,1.2031003816395871e-15,True
equal_calls,ops,E1,Pareto-terms,12,0.1,7.0,1.2031003816395871e-15,True
equal_calls,ops,E1,Pareto-terms,12,0.2,7.0,1.2031003816395871e-15,True
equal_calls,ops,E1,Pareto-terms,12,0.5,7.0,1.2031003816395871e-15,True
equal_calls,ops,E1,Pareto-terms,12,1.0,7.0,1.2031003816395871e-15,True
equal_calls,ops,E1,Pareto-terms,13,0.0,7.0,4.084126682246382e-16,True
equal_calls,ops,E1,Pareto-terms,13,0.01,7.0,4.084126682246382e-16,True
equal_calls,ops,E1,Pareto-terms,13,0.02,7.0,4.084126682246382e-16,True
equal_calls,ops,E1,Pareto-terms,13,0.05,7.0,4.084126682246382e-16,True
equal_calls,ops,E1,Pareto-terms,13,0.1,7.0,4.084126682246382e-16,True
equal_calls,ops,E1,Pareto-terms,13,0.2,7.0,4.084126682246382e-16,True
equal_calls,ops,E1,Pareto-terms,13,0.5,7.0,4.084126682246382e-16,True
equal_calls,ops,E1,Pareto-terms,13,1.0,7.0,4.084126682246382e-16,True
equal_calls,ops,E1,Pareto-terms,14,0.0,7.0,3.252858957327326e-16,True
equal_calls,ops,E1,Pareto-terms,14,0.01,7.0,3.252858957327326e-16,True
equal_calls,ops,E1,Pareto-terms,14,0.02,7.0,3.252858957327326e-16,True
equal_calls,ops,E1,Pareto-terms,14,0.05,7.0,3.252858957327326e-16,True
equal_calls,ops,E1,Pareto-terms,14,0.1,7.0,3.252858957327326e-16,True
equal_calls,ops,E1,Pareto-terms,14,0.2,7.0,3.252858957327326e-16,True
equal_calls,ops,E1,Pareto-terms,14,0.5,7.0,3.252858957327326e-16,True
equal_calls,ops,E1,Pareto-terms,14,1.0,7.0,3.252858957327326e-16,True
equal_calls,ops,E1,Pareto-terms,15,0.0,7.0,1.5944835719487724e-15,True
equal_calls,ops,E1,Pareto-terms,15,0.01,7.0,1.5944835719487724e-15,True
equal_calls,ops,E1,Pareto-terms,15,0.02,7.0,1.5944835719487724e-15,True
equal_calls,ops,E1,Pareto-terms,15,0.05,7.0,1.5944835719487724e-15,True
equal_calls,ops,E1,Pareto-terms,15,0.1,7.0,1.5944835719487724e-15,True
equal_calls,ops,E1,Pareto-terms,15,0.2,7.0,1.5944835719487724e-15,True
equal_calls,ops,E1,Pareto-terms,15,0.5,7.0,1.5944835719487724e-15,True
equal_calls,ops,E1,Pareto-terms,15,1.0,7.0,1.5944835719487724e-15,True
equal_calls,ops,E1,Pareto-terms,16,0.0,7.0,1.947580698642516e-15,True
equal_calls,ops,E1,Pareto-terms,16,0.01,7.0,1.947580698642516e-15,True
equal_calls,ops,E1,Pareto-terms,16,0.02,7.0,1.947580698642516e-15,True
equal_calls,ops,E1,Pareto-terms,16,0.05,7.0,1.947580698642516e-15,True
equal_calls,ops,E1,Pareto-terms,16,0.1,7.0,1.947580698642516e-15,True
equal_calls,ops,E1,Pareto-terms,16,0.2,7.0,1.947580698642516e-15,True
equal_calls,ops,E1,Pareto-terms,16,0.5,7.0,1.947580698642516e-15,True
equal_calls,ops,E1,Pareto-terms,16,1.0,7.0,1.947580698642516e-15,True
equal_calls,ops,E1,Pareto-terms,17,0.0,7.0,2.1677456228804145e-15,True
equal_calls,ops,E1,Pareto-terms,17,0.01,7.0,2.1677456228804145e-15,True
equal_calls,ops,E1,Pareto-terms,17,0.02,7.0,2.1677456228804145e-15,True
equal_calls,ops,E1,Pareto-terms,17,0.05,7.0,2.1677456228804145e-15,True
equal_calls,ops,E1,Pareto-terms,17,0.1,7.0,2.1677456228804145e-15,True
equal_calls,ops,E1,Pareto-terms,17,0.2,7.0,2.1677456228804145e-15,True
equal_calls,ops,E1,Pareto-terms,17,0.5,7.0,2.1677456228804145e-15,True
equal_calls,ops,E1,Pareto-terms,17,1.0,7.0,2.1677456228804145e-15,True
equal_calls,ops,E1,Pareto-terms,18,0.0,7.0,3.2489343803753984e-16,True
equal_calls,ops,E1,Pareto-terms,18,0.01,7.0,3.2489343803753984e-16,True
equal_calls,ops,E1,Pareto-terms,18,0.02,7.0,3.2489343803753984e-16,True
equal_calls,ops,E1,Pareto-terms,18,0.05,7.0,3.2489343803753984e-16,True
equal_calls,ops,E1,Pareto-terms,18,0.1,7.0,3.2489343803753984e-16,True
equal_calls,ops,E1,Pareto-terms,18,0.2,7.0,3.2489343803753984e-16,True
equal_calls,ops,E1,Pareto-terms,18,0.5,7.0,3.2489343803753984e-16,True
equal_calls,ops,E1,Pareto-terms,18,1.0,7.0,3.2489343803753984e-16,True
equal_calls,ops,E1,Pareto-terms,19,0.0,7.0,5.468948813044272e-16,True
equal_calls,ops,E1,Pareto-terms,19,0.01,7.0,5.468948813044272e-16,True
equal_calls,ops,E1,Pareto-terms,19,0.02,7.0,5.468948813044272e-16,True
equal_calls,ops,E1,Pareto-terms,19,0.05,7.0,5.468948813044272e-16,True
equal_calls,ops,E1,Pareto-terms,19,0.1,7.0,5.468948813044272e-16,True
equal_calls,ops,E1,Pareto-terms,19,0.2,7.0,5.468948813044272e-16,True
equal_calls,ops,E1,Pareto-terms,19,0.5,7.0,5.468948813044272e-16,True
equal_calls,ops,E1,Pareto-terms,19,1.0,7.0,5.468948813044272e-16,True
equal_calls,ops,E1,Pareto-terms,20,0.0,7.0,3.4896201714327896e-16,True
equal_calls,ops,E1,Pareto-terms,20,0.01,7.0,3.4896201714327896e-16,True
equal_calls,ops,E1,Pareto-terms,20,0.02,7.0,3.4896201714327896e-16,True
equal_calls,ops,E1,Pareto-terms,20,0.05,7.0,3.4896201714327896e-16,True
equal_calls,ops,E1,Pareto-terms,20,0.1,7.0,3.4896201714327896e-16,True
equal_calls,ops,E1,Pareto-terms,20,0.2,7.0,3.4896201714327896e-16,True
equal_calls,ops,E1,Pareto-terms,20,0.5,7.0,3.4896201714327896e-16,True
equal_calls,ops,E1,Pareto-terms,20,1.0,7.0,3.4896201714327896e-16,True
equal_calls,ops,E1,Pareto-terms,21,0.0,7.0,1.0220753774418589e-15,True
equal_calls,ops,E1,Pareto-terms,21,0.01,7.0,1.0220753774418589e-15,True
equal_calls,ops,E1,Pareto-terms,21,0.02,7.0,1.0220753774418589e-15,True
equal_calls,ops,E1,Pareto-terms,21,0.05,7.0,1.0220753774418589e-15,True
equal_calls,ops,E1,Pareto-terms,21,0.1,7.0,1.0220753774418589e-15,True
equal_calls,ops,E1,Pareto-terms,21,0.2,7.0,1.0220753774418589e-15,True
equal_calls,ops,E1,Pareto-terms,21,0.5,7.0,1.0220753774418589e-15,True
equal_calls,ops,E1,Pareto-terms,21,1.0,7.0,1.0220753774418589e-15,True
equal_calls,ops,E1,Pareto-terms,22,0.0,7.0,7.142928451732104e-16,True
equal_calls,ops,E1,Pareto-terms,22,0.01,7.0,7.142928451732104e-16,True
equal_calls,ops,E1,Pareto-terms,22,0.02,7.0,7.142928451732104e-16,True
equal_calls,ops,E1,Pareto-terms,22,0.05,7.0,7.142928451732104e-16,True
equal_calls,ops,E1,Pareto-terms,22,0.1,7.0,7.142928451732104e-16,True
equal_calls,ops,E1,Pareto-terms,22,0.2,7.0,7.142928451732104e-16,True
equal_calls,ops,E1,Pareto-terms,22,0.5,7.0,7.142928451732104e-16,True
equal_calls,ops,E1,Pareto-terms,22,1.0,7.0,7.142928451732104e-16,True
equal_calls,ops,E1,Pareto-terms,23,0.0,7.0,1.9114341278221274e-15,True
equal_calls,ops,E1,Pareto-terms,23,0.01,7.0,1.9114341278221274e-15,True
equal_calls,ops,E1,Pareto-terms,23,0.02,7.0,1.9114341278221274e-15,True
equal_calls,ops,E1,Pareto-terms,23,0.05,7.0,1.9114341278221274e-15,True
equal_calls,ops,E1,Pareto-terms,23,0.1,7.0,1.9114341278221274e-15,True
equal_calls,ops,E1,Pareto-terms,23,0.2,7.0,1.9114341278221274e-15,True
equal_calls,ops,E1,Pareto-terms,23,0.5,7.0,1.9114341278221274e-15,True
equal_calls,ops,E1,Pareto-terms,23,1.0,7.0,1.9114341278221274e-15,True
equal_calls,ops,E1,Pareto-terms,24,0.0,7.0,2.0302360183971514e-15,True
equal_calls,ops,E1,Pareto-terms,24,0.01,7.0,2.0302360183971514e-15,True
equal_calls,ops,E1,Pareto-terms,24,0.02,7.0,2.0302360183971514e-15,True
equal_calls,ops,E1,Pareto-terms,24,0.05,7.0,2.0302360183971514e-15,True
equal_calls,ops,E1,Pareto-terms,24,0.1,7.0,2.0302360183971514e-15,True
equal_calls,ops,E1,Pareto-terms,24,0.2,7.0,2.0302360183971514e-15,True
equal_calls,ops,E1,Pareto-terms,24,0.5,7.0,2.0302360183971514e-15,True
equal_calls,ops,E1,Pareto-terms,24,1.0,7.0,2.0302360183971514e-15,True
equal_calls,ops,E1,Pareto-terms,25,0.0,7.0,1.035053617371294e-15,True
equal_calls,ops,E1,Pareto-terms,25,0.01,7.0,1.035053617371294e-15,True
equal_calls,ops,E1,Pareto-terms,25,0.02,7.0,1.035053617371294e-15,True
equal_calls,ops,E1,Pareto-terms,25,0.05,7.0,1.035053617371294e-15,True
equal_calls,ops,E1,Pareto-terms,25,0.1,7.0,1.035053617371294e-15,True
equal_calls,ops,E1,Pareto-terms,25,0.2,7.0,1.035053617371294e-15,True
equal_calls,ops,E1,Pareto-terms,25,0.5,7.0,1.035053617371294e-15,True
equal_calls,ops,E1,Pareto-terms,25,1.0,7.0,1.035053617371294e-15,True
equal_calls,ops,E1,Pareto-terms,26,0.0,7.0,1.9964913575063468e-15,True
equal_calls,ops,E1,Pareto-terms,26,0.01,7.0,1.9964913575063468e-15,True
equal_calls,ops,E1,Pareto-terms,26,0.02,7.0,1.9964913575063468e-15,True
equal_calls,ops,E1,Pareto-terms,26,0.05,7.0,1.9964913575063468e-15,True
equal_calls,ops,E1,Pareto-terms,26,0.1,7.0,1.9964913575063468e-15,True
equal_calls,ops,E1,Pareto-terms,26,0.2,7.0,1.9964913575063468e-15,True
equal_calls,ops,E1,Pareto-terms,26,0.5,7.0,1.9964913575063468e-15,True
equal_calls,ops,E1,Pareto-terms,26,1.0,7.0,1.9964913575063468e-15,True
equal_calls,ops,E1,Pareto-terms,27,0.0,7.0,1.2862667904077988e-15,True
equal_calls,ops,E1,Pareto-terms,27,0.01,7.0,1.2862667904077988e-15,True
equal_calls,ops,E1,Pareto-terms,27,0.02,7.0,1.2862667904077988e-15,True
equal_calls,ops,E1,Pareto-terms,27,0.05,7.0,1.2862667904077988e-15,True
equal_calls,ops,E1,Pareto-terms,27,0.1,7.0,1.2862667904077988e-15,True
equal_calls,ops,E1,Pareto-terms,27,0.2,7.0,1.2862667904077988e-15,True
equal_calls,ops,E1,Pareto-terms,27,0.5,7.0,1.2862667904077988e-15,True
equal_calls,ops,E1,Pareto-terms,27,1.0,7.0,1.2862667904077988e-15,True
equal_calls,ops,E1,Pareto-terms,28,0.0,7.0,8.878886681264161e-16,True
equal_calls,ops,E1,Pareto-terms,28,0.01,7.0,8.878886681264161e-16,True
equal_calls,ops,E1,Pareto-terms,28,0.02,7.0,8.878886681264161e-16,True
equal_calls,ops,E1,Pareto-terms,28,0.05,7.0,8.878886681264161e-16,True
equal_calls,ops,E1,Pareto-terms,28,0.1,7.0,8.878886681264161e-16,True
equal_calls,ops,E1,Pareto-terms,28,0.2,7.0,8.878886681264161e-16,True
equal_calls,ops,E1,Pareto-terms,28,0.5,7.0,8.878886681264161e-16,True
equal_calls,ops,E1,Pareto-terms,28,1.0,7.0,8.878886681264161e-16,True
equal_calls,ops,E1,Pareto-terms,29,0.0,7.0,1.044925924616553e-15,True
equal_calls,ops,E1,Pareto-terms,29,0.01,7.0,1.044925924616553e-15,True
equal_calls,ops,E1,Pareto-terms,29,0.02,7.0,1.044925924616553e-15,True
equal_calls,ops,E1,Pareto-terms,29,0.05,7.0,1.044925924616553e-15,True
equal_calls,ops,E1,Pareto-terms,29,0.1,7.0,1.044925924616553e-15,True
equal_calls,ops,E1,Pareto-terms,29,0.2,7.0,1.044925924616553e-15,True
equal_calls,ops,E1,Pareto-terms,29,0.5,7.0,1.044925924616553e-15,True
equal_calls,ops,E1,Pareto-terms,29,1.0,7.0,1.044925924616553e-15,True
equal_calls,ops,E1,SO,0,0.0,9.0,2.821447395164707e-16,True
equal_calls,ops,E1,SO,0,0.01,9.0,2.821447395164707e-16,True
equal_calls,ops,E1,SO,0,0.02,9.0,2.821447395164707e-16,True
equal_calls,ops,E1,SO,0,0.05,9.0,2.821447395164707e-16,True
equal_calls,ops,E1,SO,0,0.1,9.0,2.821447395164707e-16,True
equal_calls,ops,E1,SO,0,0.2,9.0,2.821447395164707e-16,True
equal_calls,ops,E1,SO,0,0.5,9.0,2.821447395164707e-16,True
equal_calls,ops,E1,SO,0,1.0,9.0,2.821447395164707e-16,True
equal_calls,ops,E1,SO,1,0.0,11.0,3.207588230161238e-16,True
equal_calls,ops,E1,SO,1,0.01,11.0,3.207588230161238e-16,True
equal_calls,ops,E1,SO,1,0.02,11.0,3.207588230161238e-16,True
equal_calls,ops,E1,SO,1,0.05,11.0,3.207588230161238e-16,True
equal_calls,ops,E1,SO,1,0.1,11.0,3.207588230161238e-16,True
equal_calls,ops,E1,SO,1,0.2,11.0,3.207588230161238e-16,True
equal_calls,ops,E1,SO,1,0.5,11.0,3.207588230161238e-16,True
equal_calls,ops,E1,SO,1,1.0,11.0,3.207588230161238e-16,True
equal_calls,ops,E1,SO,2,0.0,10.0,2.1438683212081093e-16,True
equal_calls,ops,E1,SO,2,0.01,10.0,2.1438683212081093e-16,True
equal_calls,ops,E1,SO,2,0.02,10.0,2.1438683212081093e-16,True
equal_calls,ops,E1,SO,2,0.05,10.0,2.1438683212081093e-16,True
equal_calls,ops,E1,SO,2,0.1,10.0,2.1438683212081093e-16,True
equal_calls,ops,E1,SO,2,0.2,10.0,2.1438683212081093e-16,True
equal_calls,ops,E1,SO,2,0.5,10.0,2.1438683212081093e-16,True
equal_calls,ops,E1,SO,2,1.0,10.0,2.1438683212081093e-16,True
equal_calls,ops,E1,SO,3,0.0,14.0,2.8354989479731118e-16,True
equal_calls,ops,E1,SO,3,0.01,14.0,2.8354989479731118e-16,True
equal_calls,ops,E1,SO,3,0.02,14.0,2.8354989479731118e-16,True
equal_calls,ops,E1,SO,3,0.05,14.0,2.8354989479731118e-16,True
equal_calls,ops,E1,SO,3,0.1,14.0,2.8354989479731118e-16,True
equal_calls,ops,E1,SO,3,0.2,14.0,2.8354989479731118e-16,True
equal_calls,ops,E1,SO,3,0.5,14.0,2.8354989479731118e-16,True
equal_calls,ops,E1,SO,3,1.0,14.0,2.8354989479731118e-16,True
equal_calls,ops,E1,SO,4,0.0,9.0,2.6508865607196936e-16,True
equal_calls,ops,E1,SO,4,0.01,9.0,2.6508865607196936e-16,True
equal_calls,ops,E1,SO,4,0.02,9.0,2.6508865607196936e-16,True
equal_calls,ops,E1,SO,4,0.05,9.0,2.6508865607196936e-16,True
equal_calls,ops,E1,SO,4,0.1,9.0,2.6508865607196936e-16,True
equal_calls,ops,E1,SO,4,0.2,9.0,2.6508865607196936e-16,True
equal_calls,ops,E1,SO,4,0.5,9.0,2.6508865607196936e-16,True
equal_calls,ops,E1,SO,4,1.0,9.0,2.6508865607196936e-16,True
equal_calls,ops,E1,SO,5,0.0,11.0,2.4491431876450457e-16,True
equal_calls,ops,E1,SO,5,0.01,11.0,2.4491431876450457e-16,True
equal_calls,ops,E1,SO,5,0.02,11.0,2.4491431876450457e-16,True
equal_calls,ops,E1,SO,5,0.05,11.0,2.4491431876450457e-16,True
equal_calls,ops,E1,SO,5,0.1,11.0,2.4491431876450457e-16,True
equal_calls,ops,E1,SO,5,0.2,11.0,2.4491431876450457e-16,True
equal_calls,ops,E1,SO,5,0.5,11.0,2.4491431876450457e-16,True
equal_calls,ops,E1,SO,5,1.0,11.0,2.4491431876450457e-16,True
equal_calls,ops,E1,SO,6,0.0,7.0,2.700813343538282e-16,True
equal_calls,ops,E1,SO,6,0.01,7.0,2.700813343538282e-16,True
equal_calls,ops,E1,SO,6,0.02,7.0,2.700813343538282e-16,True
equal_calls,ops,E1,SO,6,0.05,7.0,2.700813343538282e-16,True
equal_calls,ops,E1,SO,6,0.1,7.0,2.700813343538282e-16,True
equal_calls,ops,E1,SO,6,0.2,7.0,2.700813343538282e-16,True
equal_calls,ops,E1,SO,6,0.5,7.0,2.700813343538282e-16,True
equal_calls,ops,E1,SO,6,1.0,7.0,2.700813343538282e-16,True
equal_calls,ops,E1,SO,7,0.0,9.0,3.785052985690101e-16,True
equal_calls,ops,E1,SO,7,0.01,9.0,3.785052985690101e-16,True
equal_calls,ops,E1,SO,7,0.02,9.0,3.785052985690101e-16,True
equal_calls,ops,E1,SO,7,0.05,9.0,3.785052985690101e-16,True
equal_calls,ops,E1,SO,7,0.1,9.0,3.785052985690101e-16,True
equal_calls,ops,E1,SO,7,0.2,9.0,3.785052985690101e-16,True
equal_calls,ops,E1,SO,7,0.5,9.0,3.785052985690101e-16,True
equal_calls,ops,E1,SO,7,1.0,9.0,3.785052985690101e-16,True
equal_calls,ops,E1,SO,8,0.0,13.0,2.582002893023232e-16,True
equal_calls,ops,E1,SO,8,0.01,13.0,2.582002893023232e-16,True
equal_calls,ops,E1,SO,8,0.02,13.0,2.582002893023232e-16,True
equal_calls,ops,E1,SO,8,0.05,13.0,2.582002893023232e-16,True
equal_calls,ops,E1,SO,8,0.1,13.0,2.582002893023232e-16,True
equal_calls,ops,E1,SO,8,0.2,13.0,2.582002893023232e-16,True
equal_calls,ops,E1,SO,8,0.5,13.0,2.582002893023232e-16,True
equal_calls,ops,E1,SO,8,1.0,13.0,2.582002893023232e-16,True
equal_calls,ops,E1,SO,9,0.0,7.0,2.700813343538282e-16,True
equal_calls,ops,E1,SO,9,0.01,7.0,2.700813343538282e-16,True
equal_calls,ops,E1,SO,9,0.02,7.0,2.700813343538282e-16,True
equal_calls,ops,E1,SO,9,0.05,7.0,2.700813343538282e-16,True
equal_calls,ops,E1,SO,9,0.1,7.0,2.700813343538282e-16,True
equal_calls,ops,E1,SO,9,0.2,7.0,2.700813343538282e-16,True
equal_calls,ops,E1,SO,9,0.5,7.0,2.700813343538282e-16,True
equal_calls,ops,E1,SO,9,1.0,7.0,2.700813343538282e-16,True
equal_calls,ops,E1,SO,10,0.0,7.0,2.700813343538282e-16,True
equal_calls,ops,E1,SO,10,0.01,7.0,2.700813343538282e-16,True
equal_calls,ops,E1,SO,10,0.02,7.0,2.700813343538282e-16,True
equal_calls,ops,E1,SO,10,0.05,7.0,2.700813343538282e-16,True
equal_calls,ops,E1,SO,10,0.1,7.0,2.700813343538282e-16,True
equal_calls,ops,E1,SO,10,0.2,7.0,2.700813343538282e-16,True
equal_calls,ops,E1,SO,10,0.5,7.0,2.700813343538282e-16,True
equal_calls,ops,E1,SO,10,1.0,7.0,2.700813343538282e-16,True
equal_calls,ops,E1,SO,11,0.0,7.0,2.700813343538282e-16,True
equal_calls,ops,E1,SO,11,0.01,7.0,2.700813343538282e-16,True
equal_calls,ops,E1,SO,11,0.02,7.0,2.700813343538282e-16,True
equal_calls,ops,E1,SO,11,0.05,7.0,2.700813343538282e-16,True
equal_calls,ops,E1,SO,11,0.1,7.0,2.700813343538282e-16,True
equal_calls,ops,E1,SO,11,0.2,7.0,2.700813343538282e-16,True
equal_calls,ops,E1,SO,11,0.5,7.0,2.700813343538282e-16,True
equal_calls,ops,E1,SO,11,1.0,7.0,2.700813343538282e-16,True
equal_calls,ops,E1,SO,12,0.0,11.0,2.043428099927965e-16,True
equal_calls,ops,E1,SO,12,0.01,11.0,2.043428099927965e-16,True
equal_calls,ops,E1,SO,12,0.02,11.0,2.043428099927965e-16,True
equal_calls,ops,E1,SO,12,0.05,11.0,2.043428099927965e-16,True
equal_calls,ops,E1,SO,12,0.1,11.0,2.043428099927965e-16,True
equal_calls,ops,E1,SO,12,0.2,11.0,2.043428099927965e-16,True
equal_calls,ops,E1,SO,12,0.5,11.0,2.043428099927965e-16,True
equal_calls,ops,E1,SO,12,1.0,11.0,2.043428099927965e-16,True
equal_calls,ops,E1,SO,13,0.0,7.0,2.700813343538282e-16,True
equal_calls,ops,E1,SO,13,0.01,7.0,2.700813343538282e-16,True
equal_calls,ops,E1,SO,13,0.02,7.0,2.700813343538282e-16,True
equal_calls,ops,E1,SO,13,0.05,7.0,2.700813343538282e-16,True
equal_calls,ops,E1,SO,13,0.1,7.0,2.700813343538282e-16,True
equal_calls,ops,E1,SO,13,0.2,7.0,2.700813343538282e-16,True
equal_calls,ops,E1,SO,13,0.5,7.0,2.700813343538282e-16,True
equal_calls,ops,E1,SO,13,1.0,7.0,2.700813343538282e-16,True
equal_calls,ops,E1,SO,14,0.0,9.0,2.3458695068017613e-16,True
equal_calls,ops,E1,SO,14,0.01,9.0,2.3458695068017613e-16,True
equal_calls,ops,E1,SO,14,0.02,9.0,2.3458695068017613e-16,True
equal_calls,ops,E1,SO,14,0.05,9.0,2.3458695068017613e-16,True
equal_calls,ops,E1,SO,14,0.1,9.0,2.3458695068017613e-16,True
equal_calls,ops,E1,SO,14,0.2,9.0,2.3458695068017613e-16,True
equal_calls,ops,E1,SO,14,0.5,9.0,2.3458695068017613e-16,True
equal_calls,ops,E1,SO,14,1.0,9.0,2.3458695068017613e-16,True
equal_calls,ops,E1,SO,15,0.0,9.0,2.7227928526362325e-16,True
equal_calls,ops,E1,SO,15,0.01,9.0,2.7227928526362325e-16,True
equal_calls,ops,E1,SO,15,0.02,9.0,2.7227928526362325e-16,True
equal_calls,ops,E1,SO,15,0.05,9.0,2.7227928526362325e-16,True
equal_calls,ops,E1,SO,15,0.1,9.0,2.7227928526362325e-16,True
equal_calls,ops,E1,SO,15,0.2,9.0,2.7227928526362325e-16,True
equal_calls,ops,E1,SO,15,0.5,9.0,2.7227928526362325e-16,True
equal_calls,ops,E1,SO,15,1.0,9.0,2.7227928526362325e-16,True
equal_calls,ops,E1,SO,16,0.0,9.0,2.3458695068017613e-16,True
equal_calls,ops,E1,SO,16,0.01,9.0,2.3458695068017613e-16,True
equal_calls,ops,E1,SO,16,0.02,9.0,2.3458695068017613e-16,True
equal_calls,ops,E1,SO,16,0.05,9.0,2.3458695068017613e-16,True
equal_calls,ops,E1,SO,16,0.1,9.0,2.3458695068017613e-16,True
equal_calls,ops,E1,SO,16,0.2,9.0,2.3458695068017613e-16,True
equal_calls,ops,E1,SO,16,0.5,9.0,2.3458695068017613e-16,True
equal_calls,ops,E1,SO,16,1.0,9.0,2.3458695068017613e-16,True
equal_calls,ops,E1,SO,17,0.0,9.0,3.323602781771804e-16,True
equal_calls,ops,E1,SO,17,0.01,9.0,3.323602781771804e-16,True
equal_calls,ops,E1,SO,17,0.02,9.0,3.323602781771804e-16,True
equal_calls,ops,E1,SO,17,0.05,9.0,3.323602781771804e-16,True
equal_calls,ops,E1,SO,17,0.1,9.0,3.323602781771804e-16,True
equal_calls,ops,E1,SO,17,0.2,9.0,3.323602781771804e-16,True
equal_calls,ops,E1,SO,17,0.5,9.0,3.323602781771804e-16,True
equal_calls,ops,E1,SO,17,1.0,9.0,3.323602781771804e-16,True
equal_calls,ops,E1,SO,18,0.0,10.0,2.4149382677767686e-16,True
equal_calls,ops,E1,SO,18,0.01,10.0,2.4149382677767686e-16,True
equal_calls,ops,E1,SO,18,0.02,10.0,2.4149382677767686e-16,True
equal_calls,ops,E1,SO,18,0.05,10.0,2.4149382677767686e-16,True
equal_calls,ops,E1,SO,18,0.1,10.0,2.4149382677767686e-16,True
equal_calls,ops,E1,SO,18,0.2,10.0,2.4149382677767686e-16,True
equal_calls,ops,E1,SO,18,0.5,10.0,2.4149382677767686e-16,True
equal_calls,ops,E1,SO,18,1.0,10.0,2.4149382677767686e-16,True
equal_calls,ops,E1,SO,19,0.0,7.0,2.700813343538282e-16,True
equal_calls,ops,E1,SO,19,0.01,7.0,2.700813343538282e-16,True
equal_calls,ops,E1,SO,19,0.02,7.0,2.700813343538282e-16,True
equal_calls,ops,E1,SO,19,0.05,7.0,2.700813343538282e-16,True
equal_calls,ops,E1,SO,19,0.1,7.0,2.700813343538282e-16,True
equal_calls,ops,E1,SO,19,0.2,7.0,2.700813343538282e-16,True
equal_calls,ops,E1,SO,19,0.5,7.0,2.700813343538282e-16,True
equal_calls,ops,E1,SO,19,1.0,7.0,2.700813343538282e-16,True
equal_calls,ops,E1,SO,20,0.0,7.0,2.700813343538282e-16,True
equal_calls,ops,E1,SO,20,0.01,7.0,2.700813343538282e-16,True
equal_calls,ops,E1,SO,20,0.02,7.0,2.700813343538282e-16,True
equal_calls,ops,E1,SO,20,0.05,7.0,2.700813343538282e-16,True
equal_calls,ops,E1,SO,20,0.1,7.0,2.700813343538282e-16,True
equal_calls,ops,E1,SO,20,0.2,7.0,2.700813343538282e-16,True
equal_calls,ops,E1,SO,20,0.5,7.0,2.700813343538282e-16,True
equal_calls,ops,E1,SO,20,1.0,7.0,2.700813343538282e-16,True
equal_calls,ops,E1,SO,21,0.0,11.0,3.048215388922267e-16,True
equal_calls,ops,E1,SO,21,0.01,11.0,3.048215388922267e-16,True
equal_calls,ops,E1,SO,21,0.02,11.0,3.048215388922267e-16,True
equal_calls,ops,E1,SO,21,0.05,11.0,3.048215388922267e-16,True
equal_calls,ops,E1,SO,21,0.1,11.0,3.048215388922267e-16,True
equal_calls,ops,E1,SO,21,0.2,11.0,3.048215388922267e-16,True
equal_calls,ops,E1,SO,21,0.5,11.0,3.048215388922267e-16,True
equal_calls,ops,E1,SO,21,1.0,11.0,3.048215388922267e-16,True
equal_calls,ops,E1,SO,22,0.0,11.0,3.260402014746928e-16,True
equal_calls,ops,E1,SO,22,0.01,11.0,3.260402014746928e-16,True
equal_calls,ops,E1,SO,22,0.02,11.0,3.260402014746928e-16,True
equal_calls,ops,E1,SO,22,0.05,11.0,3.260402014746928e-16,True
equal_calls,ops,E1,SO,22,0.1,11.0,3.260402014746928e-16,True
equal_calls,ops,E1,SO,22,0.2,11.0,3.260402014746928e-16,True
equal_calls,ops,E1,SO,22,0.5,11.0,3.260402014746928e-16,True
equal_calls,ops,E1,SO,22,1.0,11.0,3.260402014746928e-16,True
equal_calls,ops,E1,SO,23,0.0,14.0,2.540337108856375e-16,True
equal_calls,ops,E1,SO,23,0.01,14.0,2.540337108856375e-16,True
equal_calls,ops,E1,SO,23,0.02,14.0,2.540337108856375e-16,True
equal_calls,ops,E1,SO,23,0.05,14.0,2.540337108856375e-16,True
equal_calls,ops,E1,SO,23,0.1,14.0,2.540337108856375e-16,True
equal_calls,ops,E1,SO,23,0.2,14.0,2.540337108856375e-16,True
equal_calls,ops,E1,SO,23,0.5,14.0,2.540337108856375e-16,True
equal_calls,ops,E1,SO,23,1.0,14.0,2.540337108856375e-16,True
equal_calls,ops,E1,SO,24,0.0,9.0,2.1087021151122103e-16,True
equal_calls,ops,E1,SO,24,0.01,9.0,2.1087021151122103e-16,True
equal_calls,ops,E1,SO,24,0.02,9.0,2.1087021151122103e-16,True
equal_calls,ops,E1,SO,24,0.05,9.0,2.1087021151122103e-16,True
equal_calls,ops,E1,SO,24,0.1,9.0,2.1087021151122103e-16,True
equal_calls,ops,E1,SO,24,0.2,9.0,2.1087021151122103e-16,True
equal_calls,ops,E1,SO,24,0.5,9.0,2.1087021151122103e-16,True
equal_calls,ops,E1,SO,24,1.0,9.0,2.1087021151122103e-16,True
equal_calls,ops,E1,SO,25,0.0,11.0,2.4491431876450457e-16,True
equal_calls,ops,E1,SO,25,0.01,11.0,2.4491431876450457e-16,True
equal_calls,ops,E1,SO,25,0.02,11.0,2.4491431876450457e-16,True
equal_calls,ops,E1,SO,25,0.05,11.0,2.4491431876450457e-16,True
equal_calls,ops,E1,SO,25,0.1,11.0,2.4491431876450457e-16,True
equal_calls,ops,E1,SO,25,0.2,11.0,2.4491431876450457e-16,True
equal_calls,ops,E1,SO,25,0.5,11.0,2.4491431876450457e-16,True
equal_calls,ops,E1,SO,25,1.0,11.0,2.4491431876450457e-16,True
equal_calls,ops,E1,SO,26,0.0,9.0,2.3458695068017613e-16,True
equal_calls,ops,E1,SO,26,0.01,9.0,2.3458695068017613e-16,True
equal_calls,ops,E1,SO,26,0.02,9.0,2.3458695068017613e-16,True
equal_calls,ops,E1,SO,26,0.05,9.0,2.3458695068017613e-16,True
equal_calls,ops,E1,SO,26,0.1,9.0,2.3458695068017613e-16,True
equal_calls,ops,E1,SO,26,0.2,9.0,2.3458695068017613e-16,True
equal_calls,ops,E1,SO,26,0.5,9.0,2.3458695068017613e-16,True
equal_calls,ops,E1,SO,26,1.0,9.0,2.3458695068017613e-16,True
equal_calls,ops,E1,SO,27,0.0,9.0,2.3458695068017613e-16,True
equal_calls,ops,E1,SO,27,0.01,9.0,2.3458695068017613e-16,True
equal_calls,ops,E1,SO,27,0.02,9.0,2.3458695068017613e-16,True
equal_calls,ops,E1,SO,27,0.05,9.0,2.3458695068017613e-16,True
equal_calls,ops,E1,SO,27,0.1,9.0,2.3458695068017613e-16,True
equal_calls,ops,E1,SO,27,0.2,9.0,2.3458695068017613e-16,True
equal_calls,ops,E1,SO,27,0.5,9.0,2.3458695068017613e-16,True
equal_calls,ops,E1,SO,27,1.0,9.0,2.3458695068017613e-16,True
equal_calls,ops,E1,SO,28,0.0,9.0,2.3458695068017613e-16,True
equal_calls,ops,E1,SO,28,0.01,9.0,2.3458695068017613e-16,True
equal_calls,ops,E1,SO,28,0.02,9.0,2.3458695068017613e-16,True
equal_calls,ops,E1,SO,28,0.05,9.0,2.3458695068017613e-16,True
equal_calls,ops,E1,SO,28,0.1,9.0,2.3458695068017613e-16,True
equal_calls,ops,E1,SO,28,0.2,9.0,2.3458695068017613e-16,True
equal_calls,ops,E1,SO,28,0.5,9.0,2.3458695068017613e-16,True
equal_calls,ops,E1,SO,28,1.0,9.0,2.3458695068017613e-16,True
equal_calls,ops,E1,SO,29,0.0,9.0,2.3458695068017613e-16,True
equal_calls,ops,E1,SO,29,0.01,9.0,2.3458695068017613e-16,True
equal_calls,ops,E1,SO,29,0.02,9.0,2.3458695068017613e-16,True
equal_calls,ops,E1,SO,29,0.05,9.0,2.3458695068017613e-16,True
equal_calls,ops,E1,SO,29,0.1,9.0,2.3458695068017613e-16,True
equal_calls,ops,E1,SO,29,0.2,9.0,2.3458695068017613e-16,True
equal_calls,ops,E1,SO,29,0.5,9.0,2.3458695068017613e-16,True
equal_calls,ops,E1,SO,29,1.0,9.0,2.3458695068017613e-16,True
equal_calls,ops,E2,Green,0,0.0,12.0,0.027974296687295605,False
equal_calls,ops,E2,Green,0,0.01,10.0,0.02818844475994602,False
equal_calls,ops,E2,Green,0,0.02,9.0,0.028055878467765197,False
equal_calls,ops,E2,Green,0,0.05,7.0,0.0283362316288928,False
equal_calls,ops,E2,Green,0,0.1,7.0,0.0283362316288928,False
equal_calls,ops,E2,Green,0,0.2,7.0,0.0283362316288928,False
equal_calls,ops,E2,Green,0,0.5,7.0,0.0283362316288928,False
equal_calls,ops,E2,Green,0,1.0,7.0,0.0283362316288928,False
equal_calls,ops,E2,Green,1,0.0,12.0,0.028078161724803288,False
equal_calls,ops,E2,Green,1,0.01,9.0,0.028064896501388877,False
equal_calls,ops,E2,Green,1,0.02,9.0,0.028064896501388877,False
equal_calls,ops,E2,Green,1,0.05,7.0,0.028336231628892785,False
equal_calls,ops,E2,Green,1,0.1,7.0,0.028336231628892785,False
equal_calls,ops,E2,Green,1,0.2,7.0,0.028336231628892785,False
equal_calls,ops,E2,Green,1,0.5,7.0,0.028336231628892785,False
equal_calls,ops,E2,Green,1,1.0,7.0,0.028336231628892785,False
equal_calls,ops,E2,Green,2,0.0,12.0,0.028439045742316704,False
equal_calls,ops,E2,Green,2,0.01,10.0,0.028550657207611442,False
equal_calls,ops,E2,Green,2,0.02,9.0,0.028055878467765152,False
equal_calls,ops,E2,Green,2,0.05,7.0,0.028336231628892785,False
equal_calls,ops,E2,Green,2,0.1,7.0,0.028336231628892785,False
equal_calls,ops,E2,Green,2,0.2,7.0,0.028336231628892785,False
equal_calls,ops,E2,Green,2,0.5,7.0,0.028336231628892785,False
equal_calls,ops,E2,Green,2,1.0,7.0,0.028336231628892785,False
equal_calls,ops,E2,Green,3,0.0,12.0,0.027974296687295574,False
equal_calls,ops,E2,Green,3,0.01,11.0,0.0281468941451608,False
equal_calls,ops,E2,Green,3,0.02,9.0,0.02805587846776525,False
equal_calls,ops,E2,Green,3,0.05,7.0,0.028336231628892816,False
equal_calls,ops,E2,Green,3,0.1,7.0,0.028336231628892816,False
equal_calls,ops,E2,Green,3,0.2,7.0,0.028336231628892816,False
equal_calls,ops,E2,Green,3,0.5,7.0,0.028336231628892816,False
equal_calls,ops,E2,Green,3,1.0,7.0,0.028336231628892816,False
equal_calls,ops,E2,Green,4,0.0,12.0,0.027974296687295588,False
equal_calls,ops,E2,Green,4,0.01,10.0,0.028621296410020196,False
equal_calls,ops,E2,Green,4,0.02,9.0,0.028055878467765263,False
equal_calls,ops,E2,Green,4,0.05,7.0,0.028336231628892834,False
equal_calls,ops,E2,Green,4,0.1,7.0,0.028336231628892834,False
equal_calls,ops,E2,Green,4,0.2,7.0,0.028336231628892834,False
equal_calls,ops,E2,Green,4,0.5,7.0,0.028336231628892834,False
equal_calls,ops,E2,Green,4,1.0,7.0,0.028336231628892834,False
equal_calls,ops,E2,Green,5,0.0,12.0,0.027957597881117516,False
equal_calls,ops,E2,Green,5,0.01,10.0,0.028621296410020196,False
equal_calls,ops,E2,Green,5,0.02,9.0,0.02805587846776518,False
equal_calls,ops,E2,Green,5,0.05,7.0,0.0283362316288928,False
equal_calls,ops,E2,Green,5,0.1,7.0,0.0283362316288928,False
equal_calls,ops,E2,Green,5,0.2,7.0,0.0283362316288928,False
equal_calls,ops,E2,Green,5,0.5,7.0,0.0283362316288928,False
equal_calls,ops,E2,Green,5,1.0,7.0,0.0283362316288928,False
equal_calls,ops,E2,Green,6,0.0,12.0,0.027974296687295615,False
equal_calls,ops,E2,Green,6,0.01,10.0,0.028550657207611466,False
equal_calls,ops,E2,Green,6,0.02,9.0,0.02805587846776524,False
equal_calls,ops,E2,Green,6,0.05,7.0,0.02833623162889271,False
equal_calls,ops,E2,Green,6,0.1,7.0,0.02833623162889271,False
equal_calls,ops,E2,Green,6,0.2,7.0,0.02833623162889271,False
equal_calls,ops,E2,Green,6,0.5,7.0,0.02833623162889271,False
equal_calls,ops,E2,Green,6,1.0,7.0,0.02833623162889271,False
equal_calls,ops,E2,Green,7,0.0,12.0,0.027974296687295508,False
equal_calls,ops,E2,Green,7,0.01,11.0,0.028146894145160993,False
equal_calls,ops,E2,Green,7,0.02,9.0,0.028055878467765145,False
equal_calls,ops,E2,Green,7,0.05,7.0,0.028336231628892785,False
equal_calls,ops,E2,Green,7,0.1,7.0,0.028336231628892785,False
equal_calls,ops,E2,Green,7,0.2,7.0,0.028336231628892785,False
equal_calls,ops,E2,Green,7,0.5,7.0,0.028336231628892785,False
equal_calls,ops,E2,Green,7,1.0,7.0,0.028336231628892785,False
equal_calls,ops,E2,Green,8,0.0,12.0,0.027974296687295598,False
equal_calls,ops,E2,Green,8,0.01,11.0,0.028106803351275765,False
equal_calls,ops,E2,Green,8,0.02,9.0,0.028127236116949287,False
equal_calls,ops,E2,Green,8,0.05,7.0,0.028336231628892785,False
equal_calls,ops,E2,Green,8,0.1,7.0,0.028336231628892785,False
equal_calls,ops,E2,Green,8,0.2,7.0,0.028336231628892785,False
equal_calls,ops,E2,Green,8,0.5,7.0,0.028336231628892785,False
equal_calls,ops,E2,Green,8,1.0,7.0,0.028336231628892785,False
equal_calls,ops,E2,Green,9,0.0,12.0,0.028439045742316656,False
equal_calls,ops,E2,Green,9,0.01,11.0,0.02814689414516098,False
equal_calls,ops,E2,Green,9,0.02,9.0,0.028055878467765197,False
equal_calls,ops,E2,Green,9,0.05,7.0,0.028336231628892785,False
equal_calls,ops,E2,Green,9,0.1,7.0,0.028336231628892785,False
equal_calls,ops,E2,Green,9,0.2,7.0,0.028336231628892785,False
equal_calls,ops,E2,Green,9,0.5,7.0,0.028336231628892785,False
equal_calls,ops,E2,Green,9,1.0,5.0,0.03928791423409452,False
equal_calls,ops,E2,Green,10,0.0,12.0,0.02849547219766385,False
equal_calls,ops,E2,Green,10,0.01,10.0,0.028621296410020196,False
equal_calls,ops,E2,Green,10,0.02,9.0,0.028055878467765263,False
equal_calls,ops,E2,Green,10,0.05,7.0,0.028713772295473443,False
equal_calls,ops,E2,Green,10,0.1,7.0,0.028713772295473443,False
equal_calls,ops,E2,Green,10,0.2,7.0,0.028713772295473443,False
equal_calls,ops,E2,Green,10,0.5,7.0,0.028713772295473443,False
equal_calls,ops,E2,Green,10,1.0,7.0,0.028713772295473443,False
equal_calls,ops,E2,Green,11,0.0,12.0,0.02852788859250914,False
equal_calls,ops,E2,Green,11,0.01,11.0,0.028146894145160962,False
equal_calls,ops,E2,Green,11,0.02,9.0,0.028055878467765152,False
equal_calls,ops,E2,Green,11,0.05,7.0,0.028336231628892834,False
equal_calls,ops,E2,Green,11,0.1,7.0,0.028336231628892834,False
equal_calls,ops,E2,Green,11,0.2,7.0,0.028336231628892834,False
equal_calls,ops,E2,Green,11,0.5,7.0,0.028336231628892834,False
equal_calls,ops,E2,Green,11,1.0,7.0,0.028336231628892834,False
equal_calls,ops,E2,Green,12,0.0,12.0,0.0285895674368909,False
equal_calls,ops,E2,Green,12,0.01,10.0,0.02855065720761136,False
equal_calls,ops,E2,Green,12,0.02,9.0,0.028055878467765156,False
equal_calls,ops,E2,Green,12,0.05,7.0,0.028336231628892757,False
equal_calls,ops,E2,Green,12,0.1,7.0,0.028336231628892757,False
equal_calls,ops,E2,Green,12,0.2,7.0,0.028336231628892757,False
equal_calls,ops,E2,Green,12,0.5,7.0,0.028336231628892757,False
equal_calls,ops,E2,Green,12,1.0,7.0,0.028336231628892757,False
equal_calls,ops,E2,Green,13,0.0,12.0,0.02791935546662031,False
equal_calls,ops,E2,Green,13,0.01,11.0,0.028106803351275765,False
equal_calls,ops,E2,Green,13,0.02,9.0,0.028055878467765086,False
equal_calls,ops,E2,Green,13,0.05,7.0,0.028336231628892816,False
equal_calls,ops,E2,Green,13,0.1,7.0,0.028336231628892816,False
equal_calls,ops,E2,Green,13,0.2,7.0,0.028336231628892816,False
equal_calls,ops,E2,Green,13,0.5,7.0,0.028336231628892816,False
equal_calls,ops,E2,Green,13,1.0,7.0,0.028336231628892816,False
equal_calls,ops,E2,Green,14,0.0,12.0,0.027942523048818904,False
equal_calls,ops,E2,Green,14,0.01,10.0,0.028550657207611373,False
equal_calls,ops,E2,Green,14,0.02,9.0,0.028055878467765156,False
equal_calls,ops,E2,Green,14,0.05,7.0,0.02833623162889276,False
equal_calls,ops,E2,Green,14,0.1,7.0,0.02833623162889276,False
equal_calls,ops,E2,Green,14,0.2,7.0,0.02833623162889276,False
equal_calls,ops,E2,Green,14,0.5,7.0,0.02833623162889276,False
equal_calls,ops,E2,Green,14,1.0,7.0,0.02833623162889276,False
equal_calls,ops,E2,Green,15,0.0,12.0,0.02796714752933447,False
equal_calls,ops,E2,Green,15,0.01,9.0,0.028055878467765156,False
equal_calls,ops,E2,Green,15,0.02,9.0,0.028055878467765156,False
equal_calls,ops,E2,Green,15,0.05,7.0,0.028336231628892816,False
equal_calls,ops,E2,Green,15,0.1,7.0,0.028336231628892816,False
equal_calls,ops,E2,Green,15,0.2,7.0,0.028336231628892816,False
equal_calls,ops,E2,Green,15,0.5,7.0,0.028336231628892816,False
equal_calls,ops,E2,Green,15,1.0,7.0,0.028336231628892816,False
equal_calls,ops,E2,Green,16,0.0,12.0,0.02797429668729562,False
equal_calls,ops,E2,Green,16,0.01,10.0,0.028188444759946075,False
equal_calls,ops,E2,Green,16,0.02,9.0,0.028055878467765197,False
equal_calls,ops,E2,Green,16,0.05,7.0,0.028336231628892785,False
equal_calls,ops,E2,Green,16,0.1,7.0,0.028336231628892785,False
equal_calls,ops,E2,Green,16,0.2,7.0,0.028336231628892785,False
equal_calls,ops,E2,Green,16,0.5,7.0,0.028336231628892785,False
equal_calls,ops,E2,Green,16,1.0,7.0,0.028336231628892785,False
equal_calls,ops,E2,Green,17,0.0,12.0,0.02795759788111758,False
equal_calls,ops,E2,Green,17,0.01,10.0,0.028188444759945995,False
equal_calls,ops,E2,Green,17,0.02,9.0,0.028055878467765333,False
equal_calls,ops,E2,Green,17,0.05,7.0,0.02833623162889281,False
equal_calls,ops,E2,Green,17,0.1,7.0,0.02833623162889281,False
equal_calls,ops,E2,Green,17,0.2,7.0,0.02833623162889281,False
equal_calls,ops,E2,Green,17,0.5,7.0,0.02833623162889281,False
equal_calls,ops,E2,Green,17,1.0,7.0,0.02833623162889281,False
equal_calls,ops,E2,Green,18,0.0,12.0,0.02799182220411606,False
equal_calls,ops,E2,Green,18,0.01,9.0,0.028055878467765187,False
equal_calls,ops,E2,Green,18,0.02,9.0,0.028055878467765187,False
equal_calls,ops,E2,Green,18,0.05,7.0,0.028336231628892785,False
equal_calls,ops,E2,Green,18,0.1,7.0,0.028336231628892785,False
equal_calls,ops,E2,Green,18,0.2,7.0,0.028336231628892785,False
equal_calls,ops,E2,Green,18,0.5,7.0,0.028336231628892785,False
equal_calls,ops,E2,Green,18,1.0,7.0,0.028336231628892785,False
equal_calls,ops,E2,Green,19,0.0,12.0,0.027942879613123764,False
equal_calls,ops,E2,Green,19,0.01,10.0,0.028550657207611397,False
equal_calls,ops,E2,Green,19,0.02,9.0,0.028055878467765197,False
equal_calls,ops,E2,Green,19,0.05,7.0,0.028336231628892813,False
equal_calls,ops,E2,Green,19,0.1,7.0,0.028336231628892813,False
equal_calls,ops,E2,Green,19,0.2,7.0,0.028336231628892813,False
equal_calls,ops,E2,Green,19,0.5,7.0,0.028336231628892813,False
equal_calls,ops,E2,Green,19,1.0,7.0,0.028336231628892813,False
equal_calls,ops,E2,Green,20,0.0,12.0,0.028527888592509154,False
equal_calls,ops,E2,Green,20,0.01,11.0,0.028106803351275817,False
equal_calls,ops,E2,Green,20,0.02,9.0,0.028055878467765208,False
equal_calls,ops,E2,Green,20,0.05,7.0,0.02833623162889272,False
equal_calls,ops,E2,Green,20,0.1,7.0,0.02833623162889272,False
equal_calls,ops,E2,Green,20,0.2,7.0,0.02833623162889272,False
equal_calls,ops,E2,Green,20,0.5,7.0,0.02833623162889272,False
equal_calls,ops,E2,Green,20,1.0,7.0,0.02833623162889272,False
equal_calls,ops,E2,Green,21,0.0,12.0,0.028439045742316694,False
equal_calls,ops,E2,Green,21,0.01,11.0,0.028146894145160885,False
equal_calls,ops,E2,Green,21,0.02,9.0,0.028055878467765236,False
equal_calls,ops,E2,Green,21,0.05,7.0,0.028336231628892785,False
equal_calls,ops,E2,Green,21,0.1,7.0,0.028336231628892785,False
equal_calls,ops,E2,Green,21,0.2,7.0,0.028336231628892785,False
equal_calls,ops,E2,Green,21,0.5,7.0,0.028336231628892785,False
equal_calls,ops,E2,Green,21,1.0,7.0,0.028336231628892785,False
equal_calls,ops,E2,Green,22,0.0,12.0,0.028495472197663844,False
equal_calls,ops,E2,Green,22,0.01,10.0,0.02862129641002025,False
equal_calls,ops,E2,Green,22,0.02,9.0,0.028055878467765166,False
equal_calls,ops,E2,Green,22,0.05,7.0,0.028336231628892802,False
equal_calls,ops,E2,Green,22,0.1,7.0,0.028336231628892802,False
equal_calls,ops,E2,Green,22,0.2,7.0,0.028336231628892802,False
equal_calls,ops,E2,Green,22,0.5,7.0,0.028336231628892802,False
equal_calls,ops,E2,Green,22,1.0,7.0,0.028336231628892802,False
equal_calls,ops,E2,Green,23,0.0,12.0,0.028155688559466457,False
equal_calls,ops,E2,Green,23,0.01,10.0,0.028188444759945964,False
equal_calls,ops,E2,Green,23,0.02,9.0,0.028055878467765166,False
equal_calls,ops,E2,Green,23,0.05,7.0,0.028336231628892723,False
equal_calls,ops,E2,Green,23,0.1,7.0,0.028336231628892723,False
equal_calls,ops,E2,Green,23,0.2,7.0,0.028336231628892723,False
equal_calls,ops,E2,Green,23,0.5,7.0,0.028336231628892723,False
equal_calls,ops,E2,Green,23,1.0,7.0,0.028336231628892723,False
equal_calls,ops,E2,Green,24,0.0,12.0,0.028012512421825897,False
equal_calls,ops,E2,Green,24,0.01,10.0,0.02880942424416168,False
equal_calls,ops,E2,Green,24,0.02,9.0,0.028127236116949353,False
equal_calls,ops,E2,Green,24,0.05,9.0,0.028127236116949353,False
equal_calls,ops,E2,Green,24,0.1,9.0,0.028127236116949353,False
equal_calls,ops,E2,Green,24,0.2,7.0,0.029880508519262286,False
equal_calls,ops,E2,Green,24,0.5,7.0,0.029880508519262286,False
equal_calls,ops,E2,Green,24,1.0,7.0,0.029880508519262286,False
equal_calls,ops,E2,Green,25,0.0,12.0,0.02794287961312389,False
equal_calls,ops,E2,Green,25,0.01,10.0,0.028550657207611477,False
equal_calls,ops,E2,Green,25,0.02,9.0,0.0280558784677652,False
equal_calls,ops,E2,Green,25,0.05,7.0,0.029240311556464994,False
equal_calls,ops,E2,Green,25,0.1,7.0,0.029240311556464994,False
equal_calls,ops,E2,Green,25,0.2,7.0,0.029240311556464994,False
equal_calls,ops,E2,Green,25,0.5,7.0,0.029240311556464994,False
equal_calls,ops,E2,Green,25,1.0,7.0,0.029240311556464994,False
equal_calls,ops,E2,Green,26,0.0,12.0,0.028051303057781852,False
equal_calls,ops,E2,Green,26,0.01,9.0,0.028055878467765197,False
equal_calls,ops,E2,Green,26,0.02,9.0,0.028055878467765197,False
equal_calls,ops,E2,Green,26,0.05,9.0,0.028055878467765197,False
equal_calls,ops,E2,Green,26,0.1,7.0,0.02968076789429216,False
equal_calls,ops,E2,Green,26,0.2,7.0,0.02968076789429216,False
equal_calls,ops,E2,Green,26,0.5,7.0,0.02968076789429216,False
equal_calls,ops,E2,Green,26,1.0,7.0,0.02968076789429216,False
equal_calls,ops,E2,Green,27,0.0,12.0,0.028495472197663702,False
equal_calls,ops,E2,Green,27,0.01,10.0,0.028621296410020237,False
equal_calls,ops,E2,Green,27,0.02,9.0,0.028055878467765173,False
equal_calls,ops,E2,Green,27,0.05,7.0,0.028336231628892834,False
equal_calls,ops,E2,Green,27,0.1,7.0,0.028336231628892834,False
equal_calls,ops,E2,Green,27,0.2,7.0,0.028336231628892834,False
equal_calls,ops,E2,Green,27,0.5,7.0,0.028336231628892834,False
equal_calls,ops,E2,Green,27,1.0,5.0,0.03997385380317287,False
equal_calls,ops,E2,Green,28,0.0,12.0,0.02794287961312381,False
equal_calls,ops,E2,Green,28,0.01,10.0,0.028550657207611435,False
equal_calls,ops,E2,Green,28,0.02,9.0,0.0280558784677652,False
equal_calls,ops,E2,Green,28,0.05,7.0,0.02833623162889276,False
equal_calls,ops,E2,Green,28,0.1,7.0,0.02833623162889276,False
equal_calls,ops,E2,Green,28,0.2,7.0,0.02833623162889276,False
equal_calls,ops,E2,Green,28,0.5,7.0,0.02833623162889276,False
equal_calls,ops,E2,Green,28,1.0,7.0,0.02833623162889276,False
equal_calls,ops,E2,Green,29,0.0,12.0,0.02794252304881899,False
equal_calls,ops,E2,Green,29,0.01,10.0,0.028550657207611456,False
equal_calls,ops,E2,Green,29,0.02,9.0,0.028055878467765187,False
equal_calls,ops,E2,Green,29,0.05,7.0,0.028336231628892854,False
equal_calls,ops,E2,Green,29,0.1,7.0,0.028336231628892854,False
equal_calls,ops,E2,Green,29,0.2,7.0,0.028336231628892854,False
equal_calls,ops,E2,Green,29,0.5,7.0,0.028336231628892854,False
equal_calls,ops,E2,Green,29,1.0,7.0,0.028336231628892854,False
equal_calls,ops,E2,MO-lex,0,0.0,12.0,0.028439045742316746,False
equal_calls,ops,E2,MO-lex,0,0.01,10.0,0.028621296410020255,False
equal_calls,ops,E2,MO-lex,0,0.02,10.0,0.028621296410020255,False
equal_calls,ops,E2,MO-lex,0,0.05,10.0,0.028621296410020255,False
equal_calls,ops,E2,MO-lex,0,0.1,10.0,0.028621296410020255,False
equal_calls,ops,E2,MO-lex,0,0.2,9.0,0.030502023594221134,False
equal_calls,ops,E2,MO-lex,0,0.5,9.0,0.030502023594221134,False
equal_calls,ops,E2,MO-lex,0,1.0,7.0,0.043451014021122655,False
equal_calls,ops,E2,MO-lex,1,0.0,12.0,0.027974296687295588,False
equal_calls,ops,E2,MO-lex,1,0.01,11.0,0.02803412927900486,False
equal_calls,ops,E2,MO-lex,1,0.02,9.0,0.028055878467765197,False
equal_calls,ops,E2,MO-lex,1,0.05,9.0,0.028055878467765197,False
equal_calls,ops,E2,MO-lex,1,0.1,9.0,0.028055878467765197,False
equal_calls,ops,E2,MO-lex,1,0.2,9.0,0.028055878467765197,False
equal_calls,ops,E2,MO-lex,1,0.5,9.0,0.028055878467765197,False
equal_calls,ops,E2,MO-lex,1,1.0,7.0,0.042559636106315045,False
equal_calls,ops,E2,MO-lex,2,0.0,12.0,0.027942879613123903,False
equal_calls,ops,E2,MO-lex,2,0.01,10.0,0.028809424244161618,False
equal_calls,ops,E2,MO-lex,2,0.02,10.0,0.028809424244161618,False
equal_calls,ops,E2,MO-lex,2,0.05,10.0,0.028809424244161618,False
equal_calls,ops,E2,MO-lex,2,0.1,10.0,0.028809424244161618,False
equal_calls,ops,E2,MO-lex,2,0.2,10.0,0.028809424244161618,False
equal_calls,ops,E2,MO-lex,2,0.5,7.0,0.03208498861998801,False
equal_calls,ops,E2,MO-lex,2,1.0,7.0,0.03208498861998801,False
equal_calls,ops,E2,MO-lex,3,0.0,12.0,0.028495472197663716,False
equal_calls,ops,E2,MO-lex,3,0.01,12.0,0.028495472197663716,False
equal_calls,ops,E2,MO-lex,3,0.02,10.0,0.0281884447599459,False
equal_calls,ops,E2,MO-lex,3,0.05,10.0,0.0281884447599459,False
equal_calls,ops,E2,MO-lex,3,0.1,10.0,0.0281884447599459,False
equal_calls,ops,E2,MO-lex,3,0.2,9.0,0.03103193278219014,False
equal_calls,ops,E2,MO-lex,3,0.5,9.0,0.03103193278219014,False
equal_calls,ops,E2,MO-lex,3,1.0,9.0,0.03103193278219014,False
equal_calls,ops,E2,MO-lex,4,0.0,12.0,0.028495472197663872,False
equal_calls,ops,E2,MO-lex,4,0.01,10.0,0.028621296410020196,False
equal_calls,ops,E2,MO-lex,4,0.02,10.0,0.028621296410020196,False
equal_calls,ops,E2,MO-lex,4,0.05,10.0,0.028621296410020196,False
equal_calls,ops,E2,MO-lex,4,0.1,10.0,0.028621296410020196,False
equal_calls,ops,E2,MO-lex,4,0.2,10.0,0.028621296410020196,False
equal_calls,ops,E2,MO-lex,4,0.5,9.0,0.033848182955642896,False
equal_calls,ops,E2,MO-lex,4,1.0,9.0,0.033848182955642896,False
equal_calls,ops,E2,MO-lex,5,0.0,12.0,0.02852788859250901,False
equal_calls,ops,E2,MO-lex,5,0.01,12.0,0.02852788859250901,False
equal_calls,ops,E2,MO-lex,5,0.02,10.0,0.029159056587540748,False
equal_calls,ops,E2,MO-lex,5,0.05,10.0,0.029159056587540748,False
equal_calls,ops,E2,MO-lex,5,0.1,10.0,0.029159056587540748,False
equal_calls,ops,E2,MO-lex,5,0.2,9.0,0.030502023594221144,False
equal_calls,ops,E2,MO-lex,5,0.5,7.0,0.029878948179252764,False
equal_calls,ops,E2,MO-lex,5,1.0,7.0,0.029878948179252764,False
equal_calls,ops,E2,MO-lex,6,0.0,12.0,0.027942879613123753,False
equal_calls,ops,E2,MO-lex,6,0.01,11.0,0.028061057151065827,False
equal_calls,ops,E2,MO-lex,6,0.02,9.0,0.028055878467765152,False
equal_calls,ops,E2,MO-lex,6,0.05,9.0,0.028055878467765152,False
equal_calls,ops,E2,MO-lex,6,0.1,9.0,0.028055878467765152,False
equal_calls,ops,E2,MO-lex,6,0.2,9.0,0.028055878467765152,False
equal_calls,ops,E2,MO-lex,6,0.5,9.0,0.028055878467765152,False
equal_calls,ops,E2,MO-lex,6,1.0,9.0,0.028055878467765152,False
equal_calls,ops,E2,MO-lex,7,0.0,12.0,0.028527888592509112,False
equal_calls,ops,E2,MO-lex,7,0.01,12.0,0.028527888592509112,False
equal_calls,ops,E2,MO-lex,7,0.02,11.0,0.0280374199234565,False
equal_calls,ops,E2,MO-lex,7,0.05,11.0,0.0280374199234565,False
equal_calls,ops,E2,MO-lex,7,0.1,11.0,0.0280374199234565,False
equal_calls,ops,E2,MO-lex,7,0.2,9.0,0.029360170929678884,False
equal_calls,ops,E2,MO-lex,7,0.5,9.0,0.029360170929678884,False
equal_calls,ops,E2,MO-lex,7,1.0,7.0,0.047523388488052924,False
equal_calls,ops,E2,MO-lex,8,0.0,12.0,0.028439045742316746,False
equal_calls,ops,E2,MO-lex,8,0.01,12.0,0.028439045742316746,False
equal_calls,ops,E2,MO-lex,8,0.02,9.0,0.028055878467765197,False
equal_calls,ops,E2,MO-lex,8,0.05,9.0,0.028055878467765197,False
equal_calls,ops,E2,MO-lex,8,0.1,9.0,0.028055878467765197,False
equal_calls,ops,E2,MO-lex,8,0.2,7.0,0.03149822664352079,False
equal_calls,ops,E2,MO-lex,8,0.5,7.0,0.03149822664352079,False
equal_calls,ops,E2,MO-lex,8,1.0,7.0,0.03149822664352079,False
equal_calls,ops,E2,MO-lex,9,0.0,12.0,0.02794287961312382,False
equal_calls,ops,E2,MO-lex,9,0.01,12.0,0.02794287961312382,False
equal_calls,ops,E2,MO-lex,9,0.02,9.0,0.028150473711904392,False
equal_calls,ops,E2,MO-lex,9,0.05,7.0,0.02833623162889281,False
equal_calls,ops,E2,MO-lex,9,0.1,7.0,0.02833623162889281,False
equal_calls,ops,E2,MO-lex,9,0.2,7.0,0.02833623162889281,False
equal_calls,ops,E2,MO-lex,9,0.5,7.0,0.02833623162889281,False
equal_calls,ops,E2,MO-lex,9,1.0,7.0,0.02833623162889281,False
equal_calls,ops,E2,MO-lex,10,0.0,12.0,0.02794287961312382,False
equal_calls,ops,E2,MO-lex,10,0.01,11.0,0.028106803351275723,False
equal_calls,ops,E2,MO-lex,10,0.02,10.0,0.028188444759945874,False
equal_calls,ops,E2,MO-lex,10,0.05,10.0,0.028188444759945874,False
equal_calls,ops,E2,MO-lex,10,0.1,10.0,0.028188444759945874,False
equal_calls,ops,E2,MO-lex,10,0.2,9.0,0.03343950511731536,False
equal_calls,ops,E2,MO-lex,10,0.5,9.0,0.03343950511731536,False
equal_calls,ops,E2,MO-lex,10,1.0,9.0,0.03343950511731536,False
equal_calls,ops,E2,MO-lex,11,0.0,12.0,0.028495472197663657,False
equal_calls,ops,E2,MO-lex,11,0.01,10.0,0.028621296410020154,False
equal_calls,ops,E2,MO-lex,11,0.02,10.0,0.028621296410020154,False
equal_calls,ops,E2,MO-lex,11,0.05,10.0,0.028621296410020154,False
equal_calls,ops,E2,MO-lex,11,0.1,10.0,0.028621296410020154,False
equal_calls,ops,E2,MO-lex,11,0.2,10.0,0.028621296410020154,False
equal_calls,ops,E2,MO-lex,11,0.5,9.0,0.0325978836509007,True
equal_calls,ops,E2,MO-lex,11,1.0,9.0,0.0325978836509007,True
equal_calls,ops,E2,MO-lex,12,0.0,12.0,0.028495472197663768,False
equal_calls,ops,E2,MO-lex,12,0.01,12.0,0.028495472197663768,False
equal_calls,ops,E2,MO-lex,12,0.02,11.0,0.028037419923456482,False
equal_calls,ops,E2,MO-lex,12,0.05,9.0,0.028750982584347478,False
equal_calls,ops,E2,MO-lex,12,0.1,9.0,0.028750982584347478,False
equal_calls,ops,E2,MO-lex,12,0.2,9.0,0.028750982584347478,False
equal_calls,ops,E2,MO-lex,12,0.5,9.0,0.028750982584347478,False
equal_calls,ops,E2,MO-lex,12,1.0,7.0,0.043897939357719566,False
equal_calls,ops,E2,MO-lex,13,0.0,12.0,0.028495472197663806,False
equal_calls,ops,E2,MO-lex,13,0.01,12.0,0.028495472197663806,False
equal_calls,ops,E2,MO-lex,13,0.02,10.0,0.02818844475994596,False
equal_calls,ops,E2,MO-lex,13,0.05,10.0,0.02818844475994596,False
equal_calls,ops,E2,MO-lex,13,0.1,10.0,0.02818844475994596,False
equal_calls,ops,E2,MO-lex,13,0.2,9.0,0.029960622635979612,False
equal_calls,ops,E2,MO-lex,13,0.5,7.0,0.03370061638417663,False
equal_calls,ops,E2,MO-lex,13,1.0,7.0,0.03370061638417663,False
equal_calls,ops,E2,MO-lex,14,0.0,12.0,0.027942879613123823,False
equal_calls,ops,E2,MO-lex,14,0.01,11.0,0.02803412927900483,False
equal_calls,ops,E2,MO-lex,14,0.02,9.0,0.028055878467765253,False
equal_calls,ops,E2,MO-lex,14,0.05,9.0,0.028055878467765253,False
equal_calls,ops,E2,MO-lex,14,0.1,9.0,0.028055878467765253,False
equal_calls,ops,E2,MO-lex,14,0.2,9.0,0.028055878467765253,False
equal_calls,ops,E2,MO-lex,14,0.5,9.0,0.028055878467765253,False
equal_calls,ops,E2,MO-lex,14,1.0,9.0,0.028055878467765253,False
equal_calls,ops,E2,MO-lex,15,0.0,12.0,0.028439045742316763,False
equal_calls,ops,E2,MO-lex,15,0.01,11.0,0.028071444914599893,False
equal_calls,ops,E2,MO-lex,15,0.02,11.0,0.028071444914599893,False
equal_calls,ops,E2,MO-lex,15,0.05,9.0,0.02899960310140295,False
equal_calls,ops,E2,MO-lex,15,0.1,9.0,0.02899960310140295,False
equal_calls,ops,E2,MO-lex,15,0.2,9.0,0.02899960310140295,False
equal_calls,ops,E2,MO-lex,15,0.5,9.0,0.02899960310140295,False
equal_calls,ops,E2,MO-lex,15,1.0,7.0,0.04084059530016623,False
equal_calls,ops,E2,MO-lex,16,0.0,12.0,0.027942879613123882,False
equal_calls,ops,E2,MO-lex,16,0.01,11.0,0.028048976976892404,False
equal_calls,ops,E2,MO-lex,16,0.02,10.0,0.02818268848553528,False
equal_calls,ops,E2,MO-lex,16,0.05,10.0,0.02818268848553528,False
equal_calls,ops,E2,MO-lex,16,0.1,9.0,0.027716088639745107,False
equal_calls,ops,E2,MO-lex,16,0.2,9.0,0.027716088639745107,False
equal_calls,ops,E2,MO-lex,16,0.5,9.0,0.027716088639745107,False
equal_calls,ops,E2,MO-lex,16,1.0,9.0,0.027716088639745107,False
equal_calls,ops,E2,MO-lex,17,0.0,12.0,0.02794252304881898,False
equal_calls,ops,E2,MO-lex,17,0.01,10.0,0.028177658871386232,False
equal_calls,ops,E2,MO-lex,17,0.02,9.0,0.02805587846776524,False
equal_calls,ops,E2,MO-lex,17,0.05,7.0,0.02833623162889271,False
equal_calls,ops,E2,MO-lex,17,0.1,7.0,0.02833623162889271,False
equal_calls,ops,E2,MO-lex,17,0.2,7.0,0.02833623162889271,False
equal_calls,ops,E2,MO-lex,17,0.5,7.0,0.02833623162889271,False
equal_calls,ops,E2,MO-lex,17,1.0,7.0,0.02833623162889271,False
equal_calls,ops,E2,MO-lex,18,0.0,12.0,0.028439045742316725,False
equal_calls,ops,E2,MO-lex,18,0.01,12.0,0.028439045742316725,False
equal_calls,ops,E2,MO-lex,18,0.02,12.0,0.028439045742316725,False
equal_calls,ops,E2,MO-lex,18,0.05,10.0,0.028946790859196353,False
equal_calls,ops,E2,MO-lex,18,0.1,9.0,0.02953148257340495,False
equal_calls,ops,E2,MO-lex,18,0.2,9.0,0.02953148257340495,False
equal_calls,ops,E2,MO-lex,18,0.5,9.0,0.02953148257340495,False
equal_calls,ops,E2,MO-lex,18,1.0,9.0,0.02953148257340495,False
equal_calls,ops,E2,MO-lex,19,0.0,12.0,0.028495472197663824,False
equal_calls,ops,E2,MO-lex,19,0.01,12.0,0.028495472197663824,False
equal_calls,ops,E2,MO-lex,19,0.02,10.0,0.02818268848553524,False
equal_calls,ops,E2,MO-lex,19,0.05,10.0,0.02818268848553524,False
equal_calls,ops,E2,MO-lex,19,0.1,9.0,0.027800107337470525,False
equal_calls,ops,E2,MO-lex,19,0.2,9.0,0.027800107337470525,False
equal_calls,ops,E2,MO-lex,19,0.5,9.0,0.027800107337470525,False
equal_calls,ops,E2,MO-lex,19,1.0,9.0,0.027800107337470525,False
equal_calls,ops,E2,MO-lex,20,0.0,12.0,0.02794287961312374,False
equal_calls,ops,E2,MO-lex,20,0.01,11.0,0.028061057151065844,False
equal_calls,ops,E2,MO-lex,20,0.02,9.0,0.02805587846776516,False
equal_calls,ops,E2,MO-lex,20,0.05,7.0,0.028336231628892795,False
equal_calls,ops,E2,MO-lex,20,0.1,7.0,0.028336231628892795,False
equal_calls,ops,E2,MO-lex,20,0.2,7.0,0.028336231628892795,False
equal_calls,ops,E2,MO-lex,20,0.5,7.0,0.028336231628892795,False
equal_calls,ops,E2,MO-lex,20,1.0,7.0,0.028336231628892795,False
equal_calls,ops,E2,MO-lex,21,0.0,12.0,0.02794287961312378,False
equal_calls,ops,E2,MO-lex,21,0.01,11.0,0.028034129279004793,False
equal_calls,ops,E2,MO-lex,21,0.02,9.0,0.028055878467765184,False
equal_calls,ops,E2,MO-lex,21,0.05,9.0,0.028055878467765184,False
equal_calls,ops,E2,MO-lex,21,0.1,9.0,0.028055878467765184,False
equal_calls,ops,E2,MO-lex,21,0.2,9.0,0.028055878467765184,False
equal_calls,ops,E2,MO-lex,21,0.5,9.0,0.028055878467765184,False
equal_calls,ops,E2,MO-lex,21,1.0,9.0,0.028055878467765184,False
equal_calls,ops,E2,MO-lex,22,0.0,12.0,0.0284954721976637,False
equal_calls,ops,E2,MO-lex,22,0.01,12.0,0.0284954721976637,False
equal_calls,ops,E2,MO-lex,22,0.02,9.0,0.028055878467765197,False
equal_calls,ops,E2,MO-lex,22,0.05,7.0,0.02833623162889277,False
equal_calls,ops,E2,MO-lex,22,0.1,7.0,0.02833623162889277,False
equal_calls,ops,E2,MO-lex,22,0.2,7.0,0.02833623162889277,False
equal_calls,ops,E2,MO-lex,22,0.5,7.0,0.02833623162889277,False
equal_calls,ops,E2,MO-lex,22,1.0,7.0,0.02833623162889277,False
equal_calls,ops,E2,MO-lex,23,0.0,12.0,0.027942879613123726,False
equal_calls,ops,E2,MO-lex,23,0.01,11.0,0.0280610571510659,False
equal_calls,ops,E2,MO-lex,23,0.02,9.0,0.02805587846776516,False
equal_calls,ops,E2,MO-lex,23,0.05,7.0,0.028336231628892795,False
equal_calls,ops,E2,MO-lex,23,0.1,7.0,0.028336231628892795,False
equal_calls,ops,E2,MO-lex,23,0.2,7.0,0.028336231628892795,False
equal_calls,ops,E2,MO-lex,23,0.5,7.0,0.028336231628892795,False
equal_calls,ops,E2,MO-lex,23,1.0,7.0,0.028336231628892795,False
equal_calls,ops,E2,MO-lex,24,0.0,12.0,0.02849547219766375,False
equal_calls,ops,E2,MO-lex,24,0.01,10.0,0.028621296410020206,False
equal_calls,ops,E2,MO-lex,24,0.02,10.0,0.028621296410020206,False
equal_calls,ops,E2,MO-lex,24,0.05,9.0,0.028336509178523917,False
equal_calls,ops,E2,MO-lex,24,0.1,9.0,0.028336509178523917,False
equal_calls,ops,E2,MO-lex,24,0.2,9.0,0.028336509178523917,False
equal_calls,ops,E2,MO-lex,24,0.5,9.0,0.028336509178523917,False
equal_calls,ops,E2,MO-lex,24,1.0,9.0,0.028336509178523917,False
equal_calls,ops,E2,MO-lex,25,0.0,12.0,0.02849547219766373,False
equal_calls,ops,E2,MO-lex,25,0.01,12.0,0.02849547219766373,False
equal_calls,ops,E2,MO-lex,25,0.02,11.0,0.028061057151065962,False
equal_calls,ops,E2,MO-lex,25,0.05,11.0,0.028061057151065962,False
equal_calls,ops,E2,MO-lex,25,0.1,11.0,0.028061057151065962,False
equal_calls,ops,E2,MO-lex,25,0.2,11.0,0.028061057151065962,False
equal_calls,ops,E2,MO-lex,25,0.5,9.0,0.03331183282744978,False
equal_calls,ops,E2,MO-lex,25,1.0,9.0,0.03331183282744978,False
equal_calls,ops,E2,MO-lex,26,0.0,12.0,0.028527888592509126,False
equal_calls,ops,E2,MO-lex,26,0.01,12.0,0.028527888592509126,False
equal_calls,ops,E2,MO-lex,26,0.02,10.0,0.02815717361602156,False
equal_calls,ops,E2,MO-lex,26,0.05,10.0,0.02815717361602156,False
equal_calls,ops,E2,MO-lex,26,0.1,9.0,0.027762630425478364,False
equal_calls,ops,E2,MO-lex,26,0.2,7.0,0.028506976251080375,False
equal_calls,ops,E2,MO-lex,26,0.5,7.0,0.028506976251080375,False
equal_calls,ops,E2,MO-lex,26,1.0,7.0,0.028506976251080375,False
equal_calls,ops,E2,MO-lex,27,0.0,12.0,0.027942879613123823,False
equal_calls,ops,E2,MO-lex,27,0.01,11.0,0.02806105715106592,False
equal_calls,ops,E2,MO-lex,27,0.02,10.0,0.028182688485535283,False
equal_calls,ops,E2,MO-lex,27,0.05,10.0,0.028182688485535283,False
equal_calls,ops,E2,MO-lex,27,0.1,9.0,0.027762630425478337,False
equal_calls,ops,E2,MO-lex,27,0.2,9.0,0.027762630425478337,False
equal_calls,ops,E2,MO-lex,27,0.5,9.0,0.027762630425478337,False
equal_calls,ops,E2,MO-lex,27,1.0,9.0,0.027762630425478337,False
equal_calls,ops,E2,MO-lex,28,0.0,12.0,0.028495472197663782,False
equal_calls,ops,E2,MO-lex,28,0.01,10.0,0.02862129641002024,False
equal_calls,ops,E2,MO-lex,28,0.02,10.0,0.02862129641002024,False
equal_calls,ops,E2,MO-lex,28,0.05,10.0,0.02862129641002024,False
equal_calls,ops,E2,MO-lex,28,0.1,10.0,0.02862129641002024,False
equal_calls,ops,E2,MO-lex,28,0.2,10.0,0.02862129641002024,False
equal_calls,ops,E2,MO-lex,28,0.5,9.0,0.03152761001438984,True
equal_calls,ops,E2,MO-lex,28,1.0,9.0,0.03152761001438984,True
equal_calls,ops,E2,MO-lex,29,0.0,12.0,0.02843904574231672,False
equal_calls,ops,E2,MO-lex,29,0.01,12.0,0.02843904574231672,False
equal_calls,ops,E2,MO-lex,29,0.02,10.0,0.028074039740755747,False
equal_calls,ops,E2,MO-lex,29,0.05,10.0,0.028074039740755747,False
equal_calls,ops,E2,MO-lex,29,0.1,10.0,0.028074039740755747,False
equal_calls,ops,E2,MO-lex,29,0.2,9.0,0.03045111097441799,False
equal_calls,ops,E2,MO-lex,29,0.5,9.0,0.03045111097441799,False
equal_calls,ops,E2,MO-lex,29,1.0,9.0,0.03045111097441799,False
equal_calls,ops,E2,Pareto-nodes,0,0.0,12.0,0.02860570960696864,False
equal_calls,ops,E2,Pareto-nodes,0,0.01,11.0,0.028071444914599866,False
equal_calls,ops,E2,Pareto-nodes,0,0.02,11.0,0.028071444914599866,False
equal_calls,ops,E2,Pareto-nodes,0,0.05,11.0,0.028071444914599866,False
equal_calls,ops,E2,Pareto-nodes,0,0.1,11.0,0.028071444914599866,False
equal_calls,ops,E2,Pareto-nodes,0,0.2,7.0,0.030866434753901533,False
equal_calls,ops,E2,Pareto-nodes,0,0.5,7.0,0.030866434753901533,False
equal_calls,ops,E2,Pareto-nodes,0,1.0,7.0,0.030866434753901533,False
equal_calls,ops,E2,Pareto-nodes,1,0.0,12.0,0.028605709606968573,False
equal_calls,ops,E2,Pareto-nodes,1,0.01,11.0,0.0280714449145998,False
equal_calls,ops,E2,Pareto-nodes,1,0.02,11.0,0.0280714449145998,False
equal_calls,ops,E2,Pareto-nodes,1,0.05,11.0,0.0280714449145998,False
equal_calls,ops,E2,Pareto-nodes,1,0.1,11.0,0.0280714449145998,False
equal_calls,ops,E2,Pareto-nodes,1,0.2,9.0,0.0292463627012747,True
equal_calls,ops,E2,Pareto-nodes,1,0.5,7.0,0.029409386519632905,True
equal_calls,ops,E2,Pareto-nodes,1,1.0,7.0,0.029409386519632905,True
equal_calls,ops,E2,Pareto-nodes,2,0.0,12.0,0.028626658785107305,False
equal_calls,ops,E2,Pareto-nodes,2,0.01,11.0,0.028016866688640733,False
equal_calls,ops,E2,Pareto-nodes,2,0.02,11.0,0.028016866688640733,False
equal_calls,ops,E2,Pareto-nodes,2,0.05,11.0,0.028016866688640733,False
equal_calls,ops,E2,Pareto-nodes,2,0.1,11.0,0.028016866688640733,False
equal_calls,ops,E2,Pareto-nodes,2,0.2,9.0,0.0292463627012746,True
equal_calls,ops,E2,Pareto-nodes,2,0.5,7.0,0.02940938651963273,True
equal_calls,ops,E2,Pareto-nodes,2,1.0,7.0,0.02940938651963273,True
equal_calls,ops,E2,Pareto-nodes,3,0.0,14.0,0.027909725489832945,False
equal_calls,ops,E2,Pareto-nodes,3,0.01,11.0,0.028071444914599883,False
equal_calls,ops,E2,Pareto-nodes,3,0.02,11.0,0.028071444914599883,False
equal_calls,ops,E2,Pareto-nodes,3,0.05,11.0,0.028071444914599883,False
equal_calls,ops,E2,Pareto-nodes,3,0.1,11.0,0.028071444914599883,False
equal_calls,ops,E2,Pareto-nodes,3,0.2,7.0,0.030866434753901516,False
equal_calls,ops,E2,Pareto-nodes,3,0.5,7.0,0.030866434753901516,False
equal_calls,ops,E2,Pareto-nodes,3,1.0,7.0,0.030866434753901516,False
equal_calls,ops,E2,Pareto-nodes,4,0.0,12.0,0.02795759788111758,False
equal_calls,ops,E2,Pareto-nodes,4,0.01,11.0,0.028071444914599827,False
equal_calls,ops,E2,Pareto-nodes,4,0.02,11.0,0.028071444914599827,False
equal_calls,ops,E2,Pareto-nodes,4,0.05,11.0,0.028071444914599827,False
equal_calls,ops,E2,Pareto-nodes,4,0.1,11.0,0.028071444914599827,False
equal_calls,ops,E2,Pareto-nodes,4,0.2,7.0,0.030866434753901256,False
equal_calls,ops,E2,Pareto-nodes,4,0.5,7.0,0.030866434753901256,False
equal_calls,ops,E2,Pareto-nodes,4,1.0,7.0,0.030866434753901256,False
equal_calls,ops,E2,Pareto-nodes,5,0.0,12.0,0.02801251242182585,False
equal_calls,ops,E2,Pareto-nodes,5,0.01,11.0,0.028071444914599918,False
equal_calls,ops,E2,Pareto-nodes,5,0.02,11.0,0.028071444914599918,False
equal_calls,ops,E2,Pareto-nodes,5,0.05,11.0,0.028071444914599918,False
equal_calls,ops,E2,Pareto-nodes,5,0.1,11.0,0.028071444914599918,False
equal_calls,ops,E2,Pareto-nodes,5,0.2,7.0,0.030866434753901346,False
equal_calls,ops,E2,Pareto-nodes,5,0.5,7.0,0.030866434753901346,False
equal_calls,ops,E2,Pareto-nodes,5,1.0,7.0,0.030866434753901346,False
equal_calls,ops,E2,Pareto-nodes,6,0.0,12.0,0.02802748001882844,False
equal_calls,ops,E2,Pareto-nodes,6,0.01,11.0,0.02810680335127587,False
equal_calls,ops,E2,Pareto-nodes,6,0.02,11.0,0.02810680335127587,False
equal_calls,ops,E2,Pareto-nodes,6,0.05,11.0,0.02810680335127587,False
equal_calls,ops,E2,Pareto-nodes,6,0.1,11.0,0.02810680335127587,False
equal_calls,ops,E2,Pareto-nodes,6,0.2,7.0,0.030866434753901266,False
equal_calls,ops,E2,Pareto-nodes,6,0.5,7.0,0.030866434753901266,False
equal_calls,ops,E2,Pareto-nodes,6,1.0,7.0,0.030866434753901266,False
equal_calls,ops,E2,Pareto-nodes,7,0.0,12.0,0.028527888592509112,False
equal_calls,ops,E2,Pareto-nodes,7,0.01,12.0,0.028527888592509112,False
equal_calls,ops,E2,Pareto-nodes,7,0.02,11.0,0.02801130180517587,False
equal_calls,ops,E2,Pareto-nodes,7,0.05,11.0,0.02801130180517587,False
equal_calls,ops,E2,Pareto-nodes,7,0.1,11.0,0.02801130180517587,False
equal_calls,ops,E2,Pareto-nodes,7,0.2,7.0,0.03086643475390108,False
equal_calls,ops,E2,Pareto-nodes,7,0.5,7.0,0.03086643475390108,False
equal_calls,ops,E2,Pareto-nodes,7,1.0,7.0,0.03086643475390108,False
equal_calls,ops,E2,Pareto-nodes,8,0.0,12.0,0.028544126204016793,False
equal_calls,ops,E2,Pareto-nodes,8,0.01,12.0,0.028544126204016793,False
equal_calls,ops,E2,Pareto-nodes,8,0.02,11.0,0.02813210947687806,False
equal_calls,ops,E2,Pareto-nodes,8,0.05,11.0,0.02813210947687806,False
equal_calls,ops,E2,Pareto-nodes,8,0.1,11.0,0.02813210947687806,False
equal_calls,ops,E2,Pareto-nodes,8,0.2,7.0,0.030866434753901346,False
equal_calls,ops,E2,Pareto-nodes,8,0.5,7.0,0.030866434753901346,False
equal_calls,ops,E2,Pareto-nodes,8,1.0,7.0,0.030866434753901346,False
equal_calls,ops,E2,Pareto-nodes,9,0.0,12.0,0.02862665878510729,False
equal_calls,ops,E2,Pareto-nodes,9,0.01,11.0,0.028071444914599786,False
equal_calls,ops,E2,Pareto-nodes,9,0.02,11.0,0.028071444914599786,False
equal_calls,ops,E2,Pareto-nodes,9,0.05,11.0,0.028071444914599786,False
equal_calls,ops,E2,Pareto-nodes,9,0.1,11.0,0.028071444914599786,False
equal_calls,ops,E2,Pareto-nodes,9,0.2,7.0,0.030866434753901585,False
equal_calls,ops,E2,Pareto-nodes,9,0.5,7.0,0.030866434753901585,False
equal_calls,ops,E2,Pareto-nodes,9,1.0,7.0,0.030866434753901585,False
equal_calls,ops,E2,Pareto-nodes,10,0.0,12.0,0.028051303057781928,False
equal_calls,ops,E2,Pareto-nodes,10,0.01,11.0,0.02807144491459992,False
equal_calls,ops,E2,Pareto-nodes,10,0.02,11.0,0.02807144491459992,False
equal_calls,ops,E2,Pareto-nodes,10,0.05,11.0,0.02807144491459992,False
equal_calls,ops,E2,Pareto-nodes,10,0.1,11.0,0.02807144491459992,False
equal_calls,ops,E2,Pareto-nodes,10,0.2,7.0,0.03086643475390167,False
equal_calls,ops,E2,Pareto-nodes,10,0.5,7.0,0.03086643475390167,False
equal_calls,ops,E2,Pareto-nodes,10,1.0,7.0,0.03086643475390167,False
equal_calls,ops,E2,Pareto-nodes,11,0.0,12.0,0.02797837913690606,False
equal_calls,ops,E2,Pareto-nodes,11,0.01,11.0,0.02801686668864068,False
equal_calls,ops,E2,Pareto-nodes,11,0.02,11.0,0.02801686668864068,False
equal_calls,ops,E2,Pareto-nodes,11,0.05,11.0,0.02801686668864068,False
equal_calls,ops,E2,Pareto-nodes,11,0.1,11.0,0.02801686668864068,False
equal_calls,ops,E2,Pareto-nodes,11,0.2,7.0,0.03086643475390146,False
equal_calls,ops,E2,Pareto-nodes,11,0.5,7.0,0.03086643475390146,False
equal_calls,ops,E2,Pareto-nodes,11,1.0,7.0,0.03086643475390146,False
equal_calls,ops,E2,Pareto-nodes,12,0.0,12.0,0.027974296687295605,False
equal_calls,ops,E2,Pareto-nodes,12,0.01,11.0,0.02807144491459992,False
equal_calls,ops,E2,Pareto-nodes,12,0.02,11.0,0.02807144491459992,False
equal_calls,ops,E2,Pareto-nodes,12,0.05,11.0,0.02807144491459992,False
equal_calls,ops,E2,Pareto-nodes,12,0.1,11.0,0.02807144491459992,False
equal_calls,ops,E2,Pareto-nodes,12,0.2,7.0,0.03086643475390154,False
equal_calls,ops,E2,Pareto-nodes,12,0.5,7.0,0.03086643475390154,False
equal_calls,ops,E2,Pareto-nodes,12,1.0,7.0,0.03086643475390154,False
equal_calls,ops,E2,Pareto-nodes,13,0.0,12.0,0.0280513030577819,False
equal_calls,ops,E2,Pareto-nodes,13,0.01,11.0,0.028016866688640736,False
equal_calls,ops,E2,Pareto-nodes,13,0.02,11.0,0.028016866688640736,False
equal_calls,ops,E2,Pareto-nodes,13,0.05,11.0,0.028016866688640736,False
equal_calls,ops,E2,Pareto-nodes,13,0.1,11.0,0.028016866688640736,False
equal_calls,ops,E2,Pareto-nodes,13,0.2,9.0,0.029246362701274693,True
equal_calls,ops,E2,Pareto-nodes,13,0.5,7.0,0.029409386519632822,True
equal_calls,ops,E2,Pareto-nodes,13,1.0,7.0,0.029409386519632822,True
equal_calls,ops,E2,Pareto-nodes,14,0.0,11.0,0.02810680335127587,False
equal_calls,ops,E2,Pareto-nodes,14,0.01,11.0,0.02810680335127587,False
equal_calls,ops,E2,Pareto-nodes,14,0.02,11.0,0.02810680335127587,False
equal_calls,ops,E2,Pareto-nodes,14,0.05,11.0,0.02810680335127587,False
equal_calls,ops,E2,Pareto-nodes,14,0.1,11.0,0.02810680335127587,False
equal_calls,ops,E2,Pareto-nodes,14,0.2,7.0,0.030866434753901335,False
equal_calls,ops,E2,Pareto-nodes,14,0.5,7.0,0.030866434753901335,False
equal_calls,ops,E2,Pareto-nodes,14,1.0,7.0,0.030866434753901335,False
equal_calls,ops,E2,Pareto-nodes,15,0.0,12.0,0.027957597881117558,False
equal_calls,ops,E2,Pareto-nodes,15,0.01,11.0,0.028071444914599838,False
equal_calls,ops,E2,Pareto-nodes,15,0.02,11.0,0.028071444914599838,False
equal_calls,ops,E2,Pareto-nodes,15,0.05,11.0,0.028071444914599838,False
equal_calls,ops,E2,Pareto-nodes,15,0.1,11.0,0.028071444914599838,False
equal_calls,ops,E2,Pareto-nodes,15,0.2,7.0,0.030866434753901335,False
equal_calls,ops,E2,Pareto-nodes,15,0.5,7.0,0.030866434753901335,False
equal_calls,ops,E2,Pareto-nodes,15,1.0,7.0,0.030866434753901335,False
equal_calls,ops,E2,Pareto-nodes,16,0.0,12.0,0.027942523048818925,False
equal_calls,ops,E2,Pareto-nodes,16,0.01,11.0,0.028106803351275748,False
equal_calls,ops,E2,Pareto-nodes,16,0.02,11.0,0.028106803351275748,False
equal_calls,ops,E2,Pareto-nodes,16,0.05,11.0,0.028106803351275748,False
equal_calls,ops,E2,Pareto-nodes,16,0.1,11.0,0.028106803351275748,False
equal_calls,ops,E2,Pareto-nodes,16,0.2,7.0,0.030866434753901422,False
equal_calls,ops,E2,Pareto-nodes,16,0.5,7.0,0.030866434753901422,False
equal_calls,ops,E2,Pareto-nodes,16,1.0,7.0,0.030866434753901422,False
equal_calls,ops,E2,Pareto-nodes,17,0.0,12.0,0.028838869214329998,False
equal_calls,ops,E2,Pareto-nodes,17,0.01,11.0,0.028071444914599838,False
equal_calls,ops,E2,Pareto-nodes,17,0.02,11.0,0.028071444914599838,False
equal_calls,ops,E2,Pareto-nodes,17,0.05,11.0,0.028071444914599838,False
equal_calls,ops,E2,Pareto-nodes,17,0.1,11.0,0.028071444914599838,False
equal_calls,ops,E2,Pareto-nodes,17,0.2,7.0,0.030866434753901415,False
equal_calls,ops,E2,Pareto-nodes,17,0.5,7.0,0.030866434753901415,False
equal_calls,ops,E2,Pareto-nodes,17,1.0,7.0,0.030866434753901415,False
equal_calls,ops,E2,Pareto-nodes,18,0.0,12.0,0.02843904574231668,False
equal_calls,ops,E2,Pareto-nodes,18,0.01,11.0,0.02810680335127582,False
equal_calls,ops,E2,Pareto-nodes,18,0.02,11.0,0.02810680335127582,False
equal_calls,ops,E2,Pareto-nodes,18,0.05,11.0,0.02810680335127582,False
equal_calls,ops,E2,Pareto-nodes,18,0.1,11.0,0.02810680335127582,False
equal_calls,ops,E2,Pareto-nodes,18,0.2,7.0,0.03086643475390145,False
equal_calls,ops,E2,Pareto-nodes,18,0.5,7.0,0.03086643475390145,False
equal_calls,ops,E2,Pareto-nodes,18,1.0,7.0,0.03086643475390145,False
equal_calls,ops,E2,Pareto-nodes,19,0.0,12.0,0.028051303057781914,False
equal_calls,ops,E2,Pareto-nodes,19,0.01,11.0,0.028071444914599866,False
equal_calls,ops,E2,Pareto-nodes,19,0.02,11.0,0.028071444914599866,False
equal_calls,ops,E2,Pareto-nodes,19,0.05,11.0,0.028071444914599866,False
equal_calls,ops,E2,Pareto-nodes,19,0.1,11.0,0.028071444914599866,False
equal_calls,ops,E2,Pareto-nodes,19,0.2,7.0,0.030866434753901245,False
equal_calls,ops,E2,Pareto-nodes,19,0.5,7.0,0.030866434753901245,False
equal_calls,ops,E2,Pareto-nodes,19,1.0,7.0,0.030866434753901245,False
equal_calls,ops,E2,Pareto-nodes,20,0.0,12.0,0.028439045742316697,False
equal_calls,ops,E2,Pareto-nodes,20,0.01,11.0,0.028071444914599876,False
equal_calls,ops,E2,Pareto-nodes,20,0.02,11.0,0.028071444914599876,False
equal_calls,ops,E2,Pareto-nodes,20,0.05,11.0,0.028071444914599876,False
equal_calls,ops,E2,Pareto-nodes,20,0.1,11.0,0.028071444914599876,False
equal_calls,ops,E2,Pareto-nodes,20,0.2,7.0,0.030866434753901054,False
equal_calls,ops,E2,Pareto-nodes,20,0.5,7.0,0.030866434753901054,False
equal_calls,ops,E2,Pareto-nodes,20,1.0,7.0,0.030866434753901054,False
equal_calls,ops,E2,Pareto-nodes,21,0.0,12.0,0.02852816497821746,False
equal_calls,ops,E2,Pareto-nodes,21,0.01,11.0,0.028071444914599838,False
equal_calls,ops,E2,Pareto-nodes,21,0.02,11.0,0.028071444914599838,False
equal_calls,ops,E2,Pareto-nodes,21,0.05,11.0,0.028071444914599838,False
equal_calls,ops,E2,Pareto-nodes,21,0.1,11.0,0.028071444914599838,False
equal_calls,ops,E2,Pareto-nodes,21,0.2,7.0,0.030866434753901415,False
equal_calls,ops,E2,Pareto-nodes,21,0.5,7.0,0.030866434753901415,False
equal_calls,ops,E2,Pareto-nodes,21,1.0,7.0,0.030866434753901415,False
equal_calls,ops,E2,Pareto-nodes,22,0.0,12.0,0.02858956743689083,False
equal_calls,ops,E2,Pareto-nodes,22,0.01,11.0,0.02807144491459992,False
equal_calls,ops,E2,Pareto-nodes,22,0.02,11.0,0.02807144491459992,False
equal_calls,ops,E2,Pareto-nodes,22,0.05,11.0,0.02807144491459992,False
equal_calls,ops,E2,Pareto-nodes,22,0.1,11.0,0.02807144491459992,False
equal_calls,ops,E2,Pareto-nodes,22,0.2,7.0,0.030866434753901512,False
equal_calls,ops,E2,Pareto-nodes,22,0.5,7.0,0.030866434753901512,False
equal_calls,ops,E2,Pareto-nodes,22,1.0,7.0,0.030866434753901512,False
equal_calls,ops,E2,Pareto-nodes,23,0.0,12.0,0.028528164978217425,False
equal_calls,ops,E2,Pareto-nodes,23,0.01,11.0,0.028071444914599848,False
equal_calls,ops,E2,Pareto-nodes,23,0.02,11.0,0.028071444914599848,False
equal_calls,ops,E2,Pareto-nodes,23,0.05,11.0,0.028071444914599848,False
equal_calls,ops,E2,Pareto-nodes,23,0.1,11.0,0.028071444914599848,False
equal_calls,ops,E2,Pareto-nodes,23,0.2,7.0,0.030866434753901474,False
equal_calls,ops,E2,Pareto-nodes,23,0.5,7.0,0.030866434753901474,False
equal_calls,ops,E2,Pareto-nodes,23,1.0,7.0,0.030866434753901474,False
equal_calls,ops,E2,Pareto-nodes,24,0.0,12.0,0.028626658785107284,False
equal_calls,ops,E2,Pareto-nodes,24,0.01,11.0,0.028071444914599772,False
equal_calls,ops,E2,Pareto-nodes,24,0.02,11.0,0.028071444914599772,False
equal_calls,ops,E2,Pareto-nodes,24,0.05,11.0,0.028071444914599772,False
equal_calls,ops,E2,Pareto-nodes,24,0.1,11.0,0.028071444914599772,False
equal_calls,ops,E2,Pareto-nodes,24,0.2,7.0,0.03086643475390139,False
equal_calls,ops,E2,Pareto-nodes,24,0.5,7.0,0.03086643475390139,False
equal_calls,ops,E2,Pareto-nodes,24,1.0,7.0,0.03086643475390139,False
equal_calls,ops,E2,Pareto-nodes,25,0.0,12.0,0.027967147529334418,False
equal_calls,ops,E2,Pareto-nodes,25,0.01,11.0,0.028022555635036566,False
equal_calls,ops,E2,Pareto-nodes,25,0.02,9.0,0.02815047371190434,False
equal_calls,ops,E2,Pareto-nodes,25,0.05,9.0,0.02815047371190434,False
equal_calls,ops,E2,Pareto-nodes,25,0.1,9.0,0.02815047371190434,False
equal_calls,ops,E2,Pareto-nodes,25,0.2,9.0,0.02815047371190434,False
equal_calls,ops,E2,Pareto-nodes,25,0.5,7.0,0.02940938651963293,True
equal_calls,ops,E2,Pareto-nodes,25,1.0,7.0,0.02940938651963293,True
equal_calls,ops,E2,Pareto-nodes,26,0.0,12.0,0.02800786858976944,False
equal_calls,ops,E2,Pareto-nodes,26,0.01,11.0,0.028071444914599907,False
equal_calls,ops,E2,Pareto-nodes,26,0.02,11.0,0.028071444914599907,False
equal_calls,ops,E2,Pareto-nodes,26,0.05,11.0,0.028071444914599907,False
equal_calls,ops,E2,Pareto-nodes,26,0.1,11.0,0.028071444914599907,False
equal_calls,ops,E2,Pareto-nodes,26,0.2,7.0,0.030866434753901408,False
equal_calls,ops,E2,Pareto-nodes,26,0.5,7.0,0.030866434753901408,False
equal_calls,ops,E2,Pareto-nodes,26,1.0,7.0,0.030866434753901408,False
equal_calls,ops,E2,Pareto-nodes,27,0.0,12.0,0.028527888592509088,False
equal_calls,ops,E2,Pareto-nodes,27,0.01,11.0,0.028071444914599904,False
equal_calls,ops,E2,Pareto-nodes,27,0.02,11.0,0.028071444914599904,False
equal_calls,ops,E2,Pareto-nodes,27,0.05,11.0,0.028071444914599904,False
equal_calls,ops,E2,Pareto-nodes,27,0.1,11.0,0.028071444914599904,False
equal_calls,ops,E2,Pareto-nodes,27,0.2,7.0,0.03086643475390108,False
equal_calls,ops,E2,Pareto-nodes,27,0.5,7.0,0.03086643475390108,False
equal_calls,ops,E2,Pareto-nodes,27,1.0,7.0,0.03086643475390108,False
equal_calls,ops,E2,Pareto-nodes,28,0.0,12.0,0.027942879613123753,False
equal_calls,ops,E2,Pareto-nodes,28,0.01,11.0,0.028071444914599796,False
equal_calls,ops,E2,Pareto-nodes,28,0.02,11.0,0.028071444914599796,False
equal_calls,ops,E2,Pareto-nodes,28,0.05,11.0,0.028071444914599796,False
equal_calls,ops,E2,Pareto-nodes,28,0.1,11.0,0.028071444914599796,False
equal_calls,ops,E2,Pareto-nodes,28,0.2,7.0,0.030866434753901415,False
equal_calls,ops,E2,Pareto-nodes,28,0.5,7.0,0.030866434753901415,False
equal_calls,ops,E2,Pareto-nodes,28,1.0,7.0,0.030866434753901415,False
equal_calls,ops,E2,Pareto-nodes,29,0.0,12.0,0.028605709606968694,False
equal_calls,ops,E2,Pareto-nodes,29,0.01,11.0,0.02807144491459988,False
equal_calls,ops,E2,Pareto-nodes,29,0.02,11.0,0.02807144491459988,False
equal_calls,ops,E2,Pareto-nodes,29,0.05,11.0,0.02807144491459988,False
equal_calls,ops,E2,Pareto-nodes,29,0.1,11.0,0.02807144491459988,False
equal_calls,ops,E2,Pareto-nodes,29,0.2,7.0,0.030866434753901464,False
equal_calls,ops,E2,Pareto-nodes,29,0.5,7.0,0.030866434753901464,False
equal_calls,ops,E2,Pareto-nodes,29,1.0,7.0,0.030866434753901464,False
equal_calls,ops,E2,Pareto-terms,0,0.0,12.0,0.028051303057781907,False
equal_calls,ops,E2,Pareto-terms,0,0.01,10.0,0.028550657207611487,False
equal_calls,ops,E2,Pareto-terms,0,0.02,10.0,0.028550657207611487,False
equal_calls,ops,E2,Pareto-terms,0,0.05,7.0,0.02833623162889279,False
equal_calls,ops,E2,Pareto-terms,0,0.1,7.0,0.02833623162889279,False
equal_calls,ops,E2,Pareto-terms,0,0.2,7.0,0.02833623162889279,False
equal_calls,ops,E2,Pareto-terms,0,0.5,7.0,0.02833623162889279,False
equal_calls,ops,E2,Pareto-terms,0,1.0,7.0,0.02833623162889279,False
equal_calls,ops,E2,Pareto-terms,1,0.0,12.0,0.02849547219766374,False
equal_calls,ops,E2,Pareto-terms,1,0.01,10.0,0.028621296410020234,False
equal_calls,ops,E2,Pareto-terms,1,0.02,10.0,0.028621296410020234,False
equal_calls,ops,E2,Pareto-terms,1,0.05,7.0,0.028336231628892802,False
equal_calls,ops,E2,Pareto-terms,1,0.1,7.0,0.028336231628892802,False
equal_calls,ops,E2,Pareto-terms,1,0.2,7.0,0.028336231628892802,False
equal_calls,ops,E2,Pareto-terms,1,0.5,7.0,0.028336231628892802,False
equal_calls,ops,E2,Pareto-terms,1,1.0,7.0,0.028336231628892802,False
equal_calls,ops,E2,Pareto-terms,2,0.0,12.0,0.028527888592509085,False
equal_calls,ops,E2,Pareto-terms,2,0.01,12.0,0.028527888592509085,False
equal_calls,ops,E2,Pareto-terms,2,0.02,10.0,0.028200454713256294,False
equal_calls,ops,E2,Pareto-terms,2,0.05,7.0,0.029240311556465063,False
equal_calls,ops,E2,Pareto-terms,2,0.1,7.0,0.029240311556465063,False
equal_calls,ops,E2,Pareto-terms,2,0.2,7.0,0.029240311556465063,False
equal_calls,ops,E2,Pareto-terms,2,0.5,7.0,0.029240311556465063,False
equal_calls,ops,E2,Pareto-terms,2,1.0,7.0,0.029240311556465063,False
equal_calls,ops,E2,Pareto-terms,3,0.0,12.0,0.027942523048818942,False
equal_calls,ops,E2,Pareto-terms,3,0.01,10.0,0.028550657207611397,False
equal_calls,ops,E2,Pareto-terms,3,0.02,10.0,0.028550657207611397,False
equal_calls,ops,E2,Pareto-terms,3,0.05,7.0,0.028336231628892785,False
equal_calls,ops,E2,Pareto-terms,3,0.1,7.0,0.028336231628892785,False
equal_calls,ops,E2,Pareto-terms,3,0.2,7.0,0.028336231628892785,False
equal_calls,ops,E2,Pareto-terms,3,0.5,7.0,0.028336231628892785,False
equal_calls,ops,E2,Pareto-terms,3,1.0,7.0,0.028336231628892785,False
equal_calls,ops,E2,Pareto-terms,4,0.0,12.0,0.028589567436890888,False
equal_calls,ops,E2,Pareto-terms,4,0.01,10.0,0.028621296410020276,False
equal_calls,ops,E2,Pareto-terms,4,0.02,10.0,0.028621296410020276,False
equal_calls,ops,E2,Pareto-terms,4,0.05,7.0,0.02833623162889281,False
equal_calls,ops,E2,Pareto-terms,4,0.1,7.0,0.02833623162889281,False
equal_calls,ops,E2,Pareto-terms,4,0.2,7.0,0.02833623162889281,False
equal_calls,ops,E2,Pareto-terms,4,0.5,7.0,0.02833623162889281,False
equal_calls,ops,E2,Pareto-terms,4,1.0,7.0,0.02833623162889281,False
equal_calls,ops,E2,Pareto-terms,5,0.0,12.0,0.028528164978217422,False
equal_calls,ops,E2,Pareto-terms,5,0.01,10.0,0.028621296410020293,False
equal_calls,ops,E2,Pareto-terms,5,0.02,10.0,0.028621296410020293,False
equal_calls,ops,E2,Pareto-terms,5,0.05,7.0,0.028336231628892785,False
equal_calls,ops,E2,Pareto-terms,5,0.1,7.0,0.028336231628892785,False
equal_calls,ops,E2,Pareto-terms,5,0.2,7.0,0.028336231628892785,False
equal_calls,ops,E2,Pareto-terms,5,0.5,7.0,0.028336231628892785,False
equal_calls,ops,E2,Pareto-terms,5,1.0,7.0,0.028336231628892785,False
equal_calls,ops,E2,Pareto-terms,6,0.0,12.0,0.027974296687295605,False
equal_calls,ops,E2,Pareto-terms,6,0.01,12.0,0.027974296687295605,False
equal_calls,ops,E2,Pareto-terms,6,0.02,10.0,0.02820045471325632,False
equal_calls,ops,E2,Pareto-terms,6,0.05,10.0,0.02820045471325632,False
equal_calls,ops,E2,Pareto-terms,6,0.1,7.0,0.027785635104398226,False
equal_calls,ops,E2,Pareto-terms,6,0.2,7.0,0.027785635104398226,False
equal_calls,ops,E2,Pareto-terms,6,0.5,7.0,0.027785635104398226,False
equal_calls,ops,E2,Pareto-terms,6,1.0,7.0,0.027785635104398226,False
equal_calls,ops,E2,Pareto-terms,7,0.0,12.0,0.027974296687295612,False
equal_calls,ops,E2,Pareto-terms,7,0.01,10.0,0.028550657207611442,False
equal_calls,ops,E2,Pareto-terms,7,0.02,10.0,0.028550657207611442,False
equal_calls,ops,E2,Pareto-terms,7,0.05,7.0,0.028336231628892816,False
equal_calls,ops,E2,Pareto-terms,7,0.1,7.0,0.028336231628892816,False
equal_calls,ops,E2,Pareto-terms,7,0.2,7.0,0.028336231628892816,False
equal_calls,ops,E2,Pareto-terms,7,0.5,7.0,0.028336231628892816,False
equal_calls,ops,E2,Pareto-terms,7,1.0,7.0,0.028336231628892816,False
equal_calls,ops,E2,Pareto-terms,8,0.0,12.0,0.02797429668729562,False
equal_calls,ops,E2,Pareto-terms,8,0.01,12.0,0.02797429668729562,False
equal_calls,ops,E2,Pareto-terms,8,0.02,10.0,0.02820045471325635,False
equal_calls,ops,E2,Pareto-terms,8,0.05,7.0,0.028336231628892785,False
equal_calls,ops,E2,Pareto-terms,8,0.1,7.0,0.028336231628892785,False
equal_calls,ops,E2,Pareto-terms,8,0.2,7.0,0.028336231628892785,False
equal_calls,ops,E2,Pareto-terms,8,0.5,7.0,0.028336231628892785,False
equal_calls,ops,E2,Pareto-terms,8,1.0,7.0,0.028336231628892785,False
equal_calls,ops,E2,Pareto-terms,9,0.0,12.0,0.02849547219766382,False
equal_calls,ops,E2,Pareto-terms,9,0.01,10.0,0.028621296410020213,False
equal_calls,ops,E2,Pareto-terms,9,0.02,10.0,0.028621296410020213,False
equal_calls,ops,E2,Pareto-terms,9,0.05,7.0,0.028336231628892816,False
equal_calls,ops,E2,Pareto-terms,9,0.1,7.0,0.028336231628892816,False
equal_calls,ops,E2,Pareto-terms,9,0.2,7.0,0.028336231628892816,False
equal_calls,ops,E2,Pareto-terms,9,0.5,7.0,0.028336231628892816,False
equal_calls,ops,E2,Pareto-terms,9,1.0,7.0,0.028336231628892816,False
equal_calls,ops,E2,Pareto-terms,10,0.0,12.0,0.028401858342682742,False
equal_calls,ops,E2,Pareto-terms,10,0.01,10.0,0.028621296410020213,False
equal_calls,ops,E2,Pareto-terms,10,0.02,10.0,0.028621296410020213,False
equal_calls,ops,E2,Pareto-terms,10,0.05,7.0,0.0287137722954734,False
equal_calls,ops,E2,Pareto-terms,10,0.1,7.0,0.0287137722954734,False
equal_calls,ops,E2,Pareto-terms,10,0.2,7.0,0.0287137722954734,False
equal_calls,ops,E2,Pareto-terms,10,0.5,7.0,0.0287137722954734,False
equal_calls,ops,E2,Pareto-terms,10,1.0,7.0,0.0287137722954734,False
equal_calls,ops,E2,Pareto-terms,11,0.0,12.0,0.028439045742316732,False
equal_calls,ops,E2,Pareto-terms,11,0.01,12.0,0.028439045742316732,False
equal_calls,ops,E2,Pareto-terms,11,0.02,10.0,0.02818844475994596,False
equal_calls,ops,E2,Pareto-terms,11,0.05,7.0,0.02833623162889281,False
equal_calls,ops,E2,Pareto-terms,11,0.1,7.0,0.02833623162889281,False
equal_calls,ops,E2,Pareto-terms,11,0.2,7.0,0.02833623162889281,False
equal_calls,ops,E2,Pareto-terms,11,0.5,7.0,0.02833623162889281,False
equal_calls,ops,E2,Pareto-terms,11,1.0,7.0,0.02833623162889281,False
equal_calls,ops,E2,Pareto-terms,12,0.0,12.0,0.027957597881117548,False
equal_calls,ops,E2,Pareto-terms,12,0.01,10.0,0.028188444759945915,False
equal_calls,ops,E2,Pareto-terms,12,0.02,10.0,0.028188444759945915,False
equal_calls,ops,E2,Pareto-terms,12,0.05,7.0,0.028336231628892813,False
equal_calls,ops,E2,Pareto-terms,12,0.1,7.0,0.028336231628892813,False
equal_calls,ops,E2,Pareto-terms,12,0.2,7.0,0.028336231628892813,False
equal_calls,ops,E2,Pareto-terms,12,0.5,7.0,0.028336231628892813,False
equal_calls,ops,E2,Pareto-terms,12,1.0,7.0,0.028336231628892813,False
equal_calls,ops,E2,Pareto-terms,13,0.0,12.0,0.028439045742316746,False
equal_calls,ops,E2,Pareto-terms,13,0.01,12.0,0.028439045742316746,False
equal_calls,ops,E2,Pareto-terms,13,0.02,10.0,0.028809424244161663,False
equal_calls,ops,E2,Pareto-terms,13,0.05,7.0,0.028336231628892816,False
equal_calls,ops,E2,Pareto-terms,13,0.1,7.0,0.028336231628892816,False
equal_calls,ops,E2,Pareto-terms,13,0.2,7.0,0.028336231628892816,False
equal_calls,ops,E2,Pareto-terms,13,0.5,7.0,0.028336231628892816,False
equal_calls,ops,E2,Pareto-terms,13,1.0,7.0,0.028336231628892816,False
equal_calls,ops,E2,Pareto-terms,14,0.0,12.0,0.028439045742316666,False
equal_calls,ops,E2,Pareto-terms,14,0.01,10.0,0.028621296410020196,False
equal_calls,ops,E2,Pareto-terms,14,0.02,10.0,0.028621296410020196,False
equal_calls,ops,E2,Pareto-terms,14,0.05,7.0,0.028336231628892813,False
equal_calls,ops,E2,Pareto-terms,14,0.1,7.0,0.028336231628892813,False
equal_calls,ops,E2,Pareto-terms,14,0.2,7.0,0.028336231628892813,False
equal_calls,ops,E2,Pareto-terms,14,0.5,7.0,0.028336231628892813,False
equal_calls,ops,E2,Pareto-terms,14,1.0,5.0,0.03997385380317282,False
equal_calls,ops,E2,Pareto-terms,15,0.0,12.0,0.02843904574231675,False
equal_calls,ops,E2,Pareto-terms,15,0.01,10.0,0.028550657207611362,False
equal_calls,ops,E2,Pareto-terms,15,0.02,10.0,0.028550657207611362,False
equal_calls,ops,E2,Pareto-terms,15,0.05,7.0,0.028336231628892716,False
equal_calls,ops,E2,Pareto-terms,15,0.1,7.0,0.028336231628892716,False
equal_calls,ops,E2,Pareto-terms,15,0.2,7.0,0.028336231628892716,False
equal_calls,ops,E2,Pareto-terms,15,0.5,7.0,0.028336231628892716,False
equal_calls,ops,E2,Pareto-terms,15,1.0,7.0,0.028336231628892716,False
equal_calls,ops,E2,Pareto-terms,16,0.0,12.0,0.0279425230488189,False
equal_calls,ops,E2,Pareto-terms,16,0.01,10.0,0.02855065720761141,False
equal_calls,ops,E2,Pareto-terms,16,0.02,10.0,0.02855065720761141,False
equal_calls,ops,E2,Pareto-terms,16,0.05,7.0,0.02833623162889278,False
equal_calls,ops,E2,Pareto-terms,16,0.1,7.0,0.02833623162889278,False
equal_calls,ops,E2,Pareto-terms,16,0.2,7.0,0.02833623162889278,False
equal_calls,ops,E2,Pareto-terms,16,0.5,7.0,0.02833623162889278,False
equal_calls,ops,E2,Pareto-terms,16,1.0,7.0,0.02833623162889278,False
equal_calls,ops,E2,Pareto-terms,17,0.0,12.0,0.027919355466620294,False
equal_calls,ops,E2,Pareto-terms,17,0.01,10.0,0.028550657207611442,False
equal_calls,ops,E2,Pareto-terms,17,0.02,10.0,0.028550657207611442,False
equal_calls,ops,E2,Pareto-terms,17,0.05,7.0,0.028336231628892754,False
equal_calls,ops,E2,Pareto-terms,17,0.1,7.0,0.028336231628892754,False
equal_calls,ops,E2,Pareto-terms,17,0.2,7.0,0.028336231628892754,False
equal_calls,ops,E2,Pareto-terms,17,0.5,7.0,0.028336231628892754,False
equal_calls,ops,E2,Pareto-terms,17,1.0,7.0,0.028336231628892754,False
equal_calls,ops,E2,Pareto-terms,18,0.0,12.0,0.02861894972975284,False
equal_calls,ops,E2,Pareto-terms,18,0.01,10.0,0.028809424244161625,False
equal_calls,ops,E2,Pareto-terms,18,0.02,10.0,0.028809424244161625,False
equal_calls,ops,E2,Pareto-terms,18,0.05,7.0,0.028336231628892795,False
equal_calls,ops,E2,Pareto-terms,18,0.1,7.0,0.028336231628892795,False
equal_calls,ops,E2,Pareto-terms,18,0.2,7.0,0.028336231628892795,False
equal_calls,ops,E2,Pareto-terms,18,0.5,7.0,0.028336231628892795,False
equal_calls,ops,E2,Pareto-terms,18,1.0,7.0,0.028336231628892795,False
equal_calls,ops,E2,Pareto-terms,19,0.0,12.0,0.027942879613123823,False
equal_calls,ops,E2,Pareto-terms,19,0.01,10.0,0.028550657207611397,False
equal_calls,ops,E2,Pareto-terms,19,0.02,10.0,0.028550657207611397,False
equal_calls,ops,E2,Pareto-terms,19,0.05,7.0,0.028336231628892785,False
equal_calls,ops,E2,Pareto-terms,19,0.1,7.0,0.028336231628892785,False
equal_calls,ops,E2,Pareto-terms,19,0.2,7.0,0.028336231628892785,False
equal_calls,ops,E2,Pareto-terms,19,0.5,7.0,0.028336231628892785,False
equal_calls,ops,E2,Pareto-terms,19,1.0,7.0,0.028336231628892785,False
equal_calls,ops,E2,Pareto-terms,20,0.0,12.0,0.028495472197663758,False
equal_calls,ops,E2,Pareto-terms,20,0.01,10.0,0.028621296410020224,False
equal_calls,ops,E2,Pareto-terms,20,0.02,10.0,0.028621296410020224,False
equal_calls,ops,E2,Pareto-terms,20,0.05,7.0,0.028336231628892816,False
equal_calls,ops,E2,Pareto-terms,20,0.1,7.0,0.028336231628892816,False
equal_calls,ops,E2,Pareto-terms,20,0.2,7.0,0.028336231628892816,False
equal_calls,ops,E2,Pareto-terms,20,0.5,7.0,0.028336231628892816,False
equal_calls,ops,E2,Pareto-terms,20,1.0,7.0,0.028336231628892816,False
equal_calls,ops,E2,Pareto-terms,21,0.0,12.0,0.027942879613123743,False
equal_calls,ops,E2,Pareto-terms,21,0.01,12.0,0.027942879613123743,False
equal_calls,ops,E2,Pareto-terms,21,0.02,10.0,0.02820045471325628,False
equal_calls,ops,E2,Pareto-terms,21,0.05,7.0,0.02833623162889278,False
equal_calls,ops,E2,Pareto-terms,21,0.1,7.0,0.02833623162889278,False
equal_calls,ops,E2,Pareto-terms,21,0.2,7.0,0.02833623162889278,False
equal_calls,ops,E2,Pareto-terms,21,0.5,7.0,0.02833623162889278,False
equal_calls,ops,E2,Pareto-terms,21,1.0,7.0,0.02833623162889278,False
equal_calls,ops,E2,Pareto-terms,22,0.0,12.0,0.02794252304881899,False
equal_calls,ops,E2,Pareto-terms,22,0.01,10.0,0.028550657207611456,False
equal_calls,ops,E2,Pareto-terms,22,0.02,10.0,0.028550657207611456,False
equal_calls,ops,E2,Pareto-terms,22,0.05,7.0,0.028336231628892785,False
equal_calls,ops,E2,Pareto-terms,22,0.1,7.0,0.028336231628892785,False
equal_calls,ops,E2,Pareto-terms,22,0.2,7.0,0.028336231628892785,False
equal_calls,ops,E2,Pareto-terms,22,0.5,7.0,0.028336231628892785,False
equal_calls,ops,E2,Pareto-terms,22,1.0,5.0,0.03997385380317282,False
equal_calls,ops,E2,Pareto-terms,23,0.0,12.0,0.0285278885925091,False
equal_calls,ops,E2,Pareto-terms,23,0.01,10.0,0.028550657207611515,False
equal_calls,ops,E2,Pareto-terms,23,0.02,10.0,0.028550657207611515,False
equal_calls,ops,E2,Pareto-terms,23,0.05,7.0,0.028336231628892743,False
equal_calls,ops,E2,Pareto-terms,23,0.1,7.0,0.028336231628892743,False
equal_calls,ops,E2,Pareto-terms,23,0.2,7.0,0.028336231628892743,False
equal_calls,ops,E2,Pareto-terms,23,0.5,7.0,0.028336231628892743,False
equal_calls,ops,E2,Pareto-terms,23,1.0,5.0,0.03839160837509461,False
equal_calls,ops,E2,Pareto-terms,24,0.0,12.0,0.028564930229603713,False
equal_calls,ops,E2,Pareto-terms,24,0.01,10.0,0.02818268848553524,False
equal_calls,ops,E2,Pareto-terms,24,0.02,10.0,0.02818268848553524,False
equal_calls,ops,E2,Pareto-terms,24,0.05,7.0,0.02833623162889271,False
equal_calls,ops,E2,Pareto-terms,24,0.1,7.0,0.02833623162889271,False
equal_calls,ops,E2,Pareto-terms,24,0.2,7.0,0.02833623162889271,False
equal_calls,ops,E2,Pareto-terms,24,0.5,7.0,0.02833623162889271,False
equal_calls,ops,E2,Pareto-terms,24,1.0,7.0,0.02833623162889271,False
equal_calls,ops,E2,Pareto-terms,25,0.0,12.0,0.02849457631785011,False
equal_calls,ops,E2,Pareto-terms,25,0.01,12.0,0.02849457631785011,False
equal_calls,ops,E2,Pareto-terms,25,0.02,10.0,0.028334138057724185,False
equal_calls,ops,E2,Pareto-terms,25,0.05,10.0,0.028334138057724185,False
equal_calls,ops,E2,Pareto-terms,25,0.1,10.0,0.028334138057724185,False
equal_calls,ops,E2,Pareto-terms,25,0.2,7.0,0.027892109355327335,False
equal_calls,ops,E2,Pareto-terms,25,0.5,7.0,0.027892109355327335,False
equal_calls,ops,E2,Pareto-terms,25,1.0,7.0,0.027892109355327335,False
equal_calls,ops,E2,Pareto-terms,26,0.0,12.0,0.02849547219766373,False
equal_calls,ops,E2,Pareto-terms,26,0.01,10.0,0.028621296410020213,False
equal_calls,ops,E2,Pareto-terms,26,0.02,10.0,0.028621296410020213,False
equal_calls,ops,E2,Pareto-terms,26,0.05,7.0,0.028336231628892816,False
equal_calls,ops,E2,Pareto-terms,26,0.1,7.0,0.028336231628892816,False
equal_calls,ops,E2,Pareto-terms,26,0.2,7.0,0.028336231628892816,False
equal_calls,ops,E2,Pareto-terms,26,0.5,7.0,0.028336231628892816,False
equal_calls,ops,E2,Pareto-terms,26,1.0,7.0,0.028336231628892816,False
equal_calls,ops,E2,Pareto-terms,27,0.0,12.0,0.027942879613123823,False
equal_calls,ops,E2,Pareto-terms,27,0.01,12.0,0.027942879613123823,False
equal_calls,ops,E2,Pareto-terms,27,0.02,10.0,0.02820045471325632,False
equal_calls,ops,E2,Pareto-terms,27,0.05,7.0,0.02833623162889277,False
equal_calls,ops,E2,Pareto-terms,27,0.1,7.0,0.02833623162889277,False
equal_calls,ops,E2,Pareto-terms,27,0.2,7.0,0.02833623162889277,False
equal_calls,ops,E2,Pareto-terms,27,0.5,7.0,0.02833623162889277,False
equal_calls,ops,E2,Pareto-terms,27,1.0,7.0,0.02833623162889277,False
equal_calls,ops,E2,Pareto-terms,28,0.0,12.0,0.027974296687295605,False
equal_calls,ops,E2,Pareto-terms,28,0.01,12.0,0.027974296687295605,False
equal_calls,ops,E2,Pareto-terms,28,0.02,9.0,0.028055878467765267,False
equal_calls,ops,E2,Pareto-terms,28,0.05,7.0,0.02833623162889278,False
equal_calls,ops,E2,Pareto-terms,28,0.1,7.0,0.02833623162889278,False
equal_calls,ops,E2,Pareto-terms,28,0.2,7.0,0.02833623162889278,False
equal_calls,ops,E2,Pareto-terms,28,0.5,7.0,0.02833623162889278,False
equal_calls,ops,E2,Pareto-terms,28,1.0,7.0,0.02833623162889278,False
equal_calls,ops,E2,Pareto-terms,29,0.0,12.0,0.027942879613123823,False
equal_calls,ops,E2,Pareto-terms,29,0.01,10.0,0.028621296410020206,False
equal_calls,ops,E2,Pareto-terms,29,0.02,10.0,0.028621296410020206,False
equal_calls,ops,E2,Pareto-terms,29,0.05,7.0,0.028336231628892802,False
equal_calls,ops,E2,Pareto-terms,29,0.1,7.0,0.028336231628892802,False
equal_calls,ops,E2,Pareto-terms,29,0.2,7.0,0.028336231628892802,False
equal_calls,ops,E2,Pareto-terms,29,0.5,7.0,0.028336231628892802,False
equal_calls,ops,E2,Pareto-terms,29,1.0,7.0,0.028336231628892802,False
equal_calls,ops,E2,SO,0,0.0,12.0,0.028439045742316746,False
equal_calls,ops,E2,SO,0,0.01,12.0,0.028439045742316746,False
equal_calls,ops,E2,SO,0,0.02,12.0,0.028439045742316746,False
equal_calls,ops,E2,SO,0,0.05,12.0,0.028439045742316746,False
equal_calls,ops,E2,SO,0,0.1,12.0,0.028439045742316746,False
equal_calls,ops,E2,SO,0,0.2,12.0,0.028439045742316746,False
equal_calls,ops,E2,SO,0,0.5,12.0,0.028439045742316746,False
equal_calls,ops,E2,SO,0,1.0,12.0,0.028439045742316746,False
equal_calls,ops,E2,SO,1,0.0,12.0,0.027974296687295588,False
equal_calls,ops,E2,SO,1,0.01,12.0,0.027974296687295588,False
equal_calls,ops,E2,SO,1,0.02,12.0,0.027974296687295588,False
equal_calls,ops,E2,SO,1,0.05,12.0,0.027974296687295588,False
equal_calls,ops,E2,SO,1,0.1,12.0,0.027974296687295588,False
equal_calls,ops,E2,SO,1,0.2,12.0,0.027974296687295588,False
equal_calls,ops,E2,SO,1,0.5,12.0,0.027974296687295588,False
equal_calls,ops,E2,SO,1,1.0,12.0,0.027974296687295588,False
equal_calls,ops,E2,SO,2,0.0,12.0,0.027942879613123903,False
equal_calls,ops,E2,SO,2,0.01,12.0,0.027942879613123903,False
equal_calls,ops,E2,SO,2,0.02,12.0,0.027942879613123903,False
equal_calls,ops,E2,SO,2,0.05,12.0,0.027942879613123903,False
equal_calls,ops,E2,SO,2,0.1,12.0,0.027942879613123903,False
equal_calls,ops,E2,SO,2,0.2,12.0,0.027942879613123903,False
equal_calls,ops,E2,SO,2,0.5,12.0,0.027942879613123903,False
equal_calls,ops,E2,SO,2,1.0,12.0,0.027942879613123903,False
equal_calls,ops,E2,SO,3,0.0,12.0,0.028495472197663716,False
equal_calls,ops,E2,SO,3,0.01,12.0,0.028495472197663716,False
equal_calls,ops,E2,SO,3,0.02,12.0,0.028495472197663716,False
equal_calls,ops,E2,SO,3,0.05,12.0,0.028495472197663716,False
equal_calls,ops,E2,SO,3,0.1,12.0,0.028495472197663716,False
equal_calls,ops,E2,SO,3,0.2,12.0,0.028495472197663716,False
equal_calls,ops,E2,SO,3,0.5,12.0,0.028495472197663716,False
equal_calls,ops,E2,SO,3,1.0,12.0,0.028495472197663716,False
equal_calls,ops,E2,SO,4,0.0,12.0,0.028495472197663872,False
equal_calls,ops,E2,SO,4,0.01,12.0,0.028495472197663872,False
equal_calls,ops,E2,SO,4,0.02,12.0,0.028495472197663872,False
equal_calls,ops,E2,SO,4,0.05,12.0,0.028495472197663872,False
equal_calls,ops,E2,SO,4,0.1,12.0,0.028495472197663872,False
equal_calls,ops,E2,SO,4,0.2,12.0,0.028495472197663872,False
equal_calls,ops,E2,SO,4,0.5,12.0,0.028495472197663872,False
equal_calls,ops,E2,SO,4,1.0,12.0,0.028495472197663872,False
equal_calls,ops,E2,SO,5,0.0,12.0,0.02852788859250901,False
equal_calls,ops,E2,SO,5,0.01,12.0,0.02852788859250901,False
equal_calls,ops,E2,SO,5,0.02,12.0,0.02852788859250901,False
equal_calls,ops,E2,SO,5,0.05,12.0,0.02852788859250901,False
equal_calls,ops,E2,SO,5,0.1,12.0,0.02852788859250901,False
equal_calls,ops,E2,SO,5,0.2,12.0,0.02852788859250901,False
equal_calls,ops,E2,SO,5,0.5,12.0,0.02852788859250901,False
equal_calls,ops,E2,SO,5,1.0,12.0,0.02852788859250901,False
equal_calls,ops,E2,SO,6,0.0,12.0,0.027942879613123753,False
equal_calls,ops,E2,SO,6,0.01,12.0,0.027942879613123753,False
equal_calls,ops,E2,SO,6,0.02,12.0,0.027942879613123753,False
equal_calls,ops,E2,SO,6,0.05,12.0,0.027942879613123753,False
equal_calls,ops,E2,SO,6,0.1,12.0,0.027942879613123753,False
equal_calls,ops,E2,SO,6,0.2,12.0,0.027942879613123753,False
equal_calls,ops,E2,SO,6,0.5,12.0,0.027942879613123753,False
equal_calls,ops,E2,SO,6,1.0,12.0,0.027942879613123753,False
equal_calls,ops,E2,SO,7,0.0,12.0,0.028527888592509112,False
equal_calls,ops,E2,SO,7,0.01,12.0,0.028527888592509112,False
equal_calls,ops,E2,SO,7,0.02,12.0,0.028527888592509112,False
equal_calls,ops,E2,SO,7,0.05,12.0,0.028527888592509112,False
equal_calls,ops,E2,SO,7,0.1,12.0,0.028527888592509112,False
equal_calls,ops,E2,SO,7,0.2,12.0,0.028527888592509112,False
equal_calls,ops,E2,SO,7,0.5,12.0,0.028527888592509112,False
equal_calls,ops,E2,SO,7,1.0,12.0,0.028527888592509112,False
equal_calls,ops,E2,SO,8,0.0,12.0,0.028439045742316746,False
equal_calls,ops,E2,SO,8,0.01,12.0,0.028439045742316746,False
equal_calls,ops,E2,SO,8,0.02,12.0,0.028439045742316746,False
equal_calls,ops,E2,SO,8,0.05,12.0,0.028439045742316746,False
equal_calls,ops,E2,SO,8,0.1,12.0,0.028439045742316746,False
equal_calls,ops,E2,SO,8,0.2,12.0,0.028439045742316746,False
equal_calls,ops,E2,SO,8,0.5,12.0,0.028439045742316746,False
equal_calls,ops,E2,SO,8,1.0,12.0,0.028439045742316746,False
equal_calls,ops,E2,SO,9,0.0,12.0,0.02794287961312382,False
equal_calls,ops,E2,SO,9,0.01,12.0,0.02794287961312382,False
equal_calls,ops,E2,SO,9,0.02,12.0,0.02794287961312382,False
equal_calls,ops,E2,SO,9,0.05,12.0,0.02794287961312382,False
equal_calls,ops,E2,SO,9,0.1,12.0,0.02794287961312382,False
equal_calls,ops,E2,SO,9,0.2,12.0,0.02794287961312382,False
equal_calls,ops,E2,SO,9,0.5,12.0,0.02794287961312382,False
equal_calls,ops,E2,SO,9,1.0,12.0,0.02794287961312382,False
equal_calls,ops,E2,SO,10,0.0,12.0,0.02794287961312382,False
equal_calls,ops,E2,SO,10,0.01,12.0,0.02794287961312382,False
equal_calls,ops,E2,SO,10,0.02,12.0,0.02794287961312382,False
equal_calls,ops,E2,SO,10,0.05,12.0,0.02794287961312382,False
equal_calls,ops,E2,SO,10,0.1,12.0,0.02794287961312382,False
equal_calls,ops,E2,SO,10,0.2,12.0,0.02794287961312382,False
equal_calls,ops,E2,SO,10,0.5,12.0,0.02794287961312382,False
equal_calls,ops,E2,SO,10,1.0,12.0,0.02794287961312382,False
equal_calls,ops,E2,SO,11,0.0,12.0,0.028495472197663657,False
equal_calls,ops,E2,SO,11,0.01,12.0,0.028495472197663657,False
equal_calls,ops,E2,SO,11,0.02,12.0,0.028495472197663657,False
equal_calls,ops,E2,SO,11,0.05,12.0,0.028495472197663657,False
equal_calls,ops,E2,SO,11,0.1,12.0,0.028495472197663657,False
equal_calls,ops,E2,SO,11,0.2,12.0,0.028495472197663657,False
equal_calls,ops,E2,SO,11,0.5,12.0,0.028495472197663657,False
equal_calls,ops,E2,SO,11,1.0,12.0,0.028495472197663657,False
equal_calls,ops,E2,SO,12,0.0,12.0,0.028495472197663768,False
equal_calls,ops,E2,SO,12,0.01,12.0,0.028495472197663768,False
equal_calls,ops,E2,SO,12,0.02,12.0,0.028495472197663768,False
equal_calls,ops,E2,SO,12,0.05,12.0,0.028495472197663768,False
equal_calls,ops,E2,SO,12,0.1,12.0,0.028495472197663768,False
equal_calls,ops,E2,SO,12,0.2,12.0,0.028495472197663768,False
equal_calls,ops,E2,SO,12,0.5,12.0,0.028495472197663768,False
equal_calls,ops,E2,SO,12,1.0,12.0,0.028495472197663768,False
equal_calls,ops,E2,SO,13,0.0,12.0,0.028495472197663806,False
equal_calls,ops,E2,SO,13,0.01,12.0,0.028495472197663806,False
equal_calls,ops,E2,SO,13,0.02,12.0,0.028495472197663806,False
equal_calls,ops,E2,SO,13,0.05,12.0,0.028495472197663806,False
equal_calls,ops,E2,SO,13,0.1,12.0,0.028495472197663806,False
equal_calls,ops,E2,SO,13,0.2,12.0,0.028495472197663806,False
equal_calls,ops,E2,SO,13,0.5,12.0,0.028495472197663806,False
equal_calls,ops,E2,SO,13,1.0,12.0,0.028495472197663806,False
equal_calls,ops,E2,SO,14,0.0,12.0,0.027942879613123823,False
equal_calls,ops,E2,SO,14,0.01,12.0,0.027942879613123823,False
equal_calls,ops,E2,SO,14,0.02,12.0,0.027942879613123823,False
equal_calls,ops,E2,SO,14,0.05,12.0,0.027942879613123823,False
equal_calls,ops,E2,SO,14,0.1,12.0,0.027942879613123823,False
equal_calls,ops,E2,SO,14,0.2,12.0,0.027942879613123823,False
equal_calls,ops,E2,SO,14,0.5,12.0,0.027942879613123823,False
equal_calls,ops,E2,SO,14,1.0,12.0,0.027942879613123823,False
equal_calls,ops,E2,SO,15,0.0,12.0,0.028439045742316763,False
equal_calls,ops,E2,SO,15,0.01,12.0,0.028439045742316763,False
equal_calls,ops,E2,SO,15,0.02,12.0,0.028439045742316763,False
equal_calls,ops,E2,SO,15,0.05,12.0,0.028439045742316763,False
equal_calls,ops,E2,SO,15,0.1,12.0,0.028439045742316763,False
equal_calls,ops,E2,SO,15,0.2,12.0,0.028439045742316763,False
equal_calls,ops,E2,SO,15,0.5,12.0,0.028439045742316763,False
equal_calls,ops,E2,SO,15,1.0,12.0,0.028439045742316763,False
equal_calls,ops,E2,SO,16,0.0,12.0,0.027942879613123882,False
equal_calls,ops,E2,SO,16,0.01,12.0,0.027942879613123882,False
equal_calls,ops,E2,SO,16,0.02,12.0,0.027942879613123882,False
equal_calls,ops,E2,SO,16,0.05,12.0,0.027942879613123882,False
equal_calls,ops,E2,SO,16,0.1,12.0,0.027942879613123882,False
equal_calls,ops,E2,SO,16,0.2,12.0,0.027942879613123882,False
equal_calls,ops,E2,SO,16,0.5,12.0,0.027942879613123882,False
equal_calls,ops,E2,SO,16,1.0,12.0,0.027942879613123882,False
equal_calls,ops,E2,SO,17,0.0,12.0,0.02794252304881898,False
equal_calls,ops,E2,SO,17,0.01,12.0,0.02794252304881898,False
equal_calls,ops,E2,SO,17,0.02,12.0,0.02794252304881898,False
equal_calls,ops,E2,SO,17,0.05,12.0,0.02794252304881898,False
equal_calls,ops,E2,SO,17,0.1,12.0,0.02794252304881898,False
equal_calls,ops,E2,SO,17,0.2,12.0,0.02794252304881898,False
equal_calls,ops,E2,SO,17,0.5,12.0,0.02794252304881898,False
equal_calls,ops,E2,SO,17,1.0,12.0,0.02794252304881898,False
equal_calls,ops,E2,SO,18,0.0,12.0,0.028439045742316725,False
equal_calls,ops,E2,SO,18,0.01,12.0,0.028439045742316725,False
equal_calls,ops,E2,SO,18,0.02,12.0,0.028439045742316725,False
equal_calls,ops,E2,SO,18,0.05,12.0,0.028439045742316725,False
equal_calls,ops,E2,SO,18,0.1,12.0,0.028439045742316725,False
equal_calls,ops,E2,SO,18,0.2,12.0,0.028439045742316725,False
equal_calls,ops,E2,SO,18,0.5,12.0,0.028439045742316725,False
equal_calls,ops,E2,SO,18,1.0,12.0,0.028439045742316725,False
equal_calls,ops,E2,SO,19,0.0,12.0,0.028495472197663824,False
equal_calls,ops,E2,SO,19,0.01,12.0,0.028495472197663824,False
equal_calls,ops,E2,SO,19,0.02,12.0,0.028495472197663824,False
equal_calls,ops,E2,SO,19,0.05,12.0,0.028495472197663824,False
equal_calls,ops,E2,SO,19,0.1,12.0,0.028495472197663824,False
equal_calls,ops,E2,SO,19,0.2,12.0,0.028495472197663824,False
equal_calls,ops,E2,SO,19,0.5,12.0,0.028495472197663824,False
equal_calls,ops,E2,SO,19,1.0,12.0,0.028495472197663824,False
equal_calls,ops,E2,SO,20,0.0,12.0,0.02794287961312374,False
equal_calls,ops,E2,SO,20,0.01,12.0,0.02794287961312374,False
equal_calls,ops,E2,SO,20,0.02,12.0,0.02794287961312374,False
equal_calls,ops,E2,SO,20,0.05,12.0,0.02794287961312374,False
equal_calls,ops,E2,SO,20,0.1,12.0,0.02794287961312374,False
equal_calls,ops,E2,SO,20,0.2,12.0,0.02794287961312374,False
equal_calls,ops,E2,SO,20,0.5,12.0,0.02794287961312374,False
equal_calls,ops,E2,SO,20,1.0,12.0,0.02794287961312374,False
equal_calls,ops,E2,SO,21,0.0,12.0,0.02794287961312378,False
equal_calls,ops,E2,SO,21,0.01,12.0,0.02794287961312378,False
equal_calls,ops,E2,SO,21,0.02,12.0,0.02794287961312378,False
equal_calls,ops,E2,SO,21,0.05,12.0,0.02794287961312378,False
equal_calls,ops,E2,SO,21,0.1,12.0,0.02794287961312378,False
equal_calls,ops,E2,SO,21,0.2,12.0,0.02794287961312378,False
equal_calls,ops,E2,SO,21,0.5,12.0,0.02794287961312378,False
equal_calls,ops,E2,SO,21,1.0,12.0,0.02794287961312378,False
equal_calls,ops,E2,SO,22,0.0,12.0,0.0284954721976637,False
equal_calls,ops,E2,SO,22,0.01,12.0,0.0284954721976637,False
equal_calls,ops,E2,SO,22,0.02,12.0,0.0284954721976637,False
equal_calls,ops,E2,SO,22,0.05,12.0,0.0284954721976637,False
equal_calls,ops,E2,SO,22,0.1,12.0,0.0284954721976637,False
equal_calls,ops,E2,SO,22,0.2,12.0,0.0284954721976637,False
equal_calls,ops,E2,SO,22,0.5,12.0,0.0284954721976637,False
equal_calls,ops,E2,SO,22,1.0,12.0,0.0284954721976637,False
equal_calls,ops,E2,SO,23,0.0,12.0,0.027942879613123726,False
equal_calls,ops,E2,SO,23,0.01,12.0,0.027942879613123726,False
equal_calls,ops,E2,SO,23,0.02,12.0,0.027942879613123726,False
equal_calls,ops,E2,SO,23,0.05,12.0,0.027942879613123726,False
equal_calls,ops,E2,SO,23,0.1,12.0,0.027942879613123726,False
equal_calls,ops,E2,SO,23,0.2,12.0,0.027942879613123726,False
equal_calls,ops,E2,SO,23,0.5,12.0,0.027942879613123726,False
equal_calls,ops,E2,SO,23,1.0,12.0,0.027942879613123726,False
equal_calls,ops,E2,SO,24,0.0,12.0,0.02849547219766375,False
equal_calls,ops,E2,SO,24,0.01,12.0,0.02849547219766375,False
equal_calls,ops,E2,SO,24,0.02,12.0,0.02849547219766375,False
equal_calls,ops,E2,SO,24,0.05,12.0,0.02849547219766375,False
equal_calls,ops,E2,SO,24,0.1,12.0,0.02849547219766375,False
equal_calls,ops,E2,SO,24,0.2,12.0,0.02849547219766375,False
equal_calls,ops,E2,SO,24,0.5,12.0,0.02849547219766375,False
equal_calls,ops,E2,SO,24,1.0,12.0,0.02849547219766375,False
equal_calls,ops,E2,SO,25,0.0,12.0,0.02849547219766373,False
equal_calls,ops,E2,SO,25,0.01,12.0,0.02849547219766373,False
equal_calls,ops,E2,SO,25,0.02,12.0,0.02849547219766373,False
equal_calls,ops,E2,SO,25,0.05,12.0,0.02849547219766373,False
equal_calls,ops,E2,SO,25,0.1,12.0,0.02849547219766373,False
equal_calls,ops,E2,SO,25,0.2,12.0,0.02849547219766373,False
equal_calls,ops,E2,SO,25,0.5,12.0,0.02849547219766373,False
equal_calls,ops,E2,SO,25,1.0,12.0,0.02849547219766373,False
equal_calls,ops,E2,SO,26,0.0,12.0,0.028527888592509126,False
equal_calls,ops,E2,SO,26,0.01,12.0,0.028527888592509126,False
equal_calls,ops,E2,SO,26,0.02,12.0,0.028527888592509126,False
equal_calls,ops,E2,SO,26,0.05,12.0,0.028527888592509126,False
equal_calls,ops,E2,SO,26,0.1,12.0,0.028527888592509126,False
equal_calls,ops,E2,SO,26,0.2,12.0,0.028527888592509126,False
equal_calls,ops,E2,SO,26,0.5,12.0,0.028527888592509126,False
equal_calls,ops,E2,SO,26,1.0,12.0,0.028527888592509126,False
equal_calls,ops,E2,SO,27,0.0,12.0,0.027942879613123823,False
equal_calls,ops,E2,SO,27,0.01,12.0,0.027942879613123823,False
equal_calls,ops,E2,SO,27,0.02,12.0,0.027942879613123823,False
equal_calls,ops,E2,SO,27,0.05,12.0,0.027942879613123823,False
equal_calls,ops,E2,SO,27,0.1,12.0,0.027942879613123823,False
equal_calls,ops,E2,SO,27,0.2,12.0,0.027942879613123823,False
equal_calls,ops,E2,SO,27,0.5,12.0,0.027942879613123823,False
equal_calls,ops,E2,SO,27,1.0,12.0,0.027942879613123823,False
equal_calls,ops,E2,SO,28,0.0,12.0,0.028495472197663782,False
equal_calls,ops,E2,SO,28,0.01,12.0,0.028495472197663782,False
equal_calls,ops,E2,SO,28,0.02,12.0,0.028495472197663782,False
equal_calls,ops,E2,SO,28,0.05,12.0,0.028495472197663782,False
equal_calls,ops,E2,SO,28,0.1,12.0,0.028495472197663782,False
equal_calls,ops,E2,SO,28,0.2,12.0,0.028495472197663782,False
equal_calls,ops,E2,SO,28,0.5,12.0,0.028495472197663782,False
equal_calls,ops,E2,SO,28,1.0,12.0,0.028495472197663782,False
equal_calls,ops,E2,SO,29,0.0,12.0,0.02843904574231672,False
equal_calls,ops,E2,SO,29,0.01,12.0,0.02843904574231672,False
equal_calls,ops,E2,SO,29,0.02,12.0,0.02843904574231672,False
equal_calls,ops,E2,SO,29,0.05,12.0,0.02843904574231672,False
equal_calls,ops,E2,SO,29,0.1,12.0,0.02843904574231672,False
equal_calls,ops,E2,SO,29,0.2,12.0,0.02843904574231672,False
equal_calls,ops,E2,SO,29,0.5,12.0,0.02843904574231672,False
equal_calls,ops,E2,SO,29,1.0,12.0,0.02843904574231672,False
equal_calls,ops,E3,Green,0,0.0,17.0,1.5128658035915794,False
equal_calls,ops,E3,Green,0,0.01,17.0,1.5128658035915794,False
equal_calls,ops,E3,Green,0,0.02,17.0,1.5128658035915794,False
equal_calls,ops,E3,Green,0,0.05,14.0,1.5321434210230462,False
equal_calls,ops,E3,Green,0,0.1,14.0,1.5321434210230462,False
equal_calls,ops,E3,Green,0,0.2,12.0,3.0599804068286898,False
equal_calls,ops,E3,Green,0,0.5,12.0,3.0599804068286898,False
equal_calls,ops,E3,Green,0,1.0,12.0,3.0599804068286898,False
equal_calls,ops,E3,Green,1,0.0,16.0,1.4410116127193378,False
equal_calls,ops,E3,Green,1,0.01,16.0,1.4410116127193378,False
equal_calls,ops,E3,Green,1,0.02,16.0,1.4410116127193378,False
equal_calls,ops,E3,Green,1,0.05,16.0,1.4410116127193378,False
equal_calls,ops,E3,Green,1,0.1,16.0,1.4410116127193378,False
equal_calls,ops,E3,Green,1,0.2,15.0,8.638285956336441,False
equal_calls,ops,E3,Green,1,0.5,12.0,7.364572833609858,False
equal_calls,ops,E3,Green,1,1.0,12.0,7.364572833609858,False
equal_calls,ops,E3,Green,2,0.0,16.0,1.3145192490673387,False
equal_calls,ops,E3,Green,2,0.01,16.0,1.3145192490673387,False
equal_calls,ops,E3,Green,2,0.02,16.0,1.3145192490673387,False
equal_calls,ops,E3,Green,2,0.05,16.0,1.3145192490673387,False
equal_calls,ops,E3,Green,2,0.1,16.0,1.3145192490673387,False
equal_calls,ops,E3,Green,2,0.2,12.0,7.364572833597793,False
equal_calls,ops,E3,Green,2,0.5,12.0,7.364572833597793,False
equal_calls,ops,E3,Green,2,1.0,12.0,7.364572833597793,False
equal_calls,ops,E3,Green,3,0.0,19.0,1.3323004973569526,False
equal_calls,ops,E3,Green,3,0.01,19.0,1.3323004973569526,False
equal_calls,ops,E3,Green,3,0.02,19.0,1.3323004973569526,False
equal_calls,ops,E3,Green,3,0.05,19.0,1.3323004973569526,False
equal_calls,ops,E3,Green,3,0.1,16.0,1.1390845828484655,False
equal_calls,ops,E3,Green,3,0.2,14.0,3.792097769520265,False
equal_calls,ops,E3,Green,3,0.5,12.0,2.0154456527540012,False
equal_calls,ops,E3,Green,3,1.0,12.0,2.0154456527540012,False
equal_calls,ops,E3,Green,4,0.0,16.0,1.4307967602827873,False
equal_calls,ops,E3,Green,4,0.01,16.0,1.4307967602827873,False
equal_calls,ops,E3,Green,4,0.02,16.0,1.4307967602827873,False
equal_calls,ops,E3,Green,4,0.05,16.0,1.4307967602827873,False
equal_calls,ops,E3,Green,4,0.1,16.0,1.4307967602827873,False
equal_calls,ops,E3,Green,4,0.2,14.0,5.579146702508881,False
equal_calls,ops,E3,Green,4,0.5,12.0,12.636048921402239,False
equal_calls,ops,E3,Green,4,1.0,12.0,12.636048921402239,False
equal_calls,ops,E3,Green,5,0.0,18.0,1.366414315141311,False
equal_calls,ops,E3,Green,5,0.01,18.0,1.366414315141311,False
equal_calls,ops,E3,Green,5,0.02,18.0,1.366414315141311,False
equal_calls,ops,E3,Green,5,0.05,14.0,1.4342685195813907,False
equal_calls,ops,E3,Green,5,0.1,14.0,1.4342685195813907,False
equal_calls,ops,E3,Green,5,0.2,14.0,1.4342685195813907,False
equal_calls,ops,E3,Green,5,0.5,12.0,19.170547689581248,False
equal_calls,ops,E3,Green,5,1.0,12.0,19.170547689581248,False
equal_calls,ops,E3,Green,6,0.0,16.0,1.3209835660919624,False
equal_calls,ops,E3,Green,6,0.01,16.0,1.3209835660919624,False
equal_calls,ops,E3,Green,6,0.02,16.0,1.3209835660919624,False
equal_calls,ops,E3,Green,6,0.05,16.0,1.3209835660919624,False
equal_calls,ops,E3,Green,6,0.1,16.0,1.3209835660919624,False
equal_calls,ops,E3,Green,6,0.2,16.0,1.3209835660919624,False
equal_calls,ops,E3,Green,6,0.5,12.0,22.691011322752104,False
equal_calls,ops,E3,Green,6,1.0,12.0,22.691011322752104,False
equal_calls,ops,E3,Green,7,0.0,19.0,1.2175364506495945,False
equal_calls,ops,E3,Green,7,0.01,19.0,1.2175364506495945,False
equal_calls,ops,E3,Green,7,0.02,19.0,1.2175364506495945,False
equal_calls,ops,E3,Green,7,0.05,18.0,1.1296222746245836,False
equal_calls,ops,E3,Green,7,0.1,16.0,1.062183453240678,False
equal_calls,ops,E3,Green,7,0.2,16.0,1.062183453240678,False
equal_calls,ops,E3,Green,7,0.5,14.0,1.4343881215634193,False
equal_calls,ops,E3,Green,7,1.0,12.0,2.836590616382947,False
equal_calls,ops,E3,Green,8,0.0,16.0,1.360151064416237,False
equal_calls,ops,E3,Green,8,0.01,16.0,1.360151064416237,False
equal_calls,ops,E3,Green,8,0.02,16.0,1.360151064416237,False
equal_calls,ops,E3,Green,8,0.05,16.0,1.360151064416237,False
equal_calls,ops,E3,Green,8,0.1,16.0,1.360151064416237,False
equal_calls,ops,E3,Green,8,0.2,14.0,1.5671959780118807,False
equal_calls,ops,E3,Green,8,0.5,12.0,22.69101132265709,False
equal_calls,ops,E3,Green,8,1.0,12.0,22.69101132265709,False
equal_calls,ops,E3,Green,9,0.0,16.0,1.4152999059897167,False
equal_calls,ops,E3,Green,9,0.01,16.0,1.4152999059897167,False
equal_calls,ops,E3,Green,9,0.02,16.0,1.4152999059897167,False
equal_calls,ops,E3,Green,9,0.05,16.0,1.4152999059897167,False
equal_calls,ops,E3,Green,9,0.1,16.0,1.4152999059897167,False
equal_calls,ops,E3,Green,9,0.2,14.0,3.792097769504812,False
equal_calls,ops,E3,Green,9,0.5,12.0,12.636048921388989,False
equal_calls,ops,E3,Green,9,1.0,12.0,12.636048921388989,False
equal_calls,ops,E3,Green,10,0.0,19.0,10.354339282428745,False
equal_calls,ops,E3,Green,10,0.01,19.0,10.354339282428745,False
equal_calls,ops,E3,Green,10,0.02,19.0,10.354339282428745,False
equal_calls,ops,E3,Green,10,0.05,19.0,10.354339282428745,False
equal_calls,ops,E3,Green,10,0.1,14.0,1.5789925514506635,False
equal_calls,ops,E3,Green,10,0.2,12.0,9.357567611518903,False
equal_calls,ops,E3,Green,10,0.5,12.0,9.357567611518903,False
equal_calls,ops,E3,Green,10,1.0,12.0,9.357567611518903,False
equal_calls,ops,E3,Green,11,0.0,16.0,1.2638466646490751,False
equal_calls,ops,E3,Green,11,0.01,16.0,1.2638466646490751,False
equal_calls,ops,E3,Green,11,0.02,16.0,1.2638466646490751,False
equal_calls,ops,E3,Green,11,0.05,16.0,1.2638466646490751,False
equal_calls,ops,E3,Green,11,0.1,16.0,1.2638466646490751,False
equal_calls,ops,E3,Green,11,0.2,14.0,1.4883152885747413,False
equal_calls,ops,E3,Green,11,0.5,12.0,22.6910113227149,False
equal_calls,ops,E3,Green,11,1.0,12.0,22.6910113227149,False
equal_calls,ops,E3,Green,12,0.0,16.0,1.2487607958397393,False
equal_calls,ops,E3,Green,12,0.01,16.0,1.2487607958397393,False
equal_calls,ops,E3,Green,12,0.02,16.0,1.2487607958397393,False
equal_calls,ops,E3,Green,12,0.05,16.0,1.2487607958397393,False
equal_calls,ops,E3,Green,12,0.1,16.0,1.2487607958397393,False
equal_calls,ops,E3,Green,12,0.2,14.0,1.5344482714151417,False
equal_calls,ops,E3,Green,12,0.5,14.0,1.5344482714151417,False
equal_calls,ops,E3,Green,12,1.0,12.0,13.323935644303551,False
equal_calls,ops,E3,Green,13,0.0,16.0,1.2926707257455405,False
equal_calls,ops,E3,Green,13,0.01,16.0,1.2926707257455405,False
equal_calls,ops,E3,Green,13,0.02,16.0,1.2926707257455405,False
equal_calls,ops,E3,Green,13,0.05,16.0,1.2926707257455405,False
equal_calls,ops,E3,Green,13,0.1,16.0,1.2926707257455405,False
equal_calls,ops,E3,Green,13,0.2,14.0,1.584195325076673,False
equal_calls,ops,E3,Green,13,0.5,12.0,35.66205173238544,False
equal_calls,ops,E3,Green,13,1.0,12.0,35.66205173238544,False
equal_calls,ops,E3,Green,14,0.0,18.0,1.4132372314177686,False
equal_calls,ops,E3,Green,14,0.01,16.0,1.4309455630588652,False
equal_calls,ops,E3,Green,14,0.02,16.0,1.4309455630588652,False
equal_calls,ops,E3,Green,14,0.05,16.0,1.4309455630588652,False
equal_calls,ops,E3,Green,14,0.1,16.0,1.4309455630588652,False
equal_calls,ops,E3,Green,14,0.2,12.0,7.364572833571116,False
equal_calls,ops,E3,Green,14,0.5,12.0,7.364572833571116,False
equal_calls,ops,E3,Green,14,1.0,12.0,7.364572833571116,False
equal_calls,ops,E3,Green,15,0.0,14.0,1.4245364143084573,False
equal_calls,ops,E3,Green,15,0.01,14.0,1.4245364143084573,False
equal_calls,ops,E3,Green,15,0.02,14.0,1.4245364143084573,False
equal_calls,ops,E3,Green,15,0.05,14.0,1.4245364143084573,False
equal_calls,ops,E3,Green,15,0.1,14.0,1.4245364143084573,False
equal_calls,ops,E3,Green,15,0.2,14.0,1.4245364143084573,False
equal_calls,ops,E3,Green,15,0.5,12.0,39.84931118707726,False
equal_calls,ops,E3,Green,15,1.0,12.0,39.84931118707726,False
equal_calls,ops,E3,Green,16,0.0,16.0,1.2195527243283317,False
equal_calls,ops,E3,Green,16,0.01,16.0,1.2195527243283317,False
equal_calls,ops,E3,Green,16,0.02,16.0,1.2195527243283317,False
equal_calls,ops,E3,Green,16,0.05,16.0,1.2195527243283317,False
equal_calls,ops,E3,Green,16,0.1,16.0,1.2195527243283317,False
equal_calls,ops,E3,Green,16,0.2,12.0,7.364572833595798,False
equal_calls,ops,E3,Green,16,0.5,12.0,7.364572833595798,False
equal_calls,ops,E3,Green,16,1.0,12.0,7.364572833595798,False
equal_calls,ops,E3,Green,17,0.0,14.0,1.5929985885212954,False
equal_calls,ops,E3,Green,17,0.01,14.0,1.5929985885212954,False
equal_calls,ops,E3,Green,17,0.02,14.0,1.5929985885212954,False
equal_calls,ops,E3,Green,17,0.05,14.0,1.5929985885212954,False
equal_calls,ops,E3,Green,17,0.1,14.0,1.5929985885212954,False
equal_calls,ops,E3,Green,17,0.2,12.0,2.4810227370200124,False
equal_calls,ops,E3,Green,17,0.5,12.0,2.4810227370200124,False
equal_calls,ops,E3,Green,17,1.0,12.0,2.4810227370200124,False
equal_calls,ops,E3,Green,18,0.0,21.0,1.6411470164689925,False
equal_calls,ops,E3,Green,18,0.01,21.0,1.6411470164689925,False
equal_calls,ops,E3,Green,18,0.02,19.0,1.617641223647056,False
equal_calls,ops,E3,Green,18,0.05,16.0,1.440488148518387,False
equal_calls,ops,E3,Green,18,0.1,16.0,1.440488148518387,False
equal_calls,ops,E3,Green,18,0.2,14.0,2.9114591875955793,False
equal_calls,ops,E3,Green,18,0.5,12.0,2.8987845805641457,False
equal_calls,ops,E3,Green,18,1.0,12.0,2.8987845805641457,False
equal_calls,ops,E3,Green,19,0.0,16.0,1.4081945296215865,False
equal_calls,ops,E3,Green,19,0.01,16.0,1.4081945296215865,False
equal_calls,ops,E3,Green,19,0.02,16.0,1.4081945296215865,False
equal_calls,ops,E3,Green,19,0.05,16.0,1.4081945296215865,False
equal_calls,ops,E3,Green,19,0.1,16.0,1.4081945296215865,False
equal_calls,ops,E3,Green,19,0.2,14.0,1.443706734774939,False
equal_calls,ops,E3,Green,19,0.5,14.0,1.443706734774939,False
equal_calls,ops,E3,Green,19,1.0,12.0,217.9780404039757,False
equal_calls,ops,E3,Green,20,0.0,16.0,1.3388568980842235,False
equal_calls,ops,E3,Green,20,0.01,16.0,1.3388568980842235,False
equal_calls,ops,E3,Green,20,0.02,16.0,1.3388568980842235,False
equal_calls,ops,E3,Green,20,0.05,16.0,1.3388568980842235,False
equal_calls,ops,E3,Green,20,0.1,14.0,2.396943936459789,False
equal_calls,ops,E3,Green,20,0.2,12.0,7.364572833542572,False
equal_calls,ops,E3,Green,20,0.5,12.0,7.364572833542572,False
equal_calls,ops,E3,Green,20,1.0,12.0,7.364572833542572,False
equal_calls,ops,E3,Green,21,0.0,16.0,1.3087662775637063,False
equal_calls,ops,E3,Green,21,0.01,16.0,1.3087662775637063,False
equal_calls,ops,E3,Green,21,0.02,16.0,1.3087662775637063,False
equal_calls,ops,E3,Green,21,0.05,16.0,1.3087662775637063,False
equal_calls,ops,E3,Green,21,0.1,16.0,1.3087662775637063,False
equal_calls,ops,E3,Green,21,0.2,15.0,15.928581458597407,False
equal_calls,ops,E3,Green,21,0.5,12.0,12.636048921422201,False
equal_calls,ops,E3,Green,21,1.0,12.0,12.636048921422201,False
equal_calls,ops,E3,Green,22,0.0,20.0,1.4623610430250087,False
equal_calls,ops,E3,Green,22,0.01,20.0,1.4623610430250087,False
equal_calls,ops,E3,Green,22,0.02,20.0,1.4623610430250087,False
equal_calls,ops,E3,Green,22,0.05,20.0,1.4623610430250087,False
equal_calls,ops,E3,Green,22,0.1,20.0,1.4623610430250087,False
equal_calls,ops,E3,Green,22,0.2,20.0,1.4623610430250087,False
equal_calls,ops,E3,Green,22,0.5,14.0,1.513146488977955,False
equal_calls,ops,E3,Green,22,1.0,12.0,5.854777734483852e+56,False
equal_calls,ops,E3,Green,23,0.0,18.0,1.311905304019422,False
equal_calls,ops,E3,Green,23,0.01,16.0,1.2268967061082292,False
equal_calls,ops,E3,Green,23,0.02,16.0,1.2268967061082292,False
equal_calls,ops,E3,Green,23,0.05,16.0,1.2268967061082292,False
equal_calls,ops,E3,Green,23,0.1,16.0,1.2268967061082292,False
equal_calls,ops,E3,Green,23,0.2,12.0,7.364572833575045,False
equal_calls,ops,E3,Green,23,0.5,12.0,7.364572833575045,False
equal_calls,ops,E3,Green,23,1.0,12.0,7.364572833575045,False
equal_calls,ops,E3,Green,24,0.0,16.0,1.4538423142133703,False
equal_calls,ops,E3,Green,24,0.01,16.0,1.4538423142133703,False
equal_calls,ops,E3,Green,24,0.02,16.0,1.4538423142133703,False
equal_calls,ops,E3,Green,24,0.05,16.0,1.4538423142133703,False
equal_calls,ops,E3,Green,24,0.1,16.0,1.4538423142133703,False
equal_calls,ops,E3,Green,24,0.2,14.0,1.5830838759534982,False
equal_calls,ops,E3,Green,24,0.5,12.0,9.357567611535236,False
equal_calls,ops,E3,Green,24,1.0,12.0,9.357567611535236,False
equal_calls,ops,E3,Green,25,0.0,14.0,1.5898217848697969,False
equal_calls,ops,E3,Green,25,0.01,14.0,1.5898217848697969,False
equal_calls,ops,E3,Green,25,0.02,14.0,1.5898217848697969,False
equal_calls,ops,E3,Green,25,0.05,12.0,3.963967766709594,False
equal_calls,ops,E3,Green,25,0.1,12.0,3.963967766709594,False
equal_calls,ops,E3,Green,25,0.2,12.0,3.963967766709594,False
equal_calls,ops,E3,Green,25,0.5,12.0,3.963967766709594,False
equal_calls,ops,E3,Green,25,1.0,12.0,3.963967766709594,False
equal_calls,ops,E3,Green,26,0.0,16.0,1.4047718996223197,False
equal_calls,ops,E3,Green,26,0.01,16.0,1.4047718996223197,False
equal_calls,ops,E3,Green,26,0.02,16.0,1.4047718996223197,False
equal_calls,ops,E3,Green,26,0.05,16.0,1.4047718996223197,False
equal_calls,ops,E3,Green,26,0.1,16.0,1.4047718996223197,False
equal_calls,ops,E3,Green,26,0.2,12.0,2.8987845805596555,False
equal_calls,ops,E3,Green,26,0.5,12.0,2.8987845805596555,False
equal_calls,ops,E3,Green,26,1.0,12.0,2.8987845805596555,False
equal_calls,ops,E3,Green,27,0.0,17.0,2.4129832401706874,False
equal_calls,ops,E3,Green,27,0.01,14.0,2.3969439364593192,False
equal_calls,ops,E3,Green,27,0.02,14.0,2.3969439364593192,False
equal_calls,ops,E3,Green,27,0.05,14.0,2.3969439364593192,False
equal_calls,ops,E3,Green,27,0.1,14.0,2.3969439364593192,False
equal_calls,ops,E3,Green,27,0.2,14.0,2.3969439364593192,False
equal_calls,ops,E3,Green,27,0.5,12.0,3.0599804068244794,False
equal_calls,ops,E3,Green,27,1.0,12.0,3.0599804068244794,False
equal_calls,ops,E3,Green,28,0.0,16.0,1.268036311106283,False
equal_calls,ops,E3,Green,28,0.01,16.0,1.268036311106283,False
equal_calls,ops,E3,Green,28,0.02,16.0,1.268036311106283,False
equal_calls,ops,E3,Green,28,0.05,14.0,1.4245364143143138,False
equal_calls,ops,E3,Green,28,0.1,14.0,1.4245364143143138,False
equal_calls,ops,E3,Green,28,0.2,14.0,1.4245364143143138,False
equal_calls,ops,E3,Green,28,0.5,12.0,32.512098151241624,False
equal_calls,ops,E3,Green,28,1.0,12.0,32.512098151241624,False
equal_calls,ops,E3,Green,29,0.0,14.0,2.3969439364639524,False
equal_calls,ops,E3,Green,29,0.01,14.0,2.3969439364639524,False
equal_calls,ops,E3,Green,29,0.02,14.0,2.3969439364639524,False
equal_calls,ops,E3,Green,29,0.05,14.0,2.3969439364639524,False
equal_calls,ops,E3,Green,29,0.1,12.0,2.898784580561443,False
equal_calls,ops,E3,Green,29,0.2,12.0,2.898784580561443,False
equal_calls,ops,E3,Green,29,0.5,12.0,2.898784580561443,False
equal_calls,ops,E3,Green,29,1.0,12.0,2.898784580561443,False
equal_calls,ops,E3,MO-lex,0,0.0,19.0,1.4201369254348997,False
equal_calls,ops,E3,MO-lex,0,0.01,16.0,1.4114130381953272,False
equal_calls,ops,E3,MO-lex,0,0.02,16.0,1.4114130381953272,False
equal_calls,ops,E3,MO-lex,0,0.05,16.0,1.4114130381953272,False
equal_calls,ops,E3,MO-lex,0,0.1,16.0,1.4114130381953272,False
equal_calls,ops,E3,MO-lex,0,0.2,16.0,1.4114130381953272,False
equal_calls,ops,E3,MO-lex,0,0.5,16.0,1.4114130381953272,False
equal_calls,ops,E3,MO-lex,0,1.0,16.0,1.4114130381953272,False
equal_calls,ops,E3,MO-lex,1,0.0,16.0,1.3685669607668864,False
equal_calls,ops,E3,MO-lex,1,0.01,16.0,1.3685669607668864,False
equal_calls,ops,E3,MO-lex,1,0.02,16.0,1.3685669607668864,False
equal_calls,ops,E3,MO-lex,1,0.05,16.0,1.3685669607668864,False
equal_calls,ops,E3,MO-lex,1,0.1,16.0,1.3685669607668864,False
equal_calls,ops,E3,MO-lex,1,0.2,16.0,1.3685669607668864,False
equal_calls,ops,E3,MO-lex,1,0.5,14.0,1.5671959780111402,False
equal_calls,ops,E3,MO-lex,1,1.0,14.0,1.5671959780111402,False
equal_calls,ops,E3,MO-lex,2,0.0,19.0,1.2522088427975897,False
equal_calls,ops,E3,MO-lex,2,0.01,16.0,1.2543238892233024,False
equal_calls,ops,E3,MO-lex,2,0.02,16.0,1.2543238892233024,False
equal_calls,ops,E3,MO-lex,2,0.05,16.0,1.2543238892233024,False
equal_calls,ops,E3,MO-lex,2,0.1,16.0,1.2543238892233024,False
equal_calls,ops,E3,MO-lex,2,0.2,16.0,1.2543238892233024,False
equal_calls,ops,E3,MO-lex,2,0.5,14.0,1.3156392568057336,False
equal_calls,ops,E3,MO-lex,2,1.0,12.0,542.023559226671,False
equal_calls,ops,E3,MO-lex,3,0.0,18.0,1.3937274818636392,False
equal_calls,ops,E3,MO-lex,3,0.01,16.0,1.4114130377786807,False
equal_calls,ops,E3,MO-lex,3,0.02,16.0,1.4114130377786807,False
equal_calls,ops,E3,MO-lex,3,0.05,16.0,1.4114130377786807,False
equal_calls,ops,E3,MO-lex,3,0.1,16.0,1.4114130377786807,False
equal_calls,ops,E3,MO-lex,3,0.2,16.0,1.4114130377786807,False
equal_calls,ops,E3,MO-lex,3,0.5,16.0,1.4114130377786807,False
equal_calls,ops,E3,MO-lex,3,1.0,14.0,129.20178530217558,False
equal_calls,ops,E3,MO-lex,4,0.0,18.0,1.3847582396988163,False
equal_calls,ops,E3,MO-lex,4,0.01,16.0,1.4073547064290304,False
equal_calls,ops,E3,MO-lex,4,0.02,16.0,1.4073547064290304,False
equal_calls,ops,E3,MO-lex,4,0.05,16.0,1.4073547064290304,False
equal_calls,ops,E3,MO-lex,4,0.1,16.0,1.4073547064290304,False
equal_calls,ops,E3,MO-lex,4,0.2,15.0,8.931210244968689,False
equal_calls,ops,E3,MO-lex,4,0.5,14.0,1.516515060178145,False
equal_calls,ops,E3,MO-lex,4,1.0,14.0,1.516515060178145,False
equal_calls,ops,E3,MO-lex,5,0.0,18.0,1.318735813192184,False
equal_calls,ops,E3,MO-lex,5,0.01,16.0,1.339835537085711,False
equal_calls,ops,E3,MO-lex,5,0.02,16.0,1.339835537085711,False
equal_calls,ops,E3,MO-lex,5,0.05,16.0,1.339835537085711,False
equal_calls,ops,E3,MO-lex,5,0.1,16.0,1.339835537085711,False
equal_calls,ops,E3,MO-lex,5,0.2,16.0,1.339835537085711,False
equal_calls,ops,E3,MO-lex,5,0.5,14.0,1.843167327177586,False
equal_calls,ops,E3,MO-lex,5,1.0,14.0,1.843167327177586,False
equal_calls,ops,E3,MO-lex,6,0.0,19.0,1.503138715081509,False
equal_calls,ops,E3,MO-lex,6,0.01,16.0,1.4670512654174257,False
equal_calls,ops,E3,MO-lex,6,0.02,16.0,1.4670512654174257,False
equal_calls,ops,E3,MO-lex,6,0.05,16.0,1.4670512654174257,False
equal_calls,ops,E3,MO-lex,6,0.1,16.0,1.4670512654174257,False
equal_calls,ops,E3,MO-lex,6,0.2,16.0,1.4670512654174257,False
equal_calls,ops,E3,MO-lex,6,0.5,15.0,28.478621995008684,False
equal_calls,ops,E3,MO-lex,6,1.0,15.0,28.478621995008684,False
equal_calls,ops,E3,MO-lex,7,0.0,20.0,1.1706935881100962,False
equal_calls,ops,E3,MO-lex,7,0.01,20.0,1.1706935881100962,False
equal_calls,ops,E3,MO-lex,7,0.02,20.0,1.1706935881100962,False
equal_calls,ops,E3,MO-lex,7,0.05,20.0,1.1706935881100962,False
equal_calls,ops,E3,MO-lex,7,0.1,20.0,1.1706935881100962,False
equal_calls,ops,E3,MO-lex,7,0.2,20.0,1.1706935881100962,False
equal_calls,ops,E3,MO-lex,7,0.5,18.0,0.24278444474102315,False
equal_calls,ops,E3,MO-lex,7,1.0,18.0,0.24278444474102315,False
equal_calls,ops,E3,MO-lex,8,0.0,16.0,1.4670512654674763,False
equal_calls,ops,E3,MO-lex,8,0.01,16.0,1.4670512654674763,False
equal_calls,ops,E3,MO-lex,8,0.02,16.0,1.4670512654674763,False
equal_calls,ops,E3,MO-lex,8,0.05,16.0,1.4670512654674763,False
equal_calls,ops,E3,MO-lex,8,0.1,16.0,1.4670512654674763,False
equal_calls,ops,E3,MO-lex,8,0.2,16.0,1.4670512654674763,False
equal_calls,ops,E3,MO-lex,8,0.5,14.0,3.2368738681988116,False
equal_calls,ops,E3,MO-lex,8,1.0,14.0,3.2368738681988116,False
equal_calls,ops,E3,MO-lex,9,0.0,20.0,1.300967457472379,False
equal_calls,ops,E3,MO-lex,9,0.01,16.0,1.299601640550438,False
equal_calls,ops,E3,MO-lex,9,0.02,16.0,1.299601640550438,False
equal_calls,ops,E3,MO-lex,9,0.05,16.0,1.299601640550438,False
equal_calls,ops,E3,MO-lex,9,0.1,16.0,1.299601640550438,False
equal_calls,ops,E3,MO-lex,9,0.2,16.0,1.299601640550438,False
equal_calls,ops,E3,MO-lex,9,0.5,14.0,1.5085351819679258,False
equal_calls,ops,E3,MO-lex,9,1.0,12.0,272.3494024573,False
equal_calls,ops,E3,MO-lex,10,0.0,25.0,0.5117397039527375,False
equal_calls,ops,E3,MO-lex,10,0.01,24.0,0.5562636241465339,False
equal_calls,ops,E3,MO-lex,10,0.02,21.0,0.5000326217763083,False
equal_calls,ops,E3,MO-lex,10,0.05,21.0,0.5000326217763083,False
equal_calls,ops,E3,MO-lex,10,0.1,21.0,0.5000326217763083,False
equal_calls,ops,E3,MO-lex,10,0.2,21.0,0.5000326217763083,False
equal_calls,ops,E3,MO-lex,10,0.5,21.0,0.5000326217763083,False
equal_calls,ops,E3,MO-lex,10,1.0,20.0,0.5807082531145178,False
equal_calls,ops,E3,MO-lex,11,0.0,24.0,0.15936494644949042,False
equal_calls,ops,E3,MO-lex,11,0.01,24.0,0.15936494644949042,False
equal_calls,ops,E3,MO-lex,11,0.02,24.0,0.15936494644949042,False
equal_calls,ops,E3,MO-lex,11,0.05,20.0,1.5731477329613914,False
equal_calls,ops,E3,MO-lex,11,0.1,20.0,1.5731477329613914,False
equal_calls,ops,E3,MO-lex,11,0.2,20.0,1.5731477329613914,False
equal_calls,ops,E3,MO-lex,11,0.5,20.0,1.5731477329613914,False
equal_calls,ops,E3,MO-lex,11,1.0,20.0,1.5731477329613914,False
equal_calls,ops,E3,MO-lex,12,0.0,18.0,1.413237231933367,False
equal_calls,ops,E3,MO-lex,12,0.01,16.0,1.4309455630478096,False
equal_calls,ops,E3,MO-lex,12,0.02,16.0,1.4309455630478096,False
equal_calls,ops,E3,MO-lex,12,0.05,16.0,1.4309455630478096,False
equal_calls,ops,E3,MO-lex,12,0.1,16.0,1.4309455630478096,False
equal_calls,ops,E3,MO-lex,12,0.2,16.0,1.4309455630478096,False
equal_calls,ops,E3,MO-lex,12,0.5,16.0,1.4309455630478096,False
equal_calls,ops,E3,MO-lex,12,1.0,14.0,136.14141456847426,False
equal_calls,ops,E3,MO-lex,13,0.0,19.0,1.4978106212189835,False
equal_calls,ops,E3,MO-lex,13,0.01,19.0,1.4978106212189835,False
equal_calls,ops,E3,MO-lex,13,0.02,19.0,1.4978106212189835,False
equal_calls,ops,E3,MO-lex,13,0.05,19.0,1.4978106212189835,False
equal_calls,ops,E3,MO-lex,13,0.1,19.0,1.4978106212189835,False
equal_calls,ops,E3,MO-lex,13,0.2,18.0,1.2914595046165889,False
equal_calls,ops,E3,MO-lex,13,0.5,17.0,1.6036133781762083,False
equal_calls,ops,E3,MO-lex,13,1.0,17.0,1.6036133781762083,False
equal_calls,ops,E3,MO-lex,14,0.0,14.0,1.424536414312042,False
equal_calls,ops,E3,MO-lex,14,0.01,14.0,1.424536414312042,False
equal_calls,ops,E3,MO-lex,14,0.02,14.0,1.424536414312042,False
equal_calls,ops,E3,MO-lex,14,0.05,14.0,1.424536414312042,False
equal_calls,ops,E3,MO-lex,14,0.1,14.0,1.424536414312042,False
equal_calls,ops,E3,MO-lex,14,0.2,14.0,1.424536414312042,False
equal_calls,ops,E3,MO-lex,14,0.5,14.0,1.424536414312042,False
equal_calls,ops,E3,MO-lex,14,1.0,14.0,1.424536414312042,False
equal_calls,ops,E3,MO-lex,15,0.0,20.0,1.0777152814237663,False
equal_calls,ops,E3,MO-lex,15,0.01,20.0,1.0777152814237663,False
equal_calls,ops,E3,MO-lex,15,0.02,20.0,1.0777152814237663,False
equal_calls,ops,E3,MO-lex,15,0.05,20.0,1.0777152814237663,False
equal_calls,ops,E3,MO-lex,15,0.1,20.0,1.0777152814237663,False
equal_calls,ops,E3,MO-lex,15,0.2,20.0,1.0777152814237663,False
equal_calls,ops,E3,MO-lex,15,0.5,18.0,0.35408354494542943,False
equal_calls,ops,E3,MO-lex,15,1.0,17.0,1.6003992271570908,False
equal_calls,ops,E3,MO-lex,16,0.0,16.0,1.3737644606081234,False
equal_calls,ops,E3,MO-lex,16,0.01,16.0,1.3737644606081234,False
equal_calls,ops,E3,MO-lex,16,0.02,16.0,1.3737644606081234,False
equal_calls,ops,E3,MO-lex,16,0.05,16.0,1.3737644606081234,False
equal_calls,ops,E3,MO-lex,16,0.1,16.0,1.3737644606081234,False
equal_calls,ops,E3,MO-lex,16,0.2,16.0,1.3737644606081234,False
equal_calls,ops,E3,MO-lex,16,0.5,14.0,7.704964674494544,False
equal_calls,ops,E3,MO-lex,16,1.0,14.0,7.704964674494544,False
equal_calls,ops,E3,MO-lex,17,0.0,18.0,1.4132372314242998,False
equal_calls,ops,E3,MO-lex,17,0.01,16.0,1.4309455630836678,False
equal_calls,ops,E3,MO-lex,17,0.02,16.0,1.4309455630836678,False
equal_calls,ops,E3,MO-lex,17,0.05,16.0,1.4309455630836678,False
equal_calls,ops,E3,MO-lex,17,0.1,16.0,1.4309455630836678,False
equal_calls,ops,E3,MO-lex,17,0.2,12.0,7.364572833632151,False
equal_calls,ops,E3,MO-lex,17,0.5,12.0,7.364572833632151,False
equal_calls,ops,E3,MO-lex,17,1.0,12.0,7.364572833632151,False
equal_calls,ops,E3,MO-lex,18,0.0,16.0,1.474250042250113,False
equal_calls,ops,E3,MO-lex,18,0.01,16.0,1.474250042250113,False
equal_calls,ops,E3,MO-lex,18,0.02,16.0,1.474250042250113,False
equal_calls,ops,E3,MO-lex,18,0.05,16.0,1.474250042250113,False
equal_calls,ops,E3,MO-lex,18,0.1,16.0,1.474250042250113,False
equal_calls,ops,E3,MO-lex,18,0.2,16.0,1.474250042250113,False
equal_calls,ops,E3,MO-lex,18,0.5,14.0,1.5789925514511733,False
equal_calls,ops,E3,MO-lex,18,1.0,14.0,1.5789925514511733,False
equal_calls,ops,E3,MO-lex,19,0.0,19.0,1.506652679879836,False
equal_calls,ops,E3,MO-lex,19,0.01,16.0,1.4670512654687449,False
equal_calls,ops,E3,MO-lex,19,0.02,16.0,1.4670512654687449,False
equal_calls,ops,E3,MO-lex,19,0.05,16.0,1.4670512654687449,False
equal_calls,ops,E3,MO-lex,19,0.1,16.0,1.4670512654687449,False
equal_calls,ops,E3,MO-lex,19,0.2,16.0,1.4670512654687449,False
equal_calls,ops,E3,MO-lex,19,0.5,12.0,12.980748539452287,False
equal_calls,ops,E3,MO-lex,19,1.0,12.0,12.980748539452287,False
equal_calls,ops,E3,MO-lex,20,0.0,16.0,1.3814531183213783,False
equal_calls,ops,E3,MO-lex,20,0.01,16.0,1.3814531183213783,False
equal_calls,ops,E3,MO-lex,20,0.02,16.0,1.3814531183213783,False
equal_calls,ops,E3,MO-lex,20,0.05,16.0,1.3814531183213783,False
equal_calls,ops,E3,MO-lex,20,0.1,16.0,1.3814531183213783,False
equal_calls,ops,E3,MO-lex,20,0.2,15.0,15.949521099753676,False
equal_calls,ops,E3,MO-lex,20,0.5,12.0,12.636048921423928,False
equal_calls,ops,E3,MO-lex,20,1.0,12.0,12.636048921423928,False
equal_calls,ops,E3,MO-lex,21,0.0,20.0,1.1192204615298393,False
equal_calls,ops,E3,MO-lex,21,0.01,20.0,1.1192204615298393,False
equal_calls,ops,E3,MO-lex,21,0.02,20.0,1.1192204615298393,False
equal_calls,ops,E3,MO-lex,21,0.05,20.0,1.1192204615298393,False
equal_calls,ops,E3,MO-lex,21,0.1,20.0,1.1192204615298393,False
equal_calls,ops,E3,MO-lex,21,0.2,20.0,1.1192204615298393,False
equal_calls,ops,E3,MO-lex,21,0.5,18.0,0.4244785627122026,False
equal_calls,ops,E3,MO-lex,21,1.0,16.0,3.8944860360178217,False
equal_calls,ops,E3,MO-lex,22,0.0,14.0,1.4245364143079842,False
equal_calls,ops,E3,MO-lex,22,0.01,14.0,1.4245364143079842,False
equal_calls,ops,E3,MO-lex,22,0.02,14.0,1.4245364143079842,False
equal_calls,ops,E3,MO-lex,22,0.05,14.0,1.4245364143079842,False
equal_calls,ops,E3,MO-lex,22,0.1,14.0,1.4245364143079842,False
equal_calls,ops,E3,MO-lex,22,0.2,14.0,1.4245364143079842,False
equal_calls,ops,E3,MO-lex,22,0.5,14.0,1.4245364143079842,False
equal_calls,ops,E3,MO-lex,22,1.0,14.0,1.4245364143079842,False
equal_calls,ops,E3,MO-lex,23,0.0,21.0,0.06295452017153055,False
equal_calls,ops,E3,MO-lex,23,0.01,18.0,0.06446755592298278,False
equal_calls,ops,E3,MO-lex,23,0.02,18.0,0.06446755592298278,False
equal_calls,ops,E3,MO-lex,23,0.05,18.0,0.06446755592298278,False
equal_calls,ops,E3,MO-lex,23,0.1,18.0,0.06446755592298278,False
equal_calls,ops,E3,MO-lex,23,0.2,18.0,0.06446755592298278,False
equal_calls,ops,E3,MO-lex,23,0.5,18.0,0.06446755592298278,False
equal_calls,ops,E3,MO-lex,23,1.0,18.0,0.06446755592298278,False
equal_calls,ops,E3,MO-lex,24,0.0,19.0,1.5027628031419384,False
equal_calls,ops,E3,MO-lex,24,0.01,16.0,1.4670512654698473,False
equal_calls,ops,E3,MO-lex,24,0.02,16.0,1.4670512654698473,False
equal_calls,ops,E3,MO-lex,24,0.05,16.0,1.4670512654698473,False
equal_calls,ops,E3,MO-lex,24,0.1,16.0,1.4670512654698473,False
equal_calls,ops,E3,MO-lex,24,0.2,16.0,1.4670512654698473,False
equal_calls,ops,E3,MO-lex,24,0.5,14.0,3.236873868223929,False
equal_calls,ops,E3,MO-lex,24,1.0,14.0,3.236873868223929,False
equal_calls,ops,E3,MO-lex,25,0.0,18.0,1.3937274818561558,False
equal_calls,ops,E3,MO-lex,25,0.01,16.0,1.3398355368559265,False
equal_calls,ops,E3,MO-lex,25,0.02,16.0,1.3398355368559265,False
equal_calls,ops,E3,MO-lex,25,0.05,16.0,1.3398355368559265,False
equal_calls,ops,E3,MO-lex,25,0.1,16.0,1.3398355368559265,False
equal_calls,ops,E3,MO-lex,25,0.2,14.0,6.123957139593107,False
equal_calls,ops,E3,MO-lex,25,0.5,14.0,6.123957139593107,False
equal_calls,ops,E3,MO-lex,25,1.0,14.0,6.123957139593107,False
equal_calls,ops,E3,MO-lex,26,0.0,19.0,1.4325346169094877,False
equal_calls,ops,E3,MO-lex,26,0.01,16.0,1.4181047658819748,False
equal_calls,ops,E3,MO-lex,26,0.02,16.0,1.4181047658819748,False
equal_calls,ops,E3,MO-lex,26,0.05,16.0,1.4181047658819748,False
equal_calls,ops,E3,MO-lex,26,0.1,16.0,1.4181047658819748,False
equal_calls,ops,E3,MO-lex,26,0.2,16.0,1.4181047658819748,False
equal_calls,ops,E3,MO-lex,26,0.5,14.0,1.5474295103009832,False
equal_calls,ops,E3,MO-lex,26,1.0,14.0,1.5474295103009832,False
equal_calls,ops,E3,MO-lex,27,0.0,19.0,1.4625786496880029,False
equal_calls,ops,E3,MO-lex,27,0.01,16.0,1.4296840167920426,False
equal_calls,ops,E3,MO-lex,27,0.02,16.0,1.4296840167920426,False
equal_calls,ops,E3,MO-lex,27,0.05,16.0,1.4296840167920426,False
equal_calls,ops,E3,MO-lex,27,0.1,16.0,1.4296840167920426,False
equal_calls,ops,E3,MO-lex,27,0.2,14.0,2.514396867771477,False
equal_calls,ops,E3,MO-lex,27,0.5,14.0,2.514396867771477,False
equal_calls,ops,E3,MO-lex,27,1.0,14.0,2.514396867771477,False
equal_calls,ops,E3,MO-lex,28,0.0,14.0,1.5473864518772669,False
equal_calls,ops,E3,MO-lex,28,0.01,14.0,1.5473864518772669,False
equal_calls,ops,E3,MO-lex,28,0.02,14.0,1.5473864518772669,False
equal_calls,ops,E3,MO-lex,28,0.05,14.0,1.5473864518772669,False
equal_calls,ops,E3,MO-lex,28,0.1,14.0,1.5473864518772669,False
equal_calls,ops,E3,MO-lex,28,0.2,14.0,1.5473864518772669,False
equal_calls,ops,E3,MO-lex,28,0.5,12.0,154.27027319608396,False
equal_calls,ops,E3,MO-lex,28,1.0,12.0,154.27027319608396,False
equal_calls,ops,E3,MO-lex,29,0.0,16.0,inf,False
equal_calls,ops,E3,MO-lex,29,0.01,16.0,inf,False
equal_calls,ops,E3,MO-lex,29,0.02,16.0,inf,False
equal_calls,ops,E3,MO-lex,29,0.05,16.0,inf,False
equal_calls,ops,E3,MO-lex,29,0.1,16.0,inf,False
equal_calls,ops,E3,MO-lex,29,0.2,16.0,inf,False
equal_calls,ops,E3,MO-lex,29,0.5,14.0,1.4655813557904531,False
equal_calls,ops,E3,MO-lex,29,1.0,14.0,1.4655813557904531,False
equal_calls,ops,E3,Pareto-nodes,0,0.0,16.0,1.371472885306109,False
equal_calls,ops,E3,Pareto-nodes,0,0.01,16.0,1.371472885306109,False
equal_calls,ops,E3,Pareto-nodes,0,0.02,16.0,1.371472885306109,False
equal_calls,ops,E3,Pareto-nodes,0,0.05,16.0,1.371472885306109,False
equal_calls,ops,E3,Pareto-nodes,0,0.1,16.0,1.371472885306109,False
equal_calls,ops,E3,Pareto-nodes,0,0.2,16.0,1.371472885306109,False
equal_calls,ops,E3,Pareto-nodes,0,0.5,14.0,1.3919962050805543,False
equal_calls,ops,E3,Pareto-nodes,0,1.0,14.0,1.3919962050805543,False
equal_calls,ops,E3,Pareto-nodes,1,0.0,19.0,1.3282581695628235,False
equal_calls,ops,E3,Pareto-nodes,1,0.01,19.0,1.3282581695628235,False
equal_calls,ops,E3,Pareto-nodes,1,0.02,16.0,1.3181635508748608,False
equal_calls,ops,E3,Pareto-nodes,1,0.05,16.0,1.3181635508748608,False
equal_calls,ops,E3,Pareto-nodes,1,0.1,14.0,1.4617509145624445,False
equal_calls,ops,E3,Pareto-nodes,1,0.2,14.0,1.4617509145624445,False
equal_calls,ops,E3,Pareto-nodes,1,0.5,14.0,1.4617509145624445,False
equal_calls,ops,E3,Pareto-nodes,1,1.0,14.0,1.4617509145624445,False
equal_calls,ops,E3,Pareto-nodes,2,0.0,14.0,1.4528658292621515,False
equal_calls,ops,E3,Pareto-nodes,2,0.01,14.0,1.4528658292621515,False
equal_calls,ops,E3,Pareto-nodes,2,0.02,14.0,1.4528658292621515,False
equal_calls,ops,E3,Pareto-nodes,2,0.05,14.0,1.4528658292621515,False
equal_calls,ops,E3,Pareto-nodes,2,0.1,14.0,1.4528658292621515,False
equal_calls,ops,E3,Pareto-nodes,2,0.2,14.0,1.4528658292621515,False
equal_calls,ops,E3,Pareto-nodes,2,0.5,14.0,1.4528658292621515,False
equal_calls,ops,E3,Pareto-nodes,2,1.0,14.0,1.4528658292621515,False
equal_calls,ops,E3,Pareto-nodes,3,0.0,18.0,1.1022216075166724,False
equal_calls,ops,E3,Pareto-nodes,3,0.01,18.0,1.1022216075166724,False
equal_calls,ops,E3,Pareto-nodes,3,0.02,18.0,1.1022216075166724,False
equal_calls,ops,E3,Pareto-nodes,3,0.05,14.0,1.510805559431249,False
equal_calls,ops,E3,Pareto-nodes,3,0.1,14.0,1.510805559431249,False
equal_calls,ops,E3,Pareto-nodes,3,0.2,14.0,1.510805559431249,False
equal_calls,ops,E3,Pareto-nodes,3,0.5,14.0,1.510805559431249,False
equal_calls,ops,E3,Pareto-nodes,3,1.0,14.0,1.510805559431249,False
equal_calls,ops,E3,Pareto-nodes,4,0.0,14.0,1.4565616308330942,False
equal_calls,ops,E3,Pareto-nodes,4,0.01,14.0,1.4565616308330942,False
equal_calls,ops,E3,Pareto-nodes,4,0.02,14.0,1.4565616308330942,False
equal_calls,ops,E3,Pareto-nodes,4,0.05,14.0,1.4565616308330942,False
equal_calls,ops,E3,Pareto-nodes,4,0.1,14.0,1.4565616308330942,False
equal_calls,ops,E3,Pareto-nodes,4,0.2,14.0,1.4565616308330942,False
equal_calls,ops,E3,Pareto-nodes,4,0.5,14.0,1.4565616308330942,False
equal_calls,ops,E3,Pareto-nodes,4,1.0,14.0,1.4565616308330942,False
equal_calls,ops,E3,Pareto-nodes,5,0.0,14.0,1.5189111260114148,False
equal_calls,ops,E3,Pareto-nodes,5,0.01,14.0,1.5189111260114148,False
equal_calls,ops,E3,Pareto-nodes,5,0.02,14.0,1.5189111260114148,False
equal_calls,ops,E3,Pareto-nodes,5,0.05,14.0,1.5189111260114148,False
equal_calls,ops,E3,Pareto-nodes,5,0.1,14.0,1.5189111260114148,False
equal_calls,ops,E3,Pareto-nodes,5,0.2,14.0,1.5189111260114148,False
equal_calls,ops,E3,Pareto-nodes,5,0.5,14.0,1.5189111260114148,False
equal_calls,ops,E3,Pareto-nodes,5,1.0,14.0,1.5189111260114148,False
equal_calls,ops,E3,Pareto-nodes,6,0.0,14.0,1.4245364143107146,False
equal_calls,ops,E3,Pareto-nodes,6,0.01,14.0,1.4245364143107146,False
equal_calls,ops,E3,Pareto-nodes,6,0.02,14.0,1.4245364143107146,False
equal_calls,ops,E3,Pareto-nodes,6,0.05,14.0,1.4245364143107146,False
equal_calls,ops,E3,Pareto-nodes,6,0.1,14.0,1.4245364143107146,False
equal_calls,ops,E3,Pareto-nodes,6,0.2,14.0,1.4245364143107146,False
equal_calls,ops,E3,Pareto-nodes,6,0.5,14.0,1.4245364143107146,False
equal_calls,ops,E3,Pareto-nodes,6,1.0,14.0,1.4245364143107146,False
equal_calls,ops,E3,Pareto-nodes,7,0.0,14.0,1.424536414309211,False
equal_calls,ops,E3,Pareto-nodes,7,0.01,14.0,1.424536414309211,False
equal_calls,ops,E3,Pareto-nodes,7,0.02,14.0,1.424536414309211,False
equal_calls,ops,E3,Pareto-nodes,7,0.05,14.0,1.424536414309211,False
equal_calls,ops,E3,Pareto-nodes,7,0.1,14.0,1.424536414309211,False
equal_calls,ops,E3,Pareto-nodes,7,0.2,14.0,1.424536414309211,False
equal_calls,ops,E3,Pareto-nodes,7,0.5,14.0,1.424536414309211,False
equal_calls,ops,E3,Pareto-nodes,7,1.0,14.0,1.424536414309211,False
equal_calls,ops,E3,Pareto-nodes,8,0.0,14.0,1.4245364143112071,False
equal_calls,ops,E3,Pareto-nodes,8,0.01,14.0,1.4245364143112071,False
equal_calls,ops,E3,Pareto-nodes,8,0.02,14.0,1.4245364143112071,False
equal_calls,ops,E3,Pareto-nodes,8,0.05,14.0,1.4245364143112071,False
equal_calls,ops,E3,Pareto-nodes,8,0.1,14.0,1.4245364143112071,False
equal_calls,ops,E3,Pareto-nodes,8,0.2,14.0,1.4245364143112071,False
equal_calls,ops,E3,Pareto-nodes,8,0.5,14.0,1.4245364143112071,False
equal_calls,ops,E3,Pareto-nodes,8,1.0,14.0,1.4245364143112071,False
equal_calls,ops,E3,Pareto-nodes,9,0.0,16.0,1.1935312738040122,False
equal_calls,ops,E3,Pareto-nodes,9,0.01,16.0,1.1935312738040122,False
equal_calls,ops,E3,Pareto-nodes,9,0.02,16.0,1.1935312738040122,False
equal_calls,ops,E3,Pareto-nodes,9,0.05,16.0,1.1935312738040122,False
equal_calls,ops,E3,Pareto-nodes,9,0.1,16.0,1.1935312738040122,False
equal_calls,ops,E3,Pareto-nodes,9,0.2,14.0,1.3919962050816932,False
equal_calls,ops,E3,Pareto-nodes,9,0.5,14.0,1.3919962050816932,False
equal_calls,ops,E3,Pareto-nodes,9,1.0,14.0,1.3919962050816932,False
equal_calls,ops,E3,Pareto-nodes,10,0.0,14.0,1.4546166097087225,False
equal_calls,ops,E3,Pareto-nodes,10,0.01,14.0,1.4546166097087225,False
equal_calls,ops,E3,Pareto-nodes,10,0.02,14.0,1.4546166097087225,False
equal_calls,ops,E3,Pareto-nodes,10,0.05,14.0,1.4546166097087225,False
equal_calls,ops,E3,Pareto-nodes,10,0.1,14.0,1.4546166097087225,False
equal_calls,ops,E3,Pareto-nodes,10,0.2,14.0,1.4546166097087225,False
equal_calls,ops,E3,Pareto-nodes,10,0.5,14.0,1.4546166097087225,False
equal_calls,ops,E3,Pareto-nodes,10,1.0,14.0,1.4546166097087225,False
equal_calls,ops,E3,Pareto-nodes,11,0.0,16.0,1.0874038205225713,False
equal_calls,ops,E3,Pareto-nodes,11,0.01,16.0,1.0874038205225713,False
equal_calls,ops,E3,Pareto-nodes,11,0.02,16.0,1.0874038205225713,False
equal_calls,ops,E3,Pareto-nodes,11,0.05,16.0,1.0874038205225713,False
equal_calls,ops,E3,Pareto-nodes,11,0.1,14.0,1.4994673311256368,False
equal_calls,ops,E3,Pareto-nodes,11,0.2,14.0,1.4994673311256368,False
equal_calls,ops,E3,Pareto-nodes,11,0.5,14.0,1.4994673311256368,False
equal_calls,ops,E3,Pareto-nodes,11,1.0,14.0,1.4994673311256368,False
equal_calls,ops,E3,Pareto-nodes,12,0.0,14.0,1.4095959796661124,False
equal_calls,ops,E3,Pareto-nodes,12,0.01,14.0,1.4095959796661124,False
equal_calls,ops,E3,Pareto-nodes,12,0.02,14.0,1.4095959796661124,False
equal_calls,ops,E3,Pareto-nodes,12,0.05,14.0,1.4095959796661124,False
equal_calls,ops,E3,Pareto-nodes,12,0.1,14.0,1.4095959796661124,False
equal_calls,ops,E3,Pareto-nodes,12,0.2,14.0,1.4095959796661124,False
equal_calls,ops,E3,Pareto-nodes,12,0.5,14.0,1.4095959796661124,False
equal_calls,ops,E3,Pareto-nodes,12,1.0,14.0,1.4095959796661124,False
equal_calls,ops,E3,Pareto-nodes,13,0.0,14.0,1.473012198253683,False
equal_calls,ops,E3,Pareto-nodes,13,0.01,14.0,1.473012198253683,False
equal_calls,ops,E3,Pareto-nodes,13,0.02,14.0,1.473012198253683,False
equal_calls,ops,E3,Pareto-nodes,13,0.05,14.0,1.473012198253683,False
equal_calls,ops,E3,Pareto-nodes,13,0.1,14.0,1.473012198253683,False
equal_calls,ops,E3,Pareto-nodes,13,0.2,14.0,1.473012198253683,False
equal_calls,ops,E3,Pareto-nodes,13,0.5,14.0,1.473012198253683,False
equal_calls,ops,E3,Pareto-nodes,13,1.0,14.0,1.473012198253683,False
equal_calls,ops,E3,Pareto-nodes,14,0.0,19.0,1.150384234253165,False
equal_calls,ops,E3,Pareto-nodes,14,0.01,19.0,1.150384234253165,False
equal_calls,ops,E3,Pareto-nodes,14,0.02,19.0,1.150384234253165,False
equal_calls,ops,E3,Pareto-nodes,14,0.05,16.0,1.0126459642318393,False
equal_calls,ops,E3,Pareto-nodes,14,0.1,16.0,1.0126459642318393,False
equal_calls,ops,E3,Pareto-nodes,14,0.2,14.0,1.3919962050742944,False
equal_calls,ops,E3,Pareto-nodes,14,0.5,14.0,1.3919962050742944,False
equal_calls,ops,E3,Pareto-nodes,14,1.0,14.0,1.3919962050742944,False
equal_calls,ops,E3,Pareto-nodes,15,0.0,14.0,1.4617509145611625,False
equal_calls,ops,E3,Pareto-nodes,15,0.01,14.0,1.4617509145611625,False
equal_calls,ops,E3,Pareto-nodes,15,0.02,14.0,1.4617509145611625,False
equal_calls,ops,E3,Pareto-nodes,15,0.05,14.0,1.4617509145611625,False
equal_calls,ops,E3,Pareto-nodes,15,0.1,14.0,1.4617509145611625,False
equal_calls,ops,E3,Pareto-nodes,15,0.2,14.0,1.4617509145611625,False
equal_calls,ops,E3,Pareto-nodes,15,0.5,14.0,1.4617509145611625,False
equal_calls,ops,E3,Pareto-nodes,15,1.0,14.0,1.4617509145611625,False
equal_calls,ops,E3,Pareto-nodes,16,0.0,14.0,1.4245364143095023,False
equal_calls,ops,E3,Pareto-nodes,16,0.01,14.0,1.4245364143095023,False
equal_calls,ops,E3,Pareto-nodes,16,0.02,14.0,1.4245364143095023,False
equal_calls,ops,E3,Pareto-nodes,16,0.05,14.0,1.4245364143095023,False
equal_calls,ops,E3,Pareto-nodes,16,0.1,14.0,1.4245364143095023,False
equal_calls,ops,E3,Pareto-nodes,16,0.2,14.0,1.4245364143095023,False
equal_calls,ops,E3,Pareto-nodes,16,0.5,14.0,1.4245364143095023,False
equal_calls,ops,E3,Pareto-nodes,16,1.0,14.0,1.4245364143095023,False
equal_calls,ops,E3,Pareto-nodes,17,0.0,14.0,1.452865829263168,False
equal_calls,ops,E3,Pareto-nodes,17,0.01,14.0,1.452865829263168,False
equal_calls,ops,E3,Pareto-nodes,17,0.02,14.0,1.452865829263168,False
equal_calls,ops,E3,Pareto-nodes,17,0.05,14.0,1.452865829263168,False
equal_calls,ops,E3,Pareto-nodes,17,0.1,14.0,1.452865829263168,False
equal_calls,ops,E3,Pareto-nodes,17,0.2,14.0,1.452865829263168,False
equal_calls,ops,E3,Pareto-nodes,17,0.5,14.0,1.452865829263168,False
equal_calls,ops,E3,Pareto-nodes,17,1.0,14.0,1.452865829263168,False
equal_calls,ops,E3,Pareto-nodes,18,0.0,18.0,1.3364762832313215,False
equal_calls,ops,E3,Pareto-nodes,18,0.01,18.0,1.3364762832313215,False
equal_calls,ops,E3,Pareto-nodes,18,0.02,18.0,1.3364762832313215,False
equal_calls,ops,E3,Pareto-nodes,18,0.05,16.0,1.0425688821878254,False
equal_calls,ops,E3,Pareto-nodes,18,0.1,14.0,1.4791563122456395,False
equal_calls,ops,E3,Pareto-nodes,18,0.2,14.0,1.4791563122456395,False
equal_calls,ops,E3,Pareto-nodes,18,0.5,14.0,1.4791563122456395,False
equal_calls,ops,E3,Pareto-nodes,18,1.0,14.0,1.4791563122456395,False
equal_calls,ops,E3,Pareto-nodes,19,0.0,14.0,1.4245364143096149,False
equal_calls,ops,E3,Pareto-nodes,19,0.01,14.0,1.4245364143096149,False
equal_calls,ops,E3,Pareto-nodes,19,0.02,14.0,1.4245364143096149,False
equal_calls,ops,E3,Pareto-nodes,19,0.05,14.0,1.4245364143096149,False
equal_calls,ops,E3,Pareto-nodes,19,0.1,14.0,1.4245364143096149,False
equal_calls,ops,E3,Pareto-nodes,19,0.2,14.0,1.4245364143096149,False
equal_calls,ops,E3,Pareto-nodes,19,0.5,14.0,1.4245364143096149,False
equal_calls,ops,E3,Pareto-nodes,19,1.0,14.0,1.4245364143096149,False
equal_calls,ops,E3,Pareto-nodes,20,0.0,14.0,1.4245364143134607,False
equal_calls,ops,E3,Pareto-nodes,20,0.01,14.0,1.4245364143134607,False
equal_calls,ops,E3,Pareto-nodes,20,0.02,14.0,1.4245364143134607,False
equal_calls,ops,E3,Pareto-nodes,20,0.05,14.0,1.4245364143134607,False
equal_calls,ops,E3,Pareto-nodes,20,0.1,14.0,1.4245364143134607,False
equal_calls,ops,E3,Pareto-nodes,20,0.2,14.0,1.4245364143134607,False
equal_calls,ops,E3,Pareto-nodes,20,0.5,14.0,1.4245364143134607,False
equal_calls,ops,E3,Pareto-nodes,20,1.0,14.0,1.4245364143134607,False
equal_calls,ops,E3,Pareto-nodes,21,0.0,19.0,1.4173685629568207,False
equal_calls,ops,E3,Pareto-nodes,21,0.01,16.0,1.4154531407343445,False
equal_calls,ops,E3,Pareto-nodes,21,0.02,16.0,1.4154531407343445,False
equal_calls,ops,E3,Pareto-nodes,21,0.05,16.0,1.4154531407343445,False
equal_calls,ops,E3,Pareto-nodes,21,0.1,14.0,1.424536414309473,False
equal_calls,ops,E3,Pareto-nodes,21,0.2,14.0,1.424536414309473,False
equal_calls,ops,E3,Pareto-nodes,21,0.5,14.0,1.424536414309473,False
equal_calls,ops,E3,Pareto-nodes,21,1.0,14.0,1.424536414309473,False
equal_calls,ops,E3,Pareto-nodes,22,0.0,18.0,1.2114047907777283,False
equal_calls,ops,E3,Pareto-nodes,22,0.01,18.0,1.2114047907777283,False
equal_calls,ops,E3,Pareto-nodes,22,0.02,18.0,1.2114047907777283,False
equal_calls,ops,E3,Pareto-nodes,22,0.05,18.0,1.2114047907777283,False
equal_calls,ops,E3,Pareto-nodes,22,0.1,14.0,1.4245364143131878,False
equal_calls,ops,E3,Pareto-nodes,22,0.2,14.0,1.4245364143131878,False
equal_calls,ops,E3,Pareto-nodes,22,0.5,14.0,1.4245364143131878,False
equal_calls,ops,E3,Pareto-nodes,22,1.0,14.0,1.4245364143131878,False
equal_calls,ops,E3,Pareto-nodes,23,0.0,14.0,1.4730121982537272,False
equal_calls,ops,E3,Pareto-nodes,23,0.01,14.0,1.4730121982537272,False
equal_calls,ops,E3,Pareto-nodes,23,0.02,14.0,1.4730121982537272,False
equal_calls,ops,E3,Pareto-nodes,23,0.05,14.0,1.4730121982537272,False
equal_calls,ops,E3,Pareto-nodes,23,0.1,14.0,1.4730121982537272,False
equal_calls,ops,E3,Pareto-nodes,23,0.2,14.0,1.4730121982537272,False
equal_calls,ops,E3,Pareto-nodes,23,0.5,14.0,1.4730121982537272,False
equal_calls,ops,E3,Pareto-nodes,23,1.0,14.0,1.4730121982537272,False
equal_calls,ops,E3,Pareto-nodes,24,0.0,19.0,1.286444456818243,True
equal_calls,ops,E3,Pareto-nodes,24,0.01,16.0,1.1016319823768743,False
equal_calls,ops,E3,Pareto-nodes,24,0.02,16.0,1.1016319823768743,False
equal_calls,ops,E3,Pareto-nodes,24,0.05,16.0,1.1016319823768743,False
equal_calls,ops,E3,Pareto-nodes,24,0.1,16.0,1.1016319823768743,False
equal_calls,ops,E3,Pareto-nodes,24,0.2,14.0,1.446142011541699,False
equal_calls,ops,E3,Pareto-nodes,24,0.5,14.0,1.446142011541699,False
equal_calls,ops,E3,Pareto-nodes,24,1.0,14.0,1.446142011541699,False
equal_calls,ops,E3,Pareto-nodes,25,0.0,14.0,1.4245364143127044,False
equal_calls,ops,E3,Pareto-nodes,25,0.01,14.0,1.4245364143127044,False
equal_calls,ops,E3,Pareto-nodes,25,0.02,14.0,1.4245364143127044,False
equal_calls,ops,E3,Pareto-nodes,25,0.05,14.0,1.4245364143127044,False
equal_calls,ops,E3,Pareto-nodes,25,0.1,14.0,1.4245364143127044,False
equal_calls,ops,E3,Pareto-nodes,25,0.2,14.0,1.4245364143127044,False
equal_calls,ops,E3,Pareto-nodes,25,0.5,14.0,1.4245364143127044,False
equal_calls,ops,E3,Pareto-nodes,25,1.0,14.0,1.4245364143127044,False
equal_calls,ops,E3,Pareto-nodes,26,0.0,18.0,7.202952200218821,False
equal_calls,ops,E3,Pareto-nodes,26,0.01,18.0,7.202952200218821,False
equal_calls,ops,E3,Pareto-nodes,26,0.02,18.0,7.202952200218821,False
equal_calls,ops,E3,Pareto-nodes,26,0.05,18.0,7.202952200218821,False
equal_calls,ops,E3,Pareto-nodes,26,0.1,18.0,7.202952200218821,False
equal_calls,ops,E3,Pareto-nodes,26,0.2,14.0,1.4342685195836067,False
equal_calls,ops,E3,Pareto-nodes,26,0.5,14.0,1.4342685195836067,False
equal_calls,ops,E3,Pareto-nodes,26,1.0,14.0,1.4342685195836067,False
equal_calls,ops,E3,Pareto-nodes,27,0.0,16.0,1.4768492302347278,False
equal_calls,ops,E3,Pareto-nodes,27,0.01,16.0,1.4768492302347278,False
equal_calls,ops,E3,Pareto-nodes,27,0.02,16.0,1.4768492302347278,False
equal_calls,ops,E3,Pareto-nodes,27,0.05,16.0,1.4768492302347278,False
equal_calls,ops,E3,Pareto-nodes,27,0.1,16.0,1.4768492302347278,False
equal_calls,ops,E3,Pareto-nodes,27,0.2,14.0,1.4827696026688375,False
equal_calls,ops,E3,Pareto-nodes,27,0.5,14.0,1.4827696026688375,False
equal_calls,ops,E3,Pareto-nodes,27,1.0,14.0,1.4827696026688375,False
equal_calls,ops,E3,Pareto-nodes,28,0.0,14.0,1.5081828402449202,False
equal_calls,ops,E3,Pareto-nodes,28,0.01,14.0,1.5081828402449202,False
equal_calls,ops,E3,Pareto-nodes,28,0.02,14.0,1.5081828402449202,False
equal_calls,ops,E3,Pareto-nodes,28,0.05,14.0,1.5081828402449202,False
equal_calls,ops,E3,Pareto-nodes,28,0.1,14.0,1.5081828402449202,False
equal_calls,ops,E3,Pareto-nodes,28,0.2,14.0,1.5081828402449202,False
equal_calls,ops,E3,Pareto-nodes,28,0.5,14.0,1.5081828402449202,False
equal_calls,ops,E3,Pareto-nodes,28,1.0,14.0,1.5081828402449202,False
equal_calls,ops,E3,Pareto-nodes,29,0.0,14.0,1.5718469478574009,False
equal_calls,ops,E3,Pareto-nodes,29,0.01,14.0,1.5718469478574009,False
equal_calls,ops,E3,Pareto-nodes,29,0.02,14.0,1.5718469478574009,False
equal_calls,ops,E3,Pareto-nodes,29,0.05,14.0,1.5718469478574009,False
equal_calls,ops,E3,Pareto-nodes,29,0.1,14.0,1.5718469478574009,False
equal_calls,ops,E3,Pareto-nodes,29,0.2,14.0,1.5718469478574009,False
equal_calls,ops,E3,Pareto-nodes,29,0.5,14.0,1.5718469478574009,False
equal_calls,ops,E3,Pareto-nodes,29,1.0,14.0,1.5718469478574009,False
equal_calls,ops,E3,Pareto-terms,0,0.0,16.0,1.0461309919447197,False
equal_calls,ops,E3,Pareto-terms,0,0.01,16.0,1.0461309919447197,False
equal_calls,ops,E3,Pareto-terms,0,0.02,16.0,1.0461309919447197,False
equal_calls,ops,E3,Pareto-terms,0,0.05,16.0,1.0461309919447197,False
equal_calls,ops,E3,Pareto-terms,0,0.1,16.0,1.0461309919447197,False
equal_calls,ops,E3,Pareto-terms,0,0.2,16.0,1.0461309919447197,False
equal_calls,ops,E3,Pareto-terms,0,0.5,12.0,1.106899467260149,False
equal_calls,ops,E3,Pareto-terms,0,1.0,12.0,1.106899467260149,False
equal_calls,ops,E3,Pareto-terms,1,0.0,19.0,inf,False
equal_calls,ops,E3,Pareto-terms,1,0.01,19.0,inf,False
equal_calls,ops,E3,Pareto-terms,1,0.02,19.0,inf,False
equal_calls,ops,E3,Pareto-terms,1,0.05,19.0,inf,False
equal_calls,ops,E3,Pareto-terms,1,0.1,16.0,1.197690971509784,False
equal_calls,ops,E3,Pareto-terms,1,0.2,16.0,1.197690971509784,False
equal_calls,ops,E3,Pareto-terms,1,0.5,12.0,12.63604892141433,False
equal_calls,ops,E3,Pareto-terms,1,1.0,12.0,12.63604892141433,False
equal_calls,ops,E3,Pareto-terms,2,0.0,16.0,1.7268150852082804,False
equal_calls,ops,E3,Pareto-terms,2,0.01,16.0,1.7268150852082804,False
equal_calls,ops,E3,Pareto-terms,2,0.02,16.0,1.7268150852082804,False
equal_calls,ops,E3,Pareto-terms,2,0.05,16.0,1.7268150852082804,False
equal_calls,ops,E3,Pareto-terms,2,0.1,16.0,1.7268150852082804,False
equal_calls,ops,E3,Pareto-terms,2,0.2,16.0,1.7268150852082804,False
equal_calls,ops,E3,Pareto-terms,2,0.5,12.0,11.426453683176497,False
equal_calls,ops,E3,Pareto-terms,2,1.0,12.0,11.426453683176497,False
equal_calls,ops,E3,Pareto-terms,3,0.0,18.0,1.3505296782262681,False
equal_calls,ops,E3,Pareto-terms,3,0.01,16.0,1.3276689598982652,False
equal_calls,ops,E3,Pareto-terms,3,0.02,16.0,1.3276689598982652,False
equal_calls,ops,E3,Pareto-terms,3,0.05,16.0,1.3276689598982652,False
equal_calls,ops,E3,Pareto-terms,3,0.1,16.0,1.3276689598982652,False
equal_calls,ops,E3,Pareto-terms,3,0.2,16.0,1.3276689598982652,False
equal_calls,ops,E3,Pareto-terms,3,0.5,12.0,0.8801682309199738,False
equal_calls,ops,E3,Pareto-terms,3,1.0,12.0,0.8801682309199738,False
equal_calls,ops,E3,Pareto-terms,4,0.0,18.0,1.3556520097687703,False
equal_calls,ops,E3,Pareto-terms,4,0.01,16.0,1.2550548780094937,False
equal_calls,ops,E3,Pareto-terms,4,0.02,16.0,1.2550548780094937,False
equal_calls,ops,E3,Pareto-terms,4,0.05,16.0,1.2550548780094937,False
equal_calls,ops,E3,Pareto-terms,4,0.1,16.0,1.2550548780094937,False
equal_calls,ops,E3,Pareto-terms,4,0.2,16.0,1.2550548780094937,False
equal_calls,ops,E3,Pareto-terms,4,0.5,14.0,5.303935535690787,False
equal_calls,ops,E3,Pareto-terms,4,1.0,12.0,1.0206085268973304,False
equal_calls,ops,E3,Pareto-terms,5,0.0,18.0,inf,False
equal_calls,ops,E3,Pareto-terms,5,0.01,18.0,inf,False
equal_calls,ops,E3,Pareto-terms,5,0.02,18.0,inf,False
equal_calls,ops,E3,Pareto-terms,5,0.05,16.0,1.0335699113821262,False
equal_calls,ops,E3,Pareto-terms,5,0.1,16.0,1.0335699113821262,False
equal_calls,ops,E3,Pareto-terms,5,0.2,16.0,1.0335699113821262,False
equal_calls,ops,E3,Pareto-terms,5,0.5,12.0,0.7719645771087643,False
equal_calls,ops,E3,Pareto-terms,5,1.0,12.0,0.7719645771087643,False
equal_calls,ops,E3,Pareto-terms,6,0.0,19.0,1.224447693258512,False
equal_calls,ops,E3,Pareto-terms,6,0.01,16.0,1.1876592779551423,False
equal_calls,ops,E3,Pareto-terms,6,0.02,16.0,1.1876592779551423,False
equal_calls,ops,E3,Pareto-terms,6,0.05,16.0,1.1876592779551423,False
equal_calls,ops,E3,Pareto-terms,6,0.1,16.0,1.1876592779551423,False
equal_calls,ops,E3,Pareto-terms,6,0.2,16.0,1.1876592779551423,False
equal_calls,ops,E3,Pareto-terms,6,0.5,14.0,12.058049067410376,False
equal_calls,ops,E3,Pareto-terms,6,1.0,12.0,18.440232489041325,False
equal_calls,ops,E3,Pareto-terms,7,0.0,20.0,0.8631469943739745,False
equal_calls,ops,E3,Pareto-terms,7,0.01,20.0,0.8631469943739745,False
equal_calls,ops,E3,Pareto-terms,7,0.02,16.0,1.2050556005083048,False
equal_calls,ops,E3,Pareto-terms,7,0.05,16.0,1.2050556005083048,False
equal_calls,ops,E3,Pareto-terms,7,0.1,16.0,1.2050556005083048,False
equal_calls,ops,E3,Pareto-terms,7,0.2,16.0,1.2050556005083048,False
equal_calls,ops,E3,Pareto-terms,7,0.5,16.0,1.2050556005083048,False
equal_calls,ops,E3,Pareto-terms,7,1.0,12.0,2.261080429126855,False
equal_calls,ops,E3,Pareto-terms,8,0.0,16.0,1.3025156350103855,False
equal_calls,ops,E3,Pareto-terms,8,0.01,16.0,1.3025156350103855,False
equal_calls,ops,E3,Pareto-terms,8,0.02,16.0,1.3025156350103855,False
equal_calls,ops,E3,Pareto-terms,8,0.05,16.0,1.3025156350103855,False
equal_calls,ops,E3,Pareto-terms,8,0.1,16.0,1.3025156350103855,False
equal_calls,ops,E3,Pareto-terms,8,0.2,16.0,1.3025156350103855,False
equal_calls,ops,E3,Pareto-terms,8,0.5,14.0,2.797959827763853,False
equal_calls,ops,E3,Pareto-terms,8,1.0,12.0,2.8174287043980213,False
equal_calls,ops,E3,Pareto-terms,9,0.0,24.0,0.032299032126128356,False
equal_calls,ops,E3,Pareto-terms,9,0.01,24.0,0.032299032126128356,False
equal_calls,ops,E3,Pareto-terms,9,0.02,24.0,0.032299032126128356,False
equal_calls,ops,E3,Pareto-terms,9,0.05,24.0,0.032299032126128356,False
equal_calls,ops,E3,Pareto-terms,9,0.1,20.0,0.14377932806301183,False
equal_calls,ops,E3,Pareto-terms,9,0.2,18.0,inf,False
equal_calls,ops,E3,Pareto-terms,9,0.5,14.0,0.28234794258780893,False
equal_calls,ops,E3,Pareto-terms,9,1.0,14.0,0.28234794258780893,False
equal_calls,ops,E3,Pareto-terms,10,0.0,18.0,1.0814860030967781,False
equal_calls,ops,E3,Pareto-terms,10,0.01,16.0,1.0747005238624125,False
equal_calls,ops,E3,Pareto-terms,10,0.02,16.0,1.0747005238624125,False
equal_calls,ops,E3,Pareto-terms,10,0.05,16.0,1.0747005238624125,False
equal_calls,ops,E3,Pareto-terms,10,0.1,16.0,1.0747005238624125,False
equal_calls,ops,E3,Pareto-terms,10,0.2,12.0,6.083487610131344,False
equal_calls,ops,E3,Pareto-terms,10,0.5,12.0,6.083487610131344,False
equal_calls,ops,E3,Pareto-terms,10,1.0,12.0,6.083487610131344,False
equal_calls,ops,E3,Pareto-terms,11,0.0,16.0,1.545504912854941,False
equal_calls,ops,E3,Pareto-terms,11,0.01,16.0,1.545504912854941,False
equal_calls,ops,E3,Pareto-terms,11,0.02,16.0,1.545504912854941,False
equal_calls,ops,E3,Pareto-terms,11,0.05,16.0,1.545504912854941,False
equal_calls,ops,E3,Pareto-terms,11,0.1,16.0,1.545504912854941,False
equal_calls,ops,E3,Pareto-terms,11,0.2,16.0,1.545504912854941,False
equal_calls,ops,E3,Pareto-terms,11,0.5,14.0,2.3066189219923654,False
equal_calls,ops,E3,Pareto-terms,11,1.0,12.0,44.6368892327444,False
equal_calls,ops,E3,Pareto-terms,12,0.0,16.0,1.2351420869547782,False
equal_calls,ops,E3,Pareto-terms,12,0.01,16.0,1.2351420869547782,False
equal_calls,ops,E3,Pareto-terms,12,0.02,16.0,1.2351420869547782,False
equal_calls,ops,E3,Pareto-terms,12,0.05,16.0,1.2351420869547782,False
equal_calls,ops,E3,Pareto-terms,12,0.1,16.0,1.2351420869547782,False
equal_calls,ops,E3,Pareto-terms,12,0.2,16.0,1.2351420869547782,False
equal_calls,ops,E3,Pareto-terms,12,0.5,14.0,2.9736878288349757,False
equal_calls,ops,E3,Pareto-terms,12,1.0,12.0,inf,False
equal_calls,ops,E3,Pareto-terms,13,0.0,16.0,1.4742500422892846,False
equal_calls,ops,E3,Pareto-terms,13,0.01,16.0,1.4742500422892846,False
equal_calls,ops,E3,Pareto-terms,13,0.02,16.0,1.4742500422892846,False
equal_calls,ops,E3,Pareto-terms,13,0.05,16.0,1.4742500422892846,False
equal_calls,ops,E3,Pareto-terms,13,0.1,16.0,1.4742500422892846,False
equal_calls,ops,E3,Pareto-terms,13,0.2,16.0,1.4742500422892846,False
equal_calls,ops,E3,Pareto-terms,13,0.5,14.0,1.7035186783375385,False
equal_calls,ops,E3,Pareto-terms,13,1.0,12.0,3.566843975823091,False
equal_calls,ops,E3,Pareto-terms,14,0.0,19.0,1.2117161945720074,False
equal_calls,ops,E3,Pareto-terms,14,0.01,16.0,1.2069838106068937,False
equal_calls,ops,E3,Pareto-terms,14,0.02,16.0,1.2069838106068937,False
equal_calls,ops,E3,Pareto-terms,14,0.05,16.0,1.2069838106068937,False
equal_calls,ops,E3,Pareto-terms,14,0.1,16.0,1.2069838106068937,False
equal_calls,ops,E3,Pareto-terms,14,0.2,16.0,1.2069838106068937,False
equal_calls,ops,E3,Pareto-terms,14,0.5,14.0,30.15464203228255,False
equal_calls,ops,E3,Pareto-terms,14,1.0,12.0,1.2425628547499508,False
equal_calls,ops,E3,Pareto-terms,15,0.0,16.0,inf,False
equal_calls,ops,E3,Pareto-terms,15,0.01,16.0,inf,False
equal_calls,ops,E3,Pareto-terms,15,0.02,16.0,inf,False
equal_calls,ops,E3,Pareto-terms,15,0.05,16.0,inf,False
equal_calls,ops,E3,Pareto-terms,15,0.1,16.0,inf,False
equal_calls,ops,E3,Pareto-terms,15,0.2,16.0,inf,False
equal_calls,ops,E3,Pareto-terms,15,0.5,12.0,9.357567611539858,False
equal_calls,ops,E3,Pareto-terms,15,1.0,12.0,9.357567611539858,False
equal_calls,ops,E3,Pareto-terms,16,0.0,16.0,1.1726055387838763,False
equal_calls,ops,E3,Pareto-terms,16,0.01,16.0,1.1726055387838763,False
equal_calls,ops,E3,Pareto-terms,16,0.02,16.0,1.1726055387838763,False
equal_calls,ops,E3,Pareto-terms,16,0.05,16.0,1.1726055387838763,False
equal_calls,ops,E3,Pareto-terms,16,0.1,16.0,1.1726055387838763,False
equal_calls,ops,E3,Pareto-terms,16,0.2,16.0,1.1726055387838763,False
equal_calls,ops,E3,Pareto-terms,16,0.5,14.0,13.872679703635178,False
equal_calls,ops,E3,Pareto-terms,16,1.0,12.0,2.3065494188412754,False
equal_calls,ops,E3,Pareto-terms,17,0.0,16.0,1.1473612035619547,False
equal_calls,ops,E3,Pareto-terms,17,0.01,16.0,1.1473612035619547,False
equal_calls,ops,E3,Pareto-terms,17,0.02,16.0,1.1473612035619547,False
equal_calls,ops,E3,Pareto-terms,17,0.05,16.0,1.1473612035619547,False
equal_calls,ops,E3,Pareto-terms,17,0.1,16.0,1.1473612035619547,False
equal_calls,ops,E3,Pareto-terms,17,0.2,16.0,1.1473612035619547,False
equal_calls,ops,E3,Pareto-terms,17,0.5,12.0,37.12459833775827,False
equal_calls,ops,E3,Pareto-terms,17,1.0,12.0,37.12459833775827,False
equal_calls,ops,E3,Pareto-terms,18,0.0,16.0,inf,False
equal_calls,ops,E3,Pareto-terms,18,0.01,16.0,inf,False
equal_calls,ops,E3,Pareto-terms,18,0.02,16.0,inf,False
equal_calls,ops,E3,Pareto-terms,18,0.05,16.0,inf,False
equal_calls,ops,E3,Pareto-terms,18,0.1,16.0,inf,False
equal_calls,ops,E3,Pareto-terms,18,0.2,12.0,7.3645728335899445,False
equal_calls,ops,E3,Pareto-terms,18,0.5,12.0,7.3645728335899445,False
equal_calls,ops,E3,Pareto-terms,18,1.0,12.0,7.3645728335899445,False
equal_calls,ops,E3,Pareto-terms,19,0.0,19.0,1.3890848272831633,False
equal_calls,ops,E3,Pareto-terms,19,0.01,19.0,1.3890848272831633,False
equal_calls,ops,E3,Pareto-terms,19,0.02,19.0,1.3890848272831633,False
equal_calls,ops,E3,Pareto-terms,19,0.05,16.0,1.1840154997834973,False
equal_calls,ops,E3,Pareto-terms,19,0.1,16.0,1.1840154997834973,False
equal_calls,ops,E3,Pareto-terms,19,0.2,16.0,1.1840154997834973,False
equal_calls,ops,E3,Pareto-terms,19,0.5,12.0,3.2849094834406762,False
equal_calls,ops,E3,Pareto-terms,19,1.0,12.0,3.2849094834406762,False
equal_calls,ops,E3,Pareto-terms,20,0.0,19.0,0.8275129258343256,False
equal_calls,ops,E3,Pareto-terms,20,0.01,16.0,0.906026658737162,False
equal_calls,ops,E3,Pareto-terms,20,0.02,16.0,0.906026658737162,False
equal_calls,ops,E3,Pareto-terms,20,0.05,16.0,0.906026658737162,False
equal_calls,ops,E3,Pareto-terms,20,0.1,16.0,0.906026658737162,False
equal_calls,ops,E3,Pareto-terms,20,0.2,16.0,0.906026658737162,False
equal_calls,ops,E3,Pareto-terms,20,0.5,12.0,2.042009996813194,False
equal_calls,ops,E3,Pareto-terms,20,1.0,12.0,2.042009996813194,False
equal_calls,ops,E3,Pareto-terms,21,0.0,19.0,3.356379838949135,False
equal_calls,ops,E3,Pareto-terms,21,0.01,19.0,3.356379838949135,False
equal_calls,ops,E3,Pareto-terms,21,0.02,16.0,1.170080388411654,False
equal_calls,ops,E3,Pareto-terms,21,0.05,16.0,1.170080388411654,False
equal_calls,ops,E3,Pareto-terms,21,0.1,16.0,1.170080388411654,False
equal_calls,ops,E3,Pareto-terms,21,0.2,16.0,1.170080388411654,False
equal_calls,ops,E3,Pareto-terms,21,0.5,14.0,2.290142037165022,False
equal_calls,ops,E3,Pareto-terms,21,1.0,12.0,0.8679407868376384,False
equal_calls,ops,E3,Pareto-terms,22,0.0,24.0,inf,False
equal_calls,ops,E3,Pareto-terms,22,0.01,24.0,inf,False
equal_calls,ops,E3,Pareto-terms,22,0.02,24.0,inf,False
equal_calls,ops,E3,Pareto-terms,22,0.05,24.0,inf,False
equal_calls,ops,E3,Pareto-terms,22,0.1,18.0,0.0524340490206433,False
equal_calls,ops,E3,Pareto-terms,22,0.2,18.0,0.0524340490206433,False
equal_calls,ops,E3,Pareto-terms,22,0.5,16.0,0.05940937894913211,False
equal_calls,ops,E3,Pareto-terms,22,1.0,16.0,0.05940937894913211,False
equal_calls,ops,E3,Pareto-terms,23,0.0,22.0,0.21924931340053197,False
equal_calls,ops,E3,Pareto-terms,23,0.01,22.0,0.21924931340053197,False
equal_calls,ops,E3,Pareto-terms,23,0.02,22.0,0.21924931340053197,False
equal_calls,ops,E3,Pareto-terms,23,0.05,18.0,0.270033112892764,False
equal_calls,ops,E3,Pareto-terms,23,0.1,18.0,0.270033112892764,False
equal_calls,ops,E3,Pareto-terms,23,0.2,18.0,0.270033112892764,False
equal_calls,ops,E3,Pareto-terms,23,0.5,18.0,0.270033112892764,False
equal_calls,ops,E3,Pareto-terms,23,1.0,18.0,0.270033112892764,False
equal_calls,ops,E3,Pareto-terms,24,0.0,16.0,1.4296840167755989,False
equal_calls,ops,E3,Pareto-terms,24,0.01,16.0,1.4296840167755989,False
equal_calls,ops,E3,Pareto-terms,24,0.02,16.0,1.4296840167755989,False
equal_calls,ops,E3,Pareto-terms,24,0.05,16.0,1.4296840167755989,False
equal_calls,ops,E3,Pareto-terms,24,0.1,16.0,1.4296840167755989,False
equal_calls,ops,E3,Pareto-terms,24,0.2,16.0,1.4296840167755989,False
equal_calls,ops,E3,Pareto-terms,24,0.5,14.0,13.872679706732166,False
equal_calls,ops,E3,Pareto-terms,24,1.0,12.0,3.5668439757432444,False
equal_calls,ops,E3,Pareto-terms,25,0.0,16.0,inf,False
equal_calls,ops,E3,Pareto-terms,25,0.01,16.0,inf,False
equal_calls,ops,E3,Pareto-terms,25,0.02,16.0,inf,False
equal_calls,ops,E3,Pareto-terms,25,0.05,16.0,inf,False
equal_calls,ops,E3,Pareto-terms,25,0.1,16.0,inf,False
equal_calls,ops,E3,Pareto-terms,25,0.2,16.0,inf,False
equal_calls,ops,E3,Pareto-terms,25,0.5,14.0,13.87267970531066,False
equal_calls,ops,E3,Pareto-terms,25,1.0,12.0,3.7931569552302093,False
equal_calls,ops,E3,Pareto-terms,26,0.0,16.0,inf,False
equal_calls,ops,E3,Pareto-terms,26,0.01,16.0,inf,False
equal_calls,ops,E3,Pareto-terms,26,0.02,16.0,inf,False
equal_calls,ops,E3,Pareto-terms,26,0.05,16.0,inf,False
equal_calls,ops,E3,Pareto-terms,26,0.1,16.0,inf,False
equal_calls,ops,E3,Pareto-terms,26,0.2,16.0,inf,False
equal_calls,ops,E3,Pareto-terms,26,0.5,16.0,inf,False
equal_calls,ops,E3,Pareto-terms,26,1.0,12.0,1.0206085269056946,False
equal_calls,ops,E3,Pareto-terms,27,0.0,16.0,1.2877018126126032,False
equal_calls,ops,E3,Pareto-terms,27,0.01,16.0,1.2877018126126032,False
equal_calls,ops,E3,Pareto-terms,27,0.02,16.0,1.2877018126126032,False
equal_calls,ops,E3,Pareto-terms,27,0.05,16.0,1.2877018126126032,False
equal_calls,ops,E3,Pareto-terms,27,0.1,16.0,1.2877018126126032,False
equal_calls,ops,E3,Pareto-terms,27,0.2,16.0,1.2877018126126032,False
equal_calls,ops,E3,Pareto-terms,27,0.5,12.0,22.691011322736163,False
equal_calls,ops,E3,Pareto-terms,27,1.0,12.0,22.691011322736163,False
equal_calls,ops,E3,Pareto-terms,28,0.0,16.0,1.1900456995045323,False
equal_calls,ops,E3,Pareto-terms,28,0.01,16.0,1.1900456995045323,False
equal_calls,ops,E3,Pareto-terms,28,0.02,16.0,1.1900456995045323,False
equal_calls,ops,E3,Pareto-terms,28,0.05,16.0,1.1900456995045323,False
equal_calls,ops,E3,Pareto-terms,28,0.1,16.0,1.1900456995045323,False
equal_calls,ops,E3,Pareto-terms,28,0.2,16.0,1.1900456995045323,False
equal_calls,ops,E3,Pareto-terms,28,0.5,14.0,3.0718756734693065,False
equal_calls,ops,E3,Pareto-terms,28,1.0,12.0,0.5096370975564264,False
equal_calls,ops,E3,Pareto-terms,29,0.0,22.0,0.3774349345421184,False
equal_calls,ops,E3,Pareto-terms,29,0.01,18.0,0.44103144105950387,False
equal_calls,ops,E3,Pareto-terms,29,0.02,16.0,0.33362148481031667,False
equal_calls,ops,E3,Pareto-terms,29,0.05,14.0,0.5151382644042416,False
equal_calls,ops,E3,Pareto-terms,29,0.1,14.0,0.5151382644042416,False
equal_calls,ops,E3,Pareto-terms,29,0.2,14.0,0.5151382644042416,False
equal_calls,ops,E3,Pareto-terms,29,0.5,14.0,0.5151382644042416,False
equal_calls,ops,E3,Pareto-terms,29,1.0,14.0,0.5151382644042416,False
equal_calls,ops,E3,SO,0,0.0,19.0,1.4201369254348997,False
equal_calls,ops,E3,SO,0,0.01,19.0,1.4201369254348997,False
equal_calls,ops,E3,SO,0,0.02,19.0,1.4201369254348997,False
equal_calls,ops,E3,SO,0,0.05,19.0,1.4201369254348997,False
equal_calls,ops,E3,SO,0,0.1,19.0,1.4201369254348997,False
equal_calls,ops,E3,SO,0,0.2,19.0,1.4201369254348997,False
equal_calls,ops,E3,SO,0,0.5,19.0,1.4201369254348997,False
equal_calls,ops,E3,SO,0,1.0,19.0,1.4201369254348997,False
equal_calls,ops,E3,SO,1,0.0,16.0,1.3685669607668864,False
equal_calls,ops,E3,SO,1,0.01,16.0,1.3685669607668864,False
equal_calls,ops,E3,SO,1,0.02,16.0,1.3685669607668864,False
equal_calls,ops,E3,SO,1,0.05,16.0,1.3685669607668864,False
equal_calls,ops,E3,SO,1,0.1,16.0,1.3685669607668864,False
equal_calls,ops,E3,SO,1,0.2,16.0,1.3685669607668864,False
equal_calls,ops,E3,SO,1,0.5,16.0,1.3685669607668864,False
equal_calls,ops,E3,SO,1,1.0,16.0,1.3685669607668864,False
equal_calls,ops,E3,SO,2,0.0,19.0,1.2522088427975897,False
equal_calls,ops,E3,SO,2,0.01,19.0,1.2522088427975897,False
equal_calls,ops,E3,SO,2,0.02,19.0,1.2522088427975897,False
equal_calls,ops,E3,SO,2,0.05,19.0,1.2522088427975897,False
equal_calls,ops,E3,SO,2,0.1,19.0,1.2522088427975897,False
equal_calls,ops,E3,SO,2,0.2,19.0,1.2522088427975897,False
equal_calls,ops,E3,SO,2,0.5,19.0,1.2522088427975897,False
equal_calls,ops,E3,SO,2,1.0,19.0,1.2522088427975897,False
equal_calls,ops,E3,SO,3,0.0,18.0,1.3937274818636392,False
equal_calls,ops,E3,SO,3,0.01,18.0,1.3937274818636392,False
equal_calls,ops,E3,SO,3,0.02,18.0,1.3937274818636392,False
equal_calls,ops,E3,SO,3,0.05,18.0,1.3937274818636392,False
equal_calls,ops,E3,SO,3,0.1,18.0,1.3937274818636392,False
equal_calls,ops,E3,SO,3,0.2,18.0,1.3937274818636392,False
equal_calls,ops,E3,SO,3,0.5,18.0,1.3937274818636392,False
equal_calls,ops,E3,SO,3,1.0,18.0,1.3937274818636392,False
equal_calls,ops,E3,SO,4,0.0,18.0,1.3847582396988163,False
equal_calls,ops,E3,SO,4,0.01,18.0,1.3847582396988163,False
equal_calls,ops,E3,SO,4,0.02,18.0,1.3847582396988163,False
equal_calls,ops,E3,SO,4,0.05,18.0,1.3847582396988163,False
equal_calls,ops,E3,SO,4,0.1,18.0,1.3847582396988163,False
equal_calls,ops,E3,SO,4,0.2,18.0,1.3847582396988163,False
equal_calls,ops,E3,SO,4,0.5,18.0,1.3847582396988163,False
equal_calls,ops,E3,SO,4,1.0,18.0,1.3847582396988163,False
equal_calls,ops,E3,SO,5,0.0,18.0,1.318735813192184,False
equal_calls,ops,E3,SO,5,0.01,18.0,1.318735813192184,False
equal_calls,ops,E3,SO,5,0.02,18.0,1.318735813192184,False
equal_calls,ops,E3,SO,5,0.05,18.0,1.318735813192184,False
equal_calls,ops,E3,SO,5,0.1,18.0,1.318735813192184,False
equal_calls,ops,E3,SO,5,0.2,18.0,1.318735813192184,False
equal_calls,ops,E3,SO,5,0.5,18.0,1.318735813192184,False
equal_calls,ops,E3,SO,5,1.0,18.0,1.318735813192184,False
equal_calls,ops,E3,SO,6,0.0,19.0,1.503138715081509,False
equal_calls,ops,E3,SO,6,0.01,19.0,1.503138715081509,False
equal_calls,ops,E3,SO,6,0.02,19.0,1.503138715081509,False
equal_calls,ops,E3,SO,6,0.05,19.0,1.503138715081509,False
equal_calls,ops,E3,SO,6,0.1,19.0,1.503138715081509,False
equal_calls,ops,E3,SO,6,0.2,19.0,1.503138715081509,False
equal_calls,ops,E3,SO,6,0.5,19.0,1.503138715081509,False
equal_calls,ops,E3,SO,6,1.0,19.0,1.503138715081509,False
equal_calls,ops,E3,SO,7,0.0,20.0,1.1706935881100962,False
equal_calls,ops,E3,SO,7,0.01,20.0,1.1706935881100962,False
equal_calls,ops,E3,SO,7,0.02,20.0,1.1706935881100962,False
equal_calls,ops,E3,SO,7,0.05,20.0,1.1706935881100962,False
equal_calls,ops,E3,SO,7,0.1,20.0,1.1706935881100962,False
equal_calls,ops,E3,SO,7,0.2,20.0,1.1706935881100962,False
equal_calls,ops,E3,SO,7,0.5,20.0,1.1706935881100962,False
equal_calls,ops,E3,SO,7,1.0,20.0,1.1706935881100962,False
equal_calls,ops,E3,SO,8,0.0,16.0,1.4670512654674763,False
equal_calls,ops,E3,SO,8,0.01,16.0,1.4670512654674763,False
equal_calls,ops,E3,SO,8,0.02,16.0,1.4670512654674763,False
equal_calls,ops,E3,SO,8,0.05,16.0,1.4670512654674763,False
equal_calls,ops,E3,SO,8,0.1,16.0,1.4670512654674763,False
equal_calls,ops,E3,SO,8,0.2,16.0,1.4670512654674763,False
equal_calls,ops,E3,SO,8,0.5,16.0,1.4670512654674763,False
equal_calls,ops,E3,SO,8,1.0,16.0,1.4670512654674763,False
equal_calls,ops,E3,SO,9,0.0,20.0,1.300967457472379,False
equal_calls,ops,E3,SO,9,0.01,20.0,1.300967457472379,False
equal_calls,ops,E3,SO,9,0.02,20.0,1.300967457472379,False
equal_calls,ops,E3,SO,9,0.05,20.0,1.300967457472379,False
equal_calls,ops,E3,SO,9,0.1,20.0,1.300967457472379,False
equal_calls,ops,E3,SO,9,0.2,20.0,1.300967457472379,False
equal_calls,ops,E3,SO,9,0.5,20.0,1.300967457472379,False
equal_calls,ops,E3,SO,9,1.0,20.0,1.300967457472379,False
equal_calls,ops,E3,SO,10,0.0,25.0,0.5117397039527375,False
equal_calls,ops,E3,SO,10,0.01,25.0,0.5117397039527375,False
equal_calls,ops,E3,SO,10,0.02,25.0,0.5117397039527375,False
equal_calls,ops,E3,SO,10,0.05,25.0,0.5117397039527375,False
equal_calls,ops,E3,SO,10,0.1,25.0,0.5117397039527375,False
equal_calls,ops,E3,SO,10,0.2,25.0,0.5117397039527375,False
equal_calls,ops,E3,SO,10,0.5,25.0,0.5117397039527375,False
equal_calls,ops,E3,SO,10,1.0,25.0,0.5117397039527375,False
equal_calls,ops,E3,SO,11,0.0,24.0,0.15936494644949042,False
equal_calls,ops,E3,SO,11,0.01,24.0,0.15936494644949042,False
equal_calls,ops,E3,SO,11,0.02,24.0,0.15936494644949042,False
equal_calls,ops,E3,SO,11,0.05,24.0,0.15936494644949042,False
equal_calls,ops,E3,SO,11,0.1,24.0,0.15936494644949042,False
equal_calls,ops,E3,SO,11,0.2,24.0,0.15936494644949042,False
equal_calls,ops,E3,SO,11,0.5,24.0,0.15936494644949042,False
equal_calls,ops,E3,SO,11,1.0,24.0,0.15936494644949042,False
equal_calls,ops,E3,SO,12,0.0,18.0,1.413237231933367,False
equal_calls,ops,E3,SO,12,0.01,18.0,1.413237231933367,False
equal_calls,ops,E3,SO,12,0.02,18.0,1.413237231933367,False
equal_calls,ops,E3,SO,12,0.05,18.0,1.413237231933367,False
equal_calls,ops,E3,SO,12,0.1,18.0,1.413237231933367,False
equal_calls,ops,E3,SO,12,0.2,18.0,1.413237231933367,False
equal_calls,ops,E3,SO,12,0.5,18.0,1.413237231933367,False
equal_calls,ops,E3,SO,12,1.0,18.0,1.413237231933367,False
equal_calls,ops,E3,SO,13,0.0,19.0,1.4978106212189835,False
equal_calls,ops,E3,SO,13,0.01,19.0,1.4978106212189835,False
equal_calls,ops,E3,SO,13,0.02,19.0,1.4978106212189835,False
equal_calls,ops,E3,SO,13,0.05,19.0,1.4978106212189835,False
equal_calls,ops,E3,SO,13,0.1,19.0,1.4978106212189835,False
equal_calls,ops,E3,SO,13,0.2,19.0,1.4978106212189835,False
equal_calls,ops,E3,SO,13,0.5,19.0,1.4978106212189835,False
equal_calls,ops,E3,SO,13,1.0,19.0,1.4978106212189835,False
equal_calls,ops,E3,SO,14,0.0,14.0,1.424536414312042,False
equal_calls,ops,E3,SO,14,0.01,14.0,1.424536414312042,False
equal_calls,ops,E3,SO,14,0.02,14.0,1.424536414312042,False
equal_calls,ops,E3,SO,14,0.05,14.0,1.424536414312042,False
equal_calls,ops,E3,SO,14,0.1,14.0,1.424536414312042,False
equal_calls,ops,E3,SO,14,0.2,14.0,1.424536414312042,False
equal_calls,ops,E3,SO,14,0.5,14.0,1.424536414312042,False
equal_calls,ops,E3,SO,14,1.0,14.0,1.424536414312042,False
equal_calls,ops,E3,SO,15,0.0,20.0,1.0777152814237663,False
equal_calls,ops,E3,SO,15,0.01,20.0,1.0777152814237663,False
equal_calls,ops,E3,SO,15,0.02,20.0,1.0777152814237663,False
equal_calls,ops,E3,SO,15,0.05,20.0,1.0777152814237663,False
equal_calls,ops,E3,SO,15,0.1,20.0,1.0777152814237663,False
equal_calls,ops,E3,SO,15,0.2,20.0,1.0777152814237663,False
equal_calls,ops,E3,SO,15,0.5,20.0,1.0777152814237663,False
equal_calls,ops,E3,SO,15,1.0,20.0,1.0777152814237663,False
equal_calls,ops,E3,SO,16,0.0,16.0,1.3737644606081234,False
equal_calls,ops,E3,SO,16,0.01,16.0,1.3737644606081234,False
equal_calls,ops,E3,SO,16,0.02,16.0,1.3737644606081234,False
equal_calls,ops,E3,SO,16,0.05,16.0,1.3737644606081234,False
equal_calls,ops,E3,SO,16,0.1,16.0,1.3737644606081234,False
equal_calls,ops,E3,SO,16,0.2,16.0,1.3737644606081234,False
equal_calls,ops,E3,SO,16,0.5,16.0,1.3737644606081234,False
equal_calls,ops,E3,SO,16,1.0,16.0,1.3737644606081234,False
equal_calls,ops,E3,SO,17,0.0,18.0,1.4132372314242998,False
equal_calls,ops,E3,SO,17,0.01,18.0,1.4132372314242998,False
equal_calls,ops,E3,SO,17,0.02,18.0,1.4132372314242998,False
equal_calls,ops,E3,SO,17,0.05,18.0,1.4132372314242998,False
equal_calls,ops,E3,SO,17,0.1,18.0,1.4132372314242998,False
equal_calls,ops,E3,SO,17,0.2,18.0,1.4132372314242998,False
equal_calls,ops,E3,SO,17,0.5,18.0,1.4132372314242998,False
equal_calls,ops,E3,SO,17,1.0,18.0,1.4132372314242998,False
equal_calls,ops,E3,SO,18,0.0,16.0,1.474250042250113,False
equal_calls,ops,E3,SO,18,0.01,16.0,1.474250042250113,False
equal_calls,ops,E3,SO,18,0.02,16.0,1.474250042250113,False
equal_calls,ops,E3,SO,18,0.05,16.0,1.474250042250113,False
equal_calls,ops,E3,SO,18,0.1,16.0,1.474250042250113,False
equal_calls,ops,E3,SO,18,0.2,16.0,1.474250042250113,False
equal_calls,ops,E3,SO,18,0.5,16.0,1.474250042250113,False
equal_calls,ops,E3,SO,18,1.0,16.0,1.474250042250113,False
equal_calls,ops,E3,SO,19,0.0,19.0,1.506652679879836,False
equal_calls,ops,E3,SO,19,0.01,19.0,1.506652679879836,False
equal_calls,ops,E3,SO,19,0.02,19.0,1.506652679879836,False
equal_calls,ops,E3,SO,19,0.05,19.0,1.506652679879836,False
equal_calls,ops,E3,SO,19,0.1,19.0,1.506652679879836,False
equal_calls,ops,E3,SO,19,0.2,19.0,1.506652679879836,False
equal_calls,ops,E3,SO,19,0.5,19.0,1.506652679879836,False
equal_calls,ops,E3,SO,19,1.0,19.0,1.506652679879836,False
equal_calls,ops,E3,SO,20,0.0,16.0,1.3814531183213783,False
equal_calls,ops,E3,SO,20,0.01,16.0,1.3814531183213783,False
equal_calls,ops,E3,SO,20,0.02,16.0,1.3814531183213783,False
equal_calls,ops,E3,SO,20,0.05,16.0,1.3814531183213783,False
equal_calls,ops,E3,SO,20,0.1,16.0,1.3814531183213783,False
equal_calls,ops,E3,SO,20,0.2,16.0,1.3814531183213783,False
equal_calls,ops,E3,SO,20,0.5,16.0,1.3814531183213783,False
equal_calls,ops,E3,SO,20,1.0,16.0,1.3814531183213783,False
equal_calls,ops,E3,SO,21,0.0,20.0,1.1192204615298393,False
equal_calls,ops,E3,SO,21,0.01,20.0,1.1192204615298393,False
equal_calls,ops,E3,SO,21,0.02,20.0,1.1192204615298393,False
equal_calls,ops,E3,SO,21,0.05,20.0,1.1192204615298393,False
equal_calls,ops,E3,SO,21,0.1,20.0,1.1192204615298393,False
equal_calls,ops,E3,SO,21,0.2,20.0,1.1192204615298393,False
equal_calls,ops,E3,SO,21,0.5,20.0,1.1192204615298393,False
equal_calls,ops,E3,SO,21,1.0,20.0,1.1192204615298393,False
equal_calls,ops,E3,SO,22,0.0,14.0,1.4245364143079842,False
equal_calls,ops,E3,SO,22,0.01,14.0,1.4245364143079842,False
equal_calls,ops,E3,SO,22,0.02,14.0,1.4245364143079842,False
equal_calls,ops,E3,SO,22,0.05,14.0,1.4245364143079842,False
equal_calls,ops,E3,SO,22,0.1,14.0,1.4245364143079842,False
equal_calls,ops,E3,SO,22,0.2,14.0,1.4245364143079842,False
equal_calls,ops,E3,SO,22,0.5,14.0,1.4245364143079842,False
equal_calls,ops,E3,SO,22,1.0,14.0,1.4245364143079842,False
equal_calls,ops,E3,SO,23,0.0,21.0,0.06295452017153055,False
equal_calls,ops,E3,SO,23,0.01,21.0,0.06295452017153055,False
equal_calls,ops,E3,SO,23,0.02,21.0,0.06295452017153055,False
equal_calls,ops,E3,SO,23,0.05,21.0,0.06295452017153055,False
equal_calls,ops,E3,SO,23,0.1,21.0,0.06295452017153055,False
equal_calls,ops,E3,SO,23,0.2,21.0,0.06295452017153055,False
equal_calls,ops,E3,SO,23,0.5,21.0,0.06295452017153055,False
equal_calls,ops,E3,SO,23,1.0,21.0,0.06295452017153055,False
equal_calls,ops,E3,SO,24,0.0,19.0,1.5027628031419384,False
equal_calls,ops,E3,SO,24,0.01,19.0,1.5027628031419384,False
equal_calls,ops,E3,SO,24,0.02,19.0,1.5027628031419384,False
equal_calls,ops,E3,SO,24,0.05,19.0,1.5027628031419384,False
equal_calls,ops,E3,SO,24,0.1,19.0,1.5027628031419384,False
equal_calls,ops,E3,SO,24,0.2,19.0,1.5027628031419384,False
equal_calls,ops,E3,SO,24,0.5,19.0,1.5027628031419384,False
equal_calls,ops,E3,SO,24,1.0,19.0,1.5027628031419384,False
equal_calls,ops,E3,SO,25,0.0,18.0,1.3937274818561558,False
equal_calls,ops,E3,SO,25,0.01,18.0,1.3937274818561558,False
equal_calls,ops,E3,SO,25,0.02,18.0,1.3937274818561558,False
equal_calls,ops,E3,SO,25,0.05,18.0,1.3937274818561558,False
equal_calls,ops,E3,SO,25,0.1,18.0,1.3937274818561558,False
equal_calls,ops,E3,SO,25,0.2,18.0,1.3937274818561558,False
equal_calls,ops,E3,SO,25,0.5,18.0,1.3937274818561558,False
equal_calls,ops,E3,SO,25,1.0,18.0,1.3937274818561558,False
equal_calls,ops,E3,SO,26,0.0,19.0,1.4325346169094877,False
equal_calls,ops,E3,SO,26,0.01,19.0,1.4325346169094877,False
equal_calls,ops,E3,SO,26,0.02,19.0,1.4325346169094877,False
equal_calls,ops,E3,SO,26,0.05,19.0,1.4325346169094877,False
equal_calls,ops,E3,SO,26,0.1,19.0,1.4325346169094877,False
equal_calls,ops,E3,SO,26,0.2,19.0,1.4325346169094877,False
equal_calls,ops,E3,SO,26,0.5,19.0,1.4325346169094877,False
equal_calls,ops,E3,SO,26,1.0,19.0,1.4325346169094877,False
equal_calls,ops,E3,SO,27,0.0,19.0,1.4625786496880029,False
equal_calls,ops,E3,SO,27,0.01,19.0,1.4625786496880029,False
equal_calls,ops,E3,SO,27,0.02,19.0,1.4625786496880029,False
equal_calls,ops,E3,SO,27,0.05,19.0,1.4625786496880029,False
equal_calls,ops,E3,SO,27,0.1,19.0,1.4625786496880029,False
equal_calls,ops,E3,SO,27,0.2,19.0,1.4625786496880029,False
equal_calls,ops,E3,SO,27,0.5,19.0,1.4625786496880029,False
equal_calls,ops,E3,SO,27,1.0,19.0,1.4625786496880029,False
equal_calls,ops,E3,SO,28,0.0,14.0,1.5473864518772669,False
equal_calls,ops,E3,SO,28,0.01,14.0,1.5473864518772669,False
equal_calls,ops,E3,SO,28,0.02,14.0,1.5473864518772669,False
equal_calls,ops,E3,SO,28,0.05,14.0,1.5473864518772669,False
equal_calls,ops,E3,SO,28,0.1,14.0,1.5473864518772669,False
equal_calls,ops,E3,SO,28,0.2,14.0,1.5473864518772669,False
equal_calls,ops,E3,SO,28,0.5,14.0,1.5473864518772669,False
equal_calls,ops,E3,SO,28,1.0,14.0,1.5473864518772669,False
equal_calls,ops,E3,SO,29,0.0,16.0,inf,False
equal_calls,ops,E3,SO,29,0.01,16.0,inf,False
equal_calls,ops,E3,SO,29,0.02,16.0,inf,False
equal_calls,ops,E3,SO,29,0.05,16.0,inf,False
equal_calls,ops,E3,SO,29,0.1,16.0,inf,False
equal_calls,ops,E3,SO,29,0.2,16.0,inf,False
equal_calls,ops,E3,SO,29,0.5,16.0,inf,False
equal_calls,ops,E3,SO,29,1.0,16.0,inf,False
