example,config,seed,evaluations,failures,runtime,arm,scenario,n_delivered,HV_id,HV_val,HV_pop,sel_C,sel_J,sel_val,best_val,recovered,front_has_truth,selected_terms,validation_failed
E1,Green,0,4510,12,1.9169567079807166,equal_calls,ops,5,0.8958844959629519,0.8933346292606131,0.8958844959629519,7.0,6.768457252518019e-16,7.142928451732104e-16,3.286243507600122e-16,True,True,u(k) + u(k)*y(k-1) + y(k-1),False
E1,Green,1,4510,19,1.9221514170058072,equal_calls,ops,5,0.8958844959629518,0.8933346292606129,0.8958844959629518,7.0,3.024054466081862e-15,3.0443950575286657e-15,3.261738145574276e-16,True,True,u(k) + u(k)*y(k-1) + y(k-1),False
E1,Green,2,4510,19,1.912813292001374,equal_calls,ops,6,0.8958844959629518,0.893334629260613,0.8958844959629518,7.0,3.054836096530013e-15,3.133304983038018e-15,4.193260024797457e-16,True,True,u(k) + u(k)*y(k-1) + y(k-1),False
E1,Green,3,4510,18,1.9215369580197148,equal_calls,ops,7,0.895884495962952,0.893334629260613,0.895884495962952,7.0,6.768457252518019e-16,7.142928451732104e-16,4.660693475868845e-16,True,True,u(k) + u(k)*y(k-1) + y(k-1),False
E1,Green,4,4510,25,1.8807456250069663,equal_calls,ops,6,0.8958844959629519,0.8933346292606131,0.8958844959629519,7.0,1.2099055571065075e-15,1.2648814273871748e-15,2.8818155732804646e-16,True,True,u(k) + u(k)*y(k-1) + y(k-1),False
E1,Green,5,4510,9,1.9522628330159932,equal_calls,ops,7,0.8958844959629518,0.893334629260613,0.8958844959629518,7.0,2.0169348444324206e-15,2.1233430408575456e-15,2.009785686235709e-16,True,True,u(k) + u(k)*y(k-1) + y(k-1),False
E1,Green,6,4510,18,1.9204232080082875,equal_calls,ops,4,0.8958844959629519,0.8933346292606131,0.8958844959629519,7.0,8.606086938606811e-16,9.267039282010344e-16,3.938023092612115e-16,True,True,u(k) + u(k)*y(k-1) + y(k-1),False
E1,Green,7,4510,17,1.8218312920071185,equal_calls,ops,4,0.895884495962952,0.8933346292606132,0.895884495962952,7.0,3.490881928969765e-16,3.4896201714327896e-16,2.9300683409848185e-16,True,True,u(k) + u(k)*y(k-1) + y(k-1),False
E1,Green,8,4510,26,1.7924585420114454,equal_calls,ops,6,0.895884495962952,0.8933346292606132,0.895884495962952,7.0,4.896605878591197e-16,5.29658930435707e-16,3.261881259729261e-16,True,True,u(k) + u(k)*y(k-1) + y(k-1),False
E1,Green,9,4510,9,1.946305083023617,equal_calls,ops,7,0.895884495962952,0.8933346292606131,0.895884495962952,7.0,8.873801335102501e-16,9.03448256430443e-16,3.3287660853113085e-16,True,True,u(k) + u(k)*y(k-1) + y(k-1),False
E1,Green,10,4510,10,2.120170459005749,equal_calls,ops,6,0.8958844959629519,0.893334629260613,0.8958844959629519,7.0,1.2099055571065075e-15,1.2648814273871748e-15,4.1555544222799344e-16,True,True,u(k) + u(k)*y(k-1) + y(k-1),False
E1,Green,11,4510,13,2.1599134580173995,equal_calls,ops,7,0.8984792185418586,0.8981317138269754,0.8984792185418586,7.0,9.907981336323497e-16,8.878886681264161e-16,5.57346253709728e-16,True,True,u(k) + u(k)*y(k-1) + y(k-1),False
E1,Green,12,4510,16,2.1115908329957165,equal_calls,ops,6,0.8958844959629519,0.8933346292606131,0.8958844959629519,7.0,1.1248090589235064e-15,1.2031003816395871e-15,3.355554905401848e-16,True,True,u(k) + u(k)*y(k-1) + y(k-1),False
E1,Green,13,4510,20,1.9460387080034707,equal_calls,ops,6,0.8958844959629519,0.8933346292606132,0.8958844959629519,7.0,4.865896766657696e-16,4.084126682246382e-16,2.8108112563943366e-16,True,True,u(k) + u(k)*y(k-1) + y(k-1),False
E1,Green,14,4510,11,2.130558167002164,equal_calls,ops,5,0.9060785292225141,0.9047374988546145,0.9060785292225141,7.0,3.4051014951578427e-16,3.252858957327326e-16,2.8620923185033736e-16,True,True,u(k) + u(k)*y(k-1) + y(k-1),False
E1,Green,15,4510,17,2.0241191659879405,equal_calls,ops,8,0.8958844959629518,0.893334629260613,0.8958844959629518,7.0,1.7443857662806324e-15,1.5944835719487724e-15,3.6979924369335737e-16,True,True,u(k) + u(k)*y(k-1) + y(k-1),False
E1,Green,16,4510,17,1.9160874169901945,equal_calls,ops,6,0.8958844959629519,0.8933346292606131,0.8958844959629519,7.0,2.020130349910471e-15,1.947580698642516e-15,3.1693340053818505e-16,True,True,u(k) + u(k)*y(k-1) + y(k-1),False
E1,Green,17,4510,19,1.7708062500169035,equal_calls,ops,6,0.8958844959629519,0.893334629260613,0.8958844959629519,7.0,2.1758476152762154e-15,2.1677456228804145e-15,3.098534110517132e-16,True,True,u(k) + u(k)*y(k-1) + y(k-1),False
E1,Green,18,4510,17,1.8130087909812573,equal_calls,ops,4,0.8958844959629519,0.8933346292606132,0.8958844959629519,7.0,3.2753740064883353e-16,3.2489343803753984e-16,3.2489343803753984e-16,True,True,u(k) + u(k)*y(k-1) + y(k-1),False
E1,Green,19,4510,16,1.8488347499805968,equal_calls,ops,5,0.8958844959629519,0.893334629260613,0.8958844959629519,7.0,2.1356703940353487e-15,2.4083468322922223e-15,3.325047538353563e-16,True,True,u(k) + u(k)*y(k-1) + y(k-1),False
E1,Green,20,4510,23,1.8582462909980677,equal_calls,ops,4,0.8958844959629519,0.8933346292606131,0.8958844959629519,7.0,3.490881928969765e-16,3.4896201714327896e-16,3.4896201714327896e-16,True,True,u(k) + u(k)*y(k-1) + y(k-1),False
E1,Green,21,4510,18,1.8992314159986563,equal_calls,ops,5,0.8958844959629519,0.8933346292606131,0.8958844959629519,7.0,8.873801335102501e-16,9.03448256430443e-16,4.3433981754818087e-16,True,True,u(k) + u(k)*y(k-1) + y(k-1),False
E1,Green,22,4510,16,1.8272914999979548,equal_calls,ops,5,0.895884495962952,0.8933346292606134,0.895884495962952,7.0,6.768457252518019e-16,7.142928451732104e-16,2.3458695068017613e-16,True,True,u(k) + u(k)*y(k-1) + y(k-1),False
E1,Green,23,4510,21,1.8299331669986714,equal_calls,ops,6,0.8984792185418586,0.8981317138269757,0.8984792185418586,7.0,8.873801335102501e-16,9.03448256430443e-16,3.4348145591359677e-16,True,True,u(k) + u(k)*y(k-1) + y(k-1),False
E1,Green,24,4510,19,1.8403855000215117,equal_calls,ops,5,0.8984792185418587,0.8981317138269759,0.8984792185418587,7.0,4.0611483921104485e-16,4.732199139948951e-16,2.1087021151122103e-16,True,True,u(k) + u(k)*y(k-1) + y(k-1),False
E1,Green,25,4510,11,1.7988192919874564,equal_calls,ops,5,0.895884495962952,0.8933346292606131,0.895884495962952,7.0,1.0937663509601051e-15,1.035053617371294e-15,2.4149382677767686e-16,True,True,u(k) + u(k)*y(k-1) + y(k-1),False
E1,Green,26,4510,29,1.77108729199972,equal_calls,ops,7,0.8958844959629519,0.8933346292606129,0.8958844959629519,7.0,1.976928237796107e-15,1.9964913575063468e-15,4.829092558581441e-16,True,True,u(k) + u(k)*y(k-1) + y(k-1),False
E1,Green,27,4510,12,1.8279699170088861,equal_calls,ops,7,0.8958844959629519,0.8933346292606132,0.8958844959629519,7.0,1.357423596628099e-15,1.2862667904077988e-15,3.124225240707639e-16,True,True,u(k) + u(k)*y(k-1) + y(k-1),False
E1,Green,28,4510,17,1.8277390419971198,equal_calls,ops,7,0.8958844959629522,0.8933346292606132,0.8958844959629522,7.0,9.907981336323497e-16,8.878886681264161e-16,2.447383694622078e-16,True,True,u(k) + u(k)*y(k-1) + y(k-1),False
E1,Green,29,4510,16,1.8184059590275865,equal_calls,ops,5,0.8958844959629519,0.8933346292606132,0.8958844959629519,7.0,1.1132574055758986e-15,1.044925924616553e-15,2.899724871423293e-16,True,True,u(k) + u(k)*y(k-1) + y(k-1),False
E1,MO-lex,0,4510,13,1.021254916995531,equal_calls,ops,4,0.8291572289498511,0.8273496390707659,0.8291572289498511,7.0,3.1896338069289863e-16,3.25075120964195e-16,2.821447395164707e-16,True,True,u(k) + u(k)*y(k-1) + y(k-1),False
E1,MO-lex,1,4510,39,1.075408333010273,equal_calls,ops,3,0.82885303893022,0.8273496390707659,0.82885303893022,7.0,3.1896338069289863e-16,3.25075120964195e-16,3.207588230161238e-16,True,True,u(k) + u(k)*y(k-1) + y(k-1),False
E1,MO-lex,2,4510,29,1.0299193749960978,equal_calls,ops,4,0.829157228949851,0.827349639070766,0.829157228949851,7.0,2.349402361078631e-16,2.700813343538282e-16,2.1438683212081093e-16,True,True,u(k) + u(k)*y(k-1) + y(k-1),False
E1,MO-lex,3,4510,50,1.0051201250171289,equal_calls,ops,5,0.82885303893022,0.8273496390707659,0.82885303893022,7.0,3.239019308365303e-16,3.3132865428115775e-16,2.2017324783380109e-16,True,True,u(k) + u(k)*y(k-1) + y(k-1),False
E1,MO-lex,4,4510,23,1.1265309159934986,equal_calls,ops,3,0.7558436061159891,0.7555961905939577,0.7558436061159891,7.0,3.4186048971347606e-16,3.26099261257318e-16,2.6508865607196936e-16,True,True,u(k) + u(k)*y(k-1) + y(k-1),False
E1,MO-lex,5,4510,16,1.0204946669982746,equal_calls,ops,4,0.7563608963413919,0.7493231884995794,0.7563608963413919,7.0,2.349402361078631e-16,2.700813343538282e-16,2.4491431876450457e-16,True,True,u(k) + u(k)*y(k-1) + y(k-1),False
E1,MO-lex,6,4510,26,0.9397329580096994,equal_calls,ops,2,0.8288530389302201,0.827349639070766,0.8288530389302201,7.0,2.349402361078631e-16,2.700813343538282e-16,2.700813343538282e-16,True,True,u(k) + u(k)*y(k-1) + y(k-1),False
E1,MO-lex,7,4510,33,0.957064416987123,equal_calls,ops,3,0.82885303893022,0.8273496390707659,0.82885303893022,7.0,3.1896338069289863e-16,3.25075120964195e-16,3.25075120964195e-16,True,True,u(k) + u(k)*y(k-1) + y(k-1),False
E1,MO-lex,8,4510,19,0.9043192499957513,equal_calls,ops,4,0.82885303893022,0.827349639070766,0.82885303893022,7.0,3.1896338069289863e-16,3.25075120964195e-16,2.582002893023232e-16,True,True,u(k) + u(k)*y(k-1) + y(k-1),False
E1,MO-lex,9,4510,13,0.9826448750100099,equal_calls,ops,2,0.82885303893022,0.827349639070766,0.82885303893022,7.0,2.349402361078631e-16,2.700813343538282e-16,2.700813343538282e-16,True,True,u(k) + u(k)*y(k-1) + y(k-1),False
E1,MO-lex,10,4510,27,1.0116937080165371,equal_calls,ops,2,0.82885303893022,0.827349639070766,0.82885303893022,7.0,2.349402361078631e-16,2.700813343538282e-16,2.700813343538282e-16,True,True,u(k) + u(k)*y(k-1) + y(k-1),False
E1,MO-lex,11,4510,24,0.9927656250074506,equal_calls,ops,2,0.7331026329827768,0.7199999999999999,0.7331026329827768,7.0,2.349402361078631e-16,2.700813343538282e-16,2.700813343538282e-16,True,True,u(k) + u(k)*y(k-1) + y(k-1),False
E1,MO-lex,12,4510,36,0.8944233329966664,equal_calls,ops,4,0.82885303893022,0.827349639070766,0.82885303893022,7.0,2.349402361078631e-16,2.700813343538282e-16,2.043428099927965e-16,True,True,u(k) + u(k)*y(k-1) + y(k-1),False
E1,MO-lex,13,4510,25,0.9597275830165017,equal_calls,ops,2,0.8288530389302201,0.8273496390707659,0.8288530389302201,7.0,2.349402361078631e-16,2.700813343538282e-16,2.700813343538282e-16,True,True,u(k) + u(k)*y(k-1) + y(k-1),False
E1,MO-lex,14,4510,28,1.0765014170028735,equal_calls,ops,3,0.8288530389302201,0.8273496390707659,0.8288530389302201,7.0,2.349402361078631e-16,2.700813343538282e-16,2.3458695068017613e-16,True,True,u(k) + u(k)*y(k-1) + y(k-1),False
E1,MO-lex,15,4510,9,0.9425195420044474,equal_calls,ops,4,0.8291572289498511,0.8273496390707659,0.8291572289498511,7.0,3.1896338069289863e-16,3.25075120964195e-16,2.7227928526362325e-16,True,True,u(k) + u(k)*y(k-1) + y(k-1),False
E1,MO-lex,16,4510,32,1.0484589589759707,equal_calls,ops,3,0.82885303893022,0.827349639070766,0.82885303893022,7.0,2.349402361078631e-16,2.700813343538282e-16,2.3458695068017613e-16,True,True,u(k) + u(k)*y(k-1) + y(k-1),False
E1,MO-lex,17,4510,28,0.9412272500048857,equal_calls,ops,3,0.830519214273044,0.8279102567333724,0.830519214273044,7.0,3.239019308365303e-16,3.3132865428115775e-16,3.3132865428115775e-16,True,True,u(k) + u(k)*y(k-1) + y(k-1),False
E1,MO-lex,18,4510,10,0.9573982919973787,equal_calls,ops,5,0.7938722239011774,0.7668981274524346,0.7938722239011774,7.0,6.131187590078749e-16,6.156117865385776e-16,2.4149382677767686e-16,True,True,u(k) + u(k)*y(k-1) + y(k-1),False
E1,MO-lex,19,4510,30,1.1592295829905197,equal_calls,ops,2,0.7557304298418553,0.7529535691465912,0.7557304298418553,7.0,2.349402361078631e-16,2.700813343538282e-16,2.700813343538282e-16,True,True,u(k) + u(k)*y(k-1) + y(k-1),False
E1,MO-lex,20,4510,22,1.0536230409925338,equal_calls,ops,2,0.830519214273044,0.8279102567333724,0.830519214273044,7.0,2.349402361078631e-16,2.700813343538282e-16,2.700813343538282e-16,True,True,u(k) + u(k)*y(k-1) + y(k-1),False
E1,MO-lex,21,4510,27,0.9856449159851763,equal_calls,ops,4,0.788787502554325,0.788684761443684,0.788787502554325,7.0,3.1896338069289863e-16,3.25075120964195e-16,3.048215388922267e-16,True,True,u(k) + u(k)*y(k-1) + y(k-1),False
E1,MO-lex,22,4510,8,0.984919540991541,equal_calls,ops,5,0.82885303893022,0.8273496390707659,0.82885303893022,7.0,3.1896338069289863e-16,3.25075120964195e-16,2.746656849876153e-16,True,True,u(k) + u(k)*y(k-1) + y(k-1),False
E1,MO-lex,23,4510,27,1.0161555000231601,equal_calls,ops,6,0.7556653770760219,0.755365669716099,0.7556653770760219,7.0,7.758954475392311e-16,7.495765931930908e-16,2.4491431876450457e-16,True,True,u(k) + u(k)*y(k-1) + y(k-1),False
E1,MO-lex,24,4510,24,0.9589637499884702,equal_calls,ops,3,0.82885303893022,0.827349639070766,0.82885303893022,7.0,2.349402361078631e-16,2.700813343538282e-16,2.1087021151122103e-16,True,True,u(k) + u(k)*y(k-1) + y(k-1),False
E1,MO-lex,25,4510,84,1.0257562920160126,equal_calls,ops,3,0.82885303893022,0.827349639070766,0.82885303893022,7.0,2.349402361078631e-16,2.700813343538282e-16,2.4491431876450457e-16,True,True,u(k) + u(k)*y(k-1) + y(k-1),False
E1,MO-lex,26,4510,19,0.8998945830098819,equal_calls,ops,3,0.830519214273044,0.8279102567333724,0.830519214273044,7.0,2.349402361078631e-16,2.700813343538282e-16,2.3458695068017613e-16,True,True,u(k) + u(k)*y(k-1) + y(k-1),False
E1,MO-lex,27,4510,9,0.9195559580111876,equal_calls,ops,3,0.82885303893022,0.827349639070766,0.82885303893022,7.0,2.349402361078631e-16,2.700813343538282e-16,2.3458695068017613e-16,True,True,u(k) + u(k)*y(k-1) + y(k-1),False
E1,MO-lex,28,4510,24,0.9975742079841439,equal_calls,ops,3,0.8288530389302201,0.827349639070766,0.8288530389302201,7.0,5.241363920448137e-16,5.369700045505021e-16,2.3458695068017613e-16,True,True,u(k) + u(k)*y(k-1) + y(k-1),False
E1,MO-lex,29,4510,29,1.0118237500137184,equal_calls,ops,3,0.7555692504066853,0.7554308635527273,0.7555692504066853,7.0,2.349402361078631e-16,2.700813343538282e-16,2.3458695068017613e-16,True,True,u(k) + u(k)*y(k-1) + y(k-1),False
E1,Pareto-nodes,0,4510,7,1.7567588340025395,equal_calls,ops,5,0.830519214273044,0.8279102567333723,0.8958844959629519,7.0,6.768457252518019e-16,7.142928451732104e-16,3.048215388922267e-16,True,True,u(k) + u(k)*y(k-1) + y(k-1),False
E1,Pareto-nodes,1,4510,13,1.7186618750274647,equal_calls,ops,6,0.8305192142730438,0.8279102567333722,0.8958844959629518,7.0,3.024054466081862e-15,3.0443950575286657e-15,2.2017324783380109e-16,True,True,u(k) + u(k)*y(k-1) + y(k-1),False
E1,Pareto-nodes,2,4510,13,1.6582802080083638,equal_calls,ops,6,0.8305192142730436,0.8279102567333722,0.8958844959629517,7.0,3.054836096530013e-15,3.133304983038018e-15,2.985016937623216e-16,True,True,u(k) + u(k)*y(k-1) + y(k-1),False
E1,Pareto-nodes,3,4510,23,1.7020894169982057,equal_calls,ops,6,0.8305192142730439,0.8279102567333724,0.89524158553363,7.0,6.768457252518019e-16,7.142928451732104e-16,3.3109454858502546e-16,True,True,u(k) + u(k)*y(k-1) + y(k-1),False
E1,Pareto-nodes,4,4510,35,1.80777037498774,equal_calls,ops,5,0.8305192142730439,0.8279102567333723,0.8958844959629519,7.0,1.2099055571065075e-15,1.2648814273871748e-15,3.506894794037756e-16,True,True,u(k) + u(k)*y(k-1) + y(k-1),False
E1,Pareto-nodes,5,4510,26,1.95710112497909,equal_calls,ops,4,0.8305192142730439,0.8279102567333723,0.8958844959629519,7.0,2.0169348444324206e-15,2.1233430408575456e-15,2.6508865607196936e-16,True,True,u(k) + u(k)*y(k-1) + y(k-1),False
E1,Pareto-nodes,6,4510,26,2.3018469999951776,equal_calls,ops,5,0.8305192142730439,0.8279102567333723,0.8952415855336299,7.0,8.606086938606811e-16,9.267039282010344e-16,3.677247652087717e-16,True,True,u(k) + u(k)*y(k-1) + y(k-1),False
E1,Pareto-nodes,7,4510,20,2.3956429999961983,equal_calls,ops,5,0.8305192142730439,0.8279102567333723,0.89524158553363,7.0,1.013470721095611e-15,9.368652000835929e-16,3.116287017682984e-16,True,True,u(k) + u(k)*y(k-1) + y(k-1),False
E1,Pareto-nodes,8,4510,17,2.157209040975431,equal_calls,ops,5,0.8305192142730439,0.8279102567333724,0.8958844959629519,7.0,7.432453217600646e-16,7.374893800286733e-16,3.098534110517132e-16,True,True,u(k) + u(k)*y(k-1) + y(k-1),False
E1,Pareto-nodes,9,4510,15,2.2378577910130844,equal_calls,ops,4,0.8305192142730439,0.8279102567333723,0.89524158553363,7.0,8.873801335102501e-16,9.03448256430443e-16,3.323602781771804e-16,True,True,u(k) + u(k)*y(k-1) + y(k-1),False
E1,Pareto-nodes,10,4510,25,2.229675332986517,equal_calls,ops,6,0.8305192142730439,0.8279102567333722,0.8958844959629519,7.0,1.3760764222868122e-15,1.4855806743662012e-15,3.571486543966768e-16,True,True,u(k) + u(k)*y(k-1) + y(k-1),False
E1,Pareto-nodes,11,4510,14,2.1941973750072066,equal_calls,ops,6,0.8305192142730439,0.8279102567333725,0.89524158553363,7.0,9.907981336323497e-16,8.878886681264161e-16,2.2017324783380109e-16,True,True,u(k) + u(k)*y(k-1) + y(k-1),False
E1,Pareto-nodes,12,4510,24,2.2902665419969708,equal_calls,ops,5,0.8305192142730439,0.8279102567333722,0.8958844959629519,7.0,1.1248090589235064e-15,1.2031003816395871e-15,3.3909577841225744e-16,True,True,u(k) + u(k)*y(k-1) + y(k-1),False
E1,Pareto-nodes,13,4510,20,2.310160207998706,equal_calls,ops,7,0.8305192142730439,0.8279102567333723,0.8958844959629519,7.0,4.865896766657696e-16,4.084126682246382e-16,3.48550272701125e-16,True,True,u(k) + u(k)*y(k-1) + y(k-1),False
E1,Pareto-nodes,14,4510,25,2.600239708001027,equal_calls,ops,4,0.830519214273044,0.8279102567333724,0.8958844959629519,7.0,3.4051014951578427e-16,3.252858957327326e-16,3.252858957327326e-16,True,True,u(k) + u(k)*y(k-1) + y(k-1),False
E1,Pareto-nodes,15,4510,14,2.1834896660002414,equal_calls,ops,6,0.8305192142730439,0.827910256733372,0.8958844959629517,7.0,1.7443857662806324e-15,1.5944835719487724e-15,4.434803367025885e-16,True,True,u(k) + u(k)*y(k-1) + y(k-1),False
E1,Pareto-nodes,16,4510,29,2.1853309999860357,equal_calls,ops,7,0.8305192142730439,0.8279102567333724,0.8958844959629519,7.0,1.6527207157454756e-15,1.7000842944988312e-15,2.9669829790006635e-16,True,True,u(k) + u(k)*y(k-1) + y(k-1),False
E1,Pareto-nodes,17,4510,15,1.8359614159853663,equal_calls,ops,6,0.8305192142730438,0.8279102567333723,0.8958844959629518,7.0,2.1758476152762154e-15,2.1677456228804145e-15,2.4972501655338375e-16,True,True,u(k) + u(k)*y(k-1) + y(k-1),False
E1,Pareto-nodes,18,4510,17,2.0419056249957066,equal_calls,ops,4,0.830519214273044,0.8279102567333724,0.895884495962952,7.0,3.2753740064883353e-16,3.2489343803753984e-16,3.2489343803753984e-16,True,True,u(k) + u(k)*y(k-1) + y(k-1),False
E1,Pareto-nodes,19,4510,12,1.8982787919812836,equal_calls,ops,6,0.830519214273044,0.8279102567333723,0.895884495962952,7.0,1.4299873370727187e-15,1.4709222633268395e-15,4.131296988185334e-16,True,True,u(k) + u(k)*y(k-1) + y(k-1),False
E1,Pareto-nodes,20,4510,33,2.0606832500197925,equal_calls,ops,6,0.8305192142730438,0.8279102567333722,0.8958844959629519,7.0,2.4071145904153674e-15,2.5179493105858467e-15,3.6570622047543367e-16,True,True,u(k) + u(k)*y(k-1) + y(k-1),False
E1,Pareto-nodes,21,4510,23,1.7624513329938054,equal_calls,ops,6,0.830519214273044,0.8279102567333724,0.895884495962952,7.0,4.770887334641543e-16,5.334379212799453e-16,2.746656849876153e-16,True,True,u(k) + u(k)*y(k-1) + y(k-1),False
E1,Pareto-nodes,22,4510,25,1.9726124579901807,equal_calls,ops,4,0.830519214273044,0.8279102567333724,0.8958844959629522,7.0,6.768457252518019e-16,7.142928451732104e-16,2.3458695068017613e-16,True,True,u(k) + u(k)*y(k-1) + y(k-1),False
E1,Pareto-nodes,23,4510,25,1.8097280000220053,equal_calls,ops,8,0.8305192142730435,0.8279102567333723,0.8958844959629518,7.0,3.024054466081862e-15,3.0443950575286657e-15,2.009785686235709e-16,True,True,u(k) + u(k)*y(k-1) + y(k-1),False
E1,Pareto-nodes,24,4510,16,1.9986511250026524,equal_calls,ops,5,0.8305192142730438,0.8279102567333724,0.8958844959629519,7.0,1.7443857662806324e-15,1.5944835719487724e-15,1.6960313298384837e-16,True,True,u(k) + u(k)*y(k-1) + y(k-1),False
E1,Pareto-nodes,25,4510,47,2.0658178750018124,equal_calls,ops,6,0.8305192142730439,0.8279102567333723,0.895884495962952,7.0,1.0937663509601051e-15,1.035053617371294e-15,3.111389442472573e-16,True,True,u(k) + u(k)*y(k-1) + y(k-1),False
E1,Pareto-nodes,26,4510,11,2.275470749998931,equal_calls,ops,6,0.8305192142730439,0.8279102567333723,0.89524158553363,7.0,1.976928237796107e-15,1.9964913575063468e-15,3.286243507600122e-16,True,True,u(k) + u(k)*y(k-1) + y(k-1),False
E1,Pareto-nodes,27,4510,27,2.437084875011351,equal_calls,ops,7,0.8305192142730439,0.8279102567333723,0.8958844959629519,7.0,2.0043206776618676e-15,1.8596693730885658e-15,3.4148518156140815e-16,True,True,u(k) + u(k)*y(k-1) + y(k-1),False
E1,Pareto-nodes,28,4510,15,2.4827564999868628,equal_calls,ops,6,0.8305192142730439,0.8279102567333724,0.8958844959629519,7.0,9.907981336323497e-16,8.878886681264161e-16,3.595234922548762e-16,True,True,u(k) + u(k)*y(k-1) + y(k-1),False
E1,Pareto-nodes,29,4510,19,2.2729820840177126,equal_calls,ops,7,0.8305192142730439,0.8279102567333723,0.8958844959629519,7.0,1.1132574055758986e-15,1.044925924616553e-15,2.899724871423293e-16,True,True,u(k) + u(k)*y(k-1) + y(k-1),False
E1,Pareto-terms,0,4510,16,1.78616299998248,equal_calls,ops,5,0.895884495962952,0.8933346292606132,0.895884495962952,7.0,6.768457252518019e-16,7.142928451732104e-16,3.7297864080754744e-16,True,True,u(k) + u(k)*y(k-1) + y(k-1),False
E1,Pareto-terms,1,4510,14,1.8015940000186674,equal_calls,ops,4,0.8958844959629517,0.8933346292606128,0.8958844959629518,7.0,3.024054466081862e-15,3.0443950575286657e-15,3.655630921610271e-16,True,True,u(k) + u(k)*y(k-1) + y(k-1),False
E1,Pareto-terms,2,4510,37,1.8824937079916708,equal_calls,ops,4,0.8958844959629516,0.8933346292606128,0.8958844959629517,7.0,3.054836096530013e-15,3.133304983038018e-15,4.0309741555693487e-16,True,True,u(k) + u(k)*y(k-1) + y(k-1),False
E1,Pareto-terms,3,4510,19,1.8825175829988439,equal_calls,ops,4,0.895884495962952,0.8933346292606131,0.895884495962952,7.0,6.768457252518019e-16,7.142928451732104e-16,3.340045041433073e-16,True,True,u(k) + u(k)*y(k-1) + y(k-1),False
E1,Pareto-terms,4,4510,45,1.9060277079988737,equal_calls,ops,5,0.895884495962952,0.8933346292606132,0.895884495962952,7.0,1.2099055571065075e-15,1.2648814273871748e-15,2.0556394911374853e-16,True,True,u(k) + u(k)*y(k-1) + y(k-1),False
E1,Pareto-terms,5,4510,19,1.8283431249728892,equal_calls,ops,4,0.8958844959629519,0.893334629260613,0.8958844959629519,7.0,2.0169348444324206e-15,2.1233430408575456e-15,3.3559008151965847e-16,True,True,u(k) + u(k)*y(k-1) + y(k-1),False
E1,Pareto-terms,6,4510,38,2.065783250000095,equal_calls,ops,5,0.8958844959629519,0.8933346292606131,0.8958844959629519,7.0,8.606086938606811e-16,9.267039282010344e-16,3.7907447108734526e-16,True,True,u(k) + u(k)*y(k-1) + y(k-1),False
E1,Pareto-terms,7,4510,24,2.0264119999774266,equal_calls,ops,5,0.8958844959629518,0.893334629260613,0.8958844959629518,7.0,1.992194025324073e-15,2.022374491454973e-15,4.745566757507644e-16,True,True,u(k) + u(k)*y(k-1) + y(k-1),False
E1,Pareto-terms,8,4510,21,2.124501209007576,equal_calls,ops,4,0.895884495962952,0.8933346292606132,0.895884495962952,7.0,4.896605878591197e-16,5.29658930435707e-16,3.3909577841225744e-16,True,True,u(k) + u(k)*y(k-1) + y(k-1),False
E1,Pareto-terms,9,4510,16,2.047624625003664,equal_calls,ops,5,0.8958844959629519,0.8933346292606131,0.8958844959629519,7.0,8.873801335102501e-16,9.03448256430443e-16,3.261171050851914e-16,True,True,u(k) + u(k)*y(k-1) + y(k-1),False
E1,Pareto-terms,10,4510,30,2.0850437920016702,equal_calls,ops,4,0.895884495962952,0.8933346292606131,0.895884495962952,7.0,3.239019308365303e-16,3.3132865428115775e-16,3.3132865428115775e-16,True,True,u(k) + u(k)*y(k-1) + y(k-1),False
E1,Pareto-terms,11,4510,35,1.9576835840125568,equal_calls,ops,5,0.9060580485695278,0.9056176843415299,0.9069512491663624,7.0,9.907981336323497e-16,8.878886681264161e-16,3.9419258672983705e-16,True,True,u(k) + u(k)*y(k-1) + y(k-1),False
E1,Pareto-terms,12,4510,30,1.9195930839923676,equal_calls,ops,5,0.8958844959629518,0.893334629260613,0.8958844959629518,7.0,1.1248090589235064e-15,1.2031003816395871e-15,3.286243507600122e-16,True,True,u(k) + u(k)*y(k-1) + y(k-1),False
E1,Pareto-terms,13,4510,39,1.8259776670020074,equal_calls,ops,5,0.895884495962952,0.8933346292606131,0.895884495962952,7.0,4.865896766657696e-16,4.084126682246382e-16,3.325047538353563e-16,True,True,u(k) + u(k)*y(k-1) + y(k-1),False
E1,Pareto-terms,14,4510,29,1.9348151670128573,equal_calls,ops,4,0.895884495962952,0.8933346292606132,0.895884495962952,7.0,3.4051014951578427e-16,3.252858957327326e-16,2.8620923185033736e-16,True,True,u(k) + u(k)*y(k-1) + y(k-1),False
E1,Pareto-terms,15,4510,21,1.7941453749954235,equal_calls,ops,5,0.8958844959629518,0.893334629260613,0.8958844959629518,7.0,1.7443857662806324e-15,1.5944835719487724e-15,3.024742113114682e-16,True,True,u(k) + u(k)*y(k-1) + y(k-1),False
E1,Pareto-terms,16,4510,23,1.9800914580118842,equal_calls,ops,4,0.9060624965972605,0.9056538012134837,0.9069556971940953,7.0,2.020130349910471e-15,1.947580698642516e-15,4.661895304698903e-16,True,True,u(k) + u(k)*y(k-1) + y(k-1),False
E1,Pareto-terms,17,4510,31,1.9539774160075467,equal_calls,ops,5,0.8914539565707538,0.8922925203442233,0.8961468125079162,7.0,2.1758476152762154e-15,2.1677456228804145e-15,3.3011244499092377e-16,True,True,u(k) + u(k)*y(k-1) + y(k-1),False
E1,Pareto-terms,18,4510,29,1.974219791998621,equal_calls,ops,3,0.895884495962952,0.8933346292606132,0.895884495962952,7.0,3.2753740064883353e-16,3.2489343803753984e-16,3.2489343803753984e-16,True,True,u(k) + u(k)*y(k-1) + y(k-1),False
E1,Pareto-terms,19,4510,16,1.9283608330006246,equal_calls,ops,5,0.895884495962952,0.8933346292606132,0.895884495962952,7.0,6.072871531116198e-16,5.468948813044272e-16,2.4972501655338375e-16,True,True,u(k) + u(k)*y(k-1) + y(k-1),False
E1,Pareto-terms,20,4510,22,1.849311875004787,equal_calls,ops,4,0.8958844959629522,0.8933346292606132,0.8958844959629522,7.0,3.490881928969765e-16,3.4896201714327896e-16,2.5610321949031645e-16,True,True,u(k) + u(k)*y(k-1) + y(k-1),False
E1,Pareto-terms,21,4510,32,1.8215851669956464,equal_calls,ops,4,0.8958844959629518,0.8933346292606132,0.8958844959629518,7.0,9.540236807887505e-16,1.0220753774418589e-15,3.158236889468059e-16,True,True,u(k) + u(k)*y(k-1) + y(k-1),False
E1,Pareto-terms,22,4510,32,1.8874129589821678,equal_calls,ops,5,0.89524158553363,0.8933734286684464,0.89524158553363,7.0,6.768457252518019e-16,7.142928451732104e-16,3.066865413732101e-16,True,True,u(k) + u(k)*y(k-1) + y(k-1),False
E1,Pareto-terms,23,4510,20,2.0935535409953445,equal_calls,ops,5,0.9066216348343281,0.9059642267884563,0.907514835431163,7.0,1.7564714493045361e-15,1.9114341278221274e-15,4.1387456768082583e-16,True,True,u(k) + u(k)*y(k-1) + y(k-1),False
E1,Pareto-terms,24,4510,29,2.155021749989828,equal_calls,ops,4,0.8958844959629519,0.893334629260613,0.8958844959629519,7.0,1.8622538500267774e-15,2.0302360183971514e-15,3.323602781771804e-16,True,True,u(k) + u(k)*y(k-1) + y(k-1),False
E1,Pareto-terms,25,4510,36,2.1330633330217097,equal_calls,ops,5,0.8958844959629519,0.8933346292606131,0.895884495962952,7.0,1.0937663509601051e-15,1.035053617371294e-15,3.304549709928772e-16,True,True,u(k) + u(k)*y(k-1) + y(k-1),False
E1,Pareto-terms,26,4510,43,2.062916833005147,equal_calls,ops,5,0.8958844959629518,0.8933346292606129,0.8958844959629519,7.0,1.976928237796107e-15,1.9964913575063468e-15,3.286243507600122e-16,True,True,u(k) + u(k)*y(k-1) + y(k-1),False
E1,Pareto-terms,27,4510,25,2.0119323330000043,equal_calls,ops,5,0.8958844959629519,0.8933346292606131,0.8958844959629519,7.0,1.357423596628099e-15,1.2862667904077988e-15,3.594279530561528e-16,True,True,u(k) + u(k)*y(k-1) + y(k-1),False
E1,Pareto-terms,28,4510,30,1.9761798749968875,equal_calls,ops,5,0.895884495962952,0.8933346292606131,0.8958844959629522,7.0,9.907981336323497e-16,8.878886681264161e-16,2.857796149158257e-16,True,True,u(k) + u(k)*y(k-1) + y(k-1),False
E1,Pareto-terms,29,4510,40,2.060979583009612,equal_calls,ops,5,0.8958844959629519,0.8933346292606131,0.895884495962952,7.0,1.1132574055758986e-15,1.044925924616553e-15,2.899724871423293e-16,True,True,u(k) + u(k)*y(k-1) + y(k-1),False
E1,SO,0,4510,13,0.8176389579894021,equal_calls,ops,1,0.6399999999999999,0.6399999999999998,0.8291572289498511,9.0,2.4424632637870403e-16,2.821447395164707e-16,2.821447395164707e-16,True,True,u(k) + u(k)*y(k-1) + y(k-1) + y(k-3),False
E1,SO,1,4510,39,0.9403063750069123,equal_calls,ops,1,0.5599999999999999,0.5599999999999998,0.82885303893022,11.0,2.7169025749607555e-16,3.207588230161238e-16,3.207588230161238e-16,True,True,u(k) + u(k)*u(k)*y(k-1) + u(k)*y(k-1) + y(k-1),False
E1,SO,2,4510,29,0.8459004159958567,equal_calls,ops,1,0.5999999999999999,0.5999999999999999,0.829157228949851,10.0,1.6776539490399681e-16,2.1438683212081093e-16,2.1438683212081093e-16,True,True,u(k) + u(k)*y(k-1) + y(k-1) + y(k-1)*y(k-3),False
E1,SO,3,4510,50,0.8717603330151178,equal_calls,ops,1,0.43999999999999984,0.4399999999999998,0.82885303893022,14.0,2.112281740538708e-16,2.8354989479731118e-16,2.8354989479731118e-16,True,True,u(k) + u(k)*u(k)*y(k-1)*y(k-1) + u(k)*y(k-1) + u(k-2) + y(k-1),False
E1,SO,4,4510,23,0.8585735420056153,equal_calls,ops,1,0.6399999999999999,0.6399999999999999,0.7558436061159891,9.0,2.49086259130927e-16,2.6508865607196936e-16,2.6508865607196936e-16,True,True,u(k) + u(k)*y(k-1) + u(k-2) + y(k-1),False
E1,SO,5,4510,16,0.8280972079955973,equal_calls,ops,1,0.5599999999999999,0.5599999999999999,0.7563608963413919,11.0,2.304756423240201e-16,2.4491431876450457e-16,2.4491431876450457e-16,True,True,u(k) + u(k)*y(k-1) + u(k-2) + y(k-1) + y(k-2),False
E1,SO,6,4510,26,0.8938966660061851,equal_calls,ops,1,0.7199999999999999,0.7199999999999999,0.8288530389302201,7.0,2.349402361078631e-16,2.700813343538282e-16,2.700813343538282e-16,True,True,u(k) + u(k)*y(k-1) + y(k-1),False
E1,SO,7,4510,33,0.862765958008822,equal_calls,ops,1,0.6399999999999998,0.6399999999999998,0.82885303893022,9.0,3.0792180024640667e-16,3.785052985690101e-16,3.785052985690101e-16,True,True,u(k) + u(k)*y(k-1) + y(k-1) + y(k-2),False
E1,SO,8,4510,19,0.8700870829925407,equal_calls,ops,1,0.4799999999999998,0.47999999999999987,0.82885303893022,13.0,2.8685003378216606e-16,2.582002893023232e-16,2.582002893023232e-16,True,True,u(k) + u(k)*y(k-1) + u(k-1)*y(k-1)*y(k-1) + u(k-2) + y(k-1),False
E1,SO,9,4510,13,0.8287172080017626,equal_calls,ops,1,0.7199999999999999,0.7199999999999999,0.82885303893022,7.0,2.349402361078631e-16,2.700813343538282e-16,2.700813343538282e-16,True,True,u(k) + u(k)*y(k-1) + y(k-1),False
E1,SO,10,4510,27,0.8095383750041947,equal_calls,ops,1,0.7199999999999999,0.7199999999999999,0.82885303893022,7.0,2.349402361078631e-16,2.700813343538282e-16,2.700813343538282e-16,True,True,u(k) + u(k)*y(k-1) + y(k-1),False
E1,SO,11,4510,24,0.8741039580199867,equal_calls,ops,1,0.7199999999999999,0.7199999999999999,0.7331026329827768,7.0,2.349402361078631e-16,2.700813343538282e-16,2.700813343538282e-16,True,True,u(k) + u(k)*y(k-1) + y(k-1),False
E1,SO,12,4510,36,0.7838629999896511,equal_calls,ops,1,0.5599999999999999,0.5599999999999999,0.82885303893022,11.0,1.8201049135225711e-16,2.043428099927965e-16,2.043428099927965e-16,True,True,u(k) + u(k)*y(k-1) + y(k-1) + y(k-1)*y(k-1)*y(k-1),False
E1,SO,13,4510,25,0.8012603750103153,equal_calls,ops,1,0.7199999999999999,0.7199999999999999,0.8288530389302201,7.0,2.349402361078631e-16,2.700813343538282e-16,2.700813343538282e-16,True,True,u(k) + u(k)*y(k-1) + y(k-1),False
E1,SO,14,4510,28,0.9094926660181955,equal_calls,ops,1,0.6399999999999999,0.6399999999999999,0.8288530389302201,9.0,2.0223972475018847e-16,2.3458695068017613e-16,2.3458695068017613e-16,True,True,u(k) + u(k)*y(k-1) + y(k-1) + y(k-3),False
E1,SO,15,4510,9,0.9477017919998616,equal_calls,ops,1,0.6399999999999999,0.6399999999999999,0.8291572289498511,9.0,2.66775679418883e-16,2.7227928526362325e-16,2.7227928526362325e-16,True,True,u(k) + u(k)*y(k-1) + u(k-1) + y(k-1),False
E1,SO,16,4510,32,0.9916150830104016,equal_calls,ops,1,0.6399999999999999,0.6399999999999999,0.82885303893022,9.0,2.0223972475018847e-16,2.3458695068017613e-16,2.3458695068017613e-16,True,True,u(k) + u(k)*y(k-1) + y(k-1) + y(k-3),False
E1,SO,17,4510,28,0.877658833982423,equal_calls,ops,1,0.6399999999999998,0.6399999999999998,0.830519214273044,9.0,2.8615980537508145e-16,3.323602781771804e-16,3.323602781771804e-16,True,True,u(k) + u(k)*y(k-1) + u(k-2) + y(k-1),False
E1,SO,18,4510,10,1.1279836249887012,equal_calls,ops,1,0.5999999999999999,0.5999999999999999,0.7938722239011774,10.0,1.8620101791436382e-16,2.4149382677767686e-16,2.4149382677767686e-16,True,True,u(k) + u(k)*y(k-1) + u(k-2)*y(k-3) + y(k-1),False
E1,SO,19,4510,30,1.1599579589965288,equal_calls,ops,1,0.7199999999999999,0.7199999999999999,0.7557304298418553,7.0,2.349402361078631e-16,2.700813343538282e-16,2.700813343538282e-16,True,True,u(k) + u(k)*y(k-1) + y(k-1),False
E1,SO,20,4510,22,1.0072810419951566,equal_calls,ops,1,0.7199999999999999,0.7199999999999999,0.830519214273044,7.0,2.349402361078631e-16,2.700813343538282e-16,2.700813343538282e-16,True,True,u(k) + u(k)*y(k-1) + y(k-1),False
E1,SO,21,4510,27,1.0896004590031225,equal_calls,ops,1,0.5599999999999998,0.5599999999999998,0.788787502554325,11.0,2.8384502344729033e-16,3.048215388922267e-16,3.048215388922267e-16,True,True,u(k) + u(k)*u(k)*y(k-1) + u(k)*y(k-1) + y(k-1),False
E1,SO,22,4510,8,1.1069675000035204,equal_calls,ops,1,0.5599999999999999,0.5599999999999998,0.82885303893022,11.0,2.691791236302312e-16,3.260402014746928e-16,3.260402014746928e-16,True,True,u(k) + u(k)*y(k-1) + u(k-2) + y(k-1) + y(k-2),False
E1,SO,23,4510,27,1.0573290410102345,equal_calls,ops,1,0.43999999999999984,0.43999999999999984,0.7556653770760219,14.0,1.9180143101357917e-16,2.540337108856375e-16,2.540337108856375e-16,True,True,u(k) + u(k)*u(k)*y(k-1) + u(k)*y(k-1) + y(k-1) + y(k-1)*y(k-1),False
E1,SO,24,4510,24,0.9802391249977518,equal_calls,ops,1,0.6399999999999999,0.6399999999999999,0.82885303893022,9.0,1.8775131440216633e-16,2.1087021151122103e-16,2.1087021151122103e-16,True,True,u(k) + u(k)*y(k-1) + u(k-4) + y(k-1),False
E1,SO,25,4510,84,1.056727832998149,equal_calls,ops,1,0.5599999999999999,0.5599999999999999,0.82885303893022,11.0,2.304756423240201e-16,2.4491431876450457e-16,2.4491431876450457e-16,True,True,u(k) + u(k)*y(k-1) + u(k-2) + y(k-1) + y(k-2),False
E1,SO,26,4510,19,0.9266617920075078,equal_calls,ops,1,0.6399999999999999,0.6399999999999999,0.830519214273044,9.0,2.0223972475018847e-16,2.3458695068017613e-16,2.3458695068017613e-16,True,True,u(k) + u(k)*y(k-1) + y(k-1) + y(k-3),False
E1,SO,27,4510,9,0.919593333004741,equal_calls,ops,1,0.6399999999999999,0.6399999999999999,0.82885303893022,9.0,2.0223972475018847e-16,2.3458695068017613e-16,2.3458695068017613e-16,True,True,u(k) + u(k)*y(k-1) + y(k-1) + y(k-3),False
E1,SO,28,4510,24,0.9886932079971302,equal_calls,ops,1,0.6399999999999999,0.6399999999999999,0.8288530389302201,9.0,2.0223972475018847e-16,2.3458695068017613e-16,2.3458695068017613e-16,True,True,u(k) + u(k)*y(k-1) + y(k-1) + y(k-3),False
E1,SO,29,4510,29,0.9935932079970371,equal_calls,ops,1,0.6399999999999999,0.6399999999999999,0.7555692504066853,9.0,2.0223972475018847e-16,2.3458695068017613e-16,2.3458695068017613e-16,True,True,u(k) + u(k)*y(k-1) + y(k-1) + y(k-3),False
E2,Green,0,4510,9,1.9406222499965224,equal_calls,ops,8,0.8783935779498324,0.8722376136624417,0.8783935779498324,7.0,0.02332534380345164,0.0283362316288928,0.027974296687295605,False,False,u(k-1) + u(k-1)*y(k-2) + y(k-5),False
E2,Green,1,4510,1,1.9157850829942618,equal_calls,ops,7,0.8782721384600225,0.8721468995023112,0.8782721384600225,7.0,0.023325343803451686,0.028336231628892785,0.028034129279004835,False,False,u(k-1) + u(k-1)*y(k-2) + y(k-5),False
E2,Green,2,4510,3,1.96073558399803,equal_calls,ops,8,0.8784094223502235,0.8721951911365975,0.8784094223502235,7.0,0.023325343803451734,0.028336231628892785,0.028055878467765152,False,False,u(k-1) + u(k-1)*y(k-2) + y(k-5),False
E2,Green,3,4510,9,2.06905883300351,equal_calls,ops,8,0.8790808596557436,0.8743023423897742,0.8790808596557436,7.0,0.02332534380345166,0.028336231628892816,0.027974296687295574,False,False,u(k-1) + u(k-1)*y(k-2) + y(k-5),False
E2,Green,4,4510,7,2.1809057079954073,equal_calls,ops,8,0.878339300046615,0.8721778639251394,0.878339300046615,7.0,0.023325343803451786,0.028336231628892834,0.027974296687295588,False,False,u(k-1) + u(k-1)*y(k-2) + y(k-5),False
E2,Green,5,4510,4,1.895266083010938,equal_calls,ops,8,0.8783987019444232,0.8722462970416545,0.8783987019444232,7.0,0.02332534380345164,0.0283362316288928,0.027957597881117516,False,False,u(k-1) + u(k-1)*y(k-2) + y(k-5),False
E2,Green,6,4510,5,1.9885037080093753,equal_calls,ops,8,0.8779242117981937,0.872260142365837,0.8779242117981937,7.0,0.023325343803451557,0.02833623162889271,0.027974296687295615,False,False,u(k-1) + u(k-1)*y(k-2) + y(k-5),False
E2,Green,7,4510,5,2.2389976659906097,equal_calls,ops,8,0.8861198259030785,0.8805716506308024,0.8861198259030785,7.0,0.023325343803451717,0.028336231628892785,0.027974296687295508,False,False,u(k-1) + u(k-1)*y(k-2) + y(k-5),False
E2,Green,8,4510,6,2.011530624993611,equal_calls,ops,7,0.8783916833781873,0.8722298680551664,0.8783916833781873,7.0,0.023325343803451734,0.028336231628892785,0.027974296687295598,False,False,u(k-1) + u(k-1)*y(k-2) + y(k-5),False
E2,Green,9,4510,6,2.298280707997037,equal_calls,ops,7,0.8816936726700675,0.8775101088673228,0.8816936726700675,7.0,0.02332534380345171,0.028336231628892785,0.028055878467765197,False,False,u(k-1) + u(k-1)*y(k-2) + y(k-5),False
E2,Green,10,4510,6,2.1912581250071526,equal_calls,ops,8,0.8783459825275386,0.8721052381459687,0.8783459825275386,7.0,0.023558696020809712,0.028713772295473443,0.028055878467765263,False,False,u(k-1) + u(k-2)*y(k-2) + y(k-5),False
E2,Green,11,4510,10,2.0146077089884784,equal_calls,ops,7,0.8783474256447522,0.8721354413992953,0.8783474256447522,7.0,0.02332534380345159,0.028336231628892834,0.028055878467765152,False,False,u(k-1) + u(k-1)*y(k-2) + y(k-5),False
E2,Green,12,4510,7,2.0251462910091504,equal_calls,ops,8,0.8783981549020468,0.8721951911365975,0.8783981549020468,7.0,0.023325343803451703,0.028336231628892757,0.028055878467765156,False,False,u(k-1) + u(k-1)*y(k-2) + y(k-5),False
E2,Green,13,4510,8,2.188641666987678,equal_calls,ops,8,0.8790782066000564,0.8743309118245254,0.8790782066000564,7.0,0.023325343803451762,0.028336231628892816,0.02791935546662031,False,False,u(k-1) + u(k-1)*y(k-2) + y(k-5),False
E2,Green,14,4510,7,1.9851381249900442,equal_calls,ops,8,0.8790717835266321,0.8743188646817822,0.8790717835266321,7.0,0.023325343803451713,0.02833623162889276,0.027942523048818904,False,False,u(k-1) + u(k-1)*y(k-2) + y(k-5),False
E2,Green,15,4510,6,2.206917417002842,equal_calls,ops,8,0.8783065582168882,0.8721815814872793,0.8783065582168882,7.0,0.02332534380345166,0.028336231628892816,0.02796714752933447,False,False,u(k-1) + u(k-1)*y(k-2) + y(k-5),False
E2,Green,16,4510,8,2.2024655000132043,equal_calls,ops,8,0.8790817857544937,0.8743023423897743,0.8790817857544937,7.0,0.023325343803451644,0.028336231628892785,0.02797429668729562,False,False,u(k-1) + u(k-1)*y(k-2) + y(k-5),False
E2,Green,17,4510,1,1.9968837499909569,equal_calls,ops,8,0.8783939981428922,0.8722462970416542,0.8783939981428922,7.0,0.023325343803451734,0.02833623162889281,0.02795759788111758,False,False,u(k-1) + u(k-1)*y(k-2) + y(k-5),False
E2,Green,18,4510,5,1.991152290982427,equal_calls,ops,8,0.8793986117445741,0.8743307291776903,0.8793986117445741,7.0,0.023325343803451734,0.028336231628892785,0.02799182220411606,False,False,u(k-1) + u(k-1)*y(k-2) + y(k-5),False
E2,Green,19,4510,6,2.2133262090210337,equal_calls,ops,8,0.8783421481308253,0.8721942008037089,0.8783421481308253,7.0,0.02332534380345177,0.028336231628892813,0.027942879613123764,False,False,u(k-1) + u(k-1)*y(k-2) + y(k-5),False
E2,Green,20,4510,5,1.979143208998721,equal_calls,ops,8,0.8784080257609228,0.8721951911365975,0.8784080257609228,7.0,0.023325343803451647,0.02833623162889272,0.028055878467765208,False,False,u(k-1) + u(k-1)*y(k-2) + y(k-5),False
E2,Green,21,4510,3,2.010247917001834,equal_calls,ops,8,0.8803433598893845,0.8754573199885634,0.8803433598893845,7.0,0.02332534380345166,0.028336231628892785,0.028055878467765236,False,False,u(k-1) + u(k-1)*y(k-2) + y(k-5),False
E2,Green,22,4510,3,2.0865395410219207,equal_calls,ops,8,0.8791124507933429,0.8742599198639301,0.8791124507933429,7.0,0.02332534380345169,0.028336231628892802,0.028055878467765166,False,False,u(k-1) + u(k-1)*y(k-2) + y(k-5),False
E2,Green,23,4510,6,2.1331289170193486,equal_calls,ops,8,0.8809835168335559,0.8758792539414383,0.8809835168335559,7.0,0.023325343803451647,0.028336231628892723,0.028055878467765166,False,False,u(k-1) + u(k-1)*y(k-2) + y(k-5),False
E2,Green,24,4510,6,2.3763857499870937,equal_calls,ops,8,0.8781445334753349,0.8720864537219813,0.8781445334753349,9.0,0.023034048769632137,0.028127236116949353,0.028012512421825897,False,False,u(k-1) + u(k-1)*y(k-2) + y(k-2) + y(k-5),False
E2,Green,25,4510,5,2.229784124996513,equal_calls,ops,8,0.878358113838393,0.8721816241468052,0.878358113838393,7.0,0.023832338458578132,0.029240311556464994,0.02794287961312389,False,False,u(k-1) + u(k-1)*y(k-3) + y(k-5),False
E2,Green,26,4510,6,2.0695448750047944,equal_calls,ops,8,0.878287622302693,0.8720900074485568,0.878287622302693,9.0,0.02302613474571475,0.028055878467765197,0.028051303057781852,False,False,u(k-1) + u(k-1)*y(k-2) + y(k-4) + y(k-5),False
E2,Green,27,4510,6,2.101687749993289,equal_calls,ops,8,0.8868406211814577,0.8821052078653164,0.8868406211814577,7.0,0.02332534380345159,0.028336231628892834,0.028055878467765173,False,False,u(k-1) + u(k-1)*y(k-2) + y(k-5),False
E2,Green,28,4510,2,2.0176734999986365,equal_calls,ops,8,0.8784014351250765,0.872253950541011,0.8784014351250765,7.0,0.02332534380345167,0.02833623162889276,0.02794287961312381,False,False,u(k-1) + u(k-1)*y(k-2) + y(k-5),False
E2,Green,29,4510,3,2.2328559999878053,equal_calls,ops,8,0.878324542345035,0.8721943862171474,0.878324542345035,7.0,0.023325343803451682,0.028336231628892854,0.02794252304881899,False,False,u(k-1) + u(k-1)*y(k-2) + y(k-5),False
E2,MO-lex,0,4510,5,1.2071655410109088,equal_calls,ops,4,0.7022356417948475,0.698225830435735,0.7022356417948475,10.0,0.02287571165946057,0.028621296410020255,0.028439045742316746,False,False,u(k)*u(k-2) + u(k-1) + y(k-2)*y(k-2) + y(k-5),False
E2,MO-lex,1,4510,5,1.288303540990455,equal_calls,ops,5,0.7023170780821824,0.6986827593855197,0.7023170780821824,9.0,0.023026134745714653,0.028055878467765197,0.027974296687295588,False,False,u(k-1) + u(k-1)*y(k-2) + y(k-4) + y(k-5),False
E2,MO-lex,2,4510,23,1.1938293749990407,equal_calls,ops,3,0.7030236496014238,0.6993147500272441,0.7030236496014238,10.0,0.02297364109399289,0.028809424244161618,0.027942879613123903,False,False,u(k)*u(k-1) + u(k-1) + y(k-2)*y(k-2) + y(k-5),False
E2,MO-lex,3,4510,12,1.0539778329839464,equal_calls,ops,6,0.6608462259067983,0.6554429082396733,0.6608462259067983,10.0,0.022986966264847548,0.0281884447599459,0.028061057151065952,False,False,u(k-1) + u(k-1)*y(k-2) + y(k-2)*y(k-3) + y(k-5),False
E2,MO-lex,4,4510,15,1.1919219590199646,equal_calls,ops,4,0.701239033400467,0.6970101173163908,0.701239033400467,10.0,0.022875711659460545,0.028621296410020196,0.028495472197663872,False,False,u(k)*u(k-2) + u(k-1) + y(k-2)*y(k-2) + y(k-5),False
E2,MO-lex,5,4510,11,1.0420430829981342,equal_calls,ops,4,0.7030894481561402,0.6992472996233817,0.7030894481561402,10.0,0.023171405922430523,0.029159056587540748,0.02852788859250901,False,False,u(k)*u(k-1) + u(k-1) + y(k-2)*y(k-3) + y(k-5),False
E2,MO-lex,6,4510,17,1.0300598749890924,equal_calls,ops,4,0.6254108930639056,0.6221029971850439,0.6254108930639056,9.0,0.02302613474571482,0.028055878467765152,0.027942879613123753,False,False,u(k-1) + u(k-1)*y(k-2) + y(k-4) + y(k-5),False
E2,MO-lex,7,4510,28,1.2838840409822296,equal_calls,ops,5,0.7380541102525612,0.7338957311077321,0.7380541102525612,11.0,0.023036131774493075,0.0280374199234565,0.0280374199234565,False,False,u(k-1) + u(k-1)*y(k-2) + y(k-1) + y(k-4) + y(k-5),False
E2,MO-lex,8,4510,25,1.2430383750179317,equal_calls,ops,3,0.7033077468718898,0.6995243796491486,0.7033077468718898,9.0,0.023026134745714653,0.028055878467765197,0.028055878467765197,False,False,u(k-1) + u(k-1)*y(k-2) + y(k-4) + y(k-5),False
E2,MO-lex,9,4510,15,1.124168791982811,equal_calls,ops,5,0.7400283766321236,0.7354639602094721,0.7400283766321236,7.0,0.023325343803451734,0.02833623162889281,0.02794287961312382,False,False,u(k-1) + u(k-1)*y(k-2) + y(k-5),False
E2,MO-lex,10,4510,24,1.4435469169984572,equal_calls,ops,5,0.6608287139888142,0.6559040399838036,0.6608287139888142,10.0,0.022986966264847496,0.028188444759945874,0.02794287961312382,False,False,u(k-1) + u(k-1)*y(k-2) + y(k-2)*y(k-3) + y(k-5),False
E2,MO-lex,11,4510,17,1.2260510420019273,equal_calls,ops,3,0.625246731165281,0.6215887353983772,0.625246731165281,10.0,0.022875711659460483,0.028621296410020154,0.028495472197663657,False,True,u(k)*u(k-2) + u(k-1) + y(k-2)*y(k-2) + y(k-5),False
E2,MO-lex,12,4510,9,1.137063083006069,equal_calls,ops,4,0.7022900879254745,0.6984871310874989,0.7022900879254745,9.0,0.023539325117018176,0.028750982584347478,0.028037419923456482,False,False,u(k-1) + u(k-2)*y(k-2) + y(k-4) + y(k-5),False
E2,MO-lex,13,4510,15,1.3495611250109505,equal_calls,ops,4,0.703006515949461,0.6991924589278591,0.703006515949461,10.0,0.022986966264847565,0.02818844475994596,0.02818844475994596,False,False,u(k-1) + u(k-1)*y(k-2) + y(k-2)*y(k-3) + y(k-5),False
E2,MO-lex,14,4510,16,1.3406390000018291,equal_calls,ops,5,0.7341024968809368,0.7267652633257675,0.7341024968809368,9.0,0.023026134745714737,0.028055878467765253,0.027942879613123823,False,False,u(k-1) + u(k-1)*y(k-2) + y(k-4) + y(k-5),False
E2,MO-lex,15,4510,15,1.2272912499902304,equal_calls,ops,5,0.7025973432404659,0.6986948874653867,0.7025973432404659,9.0,0.02348106067974359,0.02899960310140295,0.028071444914599893,False,False,u(k)*y(k-3) + u(k-1) + y(k-3) + y(k-5),False
E2,MO-lex,16,4510,16,1.155444083007751,equal_calls,ops,4,0.6253424767417074,0.6222617032705632,0.6253424767417074,10.0,0.023012085763255943,0.02818268848553528,0.027716088639745107,False,False,u(k-1) + u(k-1)*y(k-2) + y(k-1)*y(k-3) + y(k-5),False
E2,MO-lex,17,4510,33,1.423563666001428,equal_calls,ops,6,0.7380397796748813,0.6998362840681709,0.7380397796748813,7.0,0.023325343803451557,0.02833623162889271,0.02794252304881898,False,False,u(k-1) + u(k-1)*y(k-2) + y(k-5),False
E2,MO-lex,18,4510,14,1.0382817909994628,equal_calls,ops,3,0.6253498763579532,0.6217146936423233,0.6253498763579532,10.0,0.02326109572883389,0.028946790859196353,0.028439045742316725,False,False,u(k)*y(k-2) + u(k-1) + y(k-2)*y(k-2) + y(k-5),False
E2,MO-lex,19,4510,12,1.3952913749963045,equal_calls,ops,6,0.671970927597131,0.6580306661154806,0.671970927597131,10.0,0.023012085763255842,0.02818268848553524,0.027800107337470525,False,False,u(k-1) + u(k-1)*y(k-2) + y(k-1)*y(k-3) + y(k-5),False
E2,MO-lex,20,4510,11,1.5904442920000292,equal_calls,ops,4,0.7035432988203949,0.6998360986547325,0.7035432988203949,7.0,0.02332534380345174,0.028336231628892795,0.02794287961312374,False,False,u(k-1) + u(k-1)*y(k-2) + y(k-5),False
E2,MO-lex,21,4510,15,1.2751501250022557,equal_calls,ops,4,0.6254090801132546,0.6221038671525944,0.6254090801132546,9.0,0.023026134745714598,0.028055878467765184,0.02794287961312378,False,False,u(k-1) + u(k-1)*y(k-2) + y(k-4) + y(k-5),False
E2,MO-lex,22,4510,15,1.4043232499971054,equal_calls,ops,4,0.7035635153005244,0.6997773392503188,0.7035635153005244,7.0,0.02332534380345173,0.02833623162889277,0.028055878467765197,False,False,u(k-1) + u(k-1)*y(k-2) + y(k-5),False
E2,MO-lex,23,4510,14,1.4340002499811817,equal_calls,ops,5,0.7405086895433168,0.7356369980886572,0.7405086895433168,7.0,0.02332534380345157,0.028336231628892795,0.027942879613123726,False,False,u(k-1) + u(k-1)*y(k-2) + y(k-5),False
E2,MO-lex,24,4510,12,1.2211099170090165,equal_calls,ops,3,0.6254259780987053,0.6218646341257447,0.6254259780987053,9.0,0.023337761608879976,0.028336509178523917,0.028336509178523917,False,False,u(k) + u(k-1) + u(k-1)*y(k-2) + y(k-5),False
E2,MO-lex,25,4510,14,1.1735155830101576,equal_calls,ops,5,0.6609577812915974,0.6572303772438602,0.6609577812915974,11.0,0.022955150475536177,0.028061057151065962,0.028061057151065962,False,False,u(k-1) + u(k-1)*y(k-2) + y(k-2) + y(k-4) + y(k-5),False
E2,MO-lex,26,4510,15,1.0673631250101607,equal_calls,ops,5,0.7032157754704368,0.6999513584276074,0.7032157754704368,10.0,0.023099546114794617,0.02815717361602156,0.027762630425478364,False,False,u(k)*y(k-1) + u(k-1) + u(k-1)*y(k-2) + y(k-5),False
E2,MO-lex,27,4510,20,1.2123828750045504,equal_calls,ops,6,0.7368305464366713,0.7311648845337518,0.7368305464366713,10.0,0.023012085763255974,0.028182688485535283,0.027762630425478337,False,False,u(k-1) + u(k-1)*y(k-2) + y(k-1)*y(k-3) + y(k-5),False
E2,MO-lex,28,4510,18,1.3909677499905229,equal_calls,ops,4,0.6622606065035548,0.6574588644741189,0.6622606065035548,10.0,0.022875711659460497,0.02862129641002024,0.028495472197663782,False,True,u(k)*u(k-2) + u(k-1) + y(k-2)*y(k-2) + y(k-5),False
E2,MO-lex,29,4510,7,1.2707395829784218,equal_calls,ops,5,0.6608762816314974,0.6553846862575279,0.6608762816314974,10.0,0.023096426351156597,0.028074039740755747,0.028074039740755747,False,False,u(k)*y(k-2) + u(k-1) + u(k-1)*y(k-2) + y(k-5),False
E2,Pareto-nodes,0,4510,5,2.159411917004036,equal_calls,ops,10,0.8115533694791356,0.8065818052114614,0.8780480595649255,11.0,0.022857487416344174,0.028071444914599866,0.028016866688640767,False,True,u(k-1) + u(k-1)*y(k-2) + u(k-2) + y(k-2) + y(k-5),False
E2,Pareto-nodes,1,4510,3,2.235457667004084,equal_calls,ops,11,0.8114710364558653,0.8067259243445439,0.877965862589131,11.0,0.022857487416344115,0.0280714449145998,0.027764795097075627,False,True,u(k-1) + u(k-1)*y(k-2) + u(k-2) + y(k-2) + y(k-5),False
E2,Pareto-nodes,2,4510,12,2.0208235419995617,equal_calls,ops,10,0.8114795014337265,0.8065948471169302,0.8779605742816236,11.0,0.022874653698973447,0.028016866688640733,0.028016866688640733,False,True,u(k) + u(k-1) + u(k-1)*y(k-2) + y(k-2) + y(k-5),False
E2,Pareto-nodes,3,4510,7,1.9570019579841755,equal_calls,ops,14,0.8115749821989993,0.8066335116362867,0.8780685512960434,11.0,0.022857487416344028,0.028071444914599883,0.027909725489832945,False,True,u(k-1) + u(k-1)*y(k-2) + u(k-2) + y(k-2) + y(k-5),False
E2,Pareto-nodes,4,4510,7,2.013145375007298,equal_calls,ops,12,0.8115741050792351,0.8066126249913734,0.8776554197468077,11.0,0.022857487416344042,0.028071444914599827,0.02795759788111758,False,True,u(k-1) + u(k-1)*y(k-2) + u(k-2) + y(k-2) + y(k-5),False
E2,Pareto-nodes,5,4510,6,1.980878416012274,equal_calls,ops,11,0.8115602087000067,0.8065840694302051,0.8780397192221792,11.0,0.022857487416344142,0.028071444914599918,0.02801251242182585,False,True,u(k-1) + u(k-1)*y(k-2) + u(k-2) + y(k-2) + y(k-5),False
E2,Pareto-nodes,6,4510,11,2.1980826249928214,equal_calls,ops,11,0.8115395900140665,0.8065818052114614,0.8780328538216078,11.0,0.02284985517876914,0.02810680335127587,0.028016866688640743,False,True,u(k-1) + u(k-1)*y(k-2) + u(k-3) + y(k-2) + y(k-5),False
E2,Pareto-nodes,7,4510,9,2.0248735829954967,equal_calls,ops,11,0.8115825985578805,0.8065849215462019,0.8780756824220417,11.0,0.02299584090096883,0.02801130180517587,0.02801130180517587,False,True,u(k) + u(k-1) + u(k-1)*y(k-2) + y(k-3) + y(k-5),False
E2,Pareto-nodes,8,4510,6,2.177495625015581,equal_calls,ops,10,0.811480876838679,0.8065823025826452,0.877968020566434,11.0,0.023186671040537524,0.02813210947687806,0.02800704537573092,False,True,u(k) + u(k-1) + u(k-1)*y(k-2) + y(k-1) + y(k-5),False
E2,Pareto-nodes,9,4510,4,1.9959536670066882,equal_calls,ops,11,0.8115625211083021,0.8065849215462018,0.8780420316304745,11.0,0.022857487416344087,0.028071444914599786,0.02801130180517582,False,True,u(k-1) + u(k-1)*y(k-2) + u(k-2) + y(k-2) + y(k-5),False
E2,Pareto-nodes,10,4510,7,2.124663791997591,equal_calls,ops,11,0.8115553979470932,0.8065818052114615,0.8776229593292969,11.0,0.022857487416344177,0.02807144491459992,0.0280168666886407,False,True,u(k-1) + u(k-1)*y(k-2) + u(k-2) + y(k-2) + y(k-5),False
E2,Pareto-nodes,11,4510,10,1.8918054169917013,equal_calls,ops,11,0.8115485503132533,0.8066018187383635,0.8780405518858702,11.0,0.02287465369897331,0.02801686668864068,0.02797837913690606,False,True,u(k) + u(k-1) + u(k-1)*y(k-2) + y(k-2) + y(k-5),False
E2,Pareto-nodes,12,4510,10,1.9555172919936012,equal_calls,ops,12,0.811573990175678,0.8067128824390754,0.8780678128900377,11.0,0.022857487416344177,0.02807144491459992,0.027764795097075575,False,True,u(k-1) + u(k-1)*y(k-2) + u(k-2) + y(k-2) + y(k-5),False
E2,Pareto-nodes,13,4510,6,1.944574291992467,equal_calls,ops,10,0.8114723782725175,0.8065948471169302,0.8779678910570885,11.0,0.022874653698973454,0.028016866688640736,0.028016866688640736,False,True,u(k) + u(k-1) + u(k-1)*y(k-2) + y(k-2) + y(k-5),False
E2,Pareto-nodes,14,4510,14,1.9430056670098566,equal_calls,ops,10,0.8115287348415346,0.8065818052114614,0.8780226317709893,11.0,0.02284985517876914,0.02810680335127587,0.02801686668864073,False,True,u(k-1) + u(k-1)*y(k-2) + u(k-3) + y(k-2) + y(k-5),False
E2,Pareto-nodes,15,4510,9,2.142154250002932,equal_calls,ops,12,0.8115741050792351,0.8066126249913735,0.8780536156014076,11.0,0.022857487416344087,0.028071444914599838,0.027957597881117558,False,True,u(k-1) + u(k-1)*y(k-2) + u(k-2) + y(k-2) + y(k-5),False
E2,Pareto-nodes,16,4510,5,1.9708459999819752,equal_calls,ops,12,0.811562676872054,0.8066204639041687,0.8780421873942263,11.0,0.022849855178769144,0.028106803351275748,0.027942523048818925,False,True,u(k-1) + u(k-1)*y(k-2) + u(k-3) + y(k-2) + y(k-5),False
E2,Pareto-nodes,17,4510,5,2.169895874976646,equal_calls,ops,10,0.8115354974064785,0.8065818052114614,0.8780287612140195,11.0,0.022857487416344056,0.028071444914599838,0.02801686668864073,False,True,u(k-1) + u(k-1)*y(k-2) + u(k-2) + y(k-2) + y(k-5),False
E2,Pareto-nodes,18,4510,5,1.9253076250024606,equal_calls,ops,11,0.8115882698829912,0.8065818052114614,0.8780878671749391,11.0,0.022849855178769033,0.02810680335127582,0.02801686668864069,False,True,u(k-1) + u(k-1)*y(k-2) + u(k-3) + y(k-2) + y(k-5),False
E2,Pareto-nodes,19,4510,5,2.3039439159911126,equal_calls,ops,11,0.8115553979470931,0.8067128824390755,0.8780492206614527,11.0,0.02285748741634409,0.028071444914599866,0.02776479509707557,False,True,u(k-1) + u(k-1)*y(k-2) + u(k-2) + y(k-2) + y(k-5),False
E2,Pareto-nodes,20,4510,4,2.060027750005247,equal_calls,ops,11,0.8115879645934881,0.8065818052114614,0.8780815336905323,11.0,0.022857487416344035,0.028071444914599876,0.028016866688640694,False,True,u(k-1) + u(k-1)*y(k-2) + u(k-2) + y(k-2) + y(k-5),False
E2,Pareto-nodes,21,4510,13,2.1137937910098117,equal_calls,ops,10,0.8115709828123123,0.8065818052114614,0.8780629843849289,11.0,0.022857487416344083,0.028071444914599838,0.02801686668864072,False,True,u(k-1) + u(k-1)*y(k-2) + u(k-2) + y(k-2) + y(k-5),False
E2,Pareto-nodes,22,4510,5,1.9226499999931548,equal_calls,ops,12,0.8115769507626269,0.8067128824390754,0.8776585707197024,11.0,0.022857487416344177,0.02807144491459992,0.027764795097075603,False,True,u(k-1) + u(k-1)*y(k-2) + u(k-2) + y(k-2) + y(k-5),False
E2,Pareto-nodes,23,4510,9,1.9903385840007104,equal_calls,ops,11,0.8115709828123122,0.8065818052114615,0.878069948986798,11.0,0.022857487416344142,0.028071444914599848,0.028016866688640733,False,True,u(k-1) + u(k-1)*y(k-2) + u(k-2) + y(k-2) + y(k-5),False
E2,Pareto-nodes,24,4510,10,2.206640625023283,equal_calls,ops,10,0.8115625211083021,0.8065818052114615,0.8780557849158432,11.0,0.022857487416344077,0.028071444914599772,0.02801686668864075,False,True,u(k-1) + u(k-1)*y(k-2) + u(k-2) + y(k-2) + y(k-5),False
E2,Pareto-nodes,25,4510,7,1.964815416984493,equal_calls,ops,12,0.8117341246125814,0.8067081446410631,0.8779403115209935,9.0,0.023205964836742452,0.02815047371190434,0.027967147529334418,False,True,u(k-1) + u(k-1)*y(k-2) + y(k-1) + y(k-5),False
E2,Pareto-nodes,26,4510,5,2.190541749994736,equal_calls,ops,11,0.8115366453837333,0.8067128824390754,0.8780299091912744,11.0,0.02285748741634409,0.028071444914599907,0.027764795097075603,False,True,u(k-1) + u(k-1)*y(k-2) + u(k-2) + y(k-2) + y(k-5),False
E2,Pareto-nodes,27,4510,11,1.9757724170049187,equal_calls,ops,11,0.8115881326972654,0.8066114731442362,0.8776694473648382,11.0,0.02285748741634411,0.028071444914599904,0.027959812971766015,False,True,u(k-1) + u(k-1)*y(k-2) + u(k-2) + y(k-2) + y(k-5),False
E2,Pareto-nodes,28,4510,5,2.2152284999901894,equal_calls,ops,11,0.8115799773683413,0.8066202784907303,0.8776475387505449,11.0,0.022857487416344056,0.028071444914599796,0.027942879613123753,False,True,u(k-1) + u(k-1)*y(k-2) + u(k-2) + y(k-2) + y(k-5),False
E2,Pareto-nodes,29,4510,5,1.9203647910035215,equal_calls,ops,11,0.8115533694791358,0.8065818052114615,0.8780498276626308,11.0,0.02285748741634412,0.02807144491459988,0.028016866688640733,False,True,u(k-1) + u(k-1)*y(k-2) + u(k-2) + y(k-2) + y(k-5),False
E2,Pareto-terms,0,4510,13,2.2758355410187505,equal_calls,ops,5,0.8780885541847512,0.8721041782331512,0.8781043906252382,7.0,0.02332534380345162,0.02833623162889279,0.028051303057781907,False,False,u(k-1) + u(k-1)*y(k-2) + y(k-5),False
E2,Pareto-terms,1,4510,7,2.2720375419885386,equal_calls,ops,5,0.8781393341953728,0.8719560153761736,0.8781523368169101,7.0,0.02332534380345164,0.028336231628892802,0.028336231628892802,False,False,u(k-1) + u(k-1)*y(k-2) + y(k-5),False
E2,Pareto-terms,2,4510,11,2.106347041000845,equal_calls,ops,5,0.8780573657750411,0.8719289919342469,0.8780950239023668,7.0,0.023832338458577934,0.029240311556465063,0.028200454713256294,False,False,u(k-1) + u(k-1)*y(k-3) + y(k-5),False
E2,Pareto-terms,3,4510,8,2.021862624998903,equal_calls,ops,5,0.8746113738631294,0.8711113991353789,0.8790720371439472,7.0,0.023325343803451644,0.028336231628892785,0.027942523048818942,False,False,u(k-1) + u(k-1)*y(k-2) + y(k-5),False
E2,Pareto-terms,4,4510,9,2.0329274579999037,equal_calls,ops,5,0.8781163852171909,0.8719560153761736,0.8781290825492251,7.0,0.023325343803451734,0.02833623162889281,0.02833623162889281,False,False,u(k-1) + u(k-1)*y(k-2) + y(k-5),False
E2,Pareto-terms,5,4510,9,2.0689457909902558,equal_calls,ops,5,0.8781104172668762,0.8719560153761737,0.8781231145989103,7.0,0.023325343803451578,0.028336231628892785,0.028336231628892785,False,False,u(k-1) + u(k-1)*y(k-2) + y(k-5),False
E2,Pareto-terms,6,4510,9,2.0424902499944437,equal_calls,ops,5,0.8779224787085852,0.8723524448738097,0.8779981822100787,10.0,0.022992736886624916,0.02820045471325632,0.027785635104398226,False,False,u(k-1) + u(k-1)*y(k-2) + y(k-3)*y(k-3) + y(k-5),False
E2,Pareto-terms,7,4510,10,2.3994757079926785,equal_calls,ops,5,0.8774892227033834,0.8722264999865017,0.8775053644333736,7.0,0.02332534380345164,0.028336231628892816,0.027974296687295612,False,False,u(k-1) + u(k-1)*y(k-2) + y(k-5),False
E2,Pareto-terms,8,4510,18,2.4208857089979574,equal_calls,ops,5,0.878104062612069,0.872155083699055,0.8781217462426927,7.0,0.023325343803451578,0.028336231628892785,0.02797429668729562,False,False,u(k-1) + u(k-1)*y(k-2) + y(k-5),False
E2,Pareto-terms,9,4510,5,2.450576374976663,equal_calls,ops,5,0.8781393341953727,0.8719560153761736,0.8781525904342252,7.0,0.02332534380345166,0.028336231628892816,0.028336231628892816,False,False,u(k-1) + u(k-1)*y(k-2) + y(k-5),False
E2,Pareto-terms,10,4510,18,2.148108499997761,equal_calls,ops,5,0.8780510680787503,0.871853779422523,0.8780720962872169,7.0,0.023558696020809584,0.0287137722954734,0.028401858342682742,False,False,u(k-1) + u(k-2)*y(k-2) + y(k-5),False
E2,Pareto-terms,11,4510,18,2.2267192080034874,equal_calls,ops,5,0.8833930035873185,0.8787144339973859,0.8852928251725157,7.0,0.023325343803451734,0.02833623162889281,0.02818844475994596,False,False,u(k-1) + u(k-1)*y(k-2) + y(k-5),False
E2,Pareto-terms,12,4510,12,2.0777512909844518,equal_calls,ops,5,0.8781046391653682,0.8721647278745325,0.8781220919711208,7.0,0.023325343803451633,0.028336231628892813,0.027957597881117548,False,False,u(k-1) + u(k-1)*y(k-2) + y(k-5),False
E2,Pareto-terms,13,4510,4,2.0647202089894563,equal_calls,ops,5,0.8781195646932894,0.8719560153761736,0.8781364844922079,7.0,0.023325343803451762,0.028336231628892816,0.028336231628892816,False,False,u(k-1) + u(k-1)*y(k-2) + y(k-5),False
E2,Pareto-terms,14,4510,11,2.401896166993538,equal_calls,ops,5,0.884933009343652,0.8810769457568868,0.8868286860341369,7.0,0.023325343803451675,0.028336231628892813,0.028336231628892813,False,False,u(k-1) + u(k-1)*y(k-2) + y(k-5),False
E2,Pareto-terms,15,4510,13,2.0901861659949645,equal_calls,ops,5,0.8761820975511985,0.8725427878943129,0.8806427608320164,7.0,0.023325343803451564,0.028336231628892716,0.028336231628892716,False,False,u(k-1) + u(k-1)*y(k-2) + y(k-5),False
E2,Pareto-terms,16,4510,8,2.3141162079991773,equal_calls,ops,5,0.8780955278202089,0.8721607438378121,0.8781119231675145,7.0,0.02332534380345174,0.02833623162889278,0.0279425230488189,False,False,u(k-1) + u(k-1)*y(k-2) + y(k-5),False
E2,Pareto-terms,17,4510,9,2.104793625010643,equal_calls,ops,5,0.883849477305085,0.8797345247439746,0.8857482931040228,7.0,0.023325343803451734,0.028336231628892754,0.027919355466620294,False,False,u(k-1) + u(k-1)*y(k-2) + y(k-5),False
E2,Pareto-terms,18,4510,7,2.292923208005959,equal_calls,ops,5,0.8780899040128609,0.8719560153761736,0.8781065185222765,7.0,0.02332534380345174,0.028336231628892795,0.028336231628892795,False,False,u(k-1) + u(k-1)*y(k-2) + y(k-5),False
E2,Pareto-terms,19,4510,7,2.0644308749760967,equal_calls,ops,5,0.8761741103260515,0.8727473309425128,0.8806345199895541,7.0,0.023325343803451644,0.028336231628892785,0.027942879613123823,False,False,u(k-1) + u(k-1)*y(k-2) + y(k-5),False
E2,Pareto-terms,20,4510,12,2.0676006670109928,equal_calls,ops,5,0.8781393341953728,0.8719560153761736,0.8781525904342254,7.0,0.02332534380345166,0.028336231628892816,0.028336231628892816,False,False,u(k-1) + u(k-1)*y(k-2) + y(k-5),False
E2,Pareto-terms,21,4510,5,1.9930359999998473,equal_calls,ops,5,0.8781100498047321,0.8721714205776244,0.8781279870526711,7.0,0.023325343803451686,0.02833623162889278,0.027942879613123743,False,False,u(k-1) + u(k-1)*y(k-2) + y(k-5),False
E2,Pareto-terms,22,4510,15,2.3895920409995597,equal_calls,ops,5,0.8772163565221147,0.8743067129732451,0.8816770198029326,7.0,0.023325343803451675,0.028336231628892785,0.02794252304881899,False,False,u(k-1) + u(k-1)*y(k-2) + y(k-5),False
E2,Pareto-terms,23,4510,8,2.350681916985195,equal_calls,ops,5,0.8881540756547371,0.8838384432170372,0.8890241892313927,7.0,0.023325343803451602,0.028336231628892743,0.028336231628892743,False,False,u(k-1) + u(k-1)*y(k-2) + y(k-5),False
E2,Pareto-terms,24,4510,7,2.2841859579784796,equal_calls,ops,5,0.8745777191777689,0.870998796559755,0.8790406983142857,7.0,0.023325343803451557,0.02833623162889271,0.02818268848553524,False,False,u(k-1) + u(k-1)*y(k-2) + y(k-5),False
E2,Pareto-terms,25,4510,12,2.0739662910054903,equal_calls,ops,5,0.8776312088311246,0.8722757834131408,0.87775364319501,10.0,0.02321321770263376,0.028334138057724185,0.027892109355327335,False,False,u(k)*y(k-1) + u(k-1) + u(k-2)*y(k-3) + y(k-5),False
E2,Pareto-terms,26,4510,9,2.136650707980152,equal_calls,ops,5,0.8781393341953728,0.8719560153761736,0.8781523368169099,7.0,0.02332534380345166,0.028336231628892816,0.028336231628892816,False,False,u(k-1) + u(k-1)*y(k-2) + y(k-5),False
E2,Pareto-terms,27,4510,11,2.0510413330048323,equal_calls,ops,5,0.8781100498047321,0.8721714205776244,0.8781277334353558,7.0,0.02332534380345166,0.02833623162889277,0.027942879613123823,False,False,u(k-1) + u(k-1)*y(k-2) + y(k-5),False
E2,Pareto-terms,28,4510,16,2.2602153339830693,equal_calls,ops,5,0.8781133591456513,0.8721778639251394,0.8781201050388261,7.0,0.023325343803451675,0.02833623162889278,0.027974296687295605,False,False,u(k-1) + u(k-1)*y(k-2) + y(k-5),False
E2,Pareto-terms,29,4510,5,2.5405036250012927,equal_calls,ops,5,0.884234563797028,0.8797055090447282,0.8861302404875128,7.0,0.02332534380345169,0.028336231628892802,0.027942879613123823,False,False,u(k-1) + u(k-1)*y(k-2) + y(k-5),False
E2,SO,0,4510,5,1.491529791004723,equal_calls,ops,1,0.5081776103484965,0.5052116962139953,0.7022356417948475,12.0,0.022735364714429853,0.028439045742316746,0.028439045742316746,False,False,u(k)*y(k-2) + u(k-1) + y(k-2) + y(k-2)*y(k-2) + y(k-5),False
E2,SO,1,4510,5,1.4609037920017727,equal_calls,ops,1,0.5081636359306865,0.5054533657226064,0.7023170780821824,12.0,0.02276223859483383,0.027974296687295588,0.027974296687295588,False,False,u(k-1) + u(k-1)*y(k-2) + y(k-3)*y(k-3) + y(k-4) + y(k-5),False
E2,SO,2,4510,23,1.7396855000115465,equal_calls,ops,1,0.5081696231233497,0.5054697026011756,0.7030236496014238,12.0,0.022750724762789186,0.027942879613123903,0.027942879613123903,False,False,u(k-1) + u(k-1)*y(k-2) + y(k-1)*y(k-3) + y(k-4) + y(k-5),False
E2,SO,3,4510,12,1.6821369170211256,equal_calls,ops,1,0.5081895454958173,0.5051823544572149,0.6608462259067983,12.0,0.022712412508043817,0.028495472197663716,0.028495472197663716,False,False,u(k)*u(k-2) + u(k-1) + y(k-2)*y(k-2) + y(k-4) + y(k-5),False
E2,SO,4,4510,15,1.3178547080024146,equal_calls,ops,1,0.5081895454958173,0.5051823544572148,0.701239033400467,12.0,0.022712412508043716,0.028495472197663872,0.028495472197663872,False,False,u(k)*u(k-2) + u(k-1) + y(k-2)*y(k-2) + y(k-4) + y(k-5),False
E2,SO,5,4510,11,1.2364449579908978,equal_calls,ops,1,0.5081777784522739,0.5051654979318954,0.7030894481561402,12.0,0.02273504143793509,0.02852788859250901,0.02852788859250901,False,False,u(k)*y(k-2) + u(k-1) + y(k-2) + y(k-2)*y(k-3) + y(k-5),False
E2,SO,6,4510,17,1.1996162910072599,equal_calls,ops,1,0.5081696231233496,0.5054697026011756,0.6254108930639056,12.0,0.022750724762789245,0.027942879613123753,0.027942879613123753,False,False,u(k-1) + u(k-1)*y(k-2) + y(k-1)*y(k-3) + y(k-4) + y(k-5),False
E2,SO,7,4510,28,1.3600288339948747,equal_calls,ops,1,0.5081777784522739,0.5051654979318952,0.7380541102525612,12.0,0.022735041437935043,0.028527888592509112,0.028527888592509112,False,False,u(k)*y(k-2) + u(k-1) + y(k-2) + y(k-2)*y(k-3) + y(k-5),False
E2,SO,8,4510,25,1.1294212919892743,equal_calls,ops,1,0.5081776103484964,0.5052116962139953,0.7033077468718898,12.0,0.022735364714429947,0.028439045742316746,0.028439045742316746,False,False,u(k)*y(k-2) + u(k-1) + y(k-2) + y(k-2)*y(k-2) + y(k-5),False
E2,SO,9,4510,15,1.229894541989779,equal_calls,ops,1,0.5081696231233496,0.5054697026011756,0.7400283766321236,12.0,0.02275072476278927,0.02794287961312382,0.02794287961312382,False,False,u(k-1) + u(k-1)*y(k-2) + y(k-1)*y(k-3) + y(k-4) + y(k-5),False
E2,SO,10,4510,24,1.343674166011624,equal_calls,ops,1,0.5081696231233496,0.5054697026011756,0.6608287139888142,12.0,0.022750724762789252,0.02794287961312382,0.02794287961312382,False,False,u(k-1) + u(k-1)*y(k-2) + y(k-1)*y(k-3) + y(k-4) + y(k-5),False
E2,SO,11,4510,17,1.2548087920004036,equal_calls,ops,1,0.5081895454958172,0.5051823544572149,0.625246731165281,12.0,0.02271241250804399,0.028495472197663657,0.028495472197663657,False,False,u(k)*u(k-2) + u(k-1) + y(k-2)*y(k-2) + y(k-4) + y(k-5),False
E2,SO,12,4510,9,1.1102989589853678,equal_calls,ops,1,0.5081895454958172,0.5051823544572148,0.7022900879254745,12.0,0.022712412508043865,0.028495472197663768,0.028495472197663768,False,False,u(k)*u(k-2) + u(k-1) + y(k-2)*y(k-2) + y(k-4) + y(k-5),False
E2,SO,13,4510,15,1.1264367910043802,equal_calls,ops,1,0.5081895454958172,0.5051823544572148,0.703006515949461,12.0,0.02271241250804397,0.028495472197663806,0.028495472197663806,False,False,u(k)*u(k-2) + u(k-1) + y(k-2)*y(k-2) + y(k-4) + y(k-5),False
E2,SO,14,4510,16,1.0776389999955427,equal_calls,ops,1,0.5081696231233496,0.5054697026011756,0.7341024968809368,12.0,0.022750724762789293,0.027942879613123823,0.027942879613123823,False,False,u(k-1) + u(k-1)*y(k-2) + y(k-1)*y(k-3) + y(k-4) + y(k-5),False
E2,SO,15,4510,15,1.2810642500116955,equal_calls,ops,1,0.5081776103484964,0.5052116962139953,0.7025973432404659,12.0,0.022735364714429936,0.028439045742316763,0.028439045742316763,False,False,u(k)*y(k-2) + u(k-1) + y(k-2) + y(k-2)*y(k-2) + y(k-5),False
E2,SO,16,4510,16,1.2463189580012113,equal_calls,ops,1,0.5081696231233496,0.5054697026011756,0.6253424767417074,12.0,0.022750724762789283,0.027942879613123882,0.027942879613123882,False,False,u(k-1) + u(k-1)*y(k-2) + y(k-1)*y(k-3) + y(k-4) + y(k-5),False
E2,SO,17,4510,33,1.094128875003662,equal_calls,ops,1,0.5081520173375593,0.5054698880146141,0.7380397796748813,12.0,0.022784582043155217,0.02794252304881898,0.02794252304881898,False,False,u(k-1) + u(k-1)*y(k-2) + y(k-2)*y(k-2) + y(k-4) + y(k-5),False
E2,SO,18,4510,14,1.094015834009042,equal_calls,ops,1,0.5081776103484964,0.5052116962139953,0.6253498763579532,12.0,0.022735364714429964,0.028439045742316725,0.028439045742316725,False,False,u(k)*y(k-2) + u(k-1) + y(k-2) + y(k-2)*y(k-2) + y(k-5),False
E2,SO,19,4510,12,1.2097853340092115,equal_calls,ops,1,0.5081895454958172,0.5051823544572148,0.671970927597131,12.0,0.0227124125080439,0.028495472197663824,0.028495472197663824,False,False,u(k)*u(k-2) + u(k-1) + y(k-2)*y(k-2) + y(k-4) + y(k-5),False
E2,SO,20,4510,11,1.047831749980105,equal_calls,ops,1,0.5081696231233497,0.5054697026011757,0.7035432988203949,12.0,0.022750724762789203,0.02794287961312374,0.02794287961312374,False,False,u(k-1) + u(k-1)*y(k-2) + y(k-1)*y(k-3) + y(k-4) + y(k-5),False
E2,SO,21,4510,15,1.0705037089937832,equal_calls,ops,1,0.5081696231233496,0.5054697026011756,0.6254090801132546,12.0,0.022750724762789352,0.02794287961312378,0.02794287961312378,False,False,u(k-1) + u(k-1)*y(k-2) + y(k-1)*y(k-3) + y(k-4) + y(k-5),False
E2,SO,22,4510,15,1.0810750000237022,equal_calls,ops,1,0.5081895454958171,0.5051823544572149,0.7035635153005244,12.0,0.022712412508044136,0.0284954721976637,0.0284954721976637,False,False,u(k)*u(k-2) + u(k-1) + y(k-2)*y(k-2) + y(k-4) + y(k-5),False
E2,SO,23,4510,14,1.1160990000062156,equal_calls,ops,1,0.5081696231233497,0.5054697026011757,0.7405086895433168,12.0,0.02275072476278919,0.027942879613123726,0.027942879613123726,False,False,u(k-1) + u(k-1)*y(k-2) + y(k-1)*y(k-3) + y(k-4) + y(k-5),False
E2,SO,24,4510,12,1.2939270000206307,equal_calls,ops,1,0.5081895454958172,0.5051823544572148,0.6254259780987053,12.0,0.022712412508043858,0.02849547219766375,0.02849547219766375,False,False,u(k)*u(k-2) + u(k-1) + y(k-2)*y(k-2) + y(k-4) + y(k-5),False
E2,SO,25,4510,14,1.2621926669962704,equal_calls,ops,1,0.5081895454958172,0.5051823544572149,0.6609577812915974,12.0,0.022712412508044014,0.02849547219766373,0.02849547219766373,False,False,u(k)*u(k-2) + u(k-1) + y(k-2)*y(k-2) + y(k-4) + y(k-5),False
E2,SO,26,4510,15,1.3071502080128994,equal_calls,ops,1,0.5081777784522739,0.5051654979318952,0.7032157754704368,12.0,0.022735041437935026,0.028527888592509126,0.028527888592509126,False,False,u(k)*y(k-2) + u(k-1) + y(k-2) + y(k-2)*y(k-3) + y(k-5),False
E2,SO,27,4510,20,1.1046098750084639,equal_calls,ops,1,0.5081696231233496,0.5054697026011756,0.7368305464366713,12.0,0.022750724762789273,0.027942879613123823,0.027942879613123823,False,False,u(k-1) + u(k-1)*y(k-2) + y(k-1)*y(k-3) + y(k-4) + y(k-5),False
E2,SO,28,4510,18,1.0979602500156034,equal_calls,ops,1,0.5081895454958172,0.5051823544572148,0.6622606065035548,12.0,0.022712412508043928,0.028495472197663782,0.028495472197663782,False,False,u(k)*u(k-2) + u(k-1) + y(k-2)*y(k-2) + y(k-4) + y(k-5),False
E2,SO,29,4510,7,1.0706234169774689,equal_calls,ops,1,0.5081776103484964,0.5052116962139953,0.6608762816314974,12.0,0.02273536471443003,0.02843904574231672,0.02843904574231672,False,False,u(k)*y(k-2) + u(k-1) + y(k-2) + y(k-2)*y(k-2) + y(k-5),False
E3,Green,0,4510,0,3.2740159169770777,equal_calls,ops,7,0.9304094405274268,0.8701935225915906,0.9304094405274268,14.0,0.012240749784319391,1.5321434210230462,0.07861862313831593,False,False,u(k-3) + u(k-4) + u(k-5) + u(k-8) + y(k-1) + y(k-6) + y(k-8),False
E3,Green,1,4510,0,3.2595185409882106,equal_calls,ops,8,0.9319392212680303,0.8676296203023193,0.9319392212680303,16.0,0.009694537528330709,1.4410116127193378,0.08133334320930895,False,False,u(k-3)*y(k-4)*y(k-5) + u(k-5) + u(k-7) + u(k-8) + y(k-1) + y(k-7) + y(k-8),False
E3,Green,2,4510,0,3.12230791701586,equal_calls,ops,8,0.9557834597401578,0.8933830274775352,0.9557834597401578,16.0,0.010148169030622415,1.3145192490673387,0.07861862313831601,False,False,u(k-3) + u(k-3)*u(k-6)*y(k-4) + u(k-5) + u(k-8) + y(k-1) + y(k-7) + y(k-8),False
E3,Green,3,4510,1,3.303076666983543,equal_calls,ops,9,0.9557104934186265,0.8933830274775352,0.9557104934186265,19.0,0.010216734309483437,1.3323004973569526,0.07861862313831597,False,False,u(k-2)*y(k-3)*y(k-3) + u(k-5) + u(k-7) + u(k-8) + y(k-1) + y(k-1)*y(k-1) + y(k-2) + y(k-8),False
E3,Green,4,4510,0,3.1986294999951497,equal_calls,ops,8,0.9315650699966819,0.8676296203023192,0.9315650699966819,16.0,0.010169110473061963,1.4307967602827873,0.08133334320930902,False,False,u(k-2)*u(k-3)*y(k-4) + u(k-5) + u(k-7) + u(k-8) + y(k-1) + y(k-2) + y(k-8),False
E3,Green,5,4510,0,3.1994397079979535,equal_calls,ops,8,0.9545589874988464,0.8977580526246742,0.9545589874988464,14.0,0.01186535061700835,1.4342685195813907,0.07398624357075696,False,False,u(k) + u(k-1) + u(k-2) + u(k-4) + y(k-1) + y(k-7) + y(k-8),False
E3,Green,6,4510,0,3.0852767920005135,equal_calls,ops,8,0.9562633261983443,0.8933830274775352,0.9562633261983443,16.0,0.009439492170230948,1.3209835660919624,0.07861862313831601,False,False,u(k-5)*y(k-4)*y(k-4) + u(k-6) + u(k-7) + u(k-8) + y(k-1) + y(k-7) + y(k-8),False
E3,Green,7,4510,1,2.7898170829867013,equal_calls,ops,10,0.9553059968436058,0.8933830274775352,0.9553059968436058,18.0,0.010808084475489647,1.1296222746245836,0.07861862313831591,False,False,u(k-3) + u(k-3)*y(k-2)*y(k-5) + u(k-6) + u(k-7) + y(k-1) + y(k-2) + y(k-7) + y(k-8),False
E3,Green,8,4510,0,2.996643333986867,equal_calls,ops,8,0.9556595642462765,0.8933830274775352,0.9556595642462765,16.0,0.010281311332839542,1.360151064416237,0.07861862313831593,False,False,u(k-3)*y(k-4)*y(k-4) + u(k-6) + u(k-7) + u(k-8) + y(k-1) + y(k-5) + y(k-8),False
E3,Green,9,4510,0,2.9886892909999005,equal_calls,ops,8,0.9558301575960853,0.8933830274775352,0.9558301575960853,16.0,0.010101848000992748,1.4152999059897167,0.07861862313831593,False,False,u(k-3)*u(k-5)*y(k-4) + u(k-5) + u(k-6) + u(k-8) + y(k-1) + y(k-6) + y(k-8),False
E3,Green,10,4510,0,3.0560588749940507,equal_calls,ops,8,0.9309746804102068,0.867629620302319,0.9309746804102068,19.0,0.01091198296235705,10.354339282428745,0.0813333432093092,False,False,u(k-2)*y(k-3)*y(k-4) + u(k-6) + u(k-7) + u(k-8) + y(k-1) + y(k-5)*y(k-5) + y(k-7) + y(k-8),False
E3,Green,11,4510,0,3.0690438330057077,equal_calls,ops,7,0.9313679067869887,0.8676296203023193,0.9313679067869887,16.0,0.010332731818022566,1.2638466646490751,0.08133334320930892,False,False,u(k-2)*u(k-5)*y(k-3) + u(k-4) + u(k-6) + u(k-8) + y(k-1) + y(k-2) + y(k-8),False
E3,Green,12,4510,0,3.1226172920141835,equal_calls,ops,7,0.9311922176414608,0.865682072889866,0.9311922176414608,16.0,0.01056886772677278,1.2487607958397393,0.0833954522342595,False,False,u(k-3) + u(k-3)*u(k-6)*y(k-4) + u(k-5) + u(k-6) + y(k-1) + y(k-7) + y(k-8),False
E3,Green,13,4510,1,2.8125227090204135,equal_calls,ops,8,0.9559415904122963,0.8933830274775352,0.9559415904122963,16.0,0.009908723983441711,1.2926707257455405,0.07861862313831593,False,False,u(k-3)*y(k-4)*y(k-6) + u(k-6) + u(k-7) + u(k-8) + y(k-1) + y(k-6) + y(k-8),False
E3,Green,14,4510,0,2.880960625014268,equal_calls,ops,9,0.9317353144265601,0.8676296203023195,0.9317353144265601,16.0,0.010045256620941285,1.4309455630588652,0.0813333432093087,False,False,u(k-2)*u(k-4)*y(k-3) + u(k-6) + u(k-7) + u(k-8) + y(k-1) + y(k-2) + y(k-8),False
E3,Green,15,4510,0,2.9753418340114877,equal_calls,ops,7,0.9543364276381493,0.8933830274775352,0.9543364276381493,14.0,0.011865350616759002,1.4245364143084573,0.07861862313831591,False,False,u(k) + u(k-1) + u(k-2) + u(k-3) + y(k-1) + y(k-7) + y(k-8),False
E3,Green,16,4510,0,3.1364310829958413,equal_calls,ops,6,0.9314114527009021,0.8676296203023194,0.9314114527009021,16.0,0.010298169731425336,1.2195527243283317,0.08133334320930885,False,False,u(k-3) + u(k-3)*y(k-4)*y(k-6) + u(k-7) + u(k-8) + y(k-1) + y(k-6) + y(k-8),False
E3,Green,17,4510,0,3.1885173750051763,equal_calls,ops,7,0.9543824749235578,0.8977580526246741,0.9543824749235578,14.0,0.011865350616996229,1.5929985885212954,0.07398624357075705,False,False,u(k-3) + u(k-5) + u(k-6) + u(k-8) + y(k-1) + y(k-7) + y(k-8),False
E3,Green,18,4510,1,3.306556666007964,equal_calls,ops,10,0.9561155555314601,0.8933830274775352,0.9561155555314601,16.0,0.010037560969769318,1.440488148518387,0.07861862313831591,False,False,u(k-1)*u(k-5)*y(k-4) + u(k-6) + u(k-7) + u(k-8) + y(k-1) + y(k-2) + y(k-8),False
E3,Green,19,4510,0,3.1614645829831716,equal_calls,ops,8,0.9552872594716012,0.8933830274775352,0.9552872594716012,16.0,0.010568631453558162,1.4081945296215865,0.07861862313831593,False,False,u(k-4) + u(k-5) + u(k-5)*y(k-2)*y(k-4) + u(k-8) + y(k-1) + y(k-7) + y(k-8),False
E3,Green,20,4510,0,3.036575709003955,equal_calls,ops,7,0.9318679581183406,0.8701935225915906,0.9318679581183406,16.0,0.010216265439512113,1.3388568980842235,0.07861862313831597,False,False,u(k-3)*u(k-3)*y(k-3) + u(k-4) + u(k-7) + u(k-8) + y(k-1) + y(k-2) + y(k-8),False
E3,Green,21,4510,0,3.0864195419999305,equal_calls,ops,8,0.9557564464957539,0.8933830274775352,0.9557564464957539,16.0,0.01017022874497065,1.3087662775637063,0.07861862313831593,False,False,u(k-4)*y(k-2)*y(k-2) + u(k-5) + u(k-7) + u(k-8) + y(k-1) + y(k-2) + y(k-8),False
E3,Green,22,4510,0,3.3840474999742582,equal_calls,ops,9,0.9559444175517173,0.8933830274775352,0.9559444175517173,20.0,0.009554323763703665,1.4623610430250087,0.07861862313831593,False,False,u(k) + u(k)*u(k)*u(k-2)*y(k-1)*y(k-2) + u(k-2) + u(k-3) + u(k-5) + y(k-1) + y(k-10) + y(k-8),False
E3,Green,23,4510,1,3.2272817910125013,equal_calls,ops,8,0.9313245167582657,0.8676296203023187,0.9313245167582657,16.0,0.010511308331507365,1.2268967061082292,0.08133334320930967,False,False,u(k-3) + u(k-3)*u(k-3)*u(k-5) + u(k-5) + u(k-8) + y(k-1) + y(k-2) + y(k-8),False
E3,Green,24,4510,1,3.2814255410048645,equal_calls,ops,8,0.9559476291291479,0.8933830274775352,0.9559476291291479,16.0,0.00997164562969486,1.4538423142133703,0.07861862313831593,False,False,u(k-3)*u(k-5)*y(k-4) + u(k-5) + u(k-7) + u(k-8) + y(k-1) + y(k-6) + y(k-8),False
E3,Green,25,4510,0,2.913982958998531,equal_calls,ops,7,0.9544558315465926,0.8933830274775352,0.9544558315465926,12.0,0.012250872585152353,3.963967766709594,0.07861862313831601,False,False,u(k-5) + u(k-7) + u(k-8) + y(k-1) + y(k-2) + y(k-7),False
E3,Green,26,4510,2,3.572251125006005,equal_calls,ops,7,0.9321409494727629,0.8701935225915906,0.9321409494727629,16.0,0.009856425370688184,1.4047718996223197,0.0786186231383159,False,False,u(k-3)*y(k-4)*y(k-5) + u(k-5) + u(k-6) + u(k-8) + y(k-1) + y(k-7) + y(k-8),False
E3,Green,27,4510,0,3.342987708019791,equal_calls,ops,8,0.9550069012327732,0.8933830274775352,0.9550069012327732,14.0,0.011150322769435344,2.3969439364593192,0.07861862313831591,False,False,u(k-6) + u(k-7) + u(k-8) + y(k-1) + y(k-2) + y(k-3) + y(k-8),False
E3,Green,28,4510,0,2.994180666981265,equal_calls,ops,8,0.9545779898582187,0.8933830274775352,0.9545779898582187,14.0,0.011865350616893849,1.4245364143143138,0.07861862313831591,False,False,u(k) + u(k-1) + u(k-2) + u(k-3) + y(k-1) + y(k-7) + y(k-8),False
E3,Green,29,4510,0,3.2260314589948393,equal_calls,ops,7,0.9550584685604291,0.8933830274775352,0.9550584685604291,14.0,0.01115032276956606,2.3969439364639524,0.07861862313831593,False,False,u(k-6) + u(k-7) + u(k-8) + y(k-1) + y(k-2) + y(k-3) + y(k-8),False
E3,MO-lex,0,4510,0,1.96874954199302,equal_calls,ops,3,0.7810578619849,0.0,0.7810578619849,16.0,0.010039370722494428,1.4114130381953272,1.4114130381953272,False,False,u(k-3)*u(k-3)*y(k-3) + u(k-6) + u(k-7) + u(k-8) + y(k-1) + y(k-2) + y(k-8),False
E3,MO-lex,1,4510,2,1.7269602919986937,equal_calls,ops,2,0.7976127994426776,0.0,0.7976127994426776,16.0,0.009788352480229977,1.3685669607668864,1.3685669607668864,False,False,u(k-4)*y(k-4)*y(k-4) + u(k-5) + u(k-6) + u(k-8) + y(k-1) + y(k-7) + y(k-8),False
E3,MO-lex,2,4510,0,1.9599421659950167,equal_calls,ops,4,0.8247517916683426,0.0,0.8247517916683426,16.0,0.009836633643372604,1.2543238892233024,1.2522088427975897,False,False,u(k-5) + u(k-5)*y(k-4)*y(k-4) + u(k-6) + u(k-7) + y(k-1) + y(k-7) + y(k-8),False
E3,MO-lex,3,4510,1,1.706031334004365,equal_calls,ops,3,0.7972991275116788,0.0,0.7972991275116788,16.0,0.010039370717658593,1.4114130377786807,1.3937274818636392,False,False,u(k-3)*u(k-3)*y(k-3) + u(k-6) + u(k-7) + u(k-8) + y(k-1) + y(k-2) + y(k-8),False
E3,MO-lex,4,4510,0,1.6511452500126325,equal_calls,ops,4,0.7974228747250344,0.0,0.7974228747250344,16.0,0.010079715783236963,1.4073547064290304,1.3847582396988163,False,False,u(k-3)*y(k-2)*y(k-2) + u(k-6) + u(k-7) + u(k-8) + y(k-1) + y(k-2) + y(k-8),False
E3,MO-lex,5,4510,1,2.3497705000045244,equal_calls,ops,3,0.7973881187042071,0.0,0.7973881187042071,16.0,0.010074341668348665,1.339835537085711,1.318735813192184,False,False,u(k-3)*y(k-2)*y(k-3) + u(k-6) + u(k-7) + u(k-8) + y(k-1) + y(k-2) + y(k-8),False
E3,MO-lex,6,4510,0,2.352873499999987,equal_calls,ops,4,0.797335213386427,0.5760260579090576,0.797335213386427,16.0,0.009473659734333303,1.4670512654174257,0.28493316949220443,False,False,u(k-3)*u(k-6)*y(k-4) + u(k-6) + u(k-7) + u(k-8) + y(k-1) + y(k-7) + y(k-8),False
E3,MO-lex,7,4510,1,2.321332749997964,equal_calls,ops,5,0.7840327795546731,0.6810671429902496,0.7840327795546731,20.0,0.008654651609147187,1.1706935881100962,0.13970466148600044,False,False,u(k)*y(k-1)*y(k-6) + u(k-3)*u(k-3)*y(k-2) + u(k-6) + u(k-7) + u(k-8) + y(k-1) + y(k-4) + y(k-9),False
E3,MO-lex,8,4510,1,1.8617254159762524,equal_calls,ops,5,0.8243678358742318,0.7650413454408588,0.8243678358742318,16.0,0.009473659732928748,1.4670512654674763,0.0794053217908047,False,False,u(k-3)*u(k-6)*y(k-4) + u(k-6) + u(k-7) + u(k-8) + y(k-1) + y(k-7) + y(k-8),False
E3,MO-lex,9,4510,0,1.934317999985069,equal_calls,ops,5,0.8244912935858778,0.0,0.8244912935858778,16.0,0.010266056857211795,1.299601640550438,1.299601640550438,False,False,u(k-3)*u(k-3)*u(k-5) + u(k-5) + u(k-6) + u(k-7) + y(k-1) + y(k-2) + y(k-8),False
E3,MO-lex,10,4510,0,1.8462083330086898,equal_calls,ops,5,0.7223950933803148,0.3599670560596355,0.7223950933803148,21.0,0.007795726488644577,0.5000326217763083,0.5000326217763083,False,False,u(k)*u(k)*u(k-2) + u(k-1)*u(k-2)*u(k-2) + u(k-1)*u(k-2)*u(k-4) + u(k-3) + u(k-5) + y(k-3)*y(k-6) + y(k-6),False
E3,MO-lex,11,4510,9,2.434863417001907,equal_calls,ops,2,0.7163717324771421,0.5604233690336732,0.7163717324771421,20.0,0.008384216593913382,1.5731477329613914,0.15936494644949042,False,False,u(k)*u(k)*u(k) + u(k)*u(k-3)*y(k-1) + u(k-2) + u(k-2)*u(k-5)*y(k-3) + u(k-7) + y(k-5) + y(k-8),False
E3,MO-lex,12,4510,1,2.228247959021246,equal_calls,ops,3,0.7972920532376917,0.0,0.7972920532376917,16.0,0.010045256624799024,1.4309455630478096,1.413237231933367,False,False,u(k-2)*u(k-4)*y(k-3) + u(k-6) + u(k-7) + u(k-8) + y(k-1) + y(k-2) + y(k-8),False
E3,MO-lex,13,4510,1,1.7225505409878679,equal_calls,ops,5,0.7965856756933456,0.0,0.7965856756933456,19.0,0.009460083222009934,1.4978106212189835,1.2914595046165889,False,False,u(k-3)*u(k-6)*y(k-4) + u(k-6) + u(k-7) + u(k-8) + y(k-1) + y(k-5)*y(k-5) + y(k-7) + y(k-8),False
E3,MO-lex,14,4510,0,2.3485657919954974,equal_calls,ops,4,0.8758332312745428,0.8025542282307918,0.8758332312745428,14.0,0.011865350616789182,1.424536414312042,0.09154445486372437,False,False,u(k) + u(k-1) + u(k-2) + u(k-3) + y(k-1) + y(k-7) + y(k-8),False
E3,MO-lex,15,4510,0,2.2417447500047274,equal_calls,ops,3,0.7582568917594662,0.48443734129092797,0.7582568917594662,20.0,0.007221068130828746,1.0777152814237663,0.35408354494542943,False,False,u(k-1)*u(k-1)*y(k-7) + u(k-3) + u(k-3)*u(k-3)*y(k-4) + u(k-8) + u(k-9) + y(k-1) + y(k-10) + y(k-5),False
E3,MO-lex,16,4510,0,2.1471324170124717,equal_calls,ops,2,0.7978339930881431,0.0,0.7978339930881431,16.0,0.009489652131252179,1.3737644606081234,1.3737644606081234,False,False,u(k-3)*y(k-4)*y(k-6) + u(k-6) + u(k-7) + u(k-8) + y(k-1) + y(k-7) + y(k-8),False
E3,MO-lex,17,4510,1,2.6754989170003682,equal_calls,ops,4,0.824921865821315,0.0,0.824921865821315,16.0,0.010045256621092331,1.4309455630836678,1.4132372314242998,False,False,u(k-2)*u(k-4)*y(k-3) + u(k-6) + u(k-7) + u(k-8) + y(k-1) + y(k-2) + y(k-8),False
E3,MO-lex,18,4510,0,2.0748754999949597,equal_calls,ops,2,0.7977858522786169,0.0,0.7977858522786169,16.0,0.009565855976881284,1.474250042250113,1.474250042250113,False,False,u(k-3)*y(k-4)*y(k-5) + u(k-6) + u(k-7) + u(k-8) + y(k-1) + y(k-7) + y(k-8),False
E3,MO-lex,19,4510,0,2.2966896669822745,equal_calls,ops,4,0.8252922733160116,0.0,0.8252922733160116,16.0,0.009473659733035489,1.4670512654687449,1.4670512654687449,False,False,u(k-3)*u(k-6)*y(k-4) + u(k-6) + u(k-7) + u(k-8) + y(k-1) + y(k-7) + y(k-8),False
E3,MO-lex,20,4510,0,2.524237458012067,equal_calls,ops,3,0.8248038310993573,0.0,0.8248038310993573,16.0,0.010083309212071984,1.3814531183213783,1.3814531183213783,False,False,u(k-3)*u(k-3)*u(k-5) + u(k-5) + u(k-7) + u(k-8) + y(k-1) + y(k-2) + y(k-8),False
E3,MO-lex,21,4510,0,2.542120584024815,equal_calls,ops,3,0.7715425215484807,0.4316410779658481,0.7715425215484807,20.0,0.007737156957317227,1.1192204615298393,0.4244785627122026,False,False,u(k)*u(k)*y(k-7) + u(k-1)*u(k-4)*y(k-2) + u(k-7) + u(k-8) + u(k-9) + y(k-1) + y(k-4) + y(k-8),False
E3,MO-lex,22,4510,1,2.3780510410142597,equal_calls,ops,2,0.8500827271029234,0.0,0.8500827271029234,14.0,0.01186535061655441,1.4245364143079842,1.2025204217894379,False,False,u(k) + u(k-1) + u(k-2) + u(k-3) + y(k-1) + y(k-7) + y(k-8),False
E3,MO-lex,23,4510,12,2.7900274169805925,equal_calls,ops,3,0.7709988318532393,0.7027210667150415,0.7709988318532393,18.0,0.007036814935489782,0.06446755592298278,0.06295452017153055,False,False,u(k)*u(k)*y(k-1) + u(k-1)*u(k-1)*y(k-1) + u(k-1)*u(k-4)*y(k-3) + u(k-4) + u(k-5) + y(k-1),False
E3,MO-lex,24,4510,2,2.589939666999271,equal_calls,ops,4,0.824770355375534,0.0,0.824770355375534,16.0,0.009473659732476394,1.4670512654698473,1.4670512654698473,False,False,u(k-3)*u(k-6)*y(k-4) + u(k-6) + u(k-7) + u(k-8) + y(k-1) + y(k-7) + y(k-8),False
E3,MO-lex,25,4510,0,1.8894530410179868,equal_calls,ops,4,0.8245022613134549,0.5488694700245627,0.8245022613134549,16.0,0.010074341671290751,1.3398355368559265,0.3413566359705248,False,False,u(k-3)*y(k-2)*y(k-3) + u(k-6) + u(k-7) + u(k-8) + y(k-1) + y(k-2) + y(k-8),False
E3,MO-lex,26,4510,1,2.461466917011421,equal_calls,ops,3,0.7974035904528044,0.0,0.7974035904528044,16.0,0.010034676427392636,1.4181047658819748,1.4181047658819748,False,False,u(k-3)*u(k-4)*y(k-2) + u(k-6) + u(k-7) + u(k-8) + y(k-1) + y(k-2) + y(k-8),False
E3,MO-lex,27,4510,0,2.486302250006702,equal_calls,ops,3,0.7978579730809876,0.0,0.7978579730809876,16.0,0.009511896744697497,1.4296840167920426,1.4296840167920426,False,False,u(k-4)*y(k-4)*y(k-4) + u(k-6) + u(k-7) + u(k-8) + y(k-1) + y(k-7) + y(k-8),False
E3,MO-lex,28,4510,0,2.1126087500015274,equal_calls,ops,3,0.8499131934211779,0.0,0.8499131934211779,14.0,0.011865350616708974,1.5473864518772669,1.5473864518772669,False,False,u(k-3) + u(k-4) + u(k-5) + u(k-6) + y(k-1) + y(k-7) + y(k-8),False
E3,MO-lex,29,4510,1,2.1057370000053197,equal_calls,ops,2,0.7977835238838984,0.0,0.7977835238838984,16.0,0.009529496275490932,,1.4655813557904531,False,False,u(k-6) + u(k-7) + u(k-8) + y(k-1) + y(k-4)*y(k-4)*y(k-4) + y(k-7) + y(k-8),True
E3,Pareto-nodes,0,4510,0,2.7749825829814654,equal_calls,ops,15,0.9305419344321469,0.8676296203023193,0.9308979598460239,16.0,0.01004268089132869,1.371472885306109,0.08133334320930895,False,False,u(k-2)*u(k-5)*y(k-3) + u(k-6) + u(k-7) + u(k-8) + y(k-1) + y(k-2) + y(k-8),False
E3,Pareto-nodes,1,4510,1,3.0766425830079243,equal_calls,ops,13,0.9298644531017438,0.8676296203023194,0.9298921744225449,16.0,0.011155701349465584,1.3181635508748608,0.08133334320930882,False,False,u(k) + u(k-2)*u(k-3)*y(k-3) + u(k-6) + u(k-8) + y(k-1) + y(k-2) + y(k-8),False
E3,Pareto-nodes,2,4510,0,3.0550242499739397,equal_calls,ops,11,0.9291347301778049,0.8676296203023196,0.9536443981143463,14.0,0.011865350617236271,1.4528658292621515,0.08133334320930864,False,False,u(k) + u(k-2) + u(k-3) + u(k-4) + y(k-1) + y(k-7) + y(k-8),False
E3,Pareto-nodes,3,4510,0,3.0831490000127815,equal_calls,ops,13,0.9295644534142327,0.8676296203023194,0.9540197901792898,14.0,0.011865350617169082,1.510805559431249,0.08133334320930882,False,False,u(k) + u(k-2) + u(k-5) + u(k-7) + y(k-1) + y(k-7) + y(k-8),False
E3,Pareto-nodes,4,4510,0,3.0452995829982683,equal_calls,ops,10,0.929134730177925,0.8676296203023188,0.9295001505905682,14.0,0.011865350617026657,1.4565616308330942,0.08133334320930936,False,False,u(k) + u(k-1) + u(k-2) + u(k-6) + y(k-1) + y(k-7) + y(k-8),False
E3,Pareto-nodes,5,4510,1,2.753741082997294,equal_calls,ops,10,0.9287372172215829,0.867629620302319,0.9291092562428483,14.0,0.011865350617060543,1.5189111260114148,0.08133334320930916,False,False,u(k) + u(k-4) + u(k-5) + u(k-6) + y(k-1) + y(k-7) + y(k-8),False
E3,Pareto-nodes,6,4510,0,3.2261463750037365,equal_calls,ops,9,0.9292791489153633,0.8680298462682441,0.9533778480569718,14.0,0.011865350616968608,1.4245364143107146,0.08090957453950622,False,False,u(k) + u(k-1) + u(k-2) + u(k-3) + y(k-1) + y(k-7) + y(k-8),False
E3,Pareto-nodes,7,4510,1,2.86586329198326,equal_calls,ops,9,0.92920858477922,0.8676296203023195,0.9292363061000385,14.0,0.011865350616767016,1.424536414309211,0.08133334320930871,False,False,u(k) + u(k-1) + u(k-2) + u(k-3) + y(k-1) + y(k-7) + y(k-8),False
E3,Pareto-nodes,8,4510,0,3.1693250839889515,equal_calls,ops,9,0.9288187721071545,0.8676296203023195,0.929681420811412,14.0,0.011865350616728764,1.4245364143112071,0.0813333432093087,False,False,u(k) + u(k-1) + u(k-2) + u(k-3) + y(k-1) + y(k-7) + y(k-8),False
E3,Pareto-nodes,9,4510,0,3.026553999981843,equal_calls,ops,13,0.9299261850723229,0.8680298462682441,0.9542036412396673,16.0,0.01106880876555413,1.1935312738040122,0.08090957453950622,False,False,u(k-2)*u(k-4)*y(k-3) + u(k-3) + u(k-5) + u(k-6) + y(k-1) + y(k-2) + y(k-8),False
E3,Pareto-nodes,10,4510,0,3.0052144580113236,equal_calls,ops,10,0.928818772106773,0.867629620302319,0.9292912469730619,14.0,0.01186535061720518,1.4546166097087225,0.0813333432093092,False,False,u(k) + u(k-1) + u(k-3) + u(k-5) + y(k-1) + y(k-7) + y(k-8),False
E3,Pareto-nodes,11,4510,0,3.050870874983957,equal_calls,ops,14,0.9296766566804952,0.867629620302319,0.9297043780013043,16.0,0.011263543886542375,1.0874038205225713,0.0813333432093092,False,False,u(k) + u(k-3)*u(k-3)*y(k-6) + u(k-6) + u(k-7) + y(k-1) + y(k-2) + y(k-8),False
E3,Pareto-nodes,12,4510,0,2.99028774999897,equal_calls,ops,10,0.92897674403042,0.8680298462682441,0.9530716887882501,14.0,0.01224074978448037,1.4095959796661124,0.08090957453950616,False,False,u(k) + u(k-1) + u(k-3) + u(k-4) + y(k-1) + y(k-6) + y(k-8),False
E3,Pareto-nodes,13,4510,0,2.613416666019475,equal_calls,ops,10,0.9287372172217471,0.8676296203023195,0.928959033618745,14.0,0.011865350616861637,1.473012198253683,0.0813333432093087,False,False,u(k-1) + u(k-2) + u(k-3) + u(k-5) + y(k-1) + y(k-7) + y(k-8),False
E3,Pareto-nodes,14,4510,0,3.0548972499964293,equal_calls,ops,13,0.9295294445108782,0.8676296203023195,0.9301825789446032,16.0,0.011141594767133963,1.0126459642318393,0.08133334320930877,False,False,u(k-2) + u(k-3)*y(k-4)*y(k-4) + u(k-6) + u(k-7) + y(k-1) + y(k-2) + y(k-8),False
E3,Pareto-nodes,15,4510,0,2.9466521670110524,equal_calls,ops,10,0.9287372172220135,0.8676296203023195,0.9293462523997414,14.0,0.011865350616536489,1.4617509145611625,0.08133334320930871,False,False,u(k-1) + u(k-2) + u(k-3) + u(k-4) + y(k-1) + y(k-7) + y(k-8),False
E3,Pareto-nodes,16,4510,1,3.07800245800172,equal_calls,ops,10,0.9292085847795236,0.8676296203023189,0.9295701489014079,14.0,0.011865350616394823,1.4245364143095023,0.08133334320930924,False,False,u(k) + u(k-1) + u(k-2) + u(k-3) + y(k-1) + y(k-7) + y(k-8),False
E3,Pareto-nodes,17,4510,0,2.8334279999835417,equal_calls,ops,11,0.9292085847789879,0.8676296203023198,0.9294958399292154,14.0,0.011865350617047842,1.452865829263168,0.08133334320930843,False,False,u(k) + u(k-2) + u(k-3) + u(k-4) + y(k-1) + y(k-7) + y(k-8),False
E3,Pareto-nodes,18,4510,0,3.267280000000028,equal_calls,ops,15,0.929411371702651,0.8676296203023194,0.930151206075951,16.0,0.011466408855779979,1.0425688821878254,0.08133334320930882,False,False,u(k-2) + u(k-3)*y(k-2)*y(k-4) + u(k-5) + u(k-6) + y(k-1) + y(k-2) + y(k-8),False
E3,Pareto-nodes,19,4510,0,2.8128242919920012,equal_calls,ops,11,0.929216285063185,0.8676296203023194,0.953247345607319,14.0,0.011865350617069323,1.4245364143096149,0.08133334320930882,False,False,u(k) + u(k-1) + u(k-2) + u(k-3) + y(k-1) + y(k-7) + y(k-8),False
E3,Pareto-nodes,20,4510,0,3.0067495410039555,equal_calls,ops,10,0.9291347301780876,0.8676296203023193,0.9293504777902039,14.0,0.011865350616819035,1.4245364143134607,0.08133334320930895,False,False,u(k) + u(k-1) + u(k-2) + u(k-3) + y(k-1) + y(k-7) + y(k-8),False
E3,Pareto-nodes,21,4510,0,3.166286207997473,equal_calls,ops,13,0.9300000505151249,0.8676296203023194,0.9301072875325329,16.0,0.010866102771954251,1.4154531407343445,0.08133334320930885,False,False,u(k-3) + u(k-3)*u(k-3)*u(k-3) + u(k-5) + u(k-7) + y(k-1) + y(k-2) + y(k-8),False
E3,Pareto-nodes,22,4510,0,3.186820082977647,equal_calls,ops,10,0.929736610430552,0.8676296203023199,0.9297831710684338,18.0,0.011062843613551882,1.2114047907777283,0.08133334320930832,False,False,u(k) + u(k-1) + u(k-2) + u(k-3) + u(k-3)*y(k-4)*y(k-6) + y(k-1) + y(k-7) + y(k-8),False
E3,Pareto-nodes,23,4510,0,3.014813999994658,equal_calls,ops,11,0.9287372172217294,0.8676296203023187,0.9291092562429994,14.0,0.011865350616877235,1.4730121982537272,0.08133334320930967,False,False,u(k-1) + u(k-2) + u(k-3) + u(k-5) + y(k-1) + y(k-7) + y(k-8),False
E3,Pareto-nodes,24,4510,1,3.0702712500060443,equal_calls,ops,15,0.929960340356914,0.8676296203023195,0.9543251386429237,16.0,0.010998492653652424,1.1016319823768743,0.0813333432093087,False,True,u(k) + u(k-3)*u(k-3)*y(k-5) + u(k-6) + u(k-8) + y(k-1) + y(k-2) + y(k-8),False
E3,Pareto-nodes,25,4510,0,3.07955712499097,equal_calls,ops,10,0.9287372172220867,0.8676296203023192,0.929441928876855,14.0,0.011865350616425206,1.4245364143127044,0.08133334320930902,False,False,u(k) + u(k-1) + u(k-2) + u(k-3) + y(k-1) + y(k-7) + y(k-8),False
E3,Pareto-nodes,26,4510,1,3.036008249997394,equal_calls,ops,13,0.9304831596776406,0.8680298462682439,0.9305973189898029,18.0,0.010260002933929048,7.202952200218821,0.08090957453950642,False,False,u(k) + u(k)*u(k)*u(k) + u(k-1) + u(k-2) + u(k-6) + y(k-1) + y(k-10) + y(k-3),False
E3,Pareto-nodes,27,4510,0,2.974828584003262,equal_calls,ops,14,0.9300076015939812,0.8676296203023195,0.9307173895507798,16.0,0.01074308736780895,1.4768492302347278,0.08133334320930873,False,False,u(k-2)*u(k-2)*u(k-5) + u(k-3) + u(k-6) + u(k-8) + y(k-1) + y(k-2) + y(k-8),False
E3,Pareto-nodes,28,4510,0,2.6572314579971135,equal_calls,ops,12,0.9292791489152628,0.868029846268244,0.9535945364431252,14.0,0.011865350617090596,1.5081828402449202,0.08090957453950627,False,False,u(k) + u(k-3) + u(k-5) + u(k-6) + y(k-1) + y(k-7) + y(k-8),False
E3,Pareto-nodes,29,4510,1,2.3904304170282558,equal_calls,ops,14,0.9292085847790656,0.867629620302319,0.9293481189231164,14.0,0.011865350616957248,1.5718469478574009,0.08133334320930916,False,False,u(k-2) + u(k-5) + u(k-6) + u(k-7) + y(k-1) + y(k-7) + y(k-8),False
E3,Pareto-terms,0,4510,0,3.4465356250002515,equal_calls,ops,7,0.9301943305610714,0.8676296203023195,0.930384979608616,16.0,0.011221923307211758,1.0461309919447197,0.0813333432093087,False,False,u(k-3) + u(k-3)*y(k-3)*y(k-3) + u(k-4) + u(k-7) + y(k-1) + y(k-2) + y(k-8),False
E3,Pareto-terms,1,4510,0,3.4223395829903893,equal_calls,ops,8,0.9312148076178802,0.8676296203023198,0.9313603857435117,19.0,0.010163180507336316,,0.08133334320930845,False,False,u(k-2)*y(k-1) + u(k-5) + u(k-7) + u(k-8) + y(k-1) + y(k-3)*y(k-3)*y(k-6) + y(k-6) + y(k-8),True
E3,Pareto-terms,2,4510,0,2.899836750002578,equal_calls,ops,7,0.9315902389875599,0.8676296203023189,0.9317820303348074,16.0,0.009855021239957108,1.7268150852082804,0.0813333432093093,False,False,u(k-3)*y(k-4)*y(k-4) + u(k-6) + u(k-7) + u(k-8) + y(k-1) + y(k-7) + y(k-8),False
E3,Pareto-terms,3,4510,0,3.325639457994839,equal_calls,ops,8,0.9543917130555619,0.9049621383965695,0.9547418072596733,16.0,0.011044284318892829,1.3276689598982652,0.06534134064448259,False,False,u(k-4) + u(k-5) + u(k-5)*y(k-1)*y(k-1) + u(k-7) + y(k-1) + y(k-2) + y(k-8),False
E3,Pareto-terms,4,4510,1,3.2557377089979127,equal_calls,ops,8,0.954774774238643,0.8977580526246742,0.9549175354424828,16.0,0.010704483962376787,1.2550548780094937,0.07398624357075695,False,False,u(k-3) + u(k-3)*y(k-4)*y(k-5) + u(k-5) + u(k-7) + y(k-1) + y(k-7) + y(k-8),False
E3,Pareto-terms,5,4510,3,3.2855697920022067,equal_calls,ops,8,0.9307164710037964,0.865682072889866,0.9309602896859127,16.0,0.010999398720459906,1.0335699113821262,0.08339545223425947,False,False,u(k-2) + u(k-3)*u(k-5)*y(k-4) + u(k-6) + u(k-7) + y(k-1) + y(k-2) + y(k-8),False
E3,Pareto-terms,6,4510,0,3.2354866660025436,equal_calls,ops,8,0.9551504683194465,0.8959736128744016,0.9552497539110151,16.0,0.010403244678075508,1.1876592779551423,0.07570421456684118,False,False,u(k-3) + u(k-3)*u(k-4)*y(k-4) + u(k-7) + u(k-8) + y(k-1) + y(k-2) + y(k-8),False
E3,Pareto-terms,7,4510,1,2.9685972500010394,equal_calls,ops,8,0.9546420447581407,0.896227690712181,0.9553427134721943,16.0,0.010540549493521541,1.2050556005083048,0.07531514325292075,False,False,u(k) + u(k-3)*y(k-4)*y(k-7) + u(k-7) + u(k-8) + y(k-1) + y(k-7) + y(k-8),False
E3,Pareto-terms,8,4510,0,3.0908827499952167,equal_calls,ops,6,0.9314233885239458,0.868878122283444,0.931463550831983,16.0,0.00992704817460243,1.3025156350103855,0.08001139993517689,False,False,u(k-4)*y(k-4)*y(k-4) + u(k-5) + u(k-7) + u(k-8) + y(k-1) + y(k-6) + y(k-8),False
E3,Pareto-terms,9,4510,0,3.1582952500029933,equal_calls,ops,8,0.956500328829576,0.9270582588845444,0.956500328829576,24.0,0.008144740322965326,0.032299032126128356,0.032299032126128356,False,False,u(k)*u(k)*u(k) + u(k)*u(k)*y(k-3) + u(k-1)*u(k-2)*y(k-2) + u(k-3) + u(k-3)*y(k-4)*y(k-5) + u(k-7) + y(k-6) + y(k-8),False
E3,Pareto-terms,10,4510,0,3.102282000007108,equal_calls,ops,8,0.9306266390294141,0.8676296203023196,0.9306541420602789,16.0,0.011042160088133428,1.0747005238624125,0.08133334320930864,False,False,u(k) + u(k-3)*u(k-3)*u(k-6) + u(k-5) + u(k-8) + y(k-1) + y(k-2) + y(k-8),False
E3,Pareto-terms,11,4510,1,3.281301375012845,equal_calls,ops,7,0.9551589225433719,0.8977580526246741,0.9551589225433719,16.0,0.01019629940689565,1.545504912854941,0.07398624357075707,False,False,u(k-6) + u(k-7) + u(k-8) + y(k-1) + y(k-2) + y(k-2)*y(k-2)*y(k-4) + y(k-8),False
E3,Pareto-terms,12,4510,0,3.446927874989342,equal_calls,ops,6,0.9301882891695494,0.8615871240141421,0.9306647993806378,16.0,0.01087250914391242,1.2351420869547782,0.0877312804556143,False,False,u(k-2) + u(k-5) + u(k-6)*y(k-3)*y(k-3) + u(k-7) + y(k-1) + y(k-7) + y(k-8),False
E3,Pareto-terms,13,4510,0,3.4126969999924768,equal_calls,ops,7,0.9557606363496423,0.8933830274775352,0.9559682675814076,16.0,0.009565855979143839,1.4742500422892846,0.07861862313831593,False,False,u(k-3)*y(k-4)*y(k-5) + u(k-6) + u(k-7) + u(k-8) + y(k-1) + y(k-7) + y(k-8),False
E3,Pareto-terms,14,4510,1,3.376695832994301,equal_calls,ops,7,0.9305038791832883,0.8676296203023194,0.9306543022594599,16.0,0.010439087787251545,1.2069838106068937,0.08133334320930882,False,False,u(k-3)*u(k-3)*u(k-6) + u(k-4) + u(k-6) + u(k-7) + y(k-1) + y(k-2) + y(k-8),False
E3,Pareto-terms,15,4510,0,2.8100982920150273,equal_calls,ops,7,0.9560422257475231,0.8933830274775352,0.9560422257475231,16.0,0.009529496269518002,,0.07861862313831593,False,False,u(k-6) + u(k-7) + u(k-8) + y(k-1) + y(k-4)*y(k-4)*y(k-4) + y(k-7) + y(k-8),True
E3,Pareto-terms,16,4510,1,3.50317266699858,equal_calls,ops,6,0.9303287135247035,0.8721781239598609,0.9308041984593138,16.0,0.010621873040948181,1.1726055387838763,0.07621627659457457,False,False,u(k-2) + u(k-2)*y(k-3)*y(k-5) + u(k-7) + u(k-8) + y(k-1) + y(k-2) + y(k-8),False
E3,Pareto-terms,17,4510,0,3.4825334580091294,equal_calls,ops,7,0.9546028381473376,0.8995388596705184,0.9549518452533091,16.0,0.010795862322919798,1.1473612035619547,0.07184927511574388,False,False,u(k) + u(k-3)*u(k-3)*y(k-4) + u(k-7) + u(k-8) + y(k-1) + y(k-2) + y(k-8),False
E3,Pareto-terms,18,4510,0,3.4629226670076605,equal_calls,ops,6,0.9315897814614095,0.8745685477387295,0.931794874312521,16.0,0.009946340619132797,,0.07398624357075698,False,False,u(k-5) + u(k-6) + u(k-8) + y(k-1) + y(k-3)*y(k-3)*y(k-6) + y(k-7) + y(k-8),True
E3,Pareto-terms,19,4510,0,3.113406667020172,equal_calls,ops,8,0.9558626056761981,0.8933830274775352,0.9558626056761981,16.0,0.010096155635768957,1.1840154997834973,0.07861862313831597,False,False,u(k-4) + u(k-6) + u(k-6)*y(k-4)*y(k-4) + u(k-7) + y(k-1) + y(k-7) + y(k-8),False
E3,Pareto-terms,20,4510,1,2.809976708027534,equal_calls,ops,8,0.9536309286145879,0.8933830274775352,0.9538385598463527,16.0,0.012304808881929833,0.906026658737162,0.07861862313831591,False,False,u(k) + u(k-3) + u(k-3)*u(k-3)*u(k-5) + u(k-8) + y(k-1) + y(k-2) + y(k-7),False
E3,Pareto-terms,21,4510,3,3.2006023339927197,equal_calls,ops,8,0.9552384432347024,0.8933830274775352,0.9553377288262711,16.0,0.010407890455457269,1.170080388411654,0.07861862313831591,False,False,u(k-3)*y(k-3)*y(k-4) + u(k-5) + u(k-6) + u(k-8) + y(k-1) + y(k-2) + y(k-8),False
E3,Pareto-terms,22,4510,1,2.9969382919953205,equal_calls,ops,6,0.9291980296999143,0.8899130899510456,0.9304837399423624,24.0,0.011018441860254047,,0.0524340490206433,False,False,u(k) + u(k)*u(k)*u(k) + u(k-1)*u(k-4)*y(k-2) + u(k-5)*y(k-4)*y(k-4) + u(k-8) + y(k-1)*y(k-1) + y(k-3)*y(k-3) + y(k-4),True
E3,Pareto-terms,23,4510,0,3.292800374998478,equal_calls,ops,8,0.9327427736649193,0.9040599720940636,0.9329974254492613,18.0,0.007488375656390129,0.270033112892764,0.03339002533401009,False,False,u(k)*u(k)*u(k-2) + u(k)*u(k-1)*u(k-1) + u(k-5) + u(k-9) + y(k-1) + y(k-10) + y(k-2),False
E3,Pareto-terms,24,4510,1,3.107648208999308,equal_calls,ops,7,0.9557885211301633,0.893485457119751,0.9559760590108972,16.0,0.009511896744831771,1.4296840167755989,0.07850338979082312,False,False,u(k-4)*y(k-4)*y(k-4) + u(k-6) + u(k-7) + u(k-8) + y(k-1) + y(k-7) + y(k-8),False
E3,Pareto-terms,25,4510,0,3.116677083016839,equal_calls,ops,7,0.9558480821873587,0.8933830274775352,0.9558852834229022,16.0,0.009627105011862487,,0.07861862313831591,False,False,u(k-6) + u(k-7) + u(k-8) + y(k-1) + y(k-3)*y(k-4)*y(k-6) + y(k-7) + y(k-8),True
E3,Pareto-terms,26,4510,3,3.2971170840028208,equal_calls,ops,6,0.9309470793602792,0.8745685477387294,0.9315287232839458,16.0,0.010064606181698299,,0.07398624357075714,False,False,u(k-4) + u(k-7) + u(k-8) + y(k-1) + y(k-3)*y(k-3)*y(k-5) + y(k-7) + y(k-8),True
E3,Pareto-terms,27,4510,0,3.1939990000100806,equal_calls,ops,7,0.9553339820498868,0.8933830274775352,0.9555173252029288,16.0,0.010213178312505842,1.2877018126126032,0.07861862313831593,False,False,u(k-3)*u(k-3)*u(k-6) + u(k-5) + u(k-6) + u(k-8) + y(k-1) + y(k-2) + y(k-8),False
E3,Pareto-terms,28,4510,1,3.040245499985758,equal_calls,ops,7,0.9550208171874558,0.8933830274775353,0.955081792109745,16.0,0.010632060580072282,1.1900456995045323,0.07861862313831584,False,False,u(k-2)*u(k-5)*y(k-3) + u(k-3) + u(k-5) + u(k-8) + y(k-1) + y(k-2) + y(k-8),False
E3,Pareto-terms,29,4510,0,3.3102939579985105,equal_calls,ops,7,0.9321664646921951,0.8889255128866936,0.9321664646921951,14.0,0.00927249584185302,0.5151382644042416,0.05666797563228058,False,False,u(k) + u(k)*u(k)*u(k) + u(k)*u(k)*y(k-2) + u(k-1) + y(k-10),False
E3,SO,0,4510,0,2.0862029579875525,equal_calls,ops,1,0.7287291377762406,0.0,0.7810578619849,19.0,0.01002834113416381,1.4201369254348997,1.4201369254348997,False,False,u(k-3)*u(k-3)*y(k-3) + u(k-3)*y(k-5) + u(k-6) + u(k-7) + u(k-8) + y(k-1) + y(k-2) + y(k-8),False
E3,SO,1,4510,2,1.723079792020144,equal_calls,ops,1,0.7701646147375989,0.0,0.7976127994426776,16.0,0.009788352480229977,1.3685669607668864,1.3685669607668864,False,False,u(k-4)*y(k-4)*y(k-4) + u(k-5) + u(k-6) + u(k-8) + y(k-1) + y(k-7) + y(k-8),False
E3,SO,2,4510,0,2.017539125023177,equal_calls,ops,1,0.7288738609805439,0.0,0.8247517916683426,19.0,0.009831736026431007,1.2522088427975897,1.2522088427975897,False,False,u(k)*u(k) + u(k-5) + u(k-5)*y(k-4)*y(k-4) + u(k-6) + u(k-7) + y(k-1) + y(k-7) + y(k-8),False
E3,SO,3,4510,1,1.8086442920030095,equal_calls,ops,1,0.7425114734209307,0.0,0.7972991275116788,18.0,0.009984702105425722,1.3937274818636392,1.3937274818636392,False,False,u(k-3)*u(k-3)*y(k-3) + u(k-6) + u(k-7) + u(k-8) + y(k-1) + y(k-2) + y(k-7) + y(k-8),False
E3,SO,4,4510,0,2.0053564999834634,equal_calls,ops,1,0.7424848974379417,0.0,0.7974228747250344,18.0,0.010020136749411145,1.3847582396988163,1.3847582396988163,False,False,u(k-3)*y(k-2)*y(k-2) + u(k-6) + u(k-7) + u(k-8) + y(k-1) + y(k-2) + y(k-7) + y(k-8),False
E3,SO,5,4510,1,1.8150764589954633,equal_calls,ops,1,0.7424899165548664,0.0,0.7973881187042071,18.0,0.010013444593511398,1.318735813192184,1.318735813192184,False,False,u(k-3)*y(k-2)*y(k-3) + u(k-6) + u(k-7) + u(k-8) + y(k-1) + y(k-2) + y(k-7) + y(k-8),False
E3,SO,6,4510,0,2.13409537501866,equal_calls,ops,1,0.7291654636955355,0.0,0.797335213386427,19.0,0.009435596489083872,1.503138715081509,1.503138715081509,False,False,u(k)*y(k-7) + u(k-3)*u(k-6)*y(k-4) + u(k-6) + u(k-7) + u(k-8) + y(k-1) + y(k-7) + y(k-8),False
E3,SO,7,4510,1,2.011750874982681,equal_calls,ops,1,0.7159716405045048,0.0,0.7840327795546731,20.0,0.008654651609147187,1.1706935881100962,1.1706935881100962,False,False,u(k)*y(k-1)*y(k-6) + u(k-3)*u(k-3)*y(k-2) + u(k-6) + u(k-7) + u(k-8) + y(k-1) + y(k-4) + y(k-9),False
E3,SO,8,4510,1,2.1823707910079975,equal_calls,ops,1,0.7704093757632776,0.0,0.8243678358742318,16.0,0.009473659732928748,1.4670512654674763,1.4670512654674763,False,False,u(k-3)*u(k-6)*y(k-4) + u(k-6) + u(k-7) + u(k-8) + y(k-1) + y(k-7) + y(k-8),False
E3,SO,9,4510,0,1.9350419999973383,equal_calls,ops,1,0.71482014693511,0.0,0.8244912935858778,20.0,0.010249027320616918,1.300967457472379,1.300967457472379,False,False,u(k-3)*u(k-3)*u(k-5) + u(k-5) + u(k-6) + u(k-6)*y(k-1)*y(k-1) + u(k-7) + y(k-1) + y(k-2) + y(k-8),False
E3,SO,10,4510,0,2.310435499995947,equal_calls,ops,1,0.6477598237914468,0.3187254710308519,0.7223950933803148,25.0,0.007687078447145316,0.5117397039527375,0.5117397039527375,False,False,u(k)*u(k)*u(k-2) + u(k)*u(k-2)*y(k-1) + u(k-1)*u(k-2)*u(k-2) + u(k-1)*u(k-2)*u(k-4) + u(k-2) + u(k-3) + u(k-5)*y(k-6) + y(k-6),False
E3,SO,11,4510,9,2.3369656249997206,equal_calls,ops,1,0.6612819667323597,0.5604233690336732,0.7163717324771421,24.0,0.008077049901460518,0.15936494644949042,0.15936494644949042,False,False,u(k)*u(k)*u(k) + u(k)*u(k-3)*y(k-1) + u(k)*y(k-1)*y(k-4) + u(k-2) + u(k-2)*u(k-5)*y(k-3) + u(k-5) + y(k-5) + y(k-8),False
E3,SO,12,4510,1,2.1360092910181265,equal_calls,ops,1,0.7425060307198428,0.0,0.7972920532376917,18.0,0.00999195904020968,1.413237231933367,1.413237231933367,False,False,u(k-2)*u(k-4)*y(k-3) + u(k-6) + u(k-7) + u(k-8) + y(k-1) + y(k-2) + y(k-7) + y(k-8),False
E3,SO,13,4510,1,2.084690165997017,equal_calls,ops,1,0.7291474387393538,0.0,0.7965856756933456,19.0,0.009460083222009934,1.4978106212189835,1.4978106212189835,False,False,u(k-3)*u(k-6)*y(k-4) + u(k-6) + u(k-7) + u(k-8) + y(k-1) + y(k-5)*y(k-5) + y(k-7) + y(k-8),False
E3,SO,14,4510,0,1.7083239580097143,equal_calls,ops,1,0.7959973564475865,0.0,0.8758332312745428,14.0,0.011865350616789182,1.424536414312042,1.424536414312042,False,False,u(k) + u(k-1) + u(k-2) + u(k-3) + y(k-1) + y(k-7) + y(k-8),False
E3,SO,15,4510,0,2.083981292002136,equal_calls,ops,1,0.717007006349957,0.0,0.7582568917594662,20.0,0.007221068130828746,1.0777152814237663,1.0777152814237663,False,False,u(k-1)*u(k-1)*y(k-7) + u(k-3) + u(k-3)*u(k-3)*y(k-4) + u(k-8) + u(k-9) + y(k-1) + y(k-10) + y(k-5),False
E3,SO,16,4510,0,1.7691663329896983,equal_calls,ops,1,0.7703969372312484,0.0,0.7978339930881431,16.0,0.009489652131252179,1.3737644606081234,1.3737644606081234,False,False,u(k-3)*y(k-4)*y(k-6) + u(k-6) + u(k-7) + u(k-8) + y(k-1) + y(k-7) + y(k-8),False
E3,SO,17,4510,1,2.096543499996187,equal_calls,ops,1,0.7425060307246962,0.0,0.824921865821315,18.0,0.009991959033738347,1.4132372314242998,1.4132372314242998,False,False,u(k-2)*u(k-4)*y(k-3) + u(k-6) + u(k-7) + u(k-8) + y(k-1) + y(k-2) + y(k-7) + y(k-8),False
E3,SO,18,4510,0,1.8295837079931516,equal_calls,ops,1,0.7703376675735367,0.0,0.7977858522786169,16.0,0.009565855976881284,1.474250042250113,1.474250042250113,False,False,u(k-3)*y(k-4)*y(k-5) + u(k-6) + u(k-7) + u(k-8) + y(k-1) + y(k-7) + y(k-8),False
E3,SO,19,4510,0,2.054165416979231,equal_calls,ops,1,0.7291475360350292,0.0,0.8252922733160116,19.0,0.009459951046752792,1.506652679879836,1.506652679879836,False,False,u(k-3)*u(k-6)*y(k-4) + u(k-6) + u(k-6)*u(k-6) + u(k-7) + u(k-8) + y(k-1) + y(k-7) + y(k-8),False
E3,SO,20,4510,0,2.151908875006484,equal_calls,ops,1,0.7699352039461662,0.0,0.8248038310993573,16.0,0.010083309212071984,1.3814531183213783,1.3814531183213783,False,False,u(k-3)*u(k-3)*u(k-5) + u(k-5) + u(k-7) + u(k-8) + y(k-1) + y(k-2) + y(k-8),False
E3,SO,21,4510,0,2.1465302079741377,equal_calls,ops,1,0.7166342755308264,0.0,0.7715425215484807,20.0,0.007737156957317227,1.1192204615298393,1.1192204615298393,False,False,u(k)*u(k)*y(k-7) + u(k-1)*u(k-4)*y(k-2) + u(k-7) + u(k-8) + u(k-9) + y(k-1) + y(k-4) + y(k-8),False
E3,SO,22,4510,1,1.7377389169996604,equal_calls,ops,1,0.7959973564477757,0.0,0.8500827271029234,14.0,0.01186535061655441,1.4245364143079842,1.4245364143079842,False,False,u(k) + u(k-1) + u(k-2) + u(k-3) + y(k-1) + y(k-7) + y(k-8),False
E3,SO,23,4510,12,2.295100708026439,equal_calls,ops,1,0.7033930055229698,0.6637405482118325,0.7709988318532393,21.0,0.006974580438160128,0.06295452017153055,0.06295452017153055,False,False,u(k)*u(k)*y(k-1) + u(k)*y(k-1) + u(k-1)*u(k-1)*y(k-1) + u(k-1)*u(k-4)*y(k-3) + u(k-4) + u(k-5) + y(k-1),False
E3,SO,24,4510,2,1.8715300839976408,equal_calls,ops,1,0.7291432223855344,0.0,0.824770355375534,19.0,0.009465811098896704,1.5027628031419384,1.5027628031419384,False,False,u(k-3)*u(k-6)*y(k-4) + u(k-6) + u(k-7) + u(k-8) + y(k-1) + y(k-3)*y(k-4) + y(k-7) + y(k-8),False
E3,SO,25,4510,0,2.1376965829986148,equal_calls,ops,1,0.7425114734256802,0.0,0.8245022613134549,18.0,0.009984702099093001,1.3937274818561558,1.3937274818561558,False,False,u(k-3)*u(k-3)*y(k-3) + u(k-6) + u(k-7) + u(k-8) + y(k-1) + y(k-2) + y(k-7) + y(k-8),False
E3,SO,26,4510,1,2.0546547080157325,equal_calls,ops,1,0.7287306363062537,0.0,0.7974035904528044,19.0,0.010026305395278103,1.4325346169094877,1.4325346169094877,False,False,u(k-2)*y(k-5) + u(k-3)*u(k-4)*y(k-2) + u(k-6) + u(k-7) + u(k-8) + y(k-1) + y(k-2) + y(k-8),False
E3,SO,27,4510,0,2.0863184580230154,equal_calls,ops,1,0.7291212000080011,0.0,0.7978579730809876,19.0,0.009495728291017448,1.4625786496880029,1.4625786496880029,False,False,u(k-4)*y(k-4)*y(k-4) + u(k-6) + u(k-7) + u(k-8) + y(k-1) + y(k-5)*y(k-6) + y(k-7) + y(k-8),False
E3,SO,28,4510,0,1.9998533340112772,equal_calls,ops,1,0.7959973564476511,0.0,0.8499131934211779,14.0,0.011865350616708974,1.5473864518772669,1.5473864518772669,False,False,u(k-3) + u(k-4) + u(k-5) + u(k-6) + y(k-1) + y(k-7) + y(k-8),False
E3,SO,29,4510,1,2.2385989589965902,equal_calls,ops,1,0.7703659473412848,0.0,0.7977835238838984,16.0,0.009529496275490932,,,False,False,u(k-6) + u(k-7) + u(k-8) + y(k-1) + y(k-4)*y(k-4)*y(k-4) + y(k-7) + y(k-8),True
