example,config,seed,evaluations,failures,runtime,arm,scenario,n_delivered,HV_id,HV_val,HV_pop,sel_C,sel_J,sel_val,best_val,recovered,front_has_truth,selected_terms,validation_failed
E1,SO,0,4510,13,0.77069925001706,equal_calls,karatsuba,1,0.7381879194630871,0.738187919463087,0.8844404859198701,60.953125,2.4424632637870403e-16,2.821447395164707e-16,2.821447395164707e-16,True,True,u(k) + u(k)*y(k-1) + y(k-1) + y(k-3),False
E1,SO,1,4510,39,1.0613057080190629,equal_calls,karatsuba,1,0.6403355704697985,0.6403355704697984,0.884068414570355,83.734375,2.7169025749607555e-16,3.207588230161238e-16,3.207588230161238e-16,True,True,u(k) + u(k)*u(k)*y(k-1) + u(k)*y(k-1) + y(k-1),False
E1,SO,2,4510,29,0.7771565830043983,equal_calls,karatsuba,1,0.6892617449664428,0.6892617449664428,0.8844404859198702,72.34375,1.6776539490399681e-16,2.1438683212081093e-16,2.1438683212081093e-16,True,True,u(k) + u(k)*y(k-1) + y(k-1) + y(k-1)*y(k-3),False
E1,SO,3,4510,50,0.8405732499959413,equal_calls,karatsuba,1,0.5381879194630871,0.538187919463087,0.884068414570355,107.515625,2.112281740538708e-16,2.8354989479731118e-16,2.8354989479731118e-16,True,True,u(k) + u(k)*u(k)*y(k-1)*y(k-1) + u(k)*y(k-1) + u(k-2) + y(k-1),False
E1,SO,4,4510,23,1.0189280839986168,equal_calls,karatsuba,1,0.7381879194630871,0.7381879194630871,0.8352516591586511,60.953125,2.49086259130927e-16,2.6508865607196936e-16,2.6508865607196936e-16,True,True,u(k) + u(k)*y(k-1) + u(k-2) + y(k-1),False
E1,SO,5,4510,16,1.1861058750073425,equal_calls,karatsuba,1,0.68496644295302,0.68496644295302,0.8328192170977589,73.34375,2.304756423240201e-16,2.4491431876450457e-16,2.4491431876450457e-16,True,True,u(k) + u(k)*y(k-1) + u(k-2) + y(k-1) + y(k-2),False
E1,SO,6,4510,26,0.8015580829815008,equal_calls,karatsuba,1,0.7914093959731541,0.7914093959731541,0.884068414570355,48.5625,2.349402361078631e-16,2.700813343538282e-16,2.700813343538282e-16,True,True,u(k) + u(k)*y(k-1) + y(k-1),False
E1,SO,7,4510,33,0.8152469590131659,equal_calls,karatsuba,1,0.738187919463087,0.738187919463087,0.884068414570355,60.953125,3.0792180024640667e-16,3.785052985690101e-16,3.785052985690101e-16,True,True,u(k) + u(k)*y(k-1) + y(k-1) + y(k-2),False
E1,SO,8,4510,19,0.839574374986114,equal_calls,karatsuba,1,0.5871140939597312,0.5871140939597314,0.884068414570355,96.125,2.8685003378216606e-16,2.582002893023232e-16,2.582002893023232e-16,True,True,u(k) + u(k)*y(k-1) + u(k-1)*y(k-1)*y(k-1) + u(k-2) + y(k-1),False
E1,SO,9,4510,13,1.018483958003344,equal_calls,karatsuba,1,0.7914093959731541,0.7914093959731541,0.884068414570355,48.5625,2.349402361078631e-16,2.700813343538282e-16,2.700813343538282e-16,True,True,u(k) + u(k)*y(k-1) + y(k-1),False
E1,SO,10,4510,27,0.7750493750208989,equal_calls,karatsuba,1,0.7914093959731541,0.7914093959731541,0.884068414570355,48.5625,2.349402361078631e-16,2.700813343538282e-16,2.700813343538282e-16,True,True,u(k) + u(k)*y(k-1) + y(k-1),False
E1,SO,11,4510,24,0.8062671659863554,equal_calls,karatsuba,1,0.7914093959731541,0.7914093959731541,0.8001261643920653,48.5625,2.349402361078631e-16,2.700813343538282e-16,2.700813343538282e-16,True,True,u(k) + u(k)*y(k-1) + y(k-1),False
E1,SO,12,4510,36,0.7393632500024978,equal_calls,karatsuba,1,0.6403355704697985,0.6403355704697985,0.884068414570355,83.734375,1.8201049135225711e-16,2.043428099927965e-16,2.043428099927965e-16,True,True,u(k) + u(k)*y(k-1) + y(k-1) + y(k-1)*y(k-1)*y(k-1),False
E1,SO,13,4510,25,0.7550962920067832,equal_calls,karatsuba,1,0.7914093959731541,0.7914093959731541,0.884068414570355,48.5625,2.349402361078631e-16,2.700813343538282e-16,2.700813343538282e-16,True,True,u(k) + u(k)*y(k-1) + y(k-1),False
E1,SO,14,4510,28,0.8150369170180056,equal_calls,karatsuba,1,0.7381879194630871,0.7381879194630871,0.884068414570355,60.953125,2.0223972475018847e-16,2.3458695068017613e-16,2.3458695068017613e-16,True,True,u(k) + u(k)*y(k-1) + y(k-1) + y(k-3),False
E1,SO,15,4510,9,0.9815498329990078,equal_calls,karatsuba,1,0.7381879194630871,0.7381879194630871,0.8844404859198701,60.953125,2.66775679418883e-16,2.7227928526362325e-16,2.7227928526362325e-16,True,True,u(k) + u(k)*y(k-1) + u(k-1) + y(k-1),False
E1,SO,16,4510,32,0.8010558339883573,equal_calls,karatsuba,1,0.7381879194630871,0.7381879194630871,0.884068414570355,60.953125,2.0223972475018847e-16,2.3458695068017613e-16,2.3458695068017613e-16,True,True,u(k) + u(k)*y(k-1) + y(k-1) + y(k-3),False
E1,SO,17,4510,28,0.7372096659964882,equal_calls,karatsuba,1,0.738187919463087,0.738187919463087,0.8854867137156447,60.953125,2.8615980537508145e-16,3.323602781771804e-16,3.323602781771804e-16,True,True,u(k) + u(k)*y(k-1) + u(k-2) + y(k-1),False
E1,SO,18,4510,10,0.9569431249983609,equal_calls,karatsuba,1,0.6892617449664428,0.6892617449664428,0.8610517120630219,72.34375,1.8620101791436382e-16,2.4149382677767686e-16,2.4149382677767686e-16,True,True,u(k) + u(k)*y(k-1) + u(k-2)*y(k-3) + y(k-1),False
E1,SO,19,4510,30,1.1282001670042519,equal_calls,karatsuba,1,0.7914093959731541,0.7914093959731541,0.8351132271052223,48.5625,2.349402361078631e-16,2.700813343538282e-16,2.700813343538282e-16,True,True,u(k) + u(k)*y(k-1) + y(k-1),False
E1,SO,20,4510,22,0.736215374985477,equal_calls,karatsuba,1,0.7914093959731541,0.7914093959731541,0.8854867137156447,48.5625,2.349402361078631e-16,2.700813343538282e-16,2.700813343538282e-16,True,True,u(k) + u(k)*y(k-1) + y(k-1),False
E1,SO,21,4510,27,0.8095581250090618,equal_calls,karatsuba,1,0.6403355704697984,0.6403355704697984,0.8385684399890074,83.734375,2.8384502344729033e-16,3.048215388922267e-16,3.048215388922267e-16,True,True,u(k) + u(k)*u(k)*y(k-1) + u(k)*y(k-1) + y(k-1),False
E1,SO,22,4510,8,0.7673070000018924,equal_calls,karatsuba,1,0.68496644295302,0.6849664429530199,0.884068414570355,73.34375,2.691791236302312e-16,3.260402014746928e-16,3.260402014746928e-16,True,True,u(k) + u(k)*y(k-1) + u(k-2) + y(k-1) + y(k-2),False
E1,SO,23,4510,27,0.8842098749883007,equal_calls,karatsuba,1,0.5381879194630871,0.5381879194630871,0.835033657530906,107.515625,1.9180143101357917e-16,2.540337108856375e-16,2.540337108856375e-16,True,True,u(k) + u(k)*u(k)*y(k-1) + u(k)*y(k-1) + y(k-1) + y(k-1)*y(k-1),False
E1,SO,24,4510,24,0.9588373330188915,equal_calls,karatsuba,1,0.7381879194630871,0.7381879194630871,0.884068414570355,60.953125,1.8775131440216633e-16,2.1087021151122103e-16,2.1087021151122103e-16,True,True,u(k) + u(k)*y(k-1) + u(k-4) + y(k-1),False
E1,SO,25,4510,84,0.7973075409827288,equal_calls,karatsuba,1,0.68496644295302,0.68496644295302,0.884068414570355,73.34375,2.304756423240201e-16,2.4491431876450457e-16,2.4491431876450457e-16,True,True,u(k) + u(k)*y(k-1) + u(k-2) + y(k-1) + y(k-2),False
E1,SO,26,4510,19,0.8217635830224026,equal_calls,karatsuba,1,0.7381879194630871,0.7381879194630871,0.8854867137156448,60.953125,2.0223972475018847e-16,2.3458695068017613e-16,2.3458695068017613e-16,True,True,u(k) + u(k)*y(k-1) + y(k-1) + y(k-3),False
E1,SO,27,4510,9,0.7734813749848399,equal_calls,karatsuba,1,0.7381879194630871,0.7381879194630871,0.884068414570355,60.953125,2.0223972475018847e-16,2.3458695068017613e-16,2.3458695068017613e-16,True,True,u(k) + u(k)*y(k-1) + y(k-1) + y(k-3),False
E1,SO,28,4510,24,0.7900997920078225,equal_calls,karatsuba,1,0.7381879194630871,0.7381879194630871,0.884068414570355,60.953125,2.0223972475018847e-16,2.3458695068017613e-16,2.3458695068017613e-16,True,True,u(k) + u(k)*y(k-1) + y(k-1) + y(k-3),False
E1,SO,29,4510,29,1.0011179170105606,equal_calls,karatsuba,1,0.7381879194630871,0.7381879194630871,0.8349160797759625,60.953125,2.0223972475018847e-16,2.3458695068017613e-16,2.3458695068017613e-16,True,True,u(k) + u(k)*y(k-1) + y(k-1) + y(k-3),False
E1,MO-lex,0,4510,13,0.7445735830115154,equal_calls,karatsuba,4,0.8844404859198701,0.8827886748689627,0.8844404859198701,48.5625,3.1896338069289863e-16,3.25075120964195e-16,2.821447395164707e-16,True,True,u(k) + u(k)*y(k-1) + y(k-1),False
E1,MO-lex,1,4510,39,0.8660042919800617,equal_calls,karatsuba,3,0.884068414570355,0.8827886748689628,0.884068414570355,48.5625,3.1896338069289863e-16,3.25075120964195e-16,3.207588230161238e-16,True,True,u(k) + u(k)*y(k-1) + y(k-1),False
E1,MO-lex,2,4510,29,0.7993930839875247,equal_calls,karatsuba,4,0.8844404859198702,0.8827886748689628,0.8844404859198702,48.5625,2.349402361078631e-16,2.700813343538282e-16,2.1438683212081093e-16,True,True,u(k) + u(k)*y(k-1) + y(k-1),False
E1,MO-lex,3,4510,50,0.8079937919974327,equal_calls,karatsuba,5,0.884068414570355,0.8827886748689628,0.884068414570355,48.5625,3.239019308365303e-16,3.3132865428115775e-16,2.2017324783380109e-16,True,True,u(k) + u(k)*y(k-1) + y(k-1),False
E1,MO-lex,4,4510,23,0.8841899579856545,equal_calls,karatsuba,3,0.8352516591586511,0.8349490317835488,0.8352516591586511,48.5625,3.4186048971347606e-16,3.26099261257318e-16,2.6508865607196936e-16,True,True,u(k) + u(k)*y(k-1) + y(k-1),False
E1,MO-lex,5,4510,16,0.7714008750044741,equal_calls,karatsuba,4,0.8328192170977589,0.8272761819063648,0.8328192170977589,48.5625,2.349402361078631e-16,2.700813343538282e-16,2.4491431876450457e-16,True,True,u(k) + u(k)*y(k-1) + y(k-1),False
E1,MO-lex,6,4510,26,0.9545297090080567,equal_calls,karatsuba,2,0.884068414570355,0.8827886748689628,0.884068414570355,48.5625,2.349402361078631e-16,2.700813343538282e-16,2.700813343538282e-16,True,True,u(k) + u(k)*y(k-1) + y(k-1),False
E1,MO-lex,7,4510,33,0.7880070419923868,equal_calls,karatsuba,3,0.884068414570355,0.8827886748689628,0.884068414570355,48.5625,3.1896338069289863e-16,3.25075120964195e-16,3.25075120964195e-16,True,True,u(k) + u(k)*y(k-1) + y(k-1),False
E1,MO-lex,8,4510,19,0.8114456250041258,equal_calls,karatsuba,4,0.884068414570355,0.8827886748689628,0.884068414570355,48.5625,3.1896338069289863e-16,3.25075120964195e-16,2.582002893023232e-16,True,True,u(k) + u(k)*y(k-1) + y(k-1),False
E1,MO-lex,9,4510,13,0.7478338750079274,equal_calls,karatsuba,2,0.884068414570355,0.882788674868963,0.884068414570355,48.5625,2.349402361078631e-16,2.700813343538282e-16,2.700813343538282e-16,True,True,u(k) + u(k)*y(k-1) + y(k-1),False
E1,MO-lex,10,4510,27,0.7434668749920093,equal_calls,karatsuba,2,0.884068414570355,0.8827886748689628,0.884068414570355,48.5625,2.349402361078631e-16,2.700813343538282e-16,2.700813343538282e-16,True,True,u(k) + u(k)*y(k-1) + y(k-1),False
E1,MO-lex,11,4510,24,0.7841761250165291,equal_calls,karatsuba,2,0.8001261643920653,0.7914093959731541,0.8001261643920653,48.5625,2.349402361078631e-16,2.700813343538282e-16,2.700813343538282e-16,True,True,u(k) + u(k)*y(k-1) + y(k-1),False
E1,MO-lex,12,4510,36,0.9077908750041388,equal_calls,karatsuba,4,0.884068414570355,0.8827886748689628,0.884068414570355,48.5625,2.349402361078631e-16,2.700813343538282e-16,2.043428099927965e-16,True,True,u(k) + u(k)*y(k-1) + y(k-1),False
E1,MO-lex,13,4510,25,0.801293833006639,equal_calls,karatsuba,2,0.884068414570355,0.8827886748689628,0.884068414570355,48.5625,2.349402361078631e-16,2.700813343538282e-16,2.700813343538282e-16,True,True,u(k) + u(k)*y(k-1) + y(k-1),False
E1,MO-lex,14,4510,28,0.7987697090138681,equal_calls,karatsuba,3,0.884068414570355,0.8827886748689628,0.884068414570355,48.5625,2.349402361078631e-16,2.700813343538282e-16,2.3458695068017613e-16,True,True,u(k) + u(k)*y(k-1) + y(k-1),False
E1,MO-lex,15,4510,9,0.7753680419991724,equal_calls,karatsuba,4,0.8844404859198701,0.8827886748689628,0.8844404859198701,48.5625,3.1896338069289863e-16,3.25075120964195e-16,2.7227928526362325e-16,True,True,u(k) + u(k)*y(k-1) + y(k-1),False
E1,MO-lex,16,4510,32,0.8254565419920254,equal_calls,karatsuba,3,0.884068414570355,0.882788674868963,0.884068414570355,48.5625,2.349402361078631e-16,2.700813343538282e-16,2.3458695068017613e-16,True,True,u(k) + u(k)*y(k-1) + y(k-1),False
E1,MO-lex,17,4510,28,0.790576916973805,equal_calls,karatsuba,3,0.8854867137156447,0.883265889680197,0.8854867137156447,48.5625,3.239019308365303e-16,3.3132865428115775e-16,3.3132865428115775e-16,True,True,u(k) + u(k)*y(k-1) + y(k-1),False
E1,MO-lex,18,4510,10,0.8345298750209622,equal_calls,karatsuba,5,0.8610517120630219,0.8425524494901206,0.8610517120630219,48.5625,6.131187590078749e-16,6.156117865385776e-16,2.4149382677767686e-16,True,True,u(k) + u(k)*y(k-1) + y(k-1),False
E1,MO-lex,19,4510,30,1.155446958990069,equal_calls,karatsuba,2,0.8351132271052223,0.8317166978319881,0.8351132271052223,48.5625,2.349402361078631e-16,2.700813343538282e-16,2.700813343538282e-16,True,True,u(k) + u(k)*y(k-1) + y(k-1),False
E1,MO-lex,20,4510,22,0.8399874170136172,equal_calls,karatsuba,2,0.8854867137156447,0.8832658896801971,0.8854867137156447,48.5625,2.349402361078631e-16,2.700813343538282e-16,2.700813343538282e-16,True,True,u(k) + u(k)*y(k-1) + y(k-1),False
E1,MO-lex,21,4510,27,0.8692881670140196,equal_calls,karatsuba,4,0.8385684399890074,0.8382241813987888,0.8385684399890074,48.5625,3.1896338069289863e-16,3.25075120964195e-16,3.048215388922267e-16,True,True,u(k) + u(k)*y(k-1) + y(k-1),False
E1,MO-lex,22,4510,8,0.8274538329860661,equal_calls,karatsuba,5,0.884068414570355,0.8827886748689628,0.884068414570355,48.5625,3.1896338069289863e-16,3.25075120964195e-16,2.746656849876153e-16,True,True,u(k) + u(k)*y(k-1) + y(k-1),False
E1,MO-lex,23,4510,27,0.8332346249953844,equal_calls,karatsuba,6,0.835033657530906,0.8346670691661681,0.835033657530906,48.5625,7.758954475392311e-16,7.495765931930908e-16,2.4491431876450457e-16,True,True,u(k) + u(k)*y(k-1) + y(k-1),False
E1,MO-lex,24,4510,24,0.7942201669793576,equal_calls,karatsuba,3,0.884068414570355,0.882788674868963,0.884068414570355,48.5625,2.349402361078631e-16,2.700813343538282e-16,2.1087021151122103e-16,True,True,u(k) + u(k)*y(k-1) + y(k-1),False
E1,MO-lex,25,4510,84,1.1241870829835534,equal_calls,karatsuba,3,0.884068414570355,0.882788674868963,0.884068414570355,48.5625,2.349402361078631e-16,2.700813343538282e-16,2.4491431876450457e-16,True,True,u(k) + u(k)*y(k-1) + y(k-1),False
E1,MO-lex,26,4510,19,0.9852973330125678,equal_calls,karatsuba,3,0.8854867137156448,0.8832658896801971,0.8854867137156448,48.5625,2.349402361078631e-16,2.700813343538282e-16,2.3458695068017613e-16,True,True,u(k) + u(k)*y(k-1) + y(k-1),False
E1,MO-lex,27,4510,9,1.0337847910122946,equal_calls,karatsuba,3,0.884068414570355,0.882788674868963,0.884068414570355,48.5625,2.349402361078631e-16,2.700813343538282e-16,2.3458695068017613e-16,True,True,u(k) + u(k)*y(k-1) + y(k-1),False
E1,MO-lex,28,4510,24,1.0448388749791775,equal_calls,karatsuba,3,0.884068414570355,0.882788674868963,0.884068414570355,48.5625,5.241363920448137e-16,5.369700045505021e-16,2.3458695068017613e-16,True,True,u(k) + u(k)*y(k-1) + y(k-1),False
E1,MO-lex,29,4510,29,1.0338938750210218,equal_calls,karatsuba,3,0.8349160797759625,0.8347468112918427,0.8349160797759625,48.5625,2.349402361078631e-16,2.700813343538282e-16,2.3458695068017613e-16,True,True,u(k) + u(k)*y(k-1) + y(k-1),False
E1,Green,0,4510,26,2.2905651250039227,equal_calls,karatsuba,4,0.9290917306551835,0.9267834457864882,0.9290917306551835,48.5625,6.768457252518019e-16,7.142928451732104e-16,2.4149382677767686e-16,True,True,u(k) + u(k)*y(k-1) + y(k-1),False
E1,Green,1,4510,17,1.866963417007355,equal_calls,karatsuba,7,0.9290917306551834,0.926783445786488,0.9290917306551834,48.5625,3.024054466081862e-15,3.0443950575286657e-15,3.207588230161238e-16,True,True,u(k) + u(k)*y(k-1) + y(k-1),False
E1,Green,2,4510,20,1.841576791019179,equal_calls,karatsuba,4,0.9290917306551832,0.926783445786488,0.9290917306551832,48.5625,3.054836096530013e-15,3.133304983038018e-15,3.545248322641103e-16,True,True,u(k) + u(k)*y(k-1) + y(k-1),False
E1,Green,3,4510,16,2.2795539160142653,equal_calls,karatsuba,6,0.9290917306551836,0.9267834457864883,0.9290917306551836,48.5625,6.768457252518019e-16,7.142928451732104e-16,3.4594786729631944e-16,True,True,u(k) + u(k)*y(k-1) + y(k-1),False
E1,Green,4,4510,19,1.9083369589934591,equal_calls,karatsuba,5,0.9290917306551836,0.9267834457864883,0.9290917306551836,48.5625,1.2099055571065075e-15,1.2648814273871748e-15,2.0897448572302637e-16,True,True,u(k) + u(k)*y(k-1) + y(k-1),False
E1,Green,5,4510,16,1.8998649580171332,equal_calls,karatsuba,5,0.9290917306551832,0.9267834457864882,0.9290917306551832,48.5625,2.0169348444324206e-15,2.1233430408575456e-15,3.2573329142117554e-16,True,True,u(k) + u(k)*y(k-1) + y(k-1),False
E1,Green,6,4510,13,2.248816540988628,equal_calls,karatsuba,6,0.9308179177399764,0.9299747948310566,0.9308179177399764,48.5625,8.606086938606811e-16,9.267039282010344e-16,2.4149382677767686e-16,True,True,u(k) + u(k)*y(k-1) + y(k-1),False
E1,Green,7,4510,23,1.7964076669886708,equal_calls,karatsuba,7,0.9290917306551832,0.9267834457864881,0.9290917306551832,48.5625,2.020130349910471e-15,1.947580698642516e-15,3.1244777018916134e-16,True,True,u(k) + u(k)*y(k-1) + y(k-1),False
E1,Green,8,4510,15,2.1295716669992544,equal_calls,karatsuba,4,0.9290917306551834,0.9267834457864882,0.9290917306551834,48.5625,4.896605878591197e-16,5.29658930435707e-16,3.9547207099481914e-16,True,True,u(k) + u(k)*y(k-1) + y(k-1),False
E1,Green,9,4510,20,2.3810283329803497,equal_calls,karatsuba,5,0.9290917306551834,0.9267834457864881,0.9290917306551834,48.5625,8.873801335102501e-16,9.03448256430443e-16,3.3892926602766675e-16,True,True,u(k) + u(k)*y(k-1) + y(k-1),False
E1,Green,10,4510,19,1.8465707499999553,equal_calls,karatsuba,6,0.9290917306551832,0.9267834457864881,0.9290917306551832,48.5625,2.004998627794011e-15,1.895154008727764e-15,4.102142762824709e-16,True,True,u(k) + u(k)*y(k-1) + y(k-1),False
E1,Green,11,4510,18,1.802642791008111,equal_calls,karatsuba,6,0.9290917306551834,0.9267834457864882,0.9290917306551834,48.5625,9.907981336323497e-16,8.878886681264161e-16,3.5762630408133606e-16,True,True,u(k) + u(k)*y(k-1) + y(k-1),False
E1,Green,12,4510,11,2.101567125006113,equal_calls,karatsuba,6,0.9290917306551835,0.9267834457864882,0.9290917306551835,48.5625,1.1248090589235064e-15,1.2031003816395871e-15,3.4348145591359677e-16,True,True,u(k) + u(k)*y(k-1) + y(k-1),False
E1,Green,13,4510,24,1.7898333749908488,equal_calls,karatsuba,6,0.9290917306551835,0.9267834457864882,0.9290917306551835,48.5625,4.865896766657696e-16,4.084126682246382e-16,1.6264033704520774e-16,True,True,u(k) + u(k)*y(k-1) + y(k-1),False
E1,Green,14,4510,24,1.822097207972547,equal_calls,karatsuba,6,0.935873499426016,0.9343981746446195,0.935873499426016,48.5625,3.4051014951578427e-16,3.252858957327326e-16,2.8620923185033736e-16,True,True,u(k) + u(k)*y(k-1) + y(k-1),False
E1,Green,15,4510,10,1.7739801660063677,equal_calls,karatsuba,6,0.9290917306551834,0.9267834457864881,0.9290917306551834,48.5625,1.7443857662806324e-15,1.5944835719487724e-15,3.7282706154976155e-16,True,True,u(k) + u(k)*y(k-1) + y(k-1),False
E1,Green,16,4510,27,2.316986249992624,equal_calls,karatsuba,5,0.9290917306551834,0.9267834457864881,0.9290917306551834,48.5625,2.020130349910471e-15,1.947580698642516e-15,2.57003679595249e-16,True,True,u(k) + u(k)*y(k-1) + y(k-1),False
E1,Green,17,4510,11,2.057276332983747,equal_calls,karatsuba,7,0.9338684576073761,0.9324610055729868,0.9338684576073761,48.5625,2.1758476152762154e-15,2.1677456228804145e-15,4.1674518770586163e-16,True,True,u(k) + u(k)*y(k-1) + y(k-1),False
E1,Green,18,4510,12,1.9365200420143083,equal_calls,karatsuba,4,0.9290917306551835,0.9267834457864883,0.9290917306551835,48.5625,3.2753740064883353e-16,3.2489343803753984e-16,3.2489343803753984e-16,True,True,u(k) + u(k)*y(k-1) + y(k-1),False
E1,Green,19,4510,12,2.164558874996146,equal_calls,karatsuba,6,0.9290917306551832,0.926783445786488,0.9290917306551832,48.5625,1.4299873370727187e-15,1.4709222633268395e-15,3.9547207099481914e-16,True,True,u(k) + u(k)*y(k-1) + y(k-1),False
E1,Green,20,4510,15,1.8066192499827594,equal_calls,karatsuba,5,0.9290917306551834,0.9267834457864882,0.9290917306551834,48.5625,3.490881928969765e-16,3.4896201714327896e-16,3.048215388922267e-16,True,True,u(k) + u(k)*y(k-1) + y(k-1),False
E1,Green,21,4510,17,1.8879930419789162,equal_calls,karatsuba,6,0.9290917306551834,0.9267834457864881,0.9290917306551834,48.5625,8.873801335102501e-16,9.03448256430443e-16,3.5374612724714936e-16,True,True,u(k) + u(k)*y(k-1) + y(k-1),False
E1,Green,22,4510,28,2.4142926249769516,equal_calls,karatsuba,5,0.9308179177399764,0.9299747948310565,0.9308179177399764,48.5625,6.768457252518019e-16,7.142928451732104e-16,2.3458695068017613e-16,True,True,u(k) + u(k)*y(k-1) + y(k-1),False
E1,Green,23,4510,23,2.009868584020296,equal_calls,karatsuba,5,0.9290917306551835,0.9267834457864881,0.9290917306551835,48.5625,8.873801335102501e-16,9.03448256430443e-16,4.804147958415448e-16,True,True,u(k) + u(k)*y(k-1) + y(k-1),False
E1,Green,24,4510,19,1.8840676249819808,equal_calls,karatsuba,6,0.9308804510137866,0.9300710468408855,0.9308804510137866,48.5625,3.024054466081862e-15,3.0443950575286657e-15,3.323602781771804e-16,True,True,u(k) + u(k)*y(k-1) + y(k-1),False
E1,Green,25,4510,23,2.3169611250050366,equal_calls,karatsuba,7,0.9290917306551835,0.9267834457864881,0.9290917306551835,48.5625,1.0937663509601051e-15,1.035053617371294e-15,3.094898248666303e-16,True,True,u(k) + u(k)*y(k-1) + y(k-1),False
E1,Green,26,4510,21,2.4672383750148583,equal_calls,karatsuba,7,0.9290917306551836,0.9267834457864882,0.9290917306551836,48.5625,1.976928237796107e-15,1.9964913575063468e-15,2.660400047422037e-16,True,True,u(k) + u(k)*y(k-1) + y(k-1),False
E1,Green,27,4510,23,2.4361247920023743,equal_calls,karatsuba,5,0.9290917306551835,0.9267834457864881,0.9290917306551835,48.5625,1.357423596628099e-15,1.2862667904077988e-15,3.687883018738349e-16,True,True,u(k) + u(k)*y(k-1) + y(k-1),False
E1,Green,28,4510,18,3.050469542009523,equal_calls,karatsuba,6,0.9290917306551835,0.9267834457864884,0.9290917306551835,48.5625,9.907981336323497e-16,8.878886681264161e-16,2.616578955285392e-16,True,True,u(k) + u(k)*y(k-1) + y(k-1),False
E1,Green,29,4510,25,2.0649105419870466,equal_calls,karatsuba,5,0.9290917306551835,0.9267834457864881,0.9290917306551835,48.5625,1.1132574055758986e-15,1.044925924616553e-15,3.3909577841225744e-16,True,True,u(k) + u(k)*y(k-1) + y(k-1),False
E1,Pareto-terms,0,4510,16,2.019412416004343,equal_calls,karatsuba,5,0.9290917306551834,0.9267834457864881,0.9290917306551834,48.5625,6.768457252518019e-16,7.142928451732104e-16,3.7297864080754744e-16,True,True,u(k) + u(k)*y(k-1) + y(k-1),False
E1,Pareto-terms,1,4510,14,2.7092473749944475,equal_calls,karatsuba,4,0.9290917306551832,0.926783445786488,0.9290917306551834,48.5625,3.024054466081862e-15,3.0443950575286657e-15,3.655630921610271e-16,True,True,u(k) + u(k)*y(k-1) + y(k-1),False
E1,Pareto-terms,2,4510,37,2.519706958992174,equal_calls,karatsuba,4,0.9290917306551831,0.9267834457864877,0.9290917306551832,48.5625,3.054836096530013e-15,3.133304983038018e-15,4.0309741555693487e-16,True,True,u(k) + u(k)*y(k-1) + y(k-1),False
E1,Pareto-terms,3,4510,19,2.5372303330223076,equal_calls,karatsuba,4,0.9290917306551835,0.9267834457864882,0.9290917306551834,48.5625,6.768457252518019e-16,7.142928451732104e-16,3.340045041433073e-16,True,True,u(k) + u(k)*y(k-1) + y(k-1),False
E1,Pareto-terms,4,4510,45,2.040667834022315,equal_calls,karatsuba,5,0.9290917306551835,0.9267834457864882,0.9290917306551836,48.5625,1.2099055571065075e-15,1.2648814273871748e-15,2.0556394911374853e-16,True,True,u(k) + u(k)*y(k-1) + y(k-1),False
E1,Pareto-terms,5,4510,19,2.2711224159866106,equal_calls,karatsuba,4,0.9290917306551835,0.9267834457864881,0.9290917306551835,48.5625,2.0169348444324206e-15,2.1233430408575456e-15,3.3559008151965847e-16,True,True,u(k) + u(k)*y(k-1) + y(k-1),False
E1,Pareto-terms,6,4510,38,1.9904565420001745,equal_calls,karatsuba,5,0.9290917306551834,0.9267834457864882,0.9290917306551834,48.5625,8.606086938606811e-16,9.267039282010344e-16,3.7907447108734526e-16,True,True,u(k) + u(k)*y(k-1) + y(k-1),False
E1,Pareto-terms,7,4510,24,2.0353005420183763,equal_calls,karatsuba,5,0.9290917306551834,0.926783445786488,0.9290917306551834,48.5625,1.992194025324073e-15,2.022374491454973e-15,4.745566757507644e-16,True,True,u(k) + u(k)*y(k-1) + y(k-1),False
E1,Pareto-terms,8,4510,21,2.240348792023724,equal_calls,karatsuba,4,0.9290917306551835,0.9267834457864881,0.9290917306551835,48.5625,4.896605878591197e-16,5.29658930435707e-16,3.3909577841225744e-16,True,True,u(k) + u(k)*y(k-1) + y(k-1),False
E1,Pareto-terms,9,4510,16,2.017046749999281,equal_calls,karatsuba,5,0.9290917306551835,0.9267834457864882,0.9290917306551835,48.5625,8.873801335102501e-16,9.03448256430443e-16,3.261171050851914e-16,True,True,u(k) + u(k)*y(k-1) + y(k-1),False
E1,Pareto-terms,10,4510,30,2.085272124997573,equal_calls,karatsuba,4,0.9290917306551835,0.9267834457864882,0.9290917306551835,48.5625,3.239019308365303e-16,3.3132865428115775e-16,3.3132865428115775e-16,True,True,u(k) + u(k)*y(k-1) + y(k-1),False
E1,Pareto-terms,11,4510,35,2.457164624996949,equal_calls,karatsuba,5,0.9353615702693775,0.9349837342848241,0.9364540924759087,48.5625,9.907981336323497e-16,8.878886681264161e-16,3.9419258672983705e-16,True,True,u(k) + u(k)*y(k-1) + y(k-1),False
E1,Pareto-terms,12,4510,30,2.055221499991603,equal_calls,karatsuba,5,0.9290917306551832,0.9267834457864881,0.9290917306551835,48.5625,1.1248090589235064e-15,1.2031003816395871e-15,3.286243507600122e-16,True,True,u(k) + u(k)*y(k-1) + y(k-1),False
E1,Pareto-terms,13,4510,39,2.0087902499944903,equal_calls,karatsuba,5,0.9290917306551836,0.9267834457864881,0.9290917306551836,48.5625,4.865896766657696e-16,4.084126682246382e-16,3.325047538353563e-16,True,True,u(k) + u(k)*y(k-1) + y(k-1),False
E1,Pareto-terms,14,4510,29,1.9339690000051633,equal_calls,karatsuba,4,0.9290917306551835,0.9267834457864882,0.9290917306551835,48.5625,3.4051014951578427e-16,3.252858957327326e-16,2.8620923185033736e-16,True,True,u(k) + u(k)*y(k-1) + y(k-1),False
E1,Pareto-terms,15,4510,21,2.1645956670108717,equal_calls,karatsuba,5,0.9290917306551832,0.926783445786488,0.9290917306551832,48.5625,1.7443857662806324e-15,1.5944835719487724e-15,3.024742113114682e-16,True,True,u(k) + u(k)*y(k-1) + y(k-1),False
E1,Pareto-terms,16,4510,23,2.0684346669877414,equal_calls,karatsuba,4,0.9353645294019212,0.9350077617004778,0.9364570516084523,48.5625,2.020130349910471e-15,1.947580698642516e-15,4.661895304698903e-16,True,True,u(k) + u(k)*y(k-1) + y(k-1),False
E1,Pareto-terms,17,4510,31,2.0172406249912456,equal_calls,karatsuba,5,0.923526154366403,0.9242906655212927,0.9292662415781336,48.5625,2.1758476152762154e-15,2.1677456228804145e-15,3.3011244499092377e-16,True,True,u(k) + u(k)*y(k-1) + y(k-1),False
E1,Pareto-terms,18,4510,29,2.3699402079801075,equal_calls,karatsuba,3,0.9290917306551835,0.9267834457864882,0.9290917306551835,48.5625,3.2753740064883353e-16,3.2489343803753984e-16,3.2489343803753984e-16,True,True,u(k) + u(k)*y(k-1) + y(k-1),False
E1,Pareto-terms,19,4510,16,1.9689765000075568,equal_calls,karatsuba,5,0.9290917306551835,0.9267834457864881,0.9290917306551835,48.5625,6.072871531116198e-16,5.468948813044272e-16,2.4972501655338375e-16,True,True,u(k) + u(k)*y(k-1) + y(k-1),False
E1,Pareto-terms,20,4510,22,2.0123095840099268,equal_calls,karatsuba,4,0.9290917306551836,0.9267834457864883,0.9290917306551836,48.5625,3.490881928969765e-16,3.4896201714327896e-16,2.5610321949031645e-16,True,True,u(k) + u(k)*y(k-1) + y(k-1),False
E1,Pareto-terms,21,4510,32,2.4482137080049142,equal_calls,karatsuba,4,0.9290917306551834,0.9267834457864881,0.9290917306551835,48.5625,9.540236807887505e-16,1.0220753774418589e-15,3.158236889468059e-16,True,True,u(k) + u(k)*y(k-1) + y(k-1),False
E1,Pareto-terms,22,4510,32,1.9813706660061143,equal_calls,karatsuba,5,0.9285444657371587,0.92681647302291,0.9285444657371587,48.5625,6.768457252518019e-16,7.142928451732104e-16,3.066865413732101e-16,True,True,u(k) + u(k)*y(k-1) + y(k-1),False
E1,Pareto-terms,23,4510,20,2.1677269590145443,equal_calls,karatsuba,5,0.9357365064337959,0.9352142780435595,0.936829028640327,48.5625,1.7564714493045361e-15,1.9114341278221274e-15,4.1387456768082583e-16,True,True,u(k) + u(k)*y(k-1) + y(k-1),False
E1,Pareto-terms,24,4510,29,2.0577594579954166,equal_calls,karatsuba,4,0.9290917306551834,0.9267834457864881,0.9290917306551834,48.5625,1.8622538500267774e-15,2.0302360183971514e-15,3.323602781771804e-16,True,True,u(k) + u(k)*y(k-1) + y(k-1),False
E1,Pareto-terms,25,4510,36,2.268381000001682,equal_calls,karatsuba,5,0.9290917306551835,0.9267834457864881,0.9290917306551835,48.5625,1.0937663509601051e-15,1.035053617371294e-15,3.304549709928772e-16,True,True,u(k) + u(k)*y(k-1) + y(k-1),False
E1,Pareto-terms,26,4510,43,2.104834166006185,equal_calls,karatsuba,5,0.9290917306551834,0.9267834457864881,0.9290917306551835,48.5625,1.976928237796107e-15,1.9964913575063468e-15,3.286243507600122e-16,True,True,u(k) + u(k)*y(k-1) + y(k-1),False
E1,Pareto-terms,27,4510,25,2.0389978750026785,equal_calls,karatsuba,5,0.9290917306551835,0.926783445786488,0.9290917306551835,48.5625,1.357423596628099e-15,1.2862667904077988e-15,3.594279530561528e-16,True,True,u(k) + u(k)*y(k-1) + y(k-1),False
E1,Pareto-terms,28,4510,30,2.2767663749982603,equal_calls,karatsuba,5,0.9290917306551835,0.9267834457864881,0.9290917306551835,48.5625,9.907981336323497e-16,8.878886681264161e-16,2.857796149158257e-16,True,True,u(k) + u(k)*y(k-1) + y(k-1),False
E1,Pareto-terms,29,4510,40,2.039141582994489,equal_calls,karatsuba,5,0.9290917306551835,0.9267834457864882,0.9290917306551836,48.5625,1.1132574055758986e-15,1.044925924616553e-15,2.899724871423293e-16,True,True,u(k) + u(k)*y(k-1) + y(k-1),False
E1,Pareto-nodes,0,4510,7,1.7930196250090376,equal_calls,karatsuba,5,0.8854867137156446,0.883265889680197,0.9290917306551834,48.5625,6.768457252518019e-16,7.142928451732104e-16,3.048215388922267e-16,True,True,u(k) + u(k)*y(k-1) + y(k-1),False
E1,Pareto-nodes,1,4510,13,1.7740911669970956,equal_calls,karatsuba,6,0.8854867137156446,0.8832658896801969,0.9290917306551832,48.5625,3.024054466081862e-15,3.0443950575286657e-15,2.2017324783380109e-16,True,True,u(k) + u(k)*y(k-1) + y(k-1),False
E1,Pareto-nodes,2,4510,13,1.8050677500141319,equal_calls,karatsuba,6,0.8854867137156446,0.8832658896801968,0.9290917306551832,48.5625,3.054836096530013e-15,3.133304983038018e-15,2.985016937623216e-16,True,True,u(k) + u(k)*y(k-1) + y(k-1),False
E1,Pareto-nodes,3,4510,23,2.111063832999207,equal_calls,karatsuba,6,0.8854867137156448,0.883265889680197,0.9285444657371588,48.5625,6.768457252518019e-16,7.142928451732104e-16,3.3109454858502546e-16,True,True,u(k) + u(k)*y(k-1) + y(k-1),False
E1,Pareto-nodes,4,4510,35,2.09766437500366,equal_calls,karatsuba,5,0.8854867137156446,0.883265889680197,0.9290917306551834,48.5625,1.2099055571065075e-15,1.2648814273871748e-15,3.506894794037756e-16,True,True,u(k) + u(k)*y(k-1) + y(k-1),False
E1,Pareto-nodes,5,4510,26,1.8579260839906055,equal_calls,karatsuba,4,0.8854867137156447,0.883265889680197,0.9290917306551834,48.5625,2.0169348444324206e-15,2.1233430408575456e-15,2.6508865607196936e-16,True,True,u(k) + u(k)*y(k-1) + y(k-1),False
E1,Pareto-nodes,6,4510,26,1.89739570801612,equal_calls,karatsuba,5,0.8854867137156446,0.883265889680197,0.9285444657371587,48.5625,8.606086938606811e-16,9.267039282010344e-16,3.677247652087717e-16,True,True,u(k) + u(k)*y(k-1) + y(k-1),False
E1,Pareto-nodes,7,4510,20,2.1331692920066416,equal_calls,karatsuba,5,0.8854867137156448,0.883265889680197,0.9285444657371588,48.5625,1.013470721095611e-15,9.368652000835929e-16,3.116287017682984e-16,True,True,u(k) + u(k)*y(k-1) + y(k-1),False
E1,Pareto-nodes,8,4510,17,1.8181123330141418,equal_calls,karatsuba,5,0.8854867137156447,0.8832658896801971,0.9290917306551835,48.5625,7.432453217600646e-16,7.374893800286733e-16,3.098534110517132e-16,True,True,u(k) + u(k)*y(k-1) + y(k-1),False
E1,Pareto-nodes,9,4510,15,1.8544900830020197,equal_calls,karatsuba,4,0.8854867137156447,0.883265889680197,0.9285444657371588,48.5625,8.873801335102501e-16,9.03448256430443e-16,3.323602781771804e-16,True,True,u(k) + u(k)*y(k-1) + y(k-1),False
E1,Pareto-nodes,10,4510,25,1.8149545000051148,equal_calls,karatsuba,6,0.8854867137156447,0.8832658896801969,0.9290917306551834,48.5625,1.3760764222868122e-15,1.4855806743662012e-15,3.571486543966768e-16,True,True,u(k) + u(k)*y(k-1) + y(k-1),False
E1,Pareto-nodes,11,4510,14,2.2216301250155084,equal_calls,karatsuba,6,0.8854867137156448,0.8832658896801971,0.9285444657371588,48.5625,9.907981336323497e-16,8.878886681264161e-16,2.2017324783380109e-16,True,True,u(k) + u(k)*y(k-1) + y(k-1),False
E1,Pareto-nodes,12,4510,24,1.8411320830055047,equal_calls,karatsuba,5,0.8854867137156446,0.883265889680197,0.9290917306551834,48.5625,1.1248090589235064e-15,1.2031003816395871e-15,3.3909577841225744e-16,True,True,u(k) + u(k)*y(k-1) + y(k-1),False
E1,Pareto-nodes,13,4510,20,1.8667439999990165,equal_calls,karatsuba,7,0.8854867137156447,0.883265889680197,0.9290917306551835,48.5625,4.865896766657696e-16,4.084126682246382e-16,3.48550272701125e-16,True,True,u(k) + u(k)*y(k-1) + y(k-1),False
E1,Pareto-nodes,14,4510,25,1.7958261249877978,equal_calls,karatsuba,4,0.8854867137156447,0.8832658896801971,0.9290917306551834,48.5625,3.4051014951578427e-16,3.252858957327326e-16,3.252858957327326e-16,True,True,u(k) + u(k)*y(k-1) + y(k-1),False
E1,Pareto-nodes,15,4510,14,2.1206285000080243,equal_calls,karatsuba,6,0.8854867137156446,0.8832658896801969,0.9290917306551832,48.5625,1.7443857662806324e-15,1.5944835719487724e-15,4.434803367025885e-16,True,True,u(k) + u(k)*y(k-1) + y(k-1),False
E1,Pareto-nodes,16,4510,29,1.8823255840106867,equal_calls,karatsuba,7,0.8854867137156447,0.883265889680197,0.9290917306551835,48.5625,1.6527207157454756e-15,1.7000842944988312e-15,2.9669829790006635e-16,True,True,u(k) + u(k)*y(k-1) + y(k-1),False
E1,Pareto-nodes,17,4510,15,1.8756383750005625,equal_calls,karatsuba,6,0.8854867137156447,0.883265889680197,0.9290917306551835,48.5625,2.1758476152762154e-15,2.1677456228804145e-15,2.4972501655338375e-16,True,True,u(k) + u(k)*y(k-1) + y(k-1),False
E1,Pareto-nodes,18,4510,17,1.9441333749855403,equal_calls,karatsuba,4,0.8854867137156447,0.8832658896801971,0.9290917306551835,48.5625,3.2753740064883353e-16,3.2489343803753984e-16,3.2489343803753984e-16,True,True,u(k) + u(k)*y(k-1) + y(k-1),False
E1,Pareto-nodes,19,4510,12,2.1238754170190077,equal_calls,karatsuba,6,0.8854867137156447,0.8832658896801969,0.9290917306551835,48.5625,1.4299873370727187e-15,1.4709222633268395e-15,4.131296988185334e-16,True,True,u(k) + u(k)*y(k-1) + y(k-1),False
E1,Pareto-nodes,20,4510,33,1.9115395830012858,equal_calls,karatsuba,6,0.8854867137156446,0.8832658896801969,0.9290917306551834,48.5625,2.4071145904153674e-15,2.5179493105858467e-15,3.6570622047543367e-16,True,True,u(k) + u(k)*y(k-1) + y(k-1),False
E1,Pareto-nodes,21,4510,23,1.8079870830115397,equal_calls,karatsuba,6,0.8854867137156447,0.8832658896801971,0.9290917306551835,48.5625,4.770887334641543e-16,5.334379212799453e-16,2.746656849876153e-16,True,True,u(k) + u(k)*y(k-1) + y(k-1),False
E1,Pareto-nodes,22,4510,25,1.9445321249950211,equal_calls,karatsuba,4,0.8854867137156447,0.8832658896801971,0.9290917306551836,48.5625,6.768457252518019e-16,7.142928451732104e-16,2.3458695068017613e-16,True,True,u(k) + u(k)*y(k-1) + y(k-1),False
E1,Pareto-nodes,23,4510,25,1.90183945800527,equal_calls,karatsuba,8,0.8854867137156446,0.883265889680197,0.9290917306551834,48.5625,3.024054466081862e-15,3.0443950575286657e-15,2.009785686235709e-16,True,True,u(k) + u(k)*y(k-1) + y(k-1),False
E1,Pareto-nodes,24,4510,16,2.2423154579882976,equal_calls,karatsuba,5,0.8854867137156448,0.8832658896801971,0.9290917306551835,48.5625,1.7443857662806324e-15,1.5944835719487724e-15,1.6960313298384837e-16,True,True,u(k) + u(k)*y(k-1) + y(k-1),False
E1,Pareto-nodes,25,4510,47,1.996062709018588,equal_calls,karatsuba,6,0.8854867137156447,0.8832658896801969,0.9290917306551835,48.5625,1.0937663509601051e-15,1.035053617371294e-15,3.111389442472573e-16,True,True,u(k) + u(k)*y(k-1) + y(k-1),False
E1,Pareto-nodes,26,4510,11,1.8561043750087265,equal_calls,karatsuba,6,0.8854867137156446,0.883265889680197,0.9285444657371587,48.5625,1.976928237796107e-15,1.9964913575063468e-15,3.286243507600122e-16,True,True,u(k) + u(k)*y(k-1) + y(k-1),False
E1,Pareto-nodes,27,4510,27,2.0472398750134744,equal_calls,karatsuba,7,0.8854867137156447,0.8832658896801971,0.9290917306551834,48.5625,2.0043206776618676e-15,1.8596693730885658e-15,3.4148518156140815e-16,True,True,u(k) + u(k)*y(k-1) + y(k-1),False
E1,Pareto-nodes,28,4510,15,2.2086606250086334,equal_calls,karatsuba,6,0.8854867137156447,0.883265889680197,0.9290917306551834,48.5625,9.907981336323497e-16,8.878886681264161e-16,3.595234922548762e-16,True,True,u(k) + u(k)*y(k-1) + y(k-1),False
E1,Pareto-nodes,29,4510,19,1.997254249989055,equal_calls,karatsuba,7,0.8854867137156448,0.883265889680197,0.9290917306551835,48.5625,1.1132574055758986e-15,1.044925924616553e-15,2.899724871423293e-16,True,True,u(k) + u(k)*y(k-1) + y(k-1),False
E2,SO,0,4510,5,1.3881534590036608,equal_calls,karatsuba,1,0.6215796609799563,0.6179518901677896,0.7724337826078688,84.734375,0.022735364714429853,0.028439045742316746,0.028439045742316746,False,False,u(k)*y(k-2) + u(k-1) + y(k-2) + y(k-2)*y(k-2) + y(k-5),False
E2,SO,1,4510,5,1.4189741669979412,equal_calls,karatsuba,1,0.6215625681098497,0.6182474892815101,0.7725291544612725,84.734375,0.02276223859483383,0.027974296687295588,0.027974296687295588,False,False,u(k-1) + u(k-1)*y(k-2) + y(k-3)*y(k-3) + y(k-4) + y(k-5),False
E2,SO,2,4510,23,1.7564595000003465,equal_calls,karatsuba,1,0.6215698913706743,0.6182674718058003,0.7729003875411044,84.734375,0.022750724762789186,0.027942879613123903,0.027942879613123903,False,False,u(k-1) + u(k-1)*y(k-2) + y(k-1)*y(k-3) + y(k-4) + y(k-5),False
E2,SO,3,4510,12,1.4045169580203947,equal_calls,karatsuba,1,0.6215942595074677,0.6179160006699826,0.7647119999810419,84.734375,0.022712412508043817,0.028495472197663716,0.028495472197663716,False,False,u(k)*u(k-2) + u(k-1) + y(k-2)*y(k-2) + y(k-4) + y(k-5),False
E2,SO,4,4510,15,1.3936723340011667,equal_calls,karatsuba,1,0.6215942595074678,0.6179160006699825,0.7716928102990532,84.734375,0.022712412508043716,0.028495472197663872,0.028495472197663872,False,False,u(k)*u(k-2) + u(k-1) + y(k-2)*y(k-2) + y(k-4) + y(k-5),False
E2,SO,5,4510,11,1.381500249990495,equal_calls,karatsuba,1,0.6215798665968248,0.6178953825375029,0.7730018868306178,84.734375,0.02273504143793509,0.02852788859250901,0.02852788859250901,False,False,u(k)*y(k-2) + u(k-1) + y(k-2) + y(k-2)*y(k-3) + y(k-5),False
E2,SO,6,4510,17,1.7137154999945778,equal_calls,karatsuba,1,0.6215698913706742,0.6182674718058004,0.7213691180305909,84.734375,0.022750724762789245,0.027942879613123753,0.027942879613123753,False,False,u(k-1) + u(k-1)*y(k-2) + y(k-1)*y(k-3) + y(k-4) + y(k-5),False
E2,SO,7,4510,28,1.4331184159964323,equal_calls,karatsuba,1,0.6215798665968248,0.6178953825375028,0.8164876925357881,84.734375,0.022735041437935043,0.028527888592509112,0.028527888592509112,False,False,u(k)*y(k-2) + u(k-1) + y(k-2) + y(k-2)*y(k-3) + y(k-5),False
E2,SO,8,4510,25,1.312274666997837,equal_calls,karatsuba,1,0.6215796609799562,0.6179518901677896,0.7731951836970827,84.734375,0.022735364714429947,0.028439045742316746,0.028439045742316746,False,False,u(k)*y(k-2) + u(k-1) + y(k-2) + y(k-2)*y(k-2) + y(k-5),False
E2,SO,9,4510,15,1.5743389999843203,equal_calls,karatsuba,1,0.6215698913706742,0.6182674718058004,0.8179839251252472,84.734375,0.02275072476278927,0.02794287961312382,0.02794287961312382,False,False,u(k-1) + u(k-1)*y(k-2) + y(k-1)*y(k-3) + y(k-4) + y(k-5),False
E2,SO,10,4510,24,1.3269463340111542,equal_calls,karatsuba,1,0.6215698913706742,0.6182674718058004,0.7646905802021652,84.734375,0.022750724762789252,0.02794287961312382,0.02794287961312382,False,False,u(k-1) + u(k-1)*y(k-2) + y(k-1)*y(k-3) + y(k-4) + y(k-5),False
E2,SO,11,4510,17,1.284737333015073,equal_calls,karatsuba,1,0.6215942595074676,0.6179160006699826,0.7211633572980394,84.734375,0.02271241250804399,0.028495472197663657,0.028495472197663657,False,False,u(k)*u(k-2) + u(k-1) + y(k-2)*y(k-2) + y(k-4) + y(k-5),False
E2,SO,12,4510,9,1.242030249995878,equal_calls,karatsuba,1,0.6215942595074676,0.6179160006699825,0.7725246026631025,84.734375,0.022712412508043865,0.028495472197663768,0.028495472197663768,False,False,u(k)*u(k-2) + u(k-1) + y(k-2)*y(k-2) + y(k-4) + y(k-5),False
E2,SO,13,4510,15,1.6471910830005072,equal_calls,karatsuba,1,0.6215942595074676,0.6179160006699825,0.772941263443985,84.734375,0.02271241250804397,0.028495472197663806,0.028495472197663806,False,False,u(k)*u(k-2) + u(k-1) + y(k-2)*y(k-2) + y(k-4) + y(k-5),False
E2,SO,14,4510,16,1.1384545000037178,equal_calls,karatsuba,1,0.6215698913706742,0.6182674718058004,0.8138906265758535,84.734375,0.022750724762789293,0.027942879613123823,0.027942879613123823,False,False,u(k-1) + u(k-1)*y(k-2) + y(k-1)*y(k-3) + y(k-4) + y(k-5),False
E2,SO,15,4510,15,1.2026117500208784,equal_calls,karatsuba,1,0.6215796609799562,0.6179518901677895,0.77272142939469,84.734375,0.022735364714429936,0.028439045742316763,0.028439045742316763,False,False,u(k)*y(k-2) + u(k-1) + y(k-2) + y(k-2)*y(k-2) + y(k-5),False
E2,SO,16,4510,16,1.1719825000036508,equal_calls,karatsuba,1,0.6215698913706742,0.6182674718058003,0.721286555412764,84.734375,0.022750724762789283,0.027942879613123882,0.027942879613123882,False,False,u(k-1) + u(k-1)*y(k-2) + y(k-1)*y(k-3) + y(k-4) + y(k-5),False
E2,SO,17,4510,33,1.6723848750116304,equal_calls,karatsuba,1,0.6215483567769811,0.6182676985950566,0.8155422999167735,84.734375,0.022784582043155217,0.02794252304881898,0.02794252304881898,False,False,u(k-1) + u(k-1)*y(k-2) + y(k-2)*y(k-2) + y(k-4) + y(k-5),False
E2,SO,18,4510,14,1.1715484170126729,equal_calls,karatsuba,1,0.6215796609799562,0.6179518901677896,0.721306719817676,84.734375,0.022735364714429964,0.028439045742316725,0.028439045742316725,False,False,u(k)*y(k-2) + u(k-1) + y(k-2) + y(k-2)*y(k-2) + y(k-5),False
E2,SO,19,4510,12,1.216459625022253,equal_calls,karatsuba,1,0.6215942595074676,0.6179160006699825,0.7673450383373067,84.734375,0.0227124125080439,0.028495472197663824,0.028495472197663824,False,False,u(k)*u(k-2) + u(k-1) + y(k-2)*y(k-2) + y(k-4) + y(k-5),False
E2,SO,20,4510,11,1.6992972500156611,equal_calls,karatsuba,1,0.6215698913706743,0.6182674718058004,0.7733490170628786,84.734375,0.022750724762789203,0.02794287961312374,0.02794287961312374,False,False,u(k-1) + u(k-1)*y(k-2) + y(k-1)*y(k-3) + y(k-4) + y(k-5),False
E2,SO,21,4510,15,1.1702316669980064,equal_calls,karatsuba,1,0.6215698913706742,0.6182674718058004,0.721368648635568,84.734375,0.022750724762789352,0.02794287961312378,0.02794287961312378,False,False,u(k-1) + u(k-1)*y(k-2) + y(k-1)*y(k-3) + y(k-4) + y(k-5),False
E2,SO,22,4510,15,1.2159740419883747,equal_calls,karatsuba,1,0.6215942595074675,0.6179160006699826,0.7733719968152668,84.734375,0.022712412508044136,0.0284954721976637,0.0284954721976637,False,False,u(k)*u(k-2) + u(k-1) + y(k-2)*y(k-2) + y(k-4) + y(k-5),False
E2,SO,23,4510,14,1.2302344169875141,equal_calls,karatsuba,1,0.6215698913706743,0.6182674718058004,0.8185633959840366,84.734375,0.02275072476278919,0.027942879613123726,0.027942879613123726,False,False,u(k-1) + u(k-1)*y(k-2) + y(k-1)*y(k-3) + y(k-4) + y(k-5),False
E2,SO,24,4510,12,1.7180405000108294,equal_calls,karatsuba,1,0.6215942595074676,0.6179160006699825,0.7213826039666068,84.734375,0.022712412508043858,0.02849547219766375,0.02849547219766375,False,False,u(k)*u(k-2) + u(k-1) + y(k-2)*y(k-2) + y(k-4) + y(k-5),False
E2,SO,25,4510,14,1.2485822500020731,equal_calls,karatsuba,1,0.6215942595074676,0.6179160006699826,0.7650536619059434,84.734375,0.022712412508044014,0.02849547219766373,0.02849547219766373,False,False,u(k)*u(k-2) + u(k-1) + y(k-2)*y(k-2) + y(k-4) + y(k-5),False
E2,SO,26,4510,15,1.4422125419951044,equal_calls,karatsuba,1,0.6215798665968248,0.6178953825375028,0.7730960885716466,84.734375,0.022735041437935026,0.028527888592509126,0.028527888592509126,False,False,u(k)*y(k-2) + u(k-1) + y(k-2) + y(k-2)*y(k-3) + y(k-5),False
E2,SO,27,4510,20,1.4355714170087595,equal_calls,karatsuba,1,0.6215698913706742,0.6182674718058004,0.8152230639158378,84.734375,0.022750724762789273,0.027942879613123823,0.027942879613123823,False,False,u(k-1) + u(k-1)*y(k-2) + y(k-1)*y(k-3) + y(k-4) + y(k-5),False
E2,SO,28,4510,18,1.5488918750197627,equal_calls,karatsuba,1,0.6215942595074676,0.6179160006699825,0.7664370403879751,84.734375,0.022712412508043928,0.028495472197663782,0.028495472197663782,False,False,u(k)*u(k-2) + u(k-1) + y(k-2)*y(k-2) + y(k-4) + y(k-5),False
E2,SO,29,4510,7,1.3059494170011021,equal_calls,karatsuba,1,0.6215796609799561,0.6179518901677896,0.7647536480709772,84.734375,0.02273536471443003,0.02843904574231672,0.02843904574231672,False,False,u(k)*y(k-2) + u(k-1) + y(k-2) + y(k-2)*y(k-2) + y(k-5),False
E2,MO-lex,0,4510,5,1.2408189169946127,equal_calls,karatsuba,4,0.7724337826078688,0.7679928755790592,0.7724337826078688,72.34375,0.02287571165946057,0.028621296410020255,0.028439045742316746,False,False,u(k)*u(k-2) + u(k-1) + y(k-2)*y(k-2) + y(k-5),False
E2,MO-lex,1,4510,5,1.1154427909932565,equal_calls,karatsuba,5,0.7725291544612725,0.7684867521471717,0.7725291544612725,60.953125,0.023026134745714653,0.028055878467765197,0.027974296687295588,False,False,u(k-1) + u(k-1)*y(k-2) + y(k-4) + y(k-5),False
E2,MO-lex,2,4510,23,1.1446471659874078,equal_calls,karatsuba,3,0.7729003875411044,0.7688259130067908,0.7729003875411044,72.34375,0.02297364109399289,0.028809424244161618,0.027942879613123903,False,False,u(k)*u(k-1) + u(k-1) + y(k-2)*y(k-2) + y(k-5),False
E2,MO-lex,3,4510,12,1.1449501659953967,equal_calls,karatsuba,6,0.7647119999810419,0.7583350549284168,0.7647119999810419,72.34375,0.022986966264847548,0.0281884447599459,0.028061057151065952,False,False,u(k-1) + u(k-1)*y(k-2) + y(k-2)*y(k-3) + y(k-5),False
E2,MO-lex,4,4510,15,1.5734173330129124,equal_calls,karatsuba,4,0.7716928102990532,0.7670930596303067,0.7716928102990532,72.34375,0.022875711659460545,0.028621296410020196,0.028495472197663872,False,False,u(k)*u(k-2) + u(k-1) + y(k-2)*y(k-2) + y(k-5),False
E2,MO-lex,5,4510,11,1.10543233298813,equal_calls,karatsuba,4,0.7730018868306178,0.7686605576379899,0.7730018868306178,72.34375,0.023171405922430523,0.029159056587540748,0.02852788859250901,False,False,u(k)*u(k-1) + u(k-1) + y(k-2)*y(k-3) + y(k-5),False
E2,MO-lex,6,4510,17,1.1674478339846246,equal_calls,karatsuba,4,0.7213691180305909,0.7175492807300999,0.7213691180305909,60.953125,0.02302613474571482,0.028055878467765152,0.027942879613123753,False,False,u(k-1) + u(k-1)*y(k-2) + y(k-4) + y(k-5),False
E2,MO-lex,7,4510,28,1.1858054999902379,equal_calls,karatsuba,5,0.8164876925357881,0.8118374004329671,0.8164876925357881,73.34375,0.023036131774493075,0.0280374199234565,0.0280374199234565,False,False,u(k-1) + u(k-1)*y(k-2) + y(k-1) + y(k-4) + y(k-5),False
E2,MO-lex,8,4510,25,1.111565208004322,equal_calls,karatsuba,3,0.7731951836970827,0.7690225032889086,0.7731951836970827,60.953125,0.023026134745714653,0.028055878467765197,0.028055878467765197,False,False,u(k-1) + u(k-1)*y(k-2) + y(k-4) + y(k-5),False
E2,MO-lex,9,4510,15,1.2245527920022141,equal_calls,karatsuba,5,0.8179839251252472,0.8128452573066617,0.8179839251252472,48.5625,0.023325343803451734,0.02833623162889281,0.02794287961312382,False,False,u(k-1) + u(k-1)*y(k-2) + y(k-5),False
E2,MO-lex,10,4510,24,1.6883527910104021,equal_calls,karatsuba,5,0.7646905802021652,0.7588990902328983,0.7646905802021652,72.34375,0.022986966264847496,0.028188444759945874,0.02794287961312382,False,False,u(k-1) + u(k-1)*y(k-2) + y(k-2)*y(k-3) + y(k-5),False
E2,MO-lex,11,4510,17,1.1590174590237439,equal_calls,karatsuba,3,0.7211633572980394,0.7169454942783953,0.7211633572980394,72.34375,0.022875711659460483,0.028621296410020154,0.028495472197663657,False,True,u(k)*u(k-2) + u(k-1) + y(k-2)*y(k-2) + y(k-5),False
E2,MO-lex,12,4510,9,1.157246207993012,equal_calls,karatsuba,4,0.7725246026631025,0.7683382212859827,0.7725246026631025,60.953125,0.023539325117018176,0.028750982584347478,0.028037419923456482,False,False,u(k-1) + u(k-2)*y(k-2) + y(k-4) + y(k-5),False
E2,MO-lex,13,4510,15,1.3265810410084669,equal_calls,karatsuba,4,0.772941263443985,0.7687207241356424,0.772941263443985,72.34375,0.022986966264847565,0.02818844475994596,0.02818844475994596,False,False,u(k-1) + u(k-1)*y(k-2) + y(k-2)*y(k-3) + y(k-5),False
E2,MO-lex,14,4510,16,1.15606412498164,equal_calls,karatsuba,5,0.8138906265758535,0.8066413095861414,0.8138906265758535,60.953125,0.023026134745714737,0.028055878467765253,0.027942879613123823,False,False,u(k-1) + u(k-1)*y(k-2) + y(k-4) + y(k-5),False
E2,MO-lex,15,4510,15,1.1645916249835864,equal_calls,karatsuba,5,0.77272142939469,0.768464626567292,0.77272142939469,60.953125,0.02348106067974359,0.02899960310140295,0.028071444914599893,False,False,u(k)*y(k-3) + u(k-1) + y(k-3) + y(k-5),False
E2,MO-lex,16,4510,16,1.144297541002743,equal_calls,karatsuba,4,0.721286555412764,0.7177282376544594,0.721286555412764,72.34375,0.023012085763255943,0.02818268848553528,0.027716088639745107,False,False,u(k-1) + u(k-1)*y(k-2) + y(k-1)*y(k-3) + y(k-5),False
E2,MO-lex,17,4510,33,1.4632465410104487,equal_calls,karatsuba,6,0.8155422999167735,0.769262887943402,0.8155422999167735,48.5625,0.023325343803451557,0.02833623162889271,0.02794252304881898,False,False,u(k-1) + u(k-1)*y(k-2) + y(k-5),False
E2,MO-lex,18,4510,14,1.138145707984222,equal_calls,karatsuba,3,0.721306719817676,0.7171140877552153,0.721306719817676,72.34375,0.02326109572883389,0.028946790859196353,0.028439045742316725,False,False,u(k)*y(k-2) + u(k-1) + y(k-2)*y(k-2) + y(k-5),False
E2,MO-lex,19,4510,12,1.136308375018416,equal_calls,karatsuba,6,0.7673450383373067,0.761482950425104,0.7673450383373067,72.34375,0.023012085763255842,0.02818268848553524,0.027800107337470525,False,False,u(k-1) + u(k-1)*y(k-2) + y(k-1)*y(k-3) + y(k-5),False
E2,MO-lex,20,4510,11,1.1033981250075158,equal_calls,karatsuba,4,0.7733490170628786,0.769262661154146,0.7733490170628786,48.5625,0.02332534380345174,0.028336231628892795,0.02794287961312374,False,False,u(k-1) + u(k-1)*y(k-2) + y(k-5),False
E2,MO-lex,21,4510,15,1.1562542920000851,equal_calls,karatsuba,4,0.721368648635568,0.7175503448347044,0.721368648635568,60.953125,0.023026134745714598,0.028055878467765184,0.02794287961312378,False,False,u(k-1) + u(k-1)*y(k-2) + y(k-4) + y(k-5),False
E2,MO-lex,22,4510,15,1.1327344579913188,equal_calls,karatsuba,4,0.7733719968152668,0.7691907893323046,0.7733719968152668,48.5625,0.02332534380345173,0.02833623162889277,0.028055878467765197,False,False,u(k-1) + u(k-1)*y(k-2) + y(k-5),False
E2,MO-lex,23,4510,14,1.1394474589906167,equal_calls,karatsuba,5,0.8185633959840366,0.8130526874751715,0.8185633959840366,48.5625,0.02332534380345157,0.028336231628892795,0.027942879613123726,False,False,u(k-1) + u(k-1)*y(k-2) + y(k-5),False
E2,MO-lex,24,4510,12,1.4880499580176547,equal_calls,karatsuba,3,0.7213826039666068,0.717270250707746,0.7213826039666068,60.953125,0.023337761608879976,0.028336509178523917,0.028336509178523917,False,False,u(k) + u(k-1) + u(k-1)*y(k-2) + y(k-5),False
E2,MO-lex,25,4510,14,1.154676041973289,equal_calls,karatsuba,5,0.7650536619059434,0.760558833297832,0.7650536619059434,73.34375,0.022955150475536177,0.028061057151065962,0.028061057151065962,False,False,u(k-1) + u(k-1)*y(k-2) + y(k-2) + y(k-4) + y(k-5),False
E2,MO-lex,26,4510,15,1.2065894579864107,equal_calls,karatsuba,5,0.7730960885716466,0.7693981742136279,0.7730960885716466,72.34375,0.023099546114794617,0.02815717361602156,0.027762630425478364,False,False,u(k)*y(k-1) + u(k-1) + u(k-1)*y(k-2) + y(k-5),False
E2,MO-lex,27,4510,20,1.1859145420021378,equal_calls,karatsuba,7,0.8152230639158378,0.809141592439492,0.8152230639158378,72.34375,0.023012085763255974,0.028182688485535283,0.027762630425478337,False,False,u(k-1) + u(k-1)*y(k-2) + y(k-1)*y(k-3) + y(k-5),False
E2,MO-lex,28,4510,18,1.225911499990616,equal_calls,karatsuba,4,0.7664370403879751,0.7608201991378176,0.7664370403879751,72.34375,0.022875711659460497,0.02862129641002024,0.028495472197663782,False,True,u(k)*u(k-2) + u(k-1) + y(k-2)*y(k-2) + y(k-5),False
E2,MO-lex,29,4510,7,1.2709360830194782,equal_calls,karatsuba,5,0.7647536480709772,0.7582587344611442,0.7647536480709772,72.34375,0.023096426351156597,0.028074039740755747,0.028074039740755747,False,False,u(k)*y(k-2) + u(k-1) + u(k-1)*y(k-2) + y(k-5),False
E2,Green,0,4510,8,2.484306500002276,equal_calls,karatsuba,7,0.9102196565882901,0.9038571919849598,0.9102196565882901,48.5625,0.023325343803451654,0.028336231628892716,0.027957597881117627,False,False,u(k-1) + u(k-1)*y(k-2) + y(k-5),False
E2,Green,1,4510,2,2.139941292000003,equal_calls,karatsuba,8,0.9105986371790493,0.9052599193805668,0.9105986371790493,48.5625,0.023325343803451682,0.02833623162889273,0.027974296687295598,False,False,u(k-1) + u(k-1)*y(k-2) + y(k-5),False
E2,Green,2,4510,4,2.0681024579971563,equal_calls,karatsuba,8,0.9102876109606918,0.9039545988523774,0.9102876109606918,48.5625,0.023325343803451734,0.028336231628892785,0.027919355466620364,False,False,u(k-1) + u(k-1)*y(k-2) + y(k-5),False
E2,Green,3,4510,6,2.413757541013183,equal_calls,karatsuba,8,0.9151631258095188,0.9094966990327863,0.9151631258095188,48.5625,0.02332534380345169,0.028336231628892802,0.027942523048818946,False,False,u(k-1) + u(k-1)*y(k-2) + y(k-5),False
E2,Green,4,4510,5,2.3809139159857295,equal_calls,karatsuba,8,0.9116587579358356,0.9062964872607959,0.9116587579358356,48.5625,0.023325343803451675,0.02833623162889278,0.028055878467765156,False,False,u(k-1) + u(k-1)*y(k-2) + y(k-5),False
E2,Green,5,4510,5,2.176346749998629,equal_calls,karatsuba,8,0.9102890008321214,0.9038677647260787,0.9102890008321214,48.5625,0.02332534380345164,0.0283362316288928,0.02805587846776524,False,False,u(k-1) + u(k-1)*y(k-2) + y(k-5),False
E2,Green,6,4510,9,2.6592861250101123,equal_calls,karatsuba,8,0.9102375652393208,0.9037946815742444,0.9102375652393208,48.5625,0.023325343803451557,0.02833623162889271,0.028055878467765197,False,False,u(k-1) + u(k-1)*y(k-2) + y(k-5),False
E2,Green,7,4510,4,2.226531874999637,equal_calls,karatsuba,8,0.915051951941912,0.9093899683947484,0.915051951941912,48.5625,0.023325343803451675,0.028336231628892813,0.028055878467765197,False,False,u(k-1) + u(k-1)*y(k-2) + y(k-5),False
E2,Green,8,4510,3,2.161102292011492,equal_calls,karatsuba,7,0.9102327336523632,0.9038677647260787,0.9102327336523632,48.5625,0.023325343803451734,0.028336231628892785,0.028055878467765236,False,False,u(k-1) + u(k-1)*y(k-2) + y(k-5),False
E2,Green,9,4510,6,2.3454370829858817,equal_calls,karatsuba,8,0.9100995939046272,0.9037331035798954,0.9100995939046272,60.953125,0.02302613474571471,0.02805587846776524,0.02805587846776524,False,False,u(k-1) + u(k-1)*y(k-2) + y(k-4) + y(k-5),False
E2,Green,10,4510,6,1.8949985830113292,equal_calls,karatsuba,8,0.91029234221627,0.9039196540236301,0.91029234221627,48.5625,0.02332534380345166,0.02833623162889277,0.027974296687295563,False,False,u(k-1) + u(k-1)*y(k-2) + y(k-5),False
E2,Green,11,4510,6,1.6203293330036104,equal_calls,karatsuba,8,0.9117690417082337,0.9063936296984515,0.9117690417082337,48.5625,0.023325343803451734,0.028336231628892785,0.027957597881117582,False,False,u(k-1) + u(k-1)*y(k-2) + y(k-5),False
E2,Green,12,4510,10,1.8826512499945238,equal_calls,karatsuba,8,0.912339138805525,0.9074056434094108,0.912339138805525,48.5625,0.023325343803451744,0.02833623162889279,0.027942879613123774,False,False,u(k-1) + u(k-1)*y(k-2) + y(k-5),False
E2,Green,13,4510,4,1.6240987920027692,equal_calls,karatsuba,8,0.9103095797262799,0.9038677647260788,0.9103095797262799,48.5625,0.023325343803451682,0.028336231628892854,0.028055878467765173,False,False,u(k-1) + u(k-1)*y(k-2) + y(k-5),False
E2,Green,14,4510,10,1.592358666996006,equal_calls,karatsuba,8,0.9123173039614876,0.9074058701986669,0.9123173039614876,48.5625,0.02332534380345174,0.028336231628892802,0.027942523048819008,False,False,u(k-1) + u(k-1)*y(k-2) + y(k-5),False
E2,Green,15,4510,6,1.8718381670187227,equal_calls,karatsuba,8,0.9102924868561734,0.9039196540236298,0.9102924868561734,48.5625,0.023325343803451602,0.028336231628892743,0.027974296687295567,False,False,u(k-1) + u(k-1)*y(k-2) + y(k-5),False
E2,Green,16,4510,8,1.6618846669734921,equal_calls,karatsuba,8,0.9102031376249955,0.9038222641257455,0.9102031376249955,48.5625,0.02332534380345171,0.02833623162889278,0.028012512421825883,False,False,u(k-1) + u(k-1)*y(k-2) + y(k-5),False
E2,Green,17,4510,8,1.585243375011487,equal_calls,karatsuba,8,0.9105984925391459,0.9052599193805667,0.9105984925391459,48.5625,0.02332534380345166,0.028336231628892785,0.027974296687295588,False,False,u(k-1) + u(k-1)*y(k-2) + y(k-5),False
E2,Green,18,4510,8,1.8111094159830827,equal_calls,karatsuba,7,0.9093001217239894,0.9039449034440408,0.9093001217239894,60.953125,0.024663281712665377,0.02776895984100228,0.02776895984100228,False,False,u(k-1) + u(k-1)*y(k-2) + u(k-3) + y(k-4),False
E2,Green,19,4510,2,1.5835835420002695,equal_calls,karatsuba,8,0.9106155854092525,0.9052080300830155,0.9106155854092525,48.5625,0.023325343803451644,0.028336231628892785,0.02805587846776524,False,False,u(k-1) + u(k-1)*y(k-2) + y(k-5),False
E2,Green,20,4510,7,1.611002916994039,equal_calls,karatsuba,8,0.9102879843768791,0.9039545988523775,0.9102879843768791,48.5625,0.023325343803451727,0.028336231628892813,0.027919355466620416,False,False,u(k-1) + u(k-1)*y(k-2) + y(k-5),False
E2,Green,21,4510,6,1.7981935839925427,equal_calls,karatsuba,8,0.9102955065038983,0.9038677647260789,0.9102955065038983,48.5625,0.023325343803451734,0.028336231628892823,0.028055878467765128,False,False,u(k-1) + u(k-1)*y(k-2) + y(k-5),False
E2,Green,22,4510,3,1.5819757920107804,equal_calls,karatsuba,8,0.9102779900967422,0.9039398633371764,0.9102779900967422,48.5625,0.023325343803451682,0.02833623162889273,0.027942523048818967,False,False,u(k-1) + u(k-1)*y(k-2) + y(k-5),False
E2,Green,23,4510,8,1.7471417910128366,equal_calls,karatsuba,8,0.9102998349035613,0.9039396365479203,0.9102998349035613,48.5625,0.02332534380345177,0.028336231628892813,0.02794287961312374,False,False,u(k-1) + u(k-1)*y(k-2) + y(k-5),False
E2,Green,24,4510,7,2.0007965000113472,equal_calls,karatsuba,8,0.9102779653101788,0.9039398633371762,0.9102779653101788,48.5625,0.023325343803451668,0.028336231628892775,0.027942523048818994,False,False,u(k-1) + u(k-1)*y(k-2) + y(k-5),False
E2,Green,25,4510,8,1.7526917080103885,equal_calls,karatsuba,8,0.9101851373376327,0.9038713483476201,0.9101851373376327,48.5625,0.02332534380345174,0.02833623162889278,0.02793534085846915,False,False,u(k-1) + u(k-1)*y(k-2) + y(k-5),False
E2,Green,26,4510,15,1.8836501250043511,equal_calls,karatsuba,8,0.9102958799200859,0.9038677647260789,0.9102958799200859,48.5625,0.02332534380345174,0.02833623162889271,0.028055878467765187,False,False,u(k-1) + u(k-1)*y(k-2) + y(k-5),False
E2,Green,27,4510,6,1.929218375007622,equal_calls,karatsuba,8,0.9145407698589939,0.9086786075611201,0.9145407698589939,48.5625,0.02332534380345157,0.028336231628892747,0.027942879613123816,False,False,u(k-1) + u(k-1)*y(k-2) + y(k-5),False
E2,Green,28,4510,12,2.290631249983562,equal_calls,karatsuba,8,0.9108347582121874,0.9055560340342264,0.9108347582121874,48.5625,0.023325343803451654,0.028336231628892705,0.027957597881117586,False,False,u(k-1) + u(k-1)*y(k-2) + y(k-5),False
E2,Green,29,4510,7,2.0353865420038346,equal_calls,karatsuba,8,0.9102518535537062,0.9037946815742445,0.9102518535537062,48.5625,0.02332534380345171,0.028336231628892802,0.02805587846776512,False,False,u(k-1) + u(k-1)*y(k-2) + y(k-5),False
E2,Pareto-terms,0,4510,13,1.975716624991037,equal_calls,karatsuba,5,0.9099172740031444,0.903768954302377,0.9099366444144112,48.5625,0.02332534380345162,0.02833623162889279,0.028051303057781907,False,False,u(k-1) + u(k-1)*y(k-2) + y(k-5),False
E2,Pareto-terms,1,4510,7,2.2586814999813214,equal_calls,karatsuba,5,0.909975883265933,0.9035877282575168,0.9099917874791891,48.5625,0.02332534380345164,0.028336231628892802,0.028336231628892802,False,False,u(k-1) + u(k-1)*y(k-2) + y(k-5),False
E2,Pareto-terms,2,4510,11,2.0865869999979623,equal_calls,karatsuba,5,0.9099034737868174,0.9035889644503907,0.9099495354895363,48.5625,0.023832338458577934,0.029240311556465063,0.028200454713256294,False,False,u(k-1) + u(k-1)*y(k-3) + y(k-5),False
E2,Pareto-terms,3,4510,8,1.9851036249892786,equal_calls,karatsuba,5,0.9051285116682012,0.9013694156249152,0.910584591419403,48.5625,0.023325343803451644,0.028336231628892785,0.027942523048818942,False,False,u(k-1) + u(k-1)*y(k-2) + y(k-5),False
E2,Pareto-terms,4,4510,9,2.3079968340171035,equal_calls,karatsuba,5,0.9099478131231566,0.9035877282575167,0.9099633439202254,48.5625,0.023325343803451734,0.02833623162889281,0.02833623162889281,False,False,u(k-1) + u(k-1)*y(k-2) + y(k-5),False
E2,Pareto-terms,5,4510,9,2.0265452080057003,equal_calls,karatsuba,5,0.9099405133986946,0.9035877282575167,0.9099560441957633,48.5625,0.023325343803451578,0.028336231628892785,0.028336231628892785,False,False,u(k-1) + u(k-1)*y(k-2) + y(k-5),False
E2,Pareto-terms,6,4510,9,2.008988917019451,equal_calls,karatsuba,5,0.9097833938695905,0.904023475520392,0.9098759909376928,72.34375,0.022992736886624916,0.02820045471325632,0.027785635104398226,False,False,u(k-1) + u(k-1)*y(k-2) + y(k-3)*y(k-3) + y(k-5),False
E2,Pareto-terms,7,4510,10,2.3869485830073245,equal_calls,karatsuba,5,0.9094140197063699,0.9038879713669818,0.9094337635338242,48.5625,0.02332534380345164,0.028336231628892816,0.027974296687295612,False,False,u(k-1) + u(k-1)*y(k-2) + y(k-5),False
E2,Pareto-terms,8,4510,18,2.117996291985037,equal_calls,karatsuba,5,0.9099379636129363,0.90382515970286,0.909959593422877,48.5625,0.023325343803451578,0.028336231628892785,0.02797429668729562,False,False,u(k-1) + u(k-1)*y(k-2) + y(k-5),False
E2,Pareto-terms,9,4510,5,2.0539138749882113,equal_calls,karatsuba,5,0.9099758832659329,0.9035877282575168,0.9099920976923147,48.5625,0.02332534380345166,0.028336231628892816,0.028336231628892816,False,False,u(k-1) + u(k-1)*y(k-2) + y(k-5),False
E2,Pareto-terms,10,4510,18,2.3620851669984404,equal_calls,karatsuba,5,0.9098783348933892,0.9034922505640565,0.9099040556383089,48.5625,0.023558696020809584,0.0287137722954734,0.028401858342682742,False,False,u(k-1) + u(k-2)*y(k-2) + y(k-5),False
E2,Pareto-terms,11,4510,18,2.122592875006376,equal_calls,karatsuba,5,0.9124140080134115,0.9076532103625278,0.9147377830731577,48.5625,0.023325343803451734,0.02833623162889281,0.02818844475994596,False,False,u(k-1) + u(k-1)*y(k-2) + y(k-5),False
E2,Pareto-terms,12,4510,12,2.0535410000011325,equal_calls,karatsuba,5,0.9099384112787346,0.9038364200034724,0.9099597587542274,48.5625,0.023325343803451633,0.028336231628892813,0.027957597881117548,False,False,u(k-1) + u(k-1)*y(k-2) + y(k-5),False
E2,Pareto-terms,13,4510,4,2.328443500009598,equal_calls,karatsuba,5,0.9099560727893219,0.9035877282575168,0.90997676831518,48.5625,0.023325343803451762,0.028336231628892816,0.028336231628892816,False,False,u(k-1) + u(k-1)*y(k-2) + y(k-5),False
E2,Pareto-terms,14,4510,11,2.2120347910095006,equal_calls,karatsuba,5,0.9134385252657375,0.9091820418440735,0.9157572304794345,48.5625,0.023325343803451675,0.028336231628892813,0.028336231628892813,False,False,u(k-1) + u(k-1)*y(k-2) + y(k-5),False
E2,Pareto-terms,15,4510,13,2.1455206660029944,equal_calls,karatsuba,5,0.9061877425716508,0.9022074582917318,0.9116438223228526,48.5625,0.023325343803451564,0.028336231628892716,0.028336231628892716,False,False,u(k-1) + u(k-1)*y(k-2) + y(k-5),False
E2,Pareto-terms,16,4510,8,2.396070624992717,equal_calls,karatsuba,5,0.9099258038357766,0.9038381427684805,0.9099458578763567,48.5625,0.02332534380345174,0.02833623162889278,0.0279425230488189,False,False,u(k-1) + u(k-1)*y(k-2) + y(k-5),False
E2,Pareto-terms,17,4510,9,2.067372207995504,equal_calls,karatsuba,5,0.9127079773378384,0.9084099075434647,0.9150305221657337,48.5625,0.023325343803451734,0.028336231628892754,0.027919355466620294,False,False,u(k-1) + u(k-1)*y(k-2) + y(k-5),False
E2,Pareto-terms,18,4510,7,2.0484345410077367,equal_calls,karatsuba,5,0.9099197931986636,0.9035877282575168,0.9099401153083344,48.5625,0.02332534380345174,0.028336231628892795,0.028336231628892795,False,False,u(k-1) + u(k-1)*y(k-2) + y(k-5),False
E2,Pareto-terms,19,4510,7,2.709872417006409,equal_calls,karatsuba,5,0.9061779729623688,0.9024576460134394,0.9116337425004449,48.5625,0.023325343803451644,0.028336231628892785,0.027942879613123823,False,False,u(k-1) + u(k-1)*y(k-2) + y(k-5),False
E2,Pareto-terms,20,4510,12,2.3339972920075525,equal_calls,karatsuba,5,0.909975883265933,0.9035877282575168,0.9099920976923148,48.5625,0.02332534380345166,0.028336231628892816,0.028336231628892816,False,False,u(k-1) + u(k-1)*y(k-2) + y(k-5),False
E2,Pareto-terms,21,4510,5,2.141934959014179,equal_calls,karatsuba,5,0.9099452868737609,0.9038451422271504,0.9099672268968274,48.5625,0.023325343803451686,0.02833623162889278,0.027942879613123743,False,False,u(k-1) + u(k-1)*y(k-2) + y(k-5),False
E2,Pareto-terms,22,4510,15,2.2150470829801634,equal_calls,karatsuba,5,0.9068615244606302,0.903495157129469,0.9123176042118321,48.5625,0.023325343803451675,0.028336231628892785,0.02794252304881899,False,False,u(k-1) + u(k-1)*y(k-2) + y(k-5),False
E2,Pareto-terms,23,4510,8,2.4856472499959636,equal_calls,karatsuba,5,0.9161553913324489,0.911509173502889,0.9172196745495328,48.5625,0.023325343803451602,0.028336231628892743,0.028336231628892743,False,False,u(k-1) + u(k-1)*y(k-2) + y(k-5),False
E2,Pareto-terms,24,4510,7,2.17449000000488,equal_calls,karatsuba,5,0.9050899307594965,0.9012248325288698,0.910548843159699,48.5625,0.023325343803451557,0.02833623162889271,0.02818268848553524,False,False,u(k-1) + u(k-1)*y(k-2) + y(k-5),False
E2,Pareto-terms,25,4510,12,2.1784984580008313,equal_calls,karatsuba,5,0.9095129892912762,0.9039392107977774,0.9096627454175724,72.34375,0.02321321770263376,0.028334138057724185,0.027892109355327335,False,False,u(k)*y(k-1) + u(k-1) + u(k-2)*y(k-3) + y(k-5),False
E2,Pareto-terms,26,4510,9,2.883481666998705,equal_calls,karatsuba,5,0.9099758832659329,0.9035877282575167,0.9099917874791889,48.5625,0.02332534380345166,0.028336231628892816,0.028336231628892816,False,False,u(k-1) + u(k-1)*y(k-2) + y(k-5),False
E2,Pareto-terms,27,4510,11,2.192707124981098,equal_calls,karatsuba,5,0.909945286873761,0.9038451422271504,0.9099669166837018,48.5625,0.02332534380345166,0.02833623162889277,0.027942879613123823,False,False,u(k-1) + u(k-1)*y(k-2) + y(k-5),False
E2,Pareto-terms,28,4510,16,2.2826620419800747,equal_calls,karatsuba,5,0.9099508252841332,0.9038465708717954,0.9099590765527984,48.5625,0.023325343803451675,0.02833623162889278,0.027974296687295605,False,False,u(k-1) + u(k-1)*y(k-2) + y(k-5),False
E2,Pareto-terms,29,4510,5,2.5798841250070836,equal_calls,karatsuba,5,0.9129694155147345,0.9083837799433279,0.9152881207284316,48.5625,0.02332534380345169,0.028336231628892802,0.027942879613123823,False,False,u(k-1) + u(k-1)*y(k-2) + y(k-5),False
E2,Pareto-nodes,0,4510,5,1.9896204999822658,equal_calls,karatsuba,10,0.8656582497362295,0.8601502269238472,0.9100174645175733,73.34375,0.022857487416344174,0.028071444914599866,0.028016866688640767,False,True,u(k-1) + u(k-1)*y(k-2) + u(k-2) + y(k-2) + y(k-5),False
E2,Pareto-nodes,1,4510,3,1.9973686669836752,equal_calls,karatsuba,11,0.8656034761729297,0.860319230974936,0.9099635771629008,73.34375,0.022857487416344115,0.0280714449145998,0.027764795097075627,False,True,u(k-1) + u(k-1)*y(k-2) + u(k-2) + y(k-2) + y(k-5),False
E2,Pareto-nodes,2,4510,12,2.4230764170060866,equal_calls,karatsuba,10,0.8656138301475285,0.8601589032921667,0.9099647815105721,73.34375,0.022874653698973447,0.028016866688640733,0.028016866688640733,False,True,u(k) + u(k-1) + u(k-1)*y(k-2) + y(k-2) + y(k-5),False
E2,Pareto-nodes,3,4510,7,2.0245997079764493,equal_calls,karatsuba,14,0.8656846854288144,0.8602134718629373,0.9100441204689499,73.34375,0.022857487416344028,0.028071444914599883,0.027909725489832945,False,True,u(k-1) + u(k-1)*y(k-2) + u(k-2) + y(k-2) + y(k-5),False
E2,Pareto-nodes,4,4510,7,2.1922304590116255,equal_calls,karatsuba,12,0.8656836125759486,0.8601879242720954,0.9097686174314442,73.34375,0.022857487416344042,0.028071444914599827,0.02795759788111758,False,True,u(k-1) + u(k-1)*y(k-2) + u(k-2) + y(k-2) + y(k-5),False
E2,Pareto-nodes,5,4510,6,2.1545676660025492,equal_calls,karatsuba,11,0.8656666151590734,0.8601529964128811,0.910016527156094,73.34375,0.022857487416344142,0.028071444914599918,0.02801251242182585,False,True,u(k-1) + u(k-1)*y(k-2) + u(k-2) + y(k-2) + y(k-5),False
E2,Pareto-nodes,6,4510,11,2.590021667012479,equal_calls,karatsuba,11,0.8656413953234184,0.8601502269238472,0.9100004569473665,73.34375,0.02284985517876914,0.02810680335127587,0.028016866688640743,False,True,u(k-1) + u(k-1)*y(k-2) + u(k-3) + y(k-2) + y(k-5),False
E2,Pareto-nodes,7,4510,9,2.2932297500083223,equal_calls,karatsuba,11,0.8656940014114056,0.8601540386822797,0.9100539590539377,73.34375,0.02299584090096883,0.02801130180517587,0.02801130180517587,False,True,u(k) + u(k-1) + u(k-1)*y(k-2) + y(k-3) + y(k-5),False
E2,Pareto-nodes,8,4510,6,2.1029057080158964,equal_calls,karatsuba,10,0.8655695800468118,0.8601508352855802,0.9099288286325401,73.34375,0.023186671040537524,0.02813210947687806,0.02800704537573092,False,True,u(k) + u(k-1) + u(k-1)*y(k-2) + y(k-1) + y(k-5),False
E2,Pareto-nodes,9,4510,4,2.741431874979753,equal_calls,karatsuba,11,0.8656694435913675,0.8601540386822796,0.9100193555883882,73.34375,0.022857487416344087,0.028071444914599786,0.02801130180517582,False,True,u(k-1) + u(k-1)*y(k-2) + u(k-2) + y(k-2) + y(k-5),False
E2,Pareto-nodes,10,4510,7,2.123044458014192,equal_calls,karatsuba,11,0.8656607308656606,0.8601502269238473,0.9097365860942289,73.34375,0.022857487416344177,0.02807144491459992,0.0280168666886407,False,True,u(k-1) + u(k-1)*y(k-2) + u(k-2) + y(k-2) + y(k-5),False
E2,Pareto-nodes,11,4510,10,2.040187540987972,equal_calls,karatsuba,11,0.8656523551524574,0.8601747065565849,0.9100105770513256,73.34375,0.02287465369897331,0.02801686668864068,0.02797837913690606,False,True,u(k) + u(k-1) + u(k-1)*y(k-2) + y(k-2) + y(k-5),False
E2,Pareto-nodes,12,4510,10,2.0274850410060026,equal_calls,karatsuba,12,0.8656834720311615,0.8603105546066167,0.9100432172844226,73.34375,0.022857487416344177,0.02807144491459992,0.027764795097075575,False,True,u(k-1) + u(k-1)*y(k-2) + u(k-2) + y(k-2) + y(k-5),False
E2,Pareto-nodes,13,4510,6,2.352345792023698,equal_calls,karatsuba,10,0.8656051174218216,0.8601589032921667,0.909966058292332,73.34375,0.022874653698973454,0.028016866688640736,0.028016866688640736,False,True,u(k) + u(k-1) + u(k-1)*y(k-2) + y(k-2) + y(k-5),False
E2,Pareto-nodes,14,4510,14,2.0676955829840153,equal_calls,karatsuba,10,0.8656281177717814,0.8601502269238472,0.9099876005917674,73.34375,0.02284985517876914,0.02810680335127587,0.02801686668864073,False,True,u(k-1) + u(k-1)*y(k-2) + u(k-3) + y(k-2) + y(k-5),False
E2,Pareto-nodes,15,4510,9,2.1202351249812637,equal_calls,karatsuba,12,0.8656836125759485,0.8601879242720953,0.910033524572969,73.34375,0.022857487416344087,0.028071444914599838,0.027957597881117558,False,True,u(k-1) + u(k-1)*y(k-2) + u(k-2) + y(k-2) + y(k-5),False
E2,Pareto-nodes,16,4510,5,2.1084105420159176,equal_calls,karatsuba,12,0.8656696341144803,0.8601975124724776,0.9100195461115009,73.34375,0.022849855178769144,0.028106803351275748,0.027942523048818925,False,True,u(k-1) + u(k-1)*y(k-2) + u(k-3) + y(k-2) + y(k-5),False
E2,Pareto-nodes,17,4510,5,2.4689992079802323,equal_calls,karatsuba,10,0.8656363894325934,0.8601502269238471,0.9099954510565413,73.34375,0.022857487416344056,0.028071444914599838,0.02801686668864073,False,True,u(k-1) + u(k-1)*y(k-2) + u(k-2) + y(k-2) + y(k-5),False
E2,Pareto-nodes,18,4510,5,2.2248477090033703,equal_calls,karatsuba,11,0.8657009383174554,0.8601502269238471,0.9100606800471114,73.34375,0.022849855178769033,0.02810680335127582,0.02801686668864069,False,True,u(k-1) + u(k-1)*y(k-2) + u(k-3) + y(k-2) + y(k-5),False
E2,Pareto-nodes,19,4510,5,2.131711958005326,equal_calls,karatsuba,11,0.8656607308656606,0.8603105546066168,0.910020476118922,73.34375,0.02285748741634409,0.028071444914599866,0.02776479509707557,False,True,u(k-1) + u(k-1)*y(k-2) + u(k-2) + y(k-2) + y(k-5),False
E2,Pareto-nodes,20,4510,4,2.0501269579981454,equal_calls,karatsuba,11,0.865700564901268,0.8601502269238472,0.9100599999414034,73.34375,0.022857487416344035,0.028071444914599876,0.028016866688640694,False,True,u(k-1) + u(k-1)*y(k-2) + u(k-2) + y(k-2) + y(k-5),False
E2,Pareto-nodes,21,4510,13,2.1578123329964,equal_calls,karatsuba,10,0.8656797935615411,0.8601502269238472,0.9100380154604093,73.34375,0.022857487416344083,0.028071444914599838,0.02801686668864072,False,True,u(k-1) + u(k-1)*y(k-2) + u(k-2) + y(k-2) + y(k-5),False
E2,Pareto-nodes,22,4510,5,2.0455151249771006,equal_calls,karatsuba,12,0.8656870932860032,0.8603105546066167,0.9097724715576865,73.34375,0.022857487416344177,0.02807144491459992,0.027764795097075603,False,True,u(k-1) + u(k-1)*y(k-2) + u(k-2) + y(k-2) + y(k-5),False
E2,Pareto-nodes,23,4510,9,2.0887856250046752,equal_calls,karatsuba,11,0.865679793561541,0.8601502269238472,0.91003876333712,73.34375,0.022857487416344142,0.028071444914599848,0.028016866688640733,False,True,u(k-1) + u(k-1)*y(k-2) + u(k-2) + y(k-2) + y(k-5),False
E2,Pareto-nodes,24,4510,10,2.5197922920051496,equal_calls,karatsuba,10,0.8656694435913675,0.8601502269238472,0.9100285052153155,73.34375,0.022857487416344077,0.028071444914599772,0.02801686668864075,False,True,u(k-1) + u(k-1)*y(k-2) + u(k-2) + y(k-2) + y(k-5),False
E2,Pareto-nodes,25,4510,7,2.1305981670157053,equal_calls,karatsuba,12,0.8657713251208319,0.8602485731713204,0.909939997026513,60.953125,0.023205964836742452,0.02815047371190434,0.027967147529334418,False,True,u(k-1) + u(k-1)*y(k-2) + y(k-1) + y(k-5),False
E2,Pareto-nodes,26,4510,5,2.156075208011316,equal_calls,karatsuba,11,0.8656377935859806,0.8603105546066167,0.9099968552099283,73.34375,0.02285748741634409,0.028071444914599907,0.027764795097075603,False,True,u(k-1) + u(k-1)*y(k-2) + u(k-2) + y(k-2) + y(k-5),False
E2,Pareto-nodes,27,4510,11,2.316527082992252,equal_calls,karatsuba,11,0.8657007705181367,0.8601865153852446,0.9097857753736324,73.34375,0.02285748741634411,0.028071444914599904,0.027959812971766015,False,True,u(k-1) + u(k-1)*y(k-2) + u(k-2) + y(k-2) + y(k-5),False
E2,Pareto-nodes,28,4510,5,2.6463365830131806,equal_calls,karatsuba,11,0.865690795291986,0.8601972856832214,0.9097666505205544,73.34375,0.022857487416344056,0.028071444914599796,0.027942879613123753,False,True,u(k-1) + u(k-1)*y(k-2) + u(k-2) + y(k-2) + y(k-5),False
E2,Pareto-nodes,29,4510,5,2.293871208006749,equal_calls,karatsuba,11,0.8656582497362295,0.8601502269238473,0.9100176543804143,73.34375,0.02285748741634412,0.02807144491459988,0.028016866688640733,False,True,u(k-1) + u(k-1)*y(k-2) + u(k-2) + y(k-2) + y(k-5),False
E3,SO,0,4510,0,2.364275833009742,equal_calls,karatsuba,1,0.8109212810294969,0.0,0.8439474512739972,133.296875,0.01002834113416381,1.4201369254348997,1.4201369254348997,False,False,u(k-3)*u(k-3)*y(k-3) + u(k-3)*y(k-5) + u(k-6) + u(k-7) + u(k-8) + y(k-1) + y(k-2) + y(k-8),False
E3,SO,1,4510,2,1.8123209580080584,equal_calls,karatsuba,1,0.84306965639303,0.0,0.8736136760419483,109.515625,0.009788352480229977,1.3685669607668864,1.3685669607668864,False,False,u(k-4)*y(k-4)*y(k-4) + u(k-5) + u(k-6) + u(k-8) + y(k-1) + y(k-7) + y(k-8),False
E3,SO,2,4510,0,1.6268053329840768,equal_calls,karatsuba,1,0.811082327322481,0.0,0.889919683183501,133.296875,0.009831736026431007,1.2522088427975897,1.2522088427975897,False,False,u(k)*u(k) + u(k-5) + u(k-5)*y(k-4)*y(k-4) + u(k-6) + u(k-7) + y(k-1) + y(k-7) + y(k-8),False
E3,SO,3,4510,1,2.36761379201198,equal_calls,karatsuba,1,0.8262581033098246,0.0,0.8732681645683564,121.90625,0.009984702105425722,1.3937274818636392,1.3937274818636392,False,False,u(k-3)*u(k-3)*y(k-3) + u(k-6) + u(k-7) + u(k-8) + y(k-1) + y(k-2) + y(k-7) + y(k-8),False
E3,SO,4,4510,0,1.3838343750103377,equal_calls,karatsuba,1,0.8262285298660677,0.0,0.8734064378299579,121.90625,0.010020136749411145,1.3847582396988163,1.3847582396988163,False,False,u(k-3)*y(k-2)*y(k-2) + u(k-6) + u(k-7) + u(k-8) + y(k-1) + y(k-2) + y(k-7) + y(k-8),False
E3,SO,5,4510,1,1.7060760829772335,equal_calls,karatsuba,1,0.8262341150808139,0.0,0.8594628658731914,121.90625,0.010013444593511398,1.318735813192184,1.318735813192184,False,False,u(k-3)*y(k-2)*y(k-3) + u(k-6) + u(k-7) + u(k-8) + y(k-1) + y(k-2) + y(k-7) + y(k-8),False
E3,SO,6,4510,0,1.4241199999814853,equal_calls,karatsuba,1,0.8114068194210325,0.0,0.8599040449146034,133.296875,0.009435596489083872,1.503138715081509,1.503138715081509,False,False,u(k)*y(k-7) + u(k-3)*u(k-6)*y(k-4) + u(k-6) + u(k-7) + u(k-8) + y(k-1) + y(k-7) + y(k-8),False
E3,SO,7,4510,1,1.8840171249757987,equal_calls,karatsuba,1,0.7967248869318277,0.0,0.8586208319488049,144.6875,0.008654651609147187,1.1706935881100962,1.1706935881100962,False,False,u(k)*y(k-1)*y(k-6) + u(k-3)*u(k-3)*y(k-2) + u(k-6) + u(k-7) + u(k-8) + y(k-1) + y(k-4) + y(k-9),False
E3,SO,8,4510,1,1.3765960829914548,equal_calls,karatsuba,1,0.8433375868975854,0.0,0.876233845703099,109.515625,0.009473659732928748,1.4670512654674763,1.4670512654674763,False,False,u(k-3)*u(k-6)*y(k-4) + u(k-6) + u(k-7) + u(k-8) + y(k-1) + y(k-7) + y(k-8),False
E3,SO,9,4510,0,1.731370874971617,equal_calls,karatsuba,1,0.7954435183245008,0.0,0.8896940151329656,144.6875,0.010249027320616918,1.300967457472379,1.300967457472379,False,False,u(k-3)*u(k-3)*u(k-5) + u(k-5) + u(k-6) + u(k-6)*y(k-1)*y(k-1) + u(k-7) + y(k-1) + y(k-2) + y(k-8),False
E3,SO,10,4510,0,1.5118335000006482,equal_calls,karatsuba,1,0.7208195732523206,0.3546739849785311,0.7898841973257485,201.640625,0.007687078447145316,0.5117397039527375,0.5117397039527375,False,False,u(k)*u(k)*u(k-2) + u(k)*u(k-2)*y(k-1) + u(k-1)*u(k-2)*u(k-2) + u(k-1)*u(k-2)*u(k-4) + u(k-2) + u(k-3) + u(k-5)*y(k-6) + y(k-6),False
E3,SO,11,4510,9,1.8762162500061095,equal_calls,karatsuba,1,0.7358668561280549,0.62363258552068,0.7831897684509667,190.25,0.008077049901460518,0.15936494644949042,0.15936494644949042,False,False,u(k)*u(k)*u(k) + u(k)*u(k-3)*y(k-1) + u(k)*y(k-1)*y(k-4) + u(k-2) + u(k-2)*u(k-5)*y(k-3) + u(k-5) + y(k-5) + y(k-8),False
E3,SO,12,4510,1,1.4439565409848,equal_calls,karatsuba,1,0.8262520467355644,0.0,0.8733166076358494,121.90625,0.00999195904020968,1.413237231933367,1.413237231933367,False,False,u(k-2)*u(k-4)*y(k-3) + u(k-6) + u(k-7) + u(k-8) + y(k-1) + y(k-2) + y(k-7) + y(k-8),False
E3,SO,13,4510,1,1.7083437500114087,equal_calls,karatsuba,1,0.8113867614601254,0.0,0.8595510827468568,133.296875,0.009460083222009934,1.4978106212189835,1.4978106212189835,False,False,u(k-3)*u(k-6)*y(k-4) + u(k-6) + u(k-7) + u(k-8) + y(k-1) + y(k-5)*y(k-5) + y(k-7) + y(k-8),False
E3,SO,14,4510,0,1.3359340419992805,equal_calls,karatsuba,1,0.8718453125716817,0.0,0.9201027800678022,86.734375,0.011865350616789182,1.424536414312042,1.424536414312042,False,False,u(k) + u(k-1) + u(k-2) + u(k-3) + y(k-1) + y(k-7) + y(k-8),False
E3,SO,15,4510,0,1.6883629579970147,equal_calls,karatsuba,1,0.7978770299630372,0.0,0.843745258082642,144.6875,0.007221068130828746,1.0777152814237663,1.0777152814237663,False,False,u(k-1)*u(k-1)*y(k-7) + u(k-3) + u(k-3)*u(k-3)*y(k-4) + u(k-8) + u(k-9) + y(k-1) + y(k-10) + y(k-5),False
E3,SO,16,4510,0,1.3848960410105065,equal_calls,karatsuba,1,0.8433239709137772,0.0,0.873855606510298,109.515625,0.009489652131252179,1.3737644606081234,1.3737644606081234,False,False,u(k-3)*y(k-4)*y(k-6) + u(k-6) + u(k-7) + u(k-8) + y(k-1) + y(k-7) + y(k-8),False
E3,SO,17,4510,1,1.6899256249889731,equal_calls,karatsuba,1,0.8262520467409653,0.0,0.8900748142040021,121.90625,0.009991959033738347,1.4132372314242998,1.4132372314242998,False,False,u(k-2)*u(k-4)*y(k-3) + u(k-6) + u(k-7) + u(k-8) + y(k-1) + y(k-2) + y(k-7) + y(k-8),False
E3,SO,18,4510,0,1.4440587499993853,equal_calls,karatsuba,1,0.8432590906933604,0.0,0.87380311034228,109.515625,0.009565855976881284,1.474250042250113,1.474250042250113,False,False,u(k-3)*y(k-4)*y(k-5) + u(k-6) + u(k-7) + u(k-8) + y(k-1) + y(k-7) + y(k-8),False
E3,SO,19,4510,0,1.679568375024246,equal_calls,karatsuba,1,0.8113868697296178,0.0,0.8904913369505258,133.296875,0.009459951046752792,1.506652679879836,1.506652679879836,False,False,u(k-3)*u(k-6)*y(k-4) + u(k-6) + u(k-6)*u(k-6) + u(k-7) + u(k-8) + y(k-1) + y(k-7) + y(k-8),False
E3,SO,20,4510,0,1.472329209005693,equal_calls,karatsuba,1,0.8428185292009921,0.0,0.8899528266660036,109.515625,0.010083309212071984,1.3814531183213783,1.3814531183213783,False,False,u(k-3)*u(k-3)*u(k-5) + u(k-5) + u(k-7) + u(k-8) + y(k-1) + y(k-2) + y(k-8),False
E3,SO,21,4510,0,1.7143504170235246,equal_calls,karatsuba,1,0.7974622594568779,0.0,0.8446000673007037,144.6875,0.007737156957317227,1.1192204615298393,1.1192204615298393,False,False,u(k)*u(k)*y(k-7) + u(k-1)*u(k-4)*y(k-2) + u(k-7) + u(k-8) + u(k-9) + y(k-1) + y(k-4) + y(k-8),False
E3,SO,22,4510,1,1.3129876250168309,equal_calls,karatsuba,1,0.8718453125718889,0.0,0.9045799878064369,86.734375,0.01186535061655441,1.4245364143079842,1.4245364143079842,False,False,u(k) + u(k-1) + u(k-2) + u(k-3) + y(k-1) + y(k-7) + y(k-8),False
E3,SO,23,4510,12,2.0324182079930324,equal_calls,karatsuba,1,0.7687273187305169,0.7253917624333601,0.8301421946282925,166.46875,0.006974580438160128,0.06295452017153055,0.06295452017153055,False,False,u(k)*u(k)*y(k-1) + u(k)*y(k-1) + u(k-1)*u(k-1)*y(k-1) + u(k-1)*u(k-4)*y(k-3) + u(k-4) + u(k-5) + y(k-1),False
E3,SO,24,4510,2,1.4741903750109486,equal_calls,karatsuba,1,0.8113820695507956,0.0,0.8899302365855107,133.296875,0.009465811098896704,1.5027628031419384,1.5027628031419384,False,False,u(k-3)*u(k-6)*y(k-4) + u(k-6) + u(k-7) + u(k-8) + y(k-1) + y(k-3)*y(k-4) + y(k-7) + y(k-8),False
E3,SO,25,4510,0,1.6699135829985607,equal_calls,karatsuba,1,0.82625810331511,0.0,0.8898151181550746,121.90625,0.009984702099093001,1.3937274818561558,1.3937274818561558,False,False,u(k-3)*u(k-3)*y(k-3) + u(k-6) + u(k-7) + u(k-8) + y(k-1) + y(k-2) + y(k-7) + y(k-8),False
E3,SO,26,4510,1,1.37776883400511,equal_calls,karatsuba,1,0.8109229485762092,0.0,0.873384343527625,133.296875,0.010026305395278103,1.4325346169094877,1.4325346169094877,False,False,u(k-2)*y(k-5) + u(k-3)*u(k-4)*y(k-2) + u(k-6) + u(k-7) + u(k-8) + y(k-1) + y(k-2) + y(k-8),False
E3,SO,27,4510,0,1.688326290983241,equal_calls,karatsuba,1,0.8113575633060541,0.0,0.8738826047831179,133.296875,0.009495728291017448,1.4625786496880029,1.4625786496880029,False,False,u(k-4)*y(k-4)*y(k-4) + u(k-6) + u(k-7) + u(k-8) + y(k-1) + y(k-5)*y(k-6) + y(k-7) + y(k-8),False
E3,SO,28,4510,0,1.344674666004721,equal_calls,karatsuba,1,0.8718453125717525,0.0,0.9044773790982162,86.734375,0.011865350616708974,1.5473864518772669,1.5473864518772669,False,False,u(k-3) + u(k-4) + u(k-5) + u(k-6) + y(k-1) + y(k-7) + y(k-8),False
E3,SO,29,4510,1,1.7056869579828344,equal_calls,karatsuba,1,0.843290047470161,0.0,0.8738000067130525,109.515625,0.009529496275490932,,,False,False,u(k-6) + u(k-7) + u(k-8) + y(k-1) + y(k-4)*y(k-4)*y(k-4) + y(k-7) + y(k-8),True
E3,MO-lex,0,4510,0,1.3697402910038363,equal_calls,karatsuba,3,0.8439474512739972,0.0,0.8439474512739972,109.515625,0.010039370722494428,1.4114130381953272,1.4114130381953272,False,False,u(k-3)*u(k-3)*y(k-3) + u(k-6) + u(k-7) + u(k-8) + y(k-1) + y(k-2) + y(k-8),False
E3,MO-lex,1,4510,2,1.2763015829841606,equal_calls,karatsuba,2,0.8736136760419483,0.0,0.8736136760419483,109.515625,0.009788352480229977,1.3685669607668864,1.3685669607668864,False,False,u(k-4)*y(k-4)*y(k-4) + u(k-5) + u(k-6) + u(k-8) + y(k-1) + y(k-7) + y(k-8),False
E3,MO-lex,2,4510,0,1.5580082499946002,equal_calls,karatsuba,4,0.889919683183501,0.0,0.889919683183501,109.515625,0.009836633643372604,1.2543238892233024,1.2522088427975897,False,False,u(k-5) + u(k-5)*y(k-4)*y(k-4) + u(k-6) + u(k-7) + y(k-1) + y(k-7) + y(k-8),False
E3,MO-lex,3,4510,1,1.3500772080151364,equal_calls,karatsuba,3,0.8732681645683564,0.0,0.8732681645683564,109.515625,0.010039370717658593,1.4114130377786807,1.3937274818636392,False,False,u(k-3)*u(k-3)*y(k-3) + u(k-6) + u(k-7) + u(k-8) + y(k-1) + y(k-2) + y(k-8),False
E3,MO-lex,4,4510,0,1.3116918749874458,equal_calls,karatsuba,4,0.8734064378299579,0.0,0.8734064378299579,109.515625,0.010079715783236963,1.4073547064290304,1.3847582396988163,False,False,u(k-3)*y(k-2)*y(k-2) + u(k-6) + u(k-7) + u(k-8) + y(k-1) + y(k-2) + y(k-8),False
E3,MO-lex,5,4510,1,1.32038487502723,equal_calls,karatsuba,4,0.8594628658731914,0.0,0.8594628658731914,109.515625,0.010074341668348665,1.339835537085711,1.318735813192184,False,False,u(k-3)*y(k-2)*y(k-3) + u(k-6) + u(k-7) + u(k-8) + y(k-1) + y(k-2) + y(k-8),False
E3,MO-lex,6,4510,0,1.6186867919750512,equal_calls,karatsuba,4,0.8599040449146034,0.6208322770300893,0.8599040449146034,109.515625,0.009473659734333303,1.4670512654174257,0.28493316949220443,False,False,u(k-3)*u(k-6)*y(k-4) + u(k-6) + u(k-7) + u(k-8) + y(k-1) + y(k-7) + y(k-8),False
E3,MO-lex,7,4510,1,1.472877291002078,equal_calls,karatsuba,6,0.8586208319488049,0.7457546599635434,0.8586208319488049,144.6875,0.008654651609147187,1.1706935881100962,0.13970466148600044,False,False,u(k)*y(k-1)*y(k-6) + u(k-3)*u(k-3)*y(k-2) + u(k-6) + u(k-7) + u(k-8) + y(k-1) + y(k-4) + y(k-9),False
E3,MO-lex,8,4510,1,1.3245802499877755,equal_calls,karatsuba,6,0.876233845703099,0.8145448566254881,0.876233845703099,109.515625,0.009473659732928748,1.4670512654674763,0.0794053217908047,False,False,u(k-3)*u(k-6)*y(k-4) + u(k-6) + u(k-7) + u(k-8) + y(k-1) + y(k-7) + y(k-8),False
E3,MO-lex,9,4510,0,1.6138723749900237,equal_calls,karatsuba,5,0.8896940151329656,0.0,0.8896940151329656,109.515625,0.010266056857211795,1.299601640550438,1.299601640550438,False,False,u(k-3)*u(k-3)*u(k-5) + u(k-5) + u(k-6) + u(k-7) + y(k-1) + y(k-2) + y(k-8),False
E3,MO-lex,10,4510,0,1.4366694159980398,equal_calls,karatsuba,5,0.7898841973257485,0.3935183287809404,0.7898841973257485,166.46875,0.007795726488644577,0.5000326217763083,0.5000326217763083,False,False,u(k)*u(k)*u(k-2) + u(k-1)*u(k-2)*u(k-2) + u(k-1)*u(k-2)*u(k-4) + u(k-3) + u(k-5) + y(k-3)*y(k-6) + y(k-6),False
E3,MO-lex,11,4510,9,1.4980805840168614,equal_calls,karatsuba,2,0.7831897684509667,0.62363258552068,0.7831897684509667,155.078125,0.008384216593913382,1.5731477329613914,0.15936494644949042,False,False,u(k)*u(k)*u(k) + u(k)*u(k-3)*y(k-1) + u(k-2) + u(k-2)*u(k-5)*y(k-3) + u(k-7) + y(k-5) + y(k-8),False
E3,MO-lex,12,4510,1,1.3816630830115173,equal_calls,karatsuba,4,0.8733166076358494,0.0,0.8733166076358494,109.515625,0.010045256624799024,1.4309455630478096,1.4060373904033643,False,False,u(k-2)*u(k-4)*y(k-3) + u(k-6) + u(k-7) + u(k-8) + y(k-1) + y(k-2) + y(k-8),False
E3,MO-lex,13,4510,1,1.604498540982604,equal_calls,karatsuba,5,0.8595510827468568,0.0,0.8595510827468568,133.296875,0.009460083222009934,1.4978106212189835,1.2914595046165889,False,False,u(k-3)*u(k-6)*y(k-4) + u(k-6) + u(k-7) + u(k-8) + y(k-1) + y(k-5)*y(k-5) + y(k-7) + y(k-8),False
E3,MO-lex,14,4510,0,1.2797254170000087,equal_calls,karatsuba,4,0.9201027800678022,0.8443597430030974,0.9201027800678022,86.734375,0.011865350616789182,1.424536414312042,0.09154445486372437,False,False,u(k) + u(k-1) + u(k-2) + u(k-3) + y(k-1) + y(k-7) + y(k-8),False
E3,MO-lex,15,4510,0,1.3680470419931225,equal_calls,karatsuba,4,0.843745258082642,0.5299697406518601,0.843745258082642,144.6875,0.007221068130828746,1.0777152814237663,0.35408354494542943,False,False,u(k-1)*u(k-1)*y(k-7) + u(k-3) + u(k-3)*u(k-3)*y(k-4) + u(k-8) + u(k-9) + y(k-1) + y(k-10) + y(k-5),False
E3,MO-lex,16,4510,0,1.541409792000195,equal_calls,karatsuba,2,0.873855606510298,0.0,0.873855606510298,109.515625,0.009489652131252179,1.3737644606081234,1.3737644606081234,False,False,u(k-3)*y(k-4)*y(k-6) + u(k-6) + u(k-7) + u(k-8) + y(k-1) + y(k-7) + y(k-8),False
E3,MO-lex,17,4510,1,1.3476808340055868,equal_calls,karatsuba,4,0.8900748142040021,0.0,0.8900748142040021,109.515625,0.010045256621092331,1.4309455630836678,1.4132372314242998,False,False,u(k-2)*u(k-4)*y(k-3) + u(k-6) + u(k-7) + u(k-8) + y(k-1) + y(k-2) + y(k-8),False
E3,MO-lex,18,4510,0,1.386669957981212,equal_calls,karatsuba,2,0.87380311034228,0.0,0.87380311034228,109.515625,0.009565855976881284,1.474250042250113,1.474250042250113,False,False,u(k-3)*y(k-4)*y(k-5) + u(k-6) + u(k-7) + u(k-8) + y(k-1) + y(k-7) + y(k-8),False
E3,MO-lex,19,4510,0,1.3433777499885764,equal_calls,karatsuba,4,0.8904913369505258,0.0,0.8904913369505258,109.515625,0.009473659733035489,1.4670512654687449,1.4670512654687449,False,False,u(k-3)*u(k-6)*y(k-4) + u(k-6) + u(k-7) + u(k-8) + y(k-1) + y(k-7) + y(k-8),False
E3,MO-lex,20,4510,0,1.5722723749931902,equal_calls,karatsuba,3,0.8899528266660036,0.0,0.8899528266660036,109.515625,0.010083309212071984,1.3814531183213783,1.3814531183213783,False,False,u(k-3)*u(k-3)*u(k-5) + u(k-5) + u(k-7) + u(k-8) + y(k-1) + y(k-2) + y(k-8),False
E3,MO-lex,21,4510,0,1.3654199590091594,equal_calls,karatsuba,3,0.8446000673007037,0.4722111419707227,0.8446000673007037,144.6875,0.007737156957317227,1.1192204615298393,0.4244785627122026,False,False,u(k)*u(k)*y(k-7) + u(k-1)*u(k-4)*y(k-2) + u(k-7) + u(k-8) + u(k-9) + y(k-1) + y(k-4) + y(k-8),False
E3,MO-lex,22,4510,1,1.2352792919846252,equal_calls,karatsuba,2,0.9045799878064369,0.0,0.9045799878064369,86.734375,0.01186535061655441,1.4245364143079842,1.2025204217894379,False,False,u(k) + u(k-1) + u(k-2) + u(k-3) + y(k-1) + y(k-7) + y(k-8),False
E3,MO-lex,23,4510,12,1.895111249992624,equal_calls,karatsuba,4,0.8301421946282925,0.7555791856839796,0.8301421946282925,142.6875,0.007036814935489782,0.06446755592298278,0.06295452017153055,False,False,u(k)*u(k)*y(k-1) + u(k-1)*u(k-1)*y(k-1) + u(k-1)*u(k-4)*y(k-3) + u(k-4) + u(k-5) + y(k-1),False
E3,MO-lex,24,4510,2,1.3515090000000782,equal_calls,karatsuba,4,0.8899302365855107,0.0,0.8899302365855107,109.515625,0.009473659732476394,1.4670512654698473,1.4670512654698473,False,False,u(k-3)*u(k-6)*y(k-4) + u(k-6) + u(k-7) + u(k-8) + y(k-1) + y(k-7) + y(k-8),False
E3,MO-lex,25,4510,0,1.2992693750129547,equal_calls,karatsuba,4,0.8898151181550746,0.5922037200748398,0.8898151181550746,109.515625,0.010074341671290751,1.3398355368559265,0.3413566359705248,False,False,u(k-3)*y(k-2)*y(k-3) + u(k-6) + u(k-7) + u(k-8) + y(k-1) + y(k-2) + y(k-8),False
E3,MO-lex,26,4510,1,1.3222067909955513,equal_calls,karatsuba,3,0.873384343527625,0.0,0.873384343527625,109.515625,0.010034676427392636,1.4181047658819748,1.4181047658819748,False,False,u(k-3)*u(k-4)*y(k-2) + u(k-6) + u(k-7) + u(k-8) + y(k-1) + y(k-2) + y(k-8),False
E3,MO-lex,27,4510,0,1.5778717920184135,equal_calls,karatsuba,3,0.8738826047831179,0.0,0.8738826047831179,109.515625,0.009511896744697497,1.4296840167920426,1.4296840167920426,False,False,u(k-4)*y(k-4)*y(k-4) + u(k-6) + u(k-7) + u(k-8) + y(k-1) + y(k-7) + y(k-8),False
E3,MO-lex,28,4510,0,1.241592167003546,equal_calls,karatsuba,3,0.9044773790982162,0.0,0.9044773790982162,86.734375,0.011865350616708974,1.5473864518772669,1.5473864518772669,False,False,u(k-3) + u(k-4) + u(k-5) + u(k-6) + y(k-1) + y(k-7) + y(k-8),False
E3,MO-lex,29,4510,1,1.3397722090012394,equal_calls,karatsuba,2,0.8738000067130525,0.0,0.8738000067130525,109.515625,0.009529496275490932,,1.4655813557904531,False,False,u(k-6) + u(k-7) + u(k-8) + y(k-1) + y(k-4)*y(k-4)*y(k-4) + y(k-7) + y(k-8),True
E3,Green,0,4510,0,2.394562166009564,equal_calls,karatsuba,9,0.9685434481722299,0.9089122504885029,0.9685434481722299,109.515625,0.010806157560285882,1.4483227715680842,0.07398624357075696,False,False,u(k-2)*u(k-2)*y(k-6) + u(k-3) + u(k-6) + u(k-8) + y(k-1) + y(k-2) + y(k-8),False
E3,Green,1,4510,0,2.331711583014112,equal_calls,karatsuba,7,0.9683375596452438,0.9044356323268579,0.9683375596452438,86.734375,0.011208324255466426,2.5143968677737876,0.07861862313831593,False,False,u(k-6) + u(k-7) + u(k-8) + y(k-1) + y(k-2) + y(k-4) + y(k-8),False
E3,Green,2,4510,0,2.176024458021857,equal_calls,karatsuba,9,0.969186375553451,0.9044356323268579,0.969186375553451,109.515625,0.010212715963210583,1.3972351584085652,0.07861862313831591,False,False,u(k-3)*y(k-4)*y(k-4) + u(k-4) + u(k-7) + u(k-8) + y(k-1) + y(k-6) + y(k-8),False
E3,Green,3,4510,1,2.5540505000099074,equal_calls,karatsuba,8,0.9692895893833597,0.9044356323268579,0.9692895893833597,109.515625,0.010072869817889475,1.355559121630551,0.07861862313831597,False,False,u(k-2)*y(k-3)*y(k-3) + u(k-6) + u(k-7) + u(k-8) + y(k-1) + y(k-2) + y(k-8),False
E3,Green,4,4510,0,2.484158084000228,equal_calls,karatsuba,9,0.9696176312521128,0.9044356323268579,0.9696176312521128,109.515625,0.009671484550833371,1.2781378337196525,0.07861862313831591,False,False,u(k-5) + u(k-5)*y(k-4)*y(k-4) + u(k-6) + u(k-8) + y(k-1) + y(k-7) + y(k-8),False
E3,Green,5,4510,1,2.117659832991194,equal_calls,karatsuba,6,0.953169103357466,0.8881864775555509,0.953169103357466,74.34375,0.012345277282712301,2.0154456527544355,0.08090957453950626,False,False,u(k-6) + u(k-7) + u(k-8) + y(k-1) + y(k-2) + y(k-6),False
E3,Green,6,4510,0,2.3733158749819268,equal_calls,karatsuba,7,0.9696225394588573,0.9044356323268578,0.9696225394588573,109.515625,0.00967634677143297,1.4079220935535615,0.07861862313831601,False,False,u(k-3)*u(k-6)*y(k-4) + u(k-4) + u(k-7) + u(k-8) + y(k-1) + y(k-7) + y(k-8),False
E3,Green,7,4510,1,2.088380540983053,equal_calls,karatsuba,10,0.9692494005448066,0.9044356323268579,0.9692494005448066,109.515625,0.010070615523537562,,0.07861862313831593,False,False,u(k-5) + u(k-6) + u(k-8) + y(k-1) + y(k-2)*y(k-4)*y(k-5) + y(k-7) + y(k-8),True
E3,Green,8,4510,0,2.48323895901558,equal_calls,karatsuba,7,0.9546626493533121,0.8877769578916487,0.9546626493533121,109.515625,0.010045256621226583,1.4309455630682304,0.08133334320930882,False,False,u(k-2)*u(k-4)*y(k-3) + u(k-6) + u(k-7) + u(k-8) + y(k-1) + y(k-2) + y(k-8),False
E3,Green,9,4510,0,2.3497651249927003,equal_calls,karatsuba,8,0.969218784352769,0.9044356323268579,0.969218784352769,109.515625,0.010097359302850875,1.4155761416685462,0.07861862313831593,False,False,u(k-3)*u(k-5)*y(k-4) + u(k-4) + u(k-7) + u(k-8) + y(k-1) + y(k-6) + y(k-8),False
E3,Green,10,4510,1,2.179967542004306,equal_calls,karatsuba,8,0.9544077974096,0.8877769578916487,0.9544077974096,109.515625,0.01033834100131107,1.3111305879350437,0.08133334320930882,False,False,u(k-3) + u(k-3)*u(k-4)*y(k-2) + u(k-7) + u(k-8) + y(k-1) + y(k-2) + y(k-8),False
E3,Green,11,4510,0,2.458951165986946,equal_calls,karatsuba,8,0.9692301106092125,0.9089122504885028,0.9692301106092125,109.515625,0.010072869826024872,1.3555591215124962,0.07398624357075706,False,False,u(k-2)*y(k-3)*y(k-3) + u(k-6) + u(k-7) + u(k-8) + y(k-1) + y(k-2) + y(k-8),False
E3,Green,12,4510,0,2.1415603749919683,equal_calls,karatsuba,7,0.9676695271596197,0.9044356323268579,0.9676695271596197,86.734375,0.011865350616970761,1.5707251889112723,0.07861862313831597,False,False,u(k-3) + u(k-4) + u(k-6) + u(k-7) + y(k-1) + y(k-7) + y(k-8),False
E3,Green,13,4510,0,2.4732481249957345,equal_calls,karatsuba,7,0.9530536303493948,0.8877769578916491,0.9530536303493948,86.734375,0.011865350616876612,1.5473864518783458,0.08133334320930845,False,False,u(k-3) + u(k-4) + u(k-5) + u(k-6) + y(k-1) + y(k-7) + y(k-8),False
E3,Green,14,4510,0,2.4929173339914996,equal_calls,karatsuba,8,0.954799674037737,0.8829845024445353,0.954799674037737,109.515625,0.00980585477082103,1.2885927432206232,0.0862925494426783,False,False,u(k-3)*y(k-4)*y(k-7) + u(k-4) + u(k-7) + u(k-8) + y(k-1) + y(k-7) + y(k-8),False
E3,Green,15,4510,0,2.254792916995939,equal_calls,karatsuba,8,0.9691030219226103,0.9089122504885028,0.9691030219226103,109.515625,0.010173080291289901,1.3203847073776964,0.07398624357075707,False,False,u(k-2)*y(k-3)*y(k-3) + u(k-5) + u(k-7) + u(k-8) + y(k-1) + y(k-2) + y(k-8),False
E3,Green,16,4510,0,2.407433249987662,equal_calls,karatsuba,10,0.9688395996499414,0.9044356323268578,0.9688395996499414,109.515625,0.01096443082938781,4.479868586345388,0.07861862313831601,False,False,u(k-4)*y(k-1)*y(k-4) + u(k-6) + u(k-7) + u(k-8) + y(k-1) + y(k-7) + y(k-8),False
E3,Green,17,4510,1,2.1857555829919875,equal_calls,karatsuba,8,0.9679502229679116,0.9044356323268579,0.9679502229679116,86.734375,0.011865350617100982,1.5789925514510132,0.07861862313831593,False,False,u(k) + u(k-5) + u(k-7) + u(k-8) + y(k-1) + y(k-7) + y(k-8),False
E3,Green,18,4510,1,2.332826625002781,equal_calls,karatsuba,7,0.9533298271185122,0.8877769578916488,0.9533298271185122,86.734375,0.01160657615417673,3.1389235208566686,0.0813333432093087,False,False,u(k-5) + u(k-7) + u(k-8) + y(k-1) + y(k-2) + y(k-4) + y(k-8),False
E3,Green,19,4510,0,2.4365826249995735,equal_calls,karatsuba,8,0.9692931635648969,0.9044356323268579,0.9692931635648969,109.515625,0.009991260056958964,1.343059593032506,0.07861862313831593,False,False,u(k-3)*u(k-6)*y(k-4) + u(k-4) + u(k-6) + u(k-7) + y(k-1) + y(k-7) + y(k-8),False
E3,Green,20,4510,0,2.0718944580003154,equal_calls,karatsuba,9,0.9686364128707411,0.9044356323268579,0.9686364128707411,109.515625,0.01086163428205007,1.138687721862569,0.07861862313831591,False,False,u(k-5) + u(k-6) + u(k-8) + y(k-1) + y(k-4)*y(k-4)*y(k-4) + y(k-5) + y(k-8),False
E3,Green,21,4510,2,2.3507870829780586,equal_calls,karatsuba,8,0.9691216286919913,0.9044356323268579,0.9691216286919913,109.515625,0.010155961922200168,1.2458680086687117,0.07861862313831593,False,False,u(k-3)*y(k-4)*y(k-7) + u(k-4) + u(k-6) + u(k-7) + y(k-1) + y(k-7) + y(k-8),False
E3,Green,22,4510,0,2.0853500829834957,equal_calls,karatsuba,8,0.9531247393935776,0.8829845024445353,0.9531247393935776,86.734375,0.011865350617088355,1.5375370250618285,0.08629254944267827,False,False,u(k-2) + u(k-4) + u(k-5) + u(k-6) + y(k-1) + y(k-7) + y(k-8),False
E3,Green,23,4510,0,2.417904166999506,equal_calls,karatsuba,8,0.9546375390526043,0.8877769578916488,0.9546375390526043,109.515625,0.01004268089392439,1.3714728850373217,0.0813333432093087,False,False,u(k-2)*u(k-5)*y(k-3) + u(k-6) + u(k-7) + u(k-8) + y(k-1) + y(k-2) + y(k-8),False
E3,Green,24,4510,1,2.1571990000084043,equal_calls,karatsuba,7,0.9688916192240076,0.9044356323268579,0.9688916192240076,109.515625,0.010534835419990776,1.1526913252349507,0.07861862313831593,False,False,u(k-3) + u(k-3)*u(k-4)*y(k-4) + u(k-6) + u(k-8) + y(k-1) + y(k-2) + y(k-8),False
E3,Green,25,4510,0,2.3829493329976685,equal_calls,karatsuba,8,0.9693226094243863,0.9044356323268579,0.9693226094243863,109.515625,0.010002710712472888,1.4778994592087247,0.07861862313831597,False,False,u(k-3)*u(k-6)*y(k-3) + u(k-5) + u(k-7) + u(k-8) + y(k-1) + y(k-6) + y(k-8),False
E3,Green,26,4510,1,2.5152706659864634,equal_calls,karatsuba,9,0.9692122669924489,0.9044356323268579,0.9692122669924489,109.515625,0.010212485690983432,1.2881936518532247,0.07861862313831591,False,False,u(k-3)*u(k-3)*u(k-6) + u(k-4) + u(k-7) + u(k-8) + y(k-1) + y(k-2) + y(k-8),False
E3,Green,27,4510,0,2.2084980409999844,equal_calls,karatsuba,8,0.9688393954831332,0.9044356323268579,0.9688393954831332,109.515625,0.01057855740603344,1.2031771338611859,0.07861862313831593,False,False,u(k-3) + u(k-3)*y(k-4)*y(k-7) + u(k-5) + u(k-7) + y(k-1) + y(k-7) + y(k-8),False
E3,Green,28,4510,0,2.3214565419766586,equal_calls,karatsuba,7,0.9683894054471018,0.904435632326858,0.9683894054471018,86.734375,0.011150322769574802,2.3969439364626797,0.07861862313831584,False,False,u(k-6) + u(k-7) + u(k-8) + y(k-1) + y(k-2) + y(k-3) + y(k-8),False
E3,Green,29,4510,0,2.175920915993629,equal_calls,karatsuba,7,0.9547692722889441,0.8904003968815571,0.9547692722889441,109.515625,0.010053717961100524,1.384353794924409,0.07861862313831597,False,False,u(k-1)*y(k-4)*y(k-4) + u(k-6) + u(k-7) + u(k-8) + y(k-1) + y(k-2) + y(k-8),False
E3,Pareto-terms,0,4510,0,2.516983000008622,equal_calls,karatsuba,7,0.9528952413341428,0.8877769578916488,0.9531372228912546,109.515625,0.011221923307211758,1.0461309919447197,0.0813333432093087,False,False,u(k-3) + u(k-3)*y(k-3)*y(k-3) + u(k-4) + u(k-7) + y(k-1) + y(k-2) + y(k-8),False
E3,Pareto-terms,1,4510,0,2.45726820800337,equal_calls,karatsuba,8,0.954195897348842,0.8877769578916491,0.954357894988304,133.296875,0.010163180507336316,,0.08133334320930845,False,False,u(k-2)*y(k-1) + u(k-5) + u(k-7) + u(k-8) + y(k-1) + y(k-3)*y(k-3)*y(k-6) + y(k-6) + y(k-8),True
E3,Pareto-terms,2,4510,0,2.1724686670058873,equal_calls,karatsuba,7,0.9546599232653331,0.8877769578916482,0.9547760032216854,109.515625,0.009855021239957108,1.7268150852082804,0.0813333432093093,False,False,u(k-3)*y(k-4)*y(k-4) + u(k-6) + u(k-7) + u(k-8) + y(k-1) + y(k-7) + y(k-8),False
E3,Pareto-terms,3,4510,0,2.5564504170033615,equal_calls,karatsuba,8,0.9675801045526681,0.9164413509848427,0.9679546793903536,109.515625,0.011044284318892829,1.3276689598982652,0.06534134064448259,False,False,u(k-4) + u(k-5) + u(k-5)*y(k-1)*y(k-1) + u(k-7) + y(k-1) + y(k-2) + y(k-8),False
E3,Pareto-terms,4,4510,1,2.2879762919910718,equal_calls,karatsuba,8,0.9679860860551313,0.9089122504885029,0.9681449490568941,109.515625,0.010704483962376787,1.2550548780094937,0.07398624357075695,False,False,u(k-3) + u(k-3)*y(k-4)*y(k-5) + u(k-5) + u(k-7) + y(k-1) + y(k-7) + y(k-8),False
E3,Pareto-terms,5,4510,3,2.5204671249957755,equal_calls,karatsuba,8,0.9534761650019363,0.8857841862334207,0.9537570004233,109.515625,0.010999398720459906,1.0335699113821262,0.08339545223425947,False,False,u(k-2) + u(k-3)*u(k-5)*y(k-4) + u(k-6) + u(k-7) + y(k-1) + y(k-2) + y(k-8),False
E3,Pareto-terms,6,4510,0,2.4841866659990046,equal_calls,karatsuba,8,0.9684540271236014,0.9071129609778622,0.9685141188185663,109.515625,0.010403244678075508,1.1876592779551423,0.07570421456684118,False,False,u(k-3) + u(k-3)*u(k-4)*y(k-4) + u(k-7) + u(k-8) + y(k-1) + y(k-2) + y(k-8),False
E3,Pareto-terms,7,4510,1,2.2658593750093132,equal_calls,karatsuba,8,0.9679054342625076,0.9073682691408239,0.9685597399419859,109.515625,0.010540549493521541,1.2050556005083048,0.07531514325292075,False,False,u(k) + u(k-3)*y(k-4)*y(k-7) + u(k-7) + u(k-8) + y(k-1) + y(k-7) + y(k-8),False
E3,Pareto-terms,8,4510,0,2.4422253749798983,equal_calls,karatsuba,6,0.9542453601487425,0.8890544514958185,0.9545338391603194,109.515625,0.00992704817460243,1.3025156350103855,0.08001139993517689,False,False,u(k-4)*y(k-4)*y(k-4) + u(k-5) + u(k-7) + u(k-8) + y(k-1) + y(k-6) + y(k-8),False
E3,Pareto-terms,9,4510,0,2.222957874997519,equal_calls,karatsuba,8,0.9695372415947141,0.9410003380494832,0.9695372415947141,190.25,0.008144740322965326,0.032299032126128356,0.032299032126128356,False,False,u(k)*u(k)*u(k) + u(k)*u(k)*y(k-3) + u(k-1)*u(k-2)*y(k-2) + u(k-3) + u(k-3)*y(k-4)*y(k-5) + u(k-7) + y(k-6) + y(k-8),False
E3,Pareto-terms,10,4510,0,2.4416837920143735,equal_calls,karatsuba,8,0.9536406943289529,0.8877769578916489,0.9536712993807683,109.515625,0.011042160088133428,1.0747005238624125,0.08133334320930864,False,False,u(k) + u(k-3)*u(k-3)*u(k-6) + u(k-5) + u(k-8) + y(k-1) + y(k-2) + y(k-8),False
E3,Pareto-terms,11,4510,1,2.5335059580102097,equal_calls,karatsuba,7,0.968477322636705,0.9089122504885028,0.968477322636705,109.515625,0.01019629940689565,1.545504912854941,0.07398624357075707,False,False,u(k-6) + u(k-7) + u(k-8) + y(k-1) + y(k-2) + y(k-2)*y(k-2)*y(k-4) + y(k-8),False
E3,Pareto-terms,12,4510,0,2.250992999994196,equal_calls,karatsuba,6,0.9530189945018527,0.8815941480298548,0.9534839382833028,109.515625,0.01087250914391242,1.2351420869547782,0.0877312804556143,False,False,u(k-2) + u(k-5) + u(k-6)*y(k-3)*y(k-3) + u(k-7) + y(k-1) + y(k-7) + y(k-8),False
E3,Pareto-terms,13,4510,0,2.534790875011822,equal_calls,karatsuba,7,0.969007365430056,0.9044356323268579,0.9692384150419306,109.515625,0.009565855979143839,1.4742500422892846,0.07861862313831593,False,False,u(k-3)*y(k-4)*y(k-5) + u(k-6) + u(k-7) + u(k-8) + y(k-1) + y(k-7) + y(k-8),False
E3,Pareto-terms,14,4510,1,2.663127167004859,equal_calls,karatsuba,7,0.9533031447748861,0.8877769578916487,0.9534705338187739,109.515625,0.010439087787251545,1.2069838106068937,0.08133334320930882,False,False,u(k-3)*u(k-3)*u(k-6) + u(k-4) + u(k-6) + u(k-7) + y(k-1) + y(k-2) + y(k-8),False
E3,Pareto-terms,15,4510,0,2.132555999996839,equal_calls,karatsuba,7,0.9695938245472583,0.9044356323268579,0.9695938245472583,109.515625,0.009529496269518002,,0.07861862313831593,False,False,u(k-6) + u(k-7) + u(k-8) + y(k-1) + y(k-4)*y(k-4)*y(k-4) + y(k-7) + y(k-8),True
E3,Pareto-terms,16,4510,1,2.5512094580044504,equal_calls,karatsuba,6,0.9530315181497323,0.8924777638084366,0.9536196301910884,109.515625,0.010621873040948181,1.1726055387838763,0.07621627659457457,False,False,u(k-2) + u(k-2)*y(k-3)*y(k-5) + u(k-7) + u(k-8) + y(k-1) + y(k-2) + y(k-8),False
E3,Pareto-terms,17,4510,0,2.269925291999243,equal_calls,karatsuba,7,0.9681145267959208,0.9107733992362118,0.9684285252454217,109.515625,0.010795862322919798,1.1473612035619547,0.07184927511574388,False,False,u(k) + u(k-3)*u(k-3)*y(k-4) + u(k-7) + u(k-8) + y(k-1) + y(k-2) + y(k-8),False
E3,Pareto-terms,18,4510,0,2.5339663329941686,equal_calls,karatsuba,6,0.9545053293128228,0.894877015043202,0.954733554244326,109.515625,0.009946340619132797,,0.07398624357075698,False,False,u(k-5) + u(k-6) + u(k-8) + y(k-1) + y(k-3)*y(k-3)*y(k-6) + y(k-7) + y(k-8),True
E3,Pareto-terms,19,4510,0,2.138226792012574,equal_calls,karatsuba,8,0.9693918556402632,0.9044356323268579,0.9693918556402632,109.515625,0.010096155635768957,1.1840154997834973,0.07861862313831597,False,False,u(k-4) + u(k-6) + u(k-6)*y(k-4)*y(k-4) + u(k-7) + y(k-1) + y(k-7) + y(k-8),False
E3,Pareto-terms,20,4510,1,2.4592005420126952,equal_calls,karatsuba,8,0.9667157791349815,0.9044356323268579,0.9669468287468556,109.515625,0.012304808881929833,0.906026658737162,0.07861862313831591,False,False,u(k) + u(k-3) + u(k-3)*u(k-3)*u(k-5) + u(k-8) + y(k-1) + y(k-2) + y(k-7),False
E3,Pareto-terms,21,4510,3,2.494969207997201,equal_calls,karatsuba,8,0.9685384629260051,0.9044356323268579,0.96859855462097,109.515625,0.010407890455457269,1.170080388411654,0.07861862313831591,False,False,u(k-3)*y(k-3)*y(k-4) + u(k-5) + u(k-6) + u(k-8) + y(k-1) + y(k-2) + y(k-8),False
E3,Pareto-terms,22,4510,1,2.3052802500023972,equal_calls,karatsuba,6,0.9517617803870527,0.9114497711849492,0.9532560949247479,190.25,0.011018441860254047,,0.0524340490206433,False,False,u(k) + u(k)*u(k)*u(k) + u(k-1)*u(k-4)*y(k-2) + u(k-5)*y(k-4)*y(k-4) + u(k-8) + y(k-1)*y(k-1) + y(k-3)*y(k-3) + y(k-4),True
E3,Pareto-terms,23,4510,0,2.5521030420204625,equal_calls,karatsuba,8,0.9558499361351505,0.926804366143896,0.9560688488343713,132.296875,0.007488375656390129,0.270033112892764,0.03339002533401009,False,False,u(k)*u(k)*u(k-2) + u(k)*u(k-1)*u(k-1) + u(k-5) + u(k-9) + y(k-1) + y(k-10) + y(k-2),False
E3,Pareto-terms,24,4510,1,2.1657978750008624,equal_calls,karatsuba,7,0.9689943904407463,0.9045414917268794,0.9692636708887153,109.515625,0.009511896744831771,1.4296840167755989,0.07850338979082312,False,False,u(k-4)*y(k-4)*y(k-4) + u(k-6) + u(k-7) + u(k-8) + y(k-1) + y(k-7) + y(k-8),False
E3,Pareto-terms,25,4510,0,2.4342546249972656,equal_calls,karatsuba,7,0.9691423588383229,0.9044356323268579,0.9694311764848399,109.515625,0.009627105011862487,,0.07861862313831591,False,False,u(k-6) + u(k-7) + u(k-8) + y(k-1) + y(k-3)*y(k-4)*y(k-6) + y(k-7) + y(k-8),True
E3,Pareto-terms,26,4510,3,2.634307833010098,equal_calls,karatsuba,6,0.9537773089920052,0.8948770150432019,0.9542567501315925,109.515625,0.010064606181698299,,0.07398624357075714,False,False,u(k-4) + u(k-7) + u(k-8) + y(k-1) + y(k-3)*y(k-3)*y(k-5) + y(k-7) + y(k-8),True
E3,Pareto-terms,27,4510,0,2.2155295419797767,equal_calls,karatsuba,7,0.9687803578464081,0.9044356323268579,0.9689843799676952,109.515625,0.010213178312505842,1.2877018126126032,0.07861862313831593,False,False,u(k-3)*u(k-3)*u(k-6) + u(k-5) + u(k-6) + u(k-8) + y(k-1) + y(k-2) + y(k-8),False
E3,Pareto-terms,28,4510,1,2.3792648750240915,equal_calls,karatsuba,7,0.9682591172668242,0.904435632326858,0.9683609343321791,109.515625,0.010632060580072282,1.1900456995045323,0.07861862313831584,False,False,u(k-2)*u(k-5)*y(k-3) + u(k-3) + u(k-5) + u(k-8) + y(k-1) + y(k-2) + y(k-8),False
E3,Pareto-terms,29,4510,0,2.26877212501131,equal_calls,karatsuba,7,0.9545453533167186,0.9098956430078214,0.9545453533167186,107.515625,0.00927249584185302,0.5151382644042416,0.05666797563228058,False,False,u(k) + u(k)*u(k)*u(k) + u(k)*u(k)*y(k-2) + u(k-1) + y(k-10),False
E3,Pareto-nodes,0,4510,0,2.416941916977521,equal_calls,karatsuba,15,0.9539657121387076,0.8877769578916486,0.9541811932597082,109.515625,0.01004268089132869,1.371472885306109,0.08133334320930895,False,False,u(k-2)*u(k-5)*y(k-3) + u(k-6) + u(k-7) + u(k-8) + y(k-1) + y(k-2) + y(k-8),False
E3,Pareto-nodes,1,4510,1,2.37761179098743,equal_calls,karatsuba,13,0.9531900260673057,0.8877769578916487,0.9532068041428279,109.515625,0.011155701349465584,1.3181635508748608,0.08133334320930882,False,False,u(k) + u(k-2)*u(k-3)*y(k-3) + u(k-6) + u(k-8) + y(k-1) + y(k-2) + y(k-8),False
E3,Pareto-nodes,2,4510,0,2.08082566599478,equal_calls,karatsuba,11,0.9524254886495962,0.8877769578916489,0.9672597406902251,86.734375,0.011865350617236271,1.4528658292621515,0.08133334320930864,False,False,u(k) + u(k-2) + u(k-3) + u(k-4) + y(k-1) + y(k-7) + y(k-8),False
E3,Pareto-nodes,3,4510,0,2.563732541981153,equal_calls,karatsuba,13,0.9528622866753609,0.8877769578916487,0.9676636552720547,86.734375,0.011865350617169082,1.510805559431249,0.08133334320930882,False,False,u(k) + u(k-2) + u(k-5) + u(k-7) + y(k-1) + y(k-7) + y(k-8),False
E3,Pareto-nodes,4,4510,0,2.050546582991956,equal_calls,karatsuba,10,0.9524254886497281,0.8877769578916481,0.9526466560076855,86.734375,0.011865350617026657,1.4565616308330942,0.08133334320930936,False,False,u(k) + u(k-1) + u(k-2) + u(k-6) + y(k-1) + y(k-7) + y(k-8),False
E3,Pareto-nodes,5,4510,1,2.395846542000072,equal_calls,karatsuba,10,0.952184897573611,0.8877769578916483,0.9524100707838189,86.734375,0.011865350617060543,1.5189111260114148,0.08133334320930916,False,False,u(k) + u(k-4) + u(k-5) + u(k-6) + y(k-1) + y(k-7) + y(k-8),False
E3,Pareto-nodes,6,4510,0,2.1087322500243317,equal_calls,karatsuba,9,0.9525128967678902,0.888186477555551,0.9670984137093469,86.734375,0.011865350616968608,1.4245364143107146,0.08090957453950622,False,False,u(k) + u(k-1) + u(k-2) + u(k-3) + y(k-1) + y(k-7) + y(k-8),False
E3,Pareto-nodes,7,4510,1,2.42307037502178,equal_calls,karatsuba,9,0.9524701884708483,0.8877769578916488,0.9524869665463811,86.734375,0.011865350616767016,1.424536414309211,0.08133334320930871,False,False,u(k) + u(k-1) + u(k-2) + u(k-3) + y(k-1) + y(k-7) + y(k-8),False
E3,Pareto-nodes,8,4510,0,2.076887540984899,equal_calls,karatsuba,9,0.9522342579212932,0.8877769578916488,0.9527563681487599,86.734375,0.011865350616728764,1.4245364143112071,0.0813333432093087,False,False,u(k) + u(k-1) + u(k-2) + u(k-3) + y(k-1) + y(k-7) + y(k-8),False
E3,Pareto-nodes,9,4510,0,2.3821801250160206,equal_calls,karatsuba,13,0.9532024290080705,0.888186477555551,0.9678961370021627,109.515625,0.01106880876555413,1.1935312738040122,0.08090957453950622,False,False,u(k-2)*u(k-4)*y(k-3) + u(k-3) + u(k-5) + u(k-6) + y(k-1) + y(k-2) + y(k-8),False
E3,Pareto-nodes,10,4510,0,2.370779707998736,equal_calls,karatsuba,10,0.9522342579208743,0.8877769578916483,0.9525202190064155,86.734375,0.01186535061720518,1.4546166097087225,0.0813333432093092,False,False,u(k) + u(k-1) + u(k-3) + u(k-5) + y(k-1) + y(k-7) + y(k-8),False
E3,Pareto-nodes,11,4510,0,2.1342372499930207,equal_calls,karatsuba,14,0.9529825688235982,0.8877769578916483,0.9529993468991252,109.515625,0.011263543886542375,1.0874038205225713,0.0813333432093092,False,False,u(k) + u(k-3)*u(k-3)*y(k-6) + u(k-6) + u(k-7) + y(k-1) + y(k-2) + y(k-8),False
E3,Pareto-nodes,12,4510,0,2.3661149159888737,equal_calls,karatsuba,10,0.9521816767213666,0.888186477555551,0.966764921356427,86.734375,0.01224074978448037,1.4095959796661124,0.08090957453950616,False,False,u(k) + u(k-1) + u(k-3) + u(k-4) + y(k-1) + y(k-6) + y(k-8),False
E3,Pareto-nodes,13,4510,0,2.100120666989824,equal_calls,karatsuba,10,0.9521848975737891,0.8877769578916488,0.9523191499165106,86.734375,0.011865350616861637,1.473012198253683,0.0813333432093087,False,False,u(k-1) + u(k-2) + u(k-3) + u(k-5) + y(k-1) + y(k-7) + y(k-8),False
E3,Pareto-nodes,14,4510,0,2.4790275420236867,equal_calls,karatsuba,13,0.9530562749548941,0.8877769578916488,0.9534515785890102,109.515625,0.011141594767133963,1.0126459642318393,0.08133334320930877,False,False,u(k-2) + u(k-3)*y(k-4)*y(k-4) + u(k-6) + u(k-7) + y(k-1) + y(k-2) + y(k-8),False
E3,Pareto-nodes,15,4510,0,2.0544433330069296,equal_calls,karatsuba,10,0.9521848975740786,0.8877769578916488,0.9525535105373965,86.734375,0.011865350616536489,1.4617509145611625,0.08133334320930871,False,False,u(k-1) + u(k-2) + u(k-3) + u(k-4) + y(k-1) + y(k-7) + y(k-8),False
E3,Pareto-nodes,16,4510,1,2.38953612500336,equal_calls,karatsuba,10,0.952470188471179,0.8877769578916482,0.9526890218444736,86.734375,0.011865350616394823,1.4245364143095023,0.08133334320930924,False,False,u(k) + u(k-1) + u(k-2) + u(k-3) + y(k-1) + y(k-7) + y(k-8),False
E3,Pareto-nodes,17,4510,0,2.471259749989258,equal_calls,karatsuba,11,0.952470188470597,0.8877769578916491,0.9526440470193736,86.734375,0.011865350617047842,1.452865829263168,0.08133334320930843,False,False,u(k) + u(k-2) + u(k-3) + u(k-4) + y(k-1) + y(k-7) + y(k-8),False
E3,Pareto-nodes,18,4510,0,2.1918251249880996,equal_calls,karatsuba,15,0.9528880713392351,0.8877769578916487,0.9533358493177156,109.515625,0.011466408855779979,1.0425688821878254,0.08133334320930882,False,False,u(k-2) + u(k-3)*y(k-2)*y(k-4) + u(k-5) + u(k-6) + y(k-1) + y(k-2) + y(k-8),False
E3,Pareto-nodes,19,4510,0,2.391687458002707,equal_calls,karatsuba,11,0.9524748489970739,0.8877769578916487,0.9670194282968946,86.734375,0.011865350617069323,1.4245364143096149,0.08133334320930882,False,False,u(k) + u(k-1) + u(k-2) + u(k-3) + y(k-1) + y(k-7) + y(k-8),False
E3,Pareto-nodes,20,4510,0,2.0419934160017874,equal_calls,karatsuba,10,0.9524254886499084,0.8877769578916486,0.952556067916163,86.734375,0.011865350616819035,1.4245364143134607,0.08133334320930895,False,False,u(k) + u(k-1) + u(k-2) + u(k-3) + y(k-1) + y(k-7) + y(k-8),False
E3,Pareto-nodes,21,4510,0,2.9804028749931604,equal_calls,karatsuba,13,0.9533368343691176,0.8877769578916487,0.9534017385917466,109.515625,0.010866102771954251,1.4154531407343445,0.08133334320930885,False,False,u(k-3) + u(k-3)*u(k-3)*u(k-3) + u(k-5) + u(k-7) + y(k-1) + y(k-2) + y(k-8),False
E3,Pareto-nodes,22,4510,0,2.9233383330283687,equal_calls,karatsuba,10,0.953095253971549,0.8877769578916492,0.9531234343711897,121.90625,0.011062843613551882,1.2114047907777283,0.08133334320930832,False,False,u(k) + u(k-1) + u(k-2) + u(k-3) + u(k-3)*y(k-4)*y(k-6) + y(k-1) + y(k-7) + y(k-8),False
E3,Pareto-nodes,23,4510,0,2.7492215409874916,equal_calls,karatsuba,11,0.9521848975737721,0.8877769578916479,0.9524100707839829,86.734375,0.011865350616877235,1.4730121982537272,0.08133334320930967,False,False,u(k-1) + u(k-2) + u(k-3) + u(k-5) + y(k-1) + y(k-7) + y(k-8),False
E3,Pareto-nodes,24,4510,1,2.1560812079987954,equal_calls,karatsuba,15,0.9532906036127334,0.8877769578916488,0.9680371746242031,109.515625,0.010998492653652424,1.1016319823768743,0.0813333432093087,False,True,u(k) + u(k-3)*u(k-3)*y(k-5) + u(k-6) + u(k-8) + y(k-1) + y(k-2) + y(k-8),False
E3,Pareto-nodes,25,4510,0,2.595714915980352,equal_calls,karatsuba,10,0.9521848975741667,0.8877769578916485,0.9526114178489363,86.734375,0.011865350616425206,1.4245364143127044,0.08133334320930902,False,False,u(k) + u(k-1) + u(k-2) + u(k-3) + y(k-1) + y(k-7) + y(k-8),False
E3,Pareto-nodes,26,4510,1,2.851216624985682,equal_calls,karatsuba,13,0.9538527058946378,0.8881864775555508,0.9539217997727671,121.90625,0.010260002933929048,7.202952200218821,0.08090957453950642,False,False,u(k) + u(k)*u(k)*u(k) + u(k-1) + u(k-2) + u(k-6) + y(k-1) + y(k-10) + y(k-3),False
E3,Pareto-nodes,27,4510,0,2.1593751669861376,equal_calls,karatsuba,14,0.9533809875011799,0.8877769578916488,0.9538105801612606,109.515625,0.01074308736780895,1.4768492302347278,0.08133334320930873,False,False,u(k-2)*u(k-2)*u(k-5) + u(k-3) + u(k-6) + u(k-8) + y(k-1) + y(k-2) + y(k-8),False
E3,Pareto-nodes,28,4510,0,2.340558374999091,equal_calls,karatsuba,12,0.9525128967677811,0.8881864775555509,0.967229562370423,86.734375,0.011865350617090596,1.5081828402449202,0.08090957453950627,False,False,u(k) + u(k-3) + u(k-5) + u(k-6) + y(k-1) + y(k-7) + y(k-8),False
E3,Pareto-nodes,29,4510,1,2.1265812079946045,equal_calls,karatsuba,14,0.9524701884706798,0.8877769578916483,0.9525546402334081,86.734375,0.011865350616957248,1.5718469478574009,0.08133334320930916,False,False,u(k-2) + u(k-5) + u(k-6) + u(k-7) + y(k-1) + y(k-7) + y(k-8),False
