example,config,seed,cost,C,C_ops,C_K,p1,sumd,val_saved,genes,terms,ok,val_rebuilt,max_abs_diff,n_genes,n_steps,reason
E1,SO,0,ops,9.0,9,60.953125,4,5,2.821447395164707e-16,"('y1', 'mul(y1, u1)', 'u1', 'q2(y1)', 'mul(y1, u1)')","('u(k)', 'u(k)*y(k-1)', 'y(k-1)', 'y(k-3)')",True,2.821447395164707e-16,2.220446049250313e-16,5.0,87.0,
E1,SO,1,ops,11.0,11,83.734375,4,7,3.207588230161238e-16,"('mul(y1, mul(u1, u1))', 'mul(y1, u1)', 'u1', 'mul(y1, u1)', 'y1')","('u(k)', 'u(k)*u(k)*y(k-1)', 'u(k)*y(k-1)', 'y(k-1)')",True,3.207588230161238e-16,2.220446049250313e-16,5.0,89.0,
E1,SO,2,ops,10.0,10,72.34375,4,6,2.1438683212081093e-16,"('mul(u1, y1)', 'u1', 'mul(q2(y1), y1)', 'y1', 'mul(y1, u1)')","('u(k)', 'u(k)*y(k-1)', 'y(k-1)', 'y(k-1)*y(k-3)')",True,2.1438683212081093e-16,4.440892098500626e-16,5.0,87.0,
E1,SO,3,ops,14.0,14,107.515625,5,9,2.8354989479731118e-16,"('mul(mul(u1, y1), mul(u1, y1))', 'mul(y1, u1)', 'q2(u1)', 'y1', 'u1')","('u(k)', 'u(k)*u(k)*y(k-1)*y(k-1)', 'u(k)*y(k-1)', 'u(k-2)', 'y(k-1)')",True,2.8354989479731118e-16,2.220446049250313e-16,5.0,88.0,
E1,SO,4,ops,9.0,9,60.953125,4,5,2.6508865607196936e-16,"('u1', 'y1', 'u1', 'q2(u1)', 'mul(u1, y1)')","('u(k)', 'u(k)*y(k-1)', 'u(k-2)', 'y(k-1)')",True,2.6508865607196936e-16,4.440892098500626e-16,5.0,88.0,
E1,SO,5,ops,11.0,11,73.34375,5,6,2.4491431876450457e-16,"('q1(y1)', 'y1', 'q2(u1)', 'mul(y1, u1)', 'u1')","('u(k)', 'u(k)*y(k-1)', 'u(k-2)', 'y(k-1)', 'y(k-2)')",True,2.4491431876450457e-16,2.220446049250313e-16,5.0,88.0,
E1,SO,6,ops,7.0,7,48.5625,3,4,2.700813343538282e-16,"('u1', 'u1', 'y1', 'y1', 'mul(y1, u1)')","('u(k)', 'u(k)*y(k-1)', 'y(k-1)')",True,2.700813343538282e-16,2.220446049250313e-16,5.0,89.0,
E1,SO,7,ops,9.0,9,60.953125,4,5,3.785052985690101e-16,"('q1(y1)', 'y1', 'u1', 'mul(y1, u1)', 'y1')","('u(k)', 'u(k)*y(k-1)', 'y(k-1)', 'y(k-2)')",True,3.785052985690101e-16,4.440892098500626e-16,5.0,88.0,
E1,SO,8,ops,13.0,13,96.125,5,8,2.582002893023232e-16,"('q1(q1(u1))', 'mul(mul(y1, y1), q1(u1))', 'u1', 'mul(y1, u1)', 'y1')","('u(k)', 'u(k)*y(k-1)', 'u(k-1)*y(k-1)*y(k-1)', 'u(k-2)', 'y(k-1)')",True,2.582002893023232e-16,2.220446049250313e-16,5.0,88.0,
E1,SO,9,ops,7.0,7,48.5625,3,4,2.700813343538282e-16,"('u1', 'u1', 'y1', 'y1', 'mul(u1, y1)')","('u(k)', 'u(k)*y(k-1)', 'y(k-1)')",True,2.700813343538282e-16,2.220446049250313e-16,5.0,89.0,
E1,SO,10,ops,7.0,7,48.5625,3,4,2.700813343538282e-16,"('u1', 'u1', 'y1', 'y1', 'mul(y1, u1)')","('u(k)', 'u(k)*y(k-1)', 'y(k-1)')",True,2.700813343538282e-16,2.220446049250313e-16,5.0,89.0,
E1,SO,11,ops,7.0,7,48.5625,3,4,2.700813343538282e-16,"('u1', 'u1', 'y1', 'y1', 'mul(y1, u1)')","('u(k)', 'u(k)*y(k-1)', 'y(k-1)')",True,2.700813343538282e-16,2.220446049250313e-16,5.0,89.0,
E1,SO,12,ops,11.0,11,83.734375,4,7,2.043428099927965e-16,"('mul(u1, y1)', 'u1', 'mul(y1, u1)', 'mul(y1, mul(y1, y1))', 'y1')","('u(k)', 'u(k)*y(k-1)', 'y(k-1)', 'y(k-1)*y(k-1)*y(k-1)')",True,2.043428099927965e-16,2.220446049250313e-16,5.0,89.0,
E1,SO,13,ops,7.0,7,48.5625,3,4,2.700813343538282e-16,"('u1', 'u1', 'y1', 'y1', 'mul(y1, u1)')","('u(k)', 'u(k)*y(k-1)', 'y(k-1)')",True,2.700813343538282e-16,2.220446049250313e-16,5.0,89.0,
E1,SO,14,ops,9.0,9,60.953125,4,5,2.3458695068017613e-16,"('mul(y1, u1)', 'u1', 'y1', 'y1', 'q2(y1)')","('u(k)', 'u(k)*y(k-1)', 'y(k-1)', 'y(k-3)')",True,2.3458695068017613e-16,3.3306690738754696e-16,5.0,87.0,
E1,SO,15,ops,9.0,9,60.953125,4,5,2.7227928526362325e-16,"('q1(u1)', 'y1', 'mul(y1, u1)', 'y1', 'u1')","('u(k)', 'u(k)*y(k-1)', 'u(k-1)', 'y(k-1)')",True,2.7227928526362325e-16,4.440892098500626e-16,5.0,89.0,
E1,SO,16,ops,9.0,9,60.953125,4,5,2.3458695068017613e-16,"('mul(u1, y1)', 'u1', 'y1', 'y1', 'q2(y1)')","('u(k)', 'u(k)*y(k-1)', 'y(k-1)', 'y(k-3)')",True,2.3458695068017613e-16,3.3306690738754696e-16,5.0,87.0,
E1,SO,17,ops,9.0,9,60.953125,4,5,3.323602781771804e-16,"('u1', 'q2(u1)', 'mul(u1, y1)', 'y1', 'y1')","('u(k)', 'u(k)*y(k-1)', 'u(k-2)', 'y(k-1)')",True,3.323602781771804e-16,2.220446049250313e-16,5.0,88.0,
E1,SO,18,ops,10.0,10,72.34375,4,6,2.4149382677767686e-16,"('q2(mul(u1, y1))', 'y1', 'u1', 'y1', 'mul(u1, y1)')","('u(k)', 'u(k)*y(k-1)', 'u(k-2)*y(k-3)', 'y(k-1)')",True,2.4149382677767686e-16,6.661338147750939e-16,5.0,87.0,
E1,SO,19,ops,7.0,7,48.5625,3,4,2.700813343538282e-16,"('u1', 'u1', 'y1', 'y1', 'mul(u1, y1)')","('u(k)', 'u(k)*y(k-1)', 'y(k-1)')",True,2.700813343538282e-16,2.220446049250313e-16,5.0,89.0,
E1,SO,20,ops,7.0,7,48.5625,3,4,2.700813343538282e-16,"('u1', 'u1', 'y1', 'y1', 'mul(y1, u1)')","('u(k)', 'u(k)*y(k-1)', 'y(k-1)')",True,2.700813343538282e-16,2.220446049250313e-16,5.0,89.0,
E1,SO,21,ops,11.0,11,83.734375,4,7,3.048215388922267e-16,"('y1', 'mul(u1, y1)', 'y1', 'mul(u1, mul(u1, y1))', 'u1')","('u(k)', 'u(k)*u(k)*y(k-1)', 'u(k)*y(k-1)', 'y(k-1)')",True,3.048215388922267e-16,3.3306690738754696e-16,5.0,89.0,
E1,SO,22,ops,11.0,11,73.34375,5,6,3.260402014746928e-16,"('y1', 'q2(u1)', 'mul(y1, u1)', 'u1', 'q1(y1)')","('u(k)', 'u(k)*y(k-1)', 'u(k-2)', 'y(k-1)', 'y(k-2)')",True,3.260402014746928e-16,4.440892098500626e-16,5.0,88.0,
E1,SO,23,ops,14.0,14,107.515625,5,9,2.540337108856375e-16,"('mul(y1, y1)', 'y1', 'mul(y1, mul(u1, u1))', 'mul(y1, u1)', 'u1')","('u(k)', 'u(k)*u(k)*y(k-1)', 'u(k)*y(k-1)', 'y(k-1)', 'y(k-1)*y(k-1)')",True,2.540337108856375e-16,4.440892098500626e-16,5.0,89.0,
E1,SO,24,ops,9.0,9,60.953125,4,5,2.1087021151122103e-16,"('q2(q2(u1))', 'mul(u1, y1)', 'u1', 'u1', 'y1')","('u(k)', 'u(k)*y(k-1)', 'u(k-4)', 'y(k-1)')",True,2.1087021151122103e-16,4.440892098500626e-16,5.0,86.0,
E1,SO,25,ops,11.0,11,73.34375,5,6,2.4491431876450457e-16,"('q1(y1)', 'y1', 'q2(u1)', 'mul(u1, y1)', 'u1')","('u(k)', 'u(k)*y(k-1)', 'u(k-2)', 'y(k-1)', 'y(k-2)')",True,2.4491431876450457e-16,2.220446049250313e-16,5.0,88.0,
E1,SO,26,ops,9.0,9,60.953125,4,5,2.3458695068017613e-16,"('mul(u1, y1)', 'u1', 'y1', 'y1', 'q2(y1)')","('u(k)', 'u(k)*y(k-1)', 'y(k-1)', 'y(k-3)')",True,2.3458695068017613e-16,3.3306690738754696e-16,5.0,87.0,
E1,SO,27,ops,9.0,9,60.953125,4,5,2.3458695068017613e-16,"('mul(u1, y1)', 'u1', 'y1', 'y1', 'q1(q1(y1))')","('u(k)', 'u(k)*y(k-1)', 'y(k-1)', 'y(k-3)')",True,2.3458695068017613e-16,3.3306690738754696e-16,5.0,87.0,
E1,SO,28,ops,9.0,9,60.953125,4,5,2.3458695068017613e-16,"('mul(y1, u1)', 'u1', 'y1', 'y1', 'q2(y1)')","('u(k)', 'u(k)*y(k-1)', 'y(k-1)', 'y(k-3)')",True,2.3458695068017613e-16,3.3306690738754696e-16,5.0,87.0,
E1,SO,29,ops,9.0,9,60.953125,4,5,2.3458695068017613e-16,"('mul(y1, u1)', 'u1', 'y1', 'y1', 'q2(y1)')","('u(k)', 'u(k)*y(k-1)', 'y(k-1)', 'y(k-3)')",True,2.3458695068017613e-16,3.3306690738754696e-16,5.0,87.0,
E2,SO,0,ops,12.0,12,84.734375,5,7,0.028439045742316746,"('q1(u1)', 'mul(u1, q1(y1))', 'q1(mul(y1, y1))', 'q1(y1)', 'q2(q2(y1))')","('u(k)*y(k-2)', 'u(k-1)', 'y(k-2)', 'y(k-2)*y(k-2)', 'y(k-5)')",True,0.028439045742316746,2.220446049250313e-16,5.0,85.0,
E2,SO,1,ops,12.0,12,84.734375,5,7,0.027974296687295588,"('q2(mul(y1, y1))', 'q2(q1(y1))', 'q1(u1)', 'q2(q2(y1))', 'mul(q1(y1), q1(u1))')","('u(k-1)', 'u(k-1)*y(k-2)', 'y(k-3)*y(k-3)', 'y(k-4)', 'y(k-5)')",True,0.027974296687295588,2.220446049250313e-16,5.0,85.0,
E2,SO,2,ops,12.0,12,84.734375,5,7,0.027942879613123903,"('mul(y1, q2(y1))', 'q2(q2(y1))', 'q1(q2(y1))', 'q1(u1)', 'mul(q1(y1), q1(u1))')","('u(k-1)', 'u(k-1)*y(k-2)', 'y(k-1)*y(k-3)', 'y(k-4)', 'y(k-5)')",True,0.027942879613123903,2.220446049250313e-16,5.0,85.0,
E2,SO,3,ops,12.0,12,84.734375,5,7,0.028495472197663716,"('q1(mul(y1, y1))', 'mul(u1, q2(u1))', 'q2(q2(y1))', 'q2(q1(y1))', 'q1(u1)')","('u(k)*u(k-2)', 'u(k-1)', 'y(k-2)*y(k-2)', 'y(k-4)', 'y(k-5)')",True,0.028495472197663716,2.220446049250313e-16,5.0,85.0,
E2,SO,4,ops,12.0,12,84.734375,5,7,0.028495472197663872,"('q1(q2(y1))', 'q1(u1)', 'q2(q2(y1))', 'mul(q2(u1), u1)', 'mul(q1(y1), q1(y1))')","('u(k)*u(k-2)', 'u(k-1)', 'y(k-2)*y(k-2)', 'y(k-4)', 'y(k-5)')",True,0.028495472197663872,4.440892098500626e-16,5.0,85.0,
E2,SO,5,ops,12.0,12,84.734375,5,7,0.02852788859250901,"('q2(q2(y1))', 'q1(u1)', 'q1(y1)', 'mul(q2(y1), q1(y1))', 'mul(u1, q1(y1))')","('u(k)*y(k-2)', 'u(k-1)', 'y(k-2)', 'y(k-2)*y(k-3)', 'y(k-5)')",True,0.02852788859250901,2.220446049250313e-16,5.0,85.0,
E2,SO,6,ops,12.0,12,84.734375,5,7,0.027942879613123753,"('q1(u1)', 'q1(q2(y1))', 'mul(y1, q2(y1))', 'q1(mul(y1, u1))', 'q2(q2(y1))')","('u(k-1)', 'u(k-1)*y(k-2)', 'y(k-1)*y(k-3)', 'y(k-4)', 'y(k-5)')",True,0.027942879613123753,2.220446049250313e-16,5.0,85.0,
E2,SO,7,ops,12.0,12,84.734375,5,7,0.028527888592509112,"('mul(q2(y1), q1(y1))', 'q1(y1)', 'q1(u1)', 'mul(q1(y1), u1)', 'q2(q2(y1))')","('u(k)*y(k-2)', 'u(k-1)', 'y(k-2)', 'y(k-2)*y(k-3)', 'y(k-5)')",True,0.028527888592509112,2.220446049250313e-16,5.0,85.0,
E2,SO,8,ops,12.0,12,84.734375,5,7,0.028439045742316746,"('mul(q1(y1), q1(y1))', 'q1(y1)', 'q1(u1)', 'q2(q2(y1))', 'mul(q1(y1), u1)')","('u(k)*y(k-2)', 'u(k-1)', 'y(k-2)', 'y(k-2)*y(k-2)', 'y(k-5)')",True,0.028439045742316746,2.220446049250313e-16,5.0,85.0,
E2,SO,9,ops,12.0,12,84.734375,5,7,0.02794287961312382,"('q1(mul(u1, y1))', 'q1(u1)', 'q2(q2(y1))', 'q1(q2(y1))', 'mul(y1, q2(y1))')","('u(k-1)', 'u(k-1)*y(k-2)', 'y(k-1)*y(k-3)', 'y(k-4)', 'y(k-5)')",True,0.02794287961312382,2.220446049250313e-16,5.0,85.0,
E2,SO,10,ops,12.0,12,84.734375,5,7,0.02794287961312382,"('mul(y1, q2(y1))', 'q1(mul(u1, y1))', 'q2(q2(y1))', 'q1(q2(y1))', 'q1(u1)')","('u(k-1)', 'u(k-1)*y(k-2)', 'y(k-1)*y(k-3)', 'y(k-4)', 'y(k-5)')",True,0.02794287961312382,2.220446049250313e-16,5.0,85.0,
E2,SO,11,ops,12.0,12,84.734375,5,7,0.028495472197663657,"('mul(q2(u1), u1)', 'q1(mul(y1, y1))', 'q1(u1)', 'q2(q1(y1))', 'q2(q2(y1))')","('u(k)*u(k-2)', 'u(k-1)', 'y(k-2)*y(k-2)', 'y(k-4)', 'y(k-5)')",True,0.028495472197663657,2.220446049250313e-16,5.0,85.0,
E2,SO,12,ops,12.0,12,84.734375,5,7,0.028495472197663768,"('q2(q2(y1))', 'q1(u1)', 'q1(mul(y1, y1))', 'mul(u1, q2(u1))', 'q2(q1(y1))')","('u(k)*u(k-2)', 'u(k-1)', 'y(k-2)*y(k-2)', 'y(k-4)', 'y(k-5)')",True,0.028495472197663768,4.440892098500626e-16,5.0,85.0,
E2,SO,13,ops,12.0,12,84.734375,5,7,0.028495472197663806,"('mul(q1(y1), q1(y1))', 'q2(q1(y1))', 'mul(u1, q2(u1))', 'q1(u1)', 'q2(q2(y1))')","('u(k)*u(k-2)', 'u(k-1)', 'y(k-2)*y(k-2)', 'y(k-4)', 'y(k-5)')",True,0.028495472197663806,2.220446049250313e-16,5.0,85.0,
E2,SO,14,ops,12.0,12,84.734375,5,7,0.027942879613123823,"('q2(q2(y1))', 'q1(u1)', 'q1(mul(y1, u1))', 'mul(y1, q2(y1))', 'q1(q2(y1))')","('u(k-1)', 'u(k-1)*y(k-2)', 'y(k-1)*y(k-3)', 'y(k-4)', 'y(k-5)')",True,0.027942879613123823,2.220446049250313e-16,5.0,85.0,
E2,SO,15,ops,12.0,12,84.734375,5,7,0.028439045742316763,"('mul(u1, q1(y1))', 'q1(mul(y1, y1))', 'q2(q2(y1))', 'q1(y1)', 'q1(u1)')","('u(k)*y(k-2)', 'u(k-1)', 'y(k-2)', 'y(k-2)*y(k-2)', 'y(k-5)')",True,0.028439045742316763,2.220446049250313e-16,5.0,85.0,
E2,SO,16,ops,12.0,12,84.734375,5,7,0.027942879613123882,"('mul(q2(y1), y1)', 'q2(q1(y1))', 'q2(q2(y1))', 'q1(u1)', 'q1(mul(u1, y1))')","('u(k-1)', 'u(k-1)*y(k-2)', 'y(k-1)*y(k-3)', 'y(k-4)', 'y(k-5)')",True,0.027942879613123882,2.220446049250313e-16,5.0,85.0,
E2,SO,17,ops,12.0,12,84.734375,5,7,0.02794252304881898,"('q2(q1(y1))', 'q1(u1)', 'q1(mul(y1, u1))', 'q1(mul(y1, y1))', 'q2(q2(y1))')","('u(k-1)', 'u(k-1)*y(k-2)', 'y(k-2)*y(k-2)', 'y(k-4)', 'y(k-5)')",True,0.02794252304881898,4.440892098500626e-16,5.0,85.0,
E2,SO,18,ops,12.0,12,84.734375,5,7,0.028439045742316725,"('q1(y1)', 'q1(u1)', 'q2(q2(y1))', 'mul(u1, q1(y1))', 'q1(mul(y1, y1))')","('u(k)*y(k-2)', 'u(k-1)', 'y(k-2)', 'y(k-2)*y(k-2)', 'y(k-5)')",True,0.028439045742316725,2.220446049250313e-16,5.0,85.0,
E2,SO,19,ops,12.0,12,84.734375,5,7,0.028495472197663824,"('mul(q1(y1), q1(y1))', 'q2(q1(y1))', 'mul(q2(u1), u1)', 'q2(q2(y1))', 'q1(u1)')","('u(k)*u(k-2)', 'u(k-1)', 'y(k-2)*y(k-2)', 'y(k-4)', 'y(k-5)')",True,0.028495472197663824,2.220446049250313e-16,5.0,85.0,
E2,SO,20,ops,12.0,12,84.734375,5,7,0.02794287961312374,"('q2(q1(y1))', 'q2(q2(y1))', 'mul(q2(y1), y1)', 'q1(u1)', 'q1(mul(u1, y1))')","('u(k-1)', 'u(k-1)*y(k-2)', 'y(k-1)*y(k-3)', 'y(k-4)', 'y(k-5)')",True,0.02794287961312374,2.220446049250313e-16,5.0,85.0,
E2,SO,21,ops,12.0,12,84.734375,5,7,0.02794287961312378,"('q1(u1)', 'q2(q1(y1))', 'q2(q2(y1))', 'mul(q1(u1), q1(y1))', 'mul(y1, q2(y1))')","('u(k-1)', 'u(k-1)*y(k-2)', 'y(k-1)*y(k-3)', 'y(k-4)', 'y(k-5)')",True,0.02794287961312378,2.220446049250313e-16,5.0,85.0,
E2,SO,22,ops,12.0,12,84.734375,5,7,0.0284954721976637,"('q2(q2(y1))', 'mul(q1(y1), q1(y1))', 'mul(q2(u1), u1)', 'q2(q1(y1))', 'q1(u1)')","('u(k)*u(k-2)', 'u(k-1)', 'y(k-2)*y(k-2)', 'y(k-4)', 'y(k-5)')",True,0.0284954721976637,2.220446049250313e-16,5.0,85.0,
E2,SO,23,ops,12.0,12,84.734375,5,7,0.027942879613123726,"('q1(u1)', 'q2(q2(y1))', 'q1(q2(y1))', 'mul(q2(y1), y1)', 'q1(mul(u1, y1))')","('u(k-1)', 'u(k-1)*y(k-2)', 'y(k-1)*y(k-3)', 'y(k-4)', 'y(k-5)')",True,0.027942879613123726,2.220446049250313e-16,5.0,85.0,
E2,SO,24,ops,12.0,12,84.734375,5,7,0.02849547219766375,"('q1(mul(y1, y1))', 'q2(q2(y1))', 'q2(q1(y1))', 'q1(u1)', 'mul(u1, q2(u1))')","('u(k)*u(k-2)', 'u(k-1)', 'y(k-2)*y(k-2)', 'y(k-4)', 'y(k-5)')",True,0.02849547219766375,4.440892098500626e-16,5.0,85.0,
E2,SO,25,ops,12.0,12,84.734375,5,7,0.02849547219766373,"('mul(q2(u1), u1)', 'q2(q1(y1))', 'q2(q2(y1))', 'q1(u1)', 'q1(mul(y1, y1))')","('u(k)*u(k-2)', 'u(k-1)', 'y(k-2)*y(k-2)', 'y(k-4)', 'y(k-5)')",True,0.02849547219766373,2.220446049250313e-16,5.0,85.0,
E2,SO,26,ops,12.0,12,84.734375,5,7,0.028527888592509126,"('q2(q2(y1))', 'q1(y1)', 'q1(u1)', 'mul(q1(y1), u1)', 'mul(q2(y1), q1(y1))')","('u(k)*y(k-2)', 'u(k-1)', 'y(k-2)', 'y(k-2)*y(k-3)', 'y(k-5)')",True,0.028527888592509126,2.220446049250313e-16,5.0,85.0,
E2,SO,27,ops,12.0,12,84.734375,5,7,0.027942879613123823,"('q1(mul(y1, u1))', 'q2(q2(y1))', 'q2(q1(y1))', 'mul(y1, q2(y1))', 'q1(u1)')","('u(k-1)', 'u(k-1)*y(k-2)', 'y(k-1)*y(k-3)', 'y(k-4)', 'y(k-5)')",True,0.027942879613123823,2.220446049250313e-16,5.0,85.0,
E2,SO,28,ops,12.0,12,84.734375,5,7,0.028495472197663782,"('q2(q2(y1))', 'q2(q1(y1))', 'q1(mul(y1, y1))', 'q1(u1)', 'mul(u1, q2(u1))')","('u(k)*u(k-2)', 'u(k-1)', 'y(k-2)*y(k-2)', 'y(k-4)', 'y(k-5)')",True,0.028495472197663782,2.220446049250313e-16,5.0,85.0,
E2,SO,29,ops,12.0,12,84.734375,5,7,0.02843904574231672,"('q1(y1)', 'mul(q1(y1), u1)', 'q1(u1)', 'q2(q2(y1))', 'q1(mul(y1, y1))')","('u(k)*y(k-2)', 'u(k-1)', 'y(k-2)', 'y(k-2)*y(k-2)', 'y(k-5)')",True,0.02843904574231672,2.220446049250313e-16,5.0,85.0,
E3,SO,0,ops,19.0,19,133.296875,8,11,1.4201369254348997,"('q3(q1(q3(u1)))', 'y1', 'q1(y1)', 'mul(q3(u1), q2(q2(y1)))', 'q2(q3(q1(u1)))', 'q2(q3(q2(y1)))', 'q3(q3(q2(u1)))', 'mul(mul(q3(u1), q2(y1)), q2(q1(u1)))')","('u(k-3)*u(k-3)*y(k-3)', 'u(k-3)*y(k-5)', 'u(k-6)', 'u(k-7)', 'u(k-8)', 'y(k-1)', 'y(k-2)', 'y(k-8)')",True,1.4201369254348997,6.160405519040069e-12,8.0,192.0,
E3,SO,1,ops,16.0,16,109.515625,7,9,1.3685669607668864,"('q3(q3(u1))', 'q3(q3(q2(u1)))', 'y1', 'q1(q3(q3(y1)))', 'q3(mul(mul(y1, y1), q1(u1)))', 'q2(q1(q3(y1)))', 'q1(q1(q3(u1)))', 'q1(q3(q2(y1)))')","('u(k-4)*y(k-4)*y(k-4)', 'u(k-5)', 'u(k-6)', 'u(k-8)', 'y(k-1)', 'y(k-7)', 'y(k-8)')",True,1.3685669607668864,1.6484591469634324e-12,8.0,192.0,
E3,SO,2,ops,19.0,19,133.296875,8,11,1.2522088427975897,"('q2(q1(q3(u1)))', 'mul(q2(q3(u1)), mul(q3(y1), q3(y1)))', 'q1(q2(q2(u1)))', 'q1(q3(q3(u1)))', 'q2(q2(q3(y1)))', 'q1(q3(q2(y1)))', 'y1', 'mul(u1, u1)')","('u(k)*u(k)', 'u(k-5)', 'u(k-5)*y(k-4)*y(k-4)', 'u(k-6)', 'u(k-7)', 'y(k-1)', 'y(k-7)', 'y(k-8)')",True,1.2522088427975897,2.3376856006507296e-12,8.0,192.0,
E3,SO,3,ops,18.0,18,121.90625,8,10,1.3937274818636392,"('q1(y1)', 'q3(q2(q3(u1)))', 'q3(q1(q3(u1)))', 'q3(q3(y1))', 'y1', 'mul(q1(q2(u1)), mul(q2(y1), q3(u1)))', 'q2(q3(q2(y1)))', 'q2(q2(q2(u1)))')","('u(k-3)*u(k-3)*y(k-3)', 'u(k-6)', 'u(k-7)', 'u(k-8)', 'y(k-1)', 'y(k-2)', 'y(k-7)', 'y(k-8)')",True,1.3937274818636392,4.206412995699793e-12,8.0,192.0,
E3,SO,4,ops,18.0,18,121.90625,8,10,1.3847582396988163,"('q1(y1)', 'q1(q3(q3(u1)))', 'q3(q2(q2(y1)))', 'q2(q1(q3(y1)))', 'q1(mul(q2(u1), mul(y1, y1)))', 'q3(q3(q2(u1)))', 'q1(q3(q2(u1)))', 'y1')","('u(k-3)*y(k-2)*y(k-2)', 'u(k-6)', 'u(k-7)', 'u(k-8)', 'y(k-1)', 'y(k-2)', 'y(k-7)', 'y(k-8)')",True,1.3847582396988163,8.384404281969182e-12,8.0,192.0,
E3,SO,5,ops,18.0,18,121.90625,8,10,1.318735813192184,"('q1(q3(q3(u1)))', 'q3(q3(q1(y1)))', 'q2(q1(q3(u1)))', 'q3(q2(q3(u1)))', 'mul(q2(q1(u1)), mul(q1(y1), q2(y1)))', 'q3(q3(y1))', 'q1(y1)', 'y1')","('u(k-3)*y(k-2)*y(k-3)', 'u(k-6)', 'u(k-7)', 'u(k-8)', 'y(k-1)', 'y(k-2)', 'y(k-7)', 'y(k-8)')",True,1.318735813192184,4.533262654149439e-12,8.0,192.0,
E3,SO,6,ops,19.0,19,133.296875,8,11,1.503138715081509,"('q2(q3(q3(u1)))', 'y1', 'q2(q2(q2(u1)))', 'q3(q3(q1(y1)))', 'q2(q3(q1(y1)))', 'q3(mul(q3(u1), mul(u1, y1)))', 'q1(q3(q3(u1)))', 'mul(q3(q3(y1)), u1)')","('u(k)*y(k-7)', 'u(k-3)*u(k-6)*y(k-4)', 'u(k-6)', 'u(k-7)', 'u(k-8)', 'y(k-1)', 'y(k-7)', 'y(k-8)')",True,1.503138715081509,2.9203306439740118e-12,8.0,192.0,
E3,SO,7,ops,20.0,20,144.6875,8,12,1.1706935881100962,"('q2(q2(q3(u1)))', 'y1', 'mul(q2(q3(y1)), mul(u1, y1))', 'q3(y1)', 'q3(q2(q3(u1)))', 'mul(mul(q1(y1), q3(u1)), q3(u1))', 'q3(q3(q2(y1)))', 'q2(q2(q2(u1)))')","('u(k)*y(k-1)*y(k-6)', 'u(k-3)*u(k-3)*y(k-2)', 'u(k-6)', 'u(k-7)', 'u(k-8)', 'y(k-1)', 'y(k-4)', 'y(k-9)')",True,1.1706935881100962,2.3803181647963356e-12,8.0,191.0,
E3,SO,8,ops,16.0,16,109.515625,7,9,1.4670512654674763,"('y1', 'q3(q2(q3(u1)))', 'q2(q2(q3(y1)))', 'q3(q2(q2(u1)))', 'q3(mul(q3(u1), mul(u1, y1)))', 'q3(q3(u1))', 'q2(q1(q3(y1)))', 'y1')","('u(k-3)*u(k-6)*y(k-4)', 'u(k-6)', 'u(k-7)', 'u(k-8)', 'y(k-1)', 'y(k-7)', 'y(k-8)')",True,1.4670512654674763,1.9042545318370685e-12,8.0,192.0,
E3,SO,9,ops,20.0,20,144.6875,8,12,1.300967457472379,"('y1', 'q3(q2(q2(u1)))', 'q1(y1)', 'q3(q1(q1(u1)))', 'q3(mul(mul(u1, u1), q2(u1)))', 'mul(q3(q3(u1)), mul(y1, y1))', 'q2(q2(q2(u1)))', 'q3(q2(q2(y1)))')","('u(k-3)*u(k-3)*u(k-5)', 'u(k-5)', 'u(k-6)', 'u(k-6)*y(k-1)*y(k-1)', 'u(k-7)', 'y(k-1)', 'y(k-2)', 'y(k-8)')",True,1.300967457472379,1.6342482922482304e-12,8.0,192.0,
E3,SO,10,ops,25.0,25,201.640625,8,17,0.5117397039527375,"('mul(q2(u1), mul(u1, u1))', 'mul(q3(q2(u1)), q3(q2(y1)))', 'q2(q3(y1))', 'q2(u1)', 'q3(u1)', 'mul(mul(q2(u1), q1(u1)), q2(q2(u1)))', 'mul(q1(u1), q2(mul(u1, u1)))', 'mul(q2(u1), mul(y1, u1))')","('u(k)*u(k)*u(k-2)', 'u(k)*u(k-2)*y(k-1)', 'u(k-1)*u(k-2)*u(k-2)', 'u(k-1)*u(k-2)*u(k-4)', 'u(k-2)', 'u(k-3)', 'u(k-5)*y(k-6)', 'y(k-6)')",True,0.5117397039527375,4.050093593832571e-13,8.0,194.0,
E3,SO,11,ops,24.0,24,190.25,8,16,0.15936494644949042,"('q2(u1)', 'mul(mul(y1, u1), q3(u1))', 'mul(q3(y1), mul(u1, y1))', 'mul(q3(q2(u1)), q2(mul(u1, y1)))', 'mul(u1, mul(u1, u1))', 'q3(q2(u1))', 'q1(q3(y1))', 'q2(q2(q3(y1)))')","('u(k)*u(k)*u(k)', 'u(k)*u(k-3)*y(k-1)', 'u(k)*y(k-1)*y(k-4)', 'u(k-2)', 'u(k-2)*u(k-5)*y(k-3)', 'u(k-5)', 'y(k-5)', 'y(k-8)')",True,0.15936494644949042,5.4356519285647664e-12,8.0,192.0,
E3,SO,12,ops,18.0,18,121.90625,8,10,1.413237231933367,"('q2(q2(q3(u1)))', 'q3(q1(q3(y1)))', 'q2(q2(q2(y1)))', 'q3(q2(q1(u1)))', 'q2(q3(q3(u1)))', 'y1', 'mul(q2(mul(u1, y1)), q2(q2(u1)))', 'q1(y1)')","('u(k-2)*u(k-4)*y(k-3)', 'u(k-6)', 'u(k-7)', 'u(k-8)', 'y(k-1)', 'y(k-2)', 'y(k-7)', 'y(k-8)')",True,1.413237231933367,3.367972567502875e-12,8.0,192.0,
E3,SO,13,ops,19.0,19,133.296875,8,11,1.4978106212189835,"('mul(mul(q3(u1), q3(y1)), q3(q3(u1)))', 'q3(q1(q3(y1)))', 'q3(q1(q3(u1)))', 'q2(q3(q1(u1)))', 'q1(q3(mul(y1, y1)))', 'q2(q2(q2(y1)))', 'y1', 'q2(q3(q3(u1)))')","('u(k-3)*u(k-6)*y(k-4)', 'u(k-6)', 'u(k-7)', 'u(k-8)', 'y(k-1)', 'y(k-5)*y(k-5)', 'y(k-7)', 'y(k-8)')",True,1.4978106212189835,3.296918293926865e-12,8.0,192.0,
E3,SO,14,ops,14.0,14,86.734375,7,7,1.424536414312042,"('y1', 'q1(q3(q2(y1)))', 'q1(u1)', 'q2(u1)', 'y1', 'q3(q3(q1(y1)))', 'u1', 'q2(q1(u1))')","('u(k)', 'u(k-1)', 'u(k-2)', 'u(k-3)', 'y(k-1)', 'y(k-7)', 'y(k-8)')",True,1.424536414312042,4.18367562815547e-11,8.0,192.0,
E3,SO,15,ops,20.0,20,144.6875,8,12,1.0777152814237663,"('q3(q3(q3(u1)))', 'q1(q2(u1))', 'q3(mul(u1, mul(y1, u1)))', 'y1', 'mul(mul(q1(u1), q1(u1)), q3(q3(y1)))', 'q3(q2(q3(u1)))', 'q3(q3(q3(y1)))', 'q3(q1(y1))')","('u(k-1)*u(k-1)*y(k-7)', 'u(k-3)', 'u(k-3)*u(k-3)*y(k-4)', 'u(k-8)', 'u(k-9)', 'y(k-1)', 'y(k-10)', 'y(k-5)')",True,1.0777152814237663,2.318145675417327e-13,8.0,190.0,
E3,SO,16,ops,16.0,16,109.515625,7,9,1.3737644606081234,"('y1', 'q3(q3(u1))', 'q1(q3(q3(y1)))', 'q1(q2(q3(y1)))', 'y1', 'mul(mul(q3(u1), q3(y1)), q2(q3(y1)))', 'q1(q3(q3(u1)))', 'q2(q3(q3(u1)))')","('u(k-3)*y(k-4)*y(k-6)', 'u(k-6)', 'u(k-7)', 'u(k-8)', 'y(k-1)', 'y(k-7)', 'y(k-8)')",True,1.3737644606081234,1.7337242752546445e-12,8.0,192.0,
E3,SO,17,ops,18.0,18,121.90625,8,10,1.4132372314242998,"('q2(q2(q3(y1)))', 'y1', 'q3(q2(q3(u1)))', 'q1(y1)', 'q2(mul(q2(u1), mul(u1, y1)))', 'q3(q1(q2(u1)))', 'q3(q1(q3(u1)))', 'q3(q3(y1))')","('u(k-2)*u(k-4)*y(k-3)', 'u(k-6)', 'u(k-7)', 'u(k-8)', 'y(k-1)', 'y(k-2)', 'y(k-7)', 'y(k-8)')",True,1.4132372314242998,4.732214620162267e-12,8.0,192.0,
E3,SO,18,ops,16.0,16,109.515625,7,9,1.474250042250113,"('q3(q3(q2(u1)))', 'q2(q2(q3(y1)))', 'q3(q3(q1(u1)))', 'q3(q3(q2(u1)))', 'q3(q3(y1))', 'q3(q3(u1))', 'y1', 'mul(q3(q1(y1)), mul(q3(u1), q3(y1)))')","('u(k-3)*y(k-4)*y(k-5)', 'u(k-6)', 'u(k-7)', 'u(k-8)', 'y(k-1)', 'y(k-7)', 'y(k-8)')",True,1.474250042250113,3.0340174816956278e-12,8.0,192.0,
E3,SO,19,ops,19.0,19,133.296875,8,11,1.506652679879836,"('q3(mul(mul(y1, u1), q3(u1)))', 'q2(q2(q3(y1)))', 'q3(q2(q3(u1)))', 'q3(q3(u1))', 'q3(q3(mul(u1, u1)))', 'q2(q2(q2(y1)))', 'y1', 'q3(q2(q2(u1)))')","('u(k-3)*u(k-6)*y(k-4)', 'u(k-6)', 'u(k-6)*u(k-6)', 'u(k-7)', 'u(k-8)', 'y(k-1)', 'y(k-7)', 'y(k-8)')",True,1.506652679879836,2.6147972675971687e-12,8.0,192.0,
E3,SO,20,ops,16.0,16,109.515625,7,9,1.3814531183213783,"('q1(y1)', 'y1', 'q2(q2(q3(y1)))', 'q2(q3(u1))', 'q3(q3(q2(u1)))', 'q3(mul(q2(u1), mul(u1, u1)))', 'q3(q1(q3(u1)))', 'q1(q3(q1(u1)))')","('u(k-3)*u(k-3)*u(k-5)', 'u(k-5)', 'u(k-7)', 'u(k-8)', 'y(k-1)', 'y(k-2)', 'y(k-8)')",True,1.3814531183213783,1.1368683772161603e-12,8.0,192.0,
E3,SO,21,ops,20.0,20,144.6875,8,12,1.1192204615298393,"('mul(mul(u1, u1), q3(q3(y1)))', 'q3(q3(q3(u1)))', 'q1(mul(mul(u1, y1), q3(u1)))', 'q2(q3(q2(u1)))', 'q2(q3(q2(y1)))', 'q3(q2(q3(u1)))', 'y1', 'q3(y1)')","('u(k)*u(k)*y(k-7)', 'u(k-1)*u(k-4)*y(k-2)', 'u(k-7)', 'u(k-8)', 'u(k-9)', 'y(k-1)', 'y(k-4)', 'y(k-8)')",True,1.1192204615298393,4.920508445138694e-13,8.0,191.0,
E3,SO,22,ops,14.0,14,86.734375,7,7,1.4245364143079842,"('q3(q3(y1))', 'u1', 'q2(q3(q2(y1)))', 'q1(u1)', 'q1(q2(q3(y1)))', 'q3(u1)', 'y1', 'q2(u1)')","('u(k)', 'u(k-1)', 'u(k-2)', 'u(k-3)', 'y(k-1)', 'y(k-7)', 'y(k-8)')",True,1.4245364143079842,3.2741809263825417e-11,8.0,192.0,
E3,SO,23,ops,21.0,21,166.46875,7,14,0.06295452017153055,"('mul(q3(q1(u1)), mul(q2(y1), q1(u1)))', 'mul(mul(u1, u1), y1)', 'q2(q1(q1(u1)))', 'q3(q2(u1))', 'mul(mul(q1(u1), q1(u1)), y1)', 'y1', 'y1', 'mul(u1, y1)')","('u(k)*u(k)*y(k-1)', 'u(k)*y(k-1)', 'u(k-1)*u(k-1)*y(k-1)', 'u(k-1)*u(k-4)*y(k-3)', 'u(k-4)', 'u(k-5)', 'y(k-1)')",True,0.06295452017153055,7.815970093361102e-14,8.0,195.0,
E3,SO,24,ops,19.0,19,133.296875,8,11,1.5027628031419384,"('q2(q3(q3(u1)))', 'q3(mul(q3(u1), mul(y1, u1)))', 'q2(mul(y1, q1(y1)))', 'q3(q3(u1))', 'q2(q2(q2(y1)))', 'q3(q3(q1(y1)))', 'q2(q3(q2(u1)))', 'y1')","('u(k-3)*u(k-6)*y(k-4)', 'u(k-6)', 'u(k-7)', 'u(k-8)', 'y(k-1)', 'y(k-3)*y(k-4)', 'y(k-7)', 'y(k-8)')",True,1.5027628031419384,3.126388037344441e-12,8.0,192.0,
E3,SO,25,ops,18.0,18,121.90625,8,10,1.3937274818561558,"('q3(q3(u1))', 'y1', 'q3(q3(q2(u1)))', 'q1(q3(q3(y1)))', 'mul(q3(u1), mul(q2(y1), q3(u1)))', 'q1(y1)', 'q3(q3(y1))', 'q2(q3(q2(u1)))')","('u(k-3)*u(k-3)*y(k-3)', 'u(k-6)', 'u(k-7)', 'u(k-8)', 'y(k-1)', 'y(k-2)', 'y(k-7)', 'y(k-8)')",True,1.3937274818561558,3.90087961932295e-12,8.0,192.0,
E3,SO,26,ops,19.0,19,133.296875,8,11,1.4325346169094877,"('y1', 'mul(q3(q1(u1)), mul(q1(y1), q3(u1)))', 'q1(q3(q3(y1)))', 'mul(q3(q1(y1)), q1(q1(u1)))', 'q2(q1(q3(u1)))', 'q1(y1)', 'q3(q2(q2(u1)))', 'q2(q3(q3(u1)))')","('u(k-2)*y(k-5)', 'u(k-3)*u(k-4)*y(k-2)', 'u(k-6)', 'u(k-7)', 'u(k-8)', 'y(k-1)', 'y(k-2)', 'y(k-8)')",True,1.4325346169094877,2.0037305148434825e-12,8.0,192.0,
E3,SO,27,ops,19.0,19,133.296875,8,11,1.4625786496880029,"('q3(q3(y1))', 'q1(q3(q2(u1)))', 'q2(mul(q2(y1), q3(y1)))', 'y1', 'q3(q3(q1(u1)))', 'q2(q3(q2(y1)))', 'q3(mul(q1(u1), mul(y1, y1)))', 'q3(q3(q2(u1)))')","('u(k-4)*y(k-4)*y(k-4)', 'u(k-6)', 'u(k-7)', 'u(k-8)', 'y(k-1)', 'y(k-5)*y(k-6)', 'y(k-7)', 'y(k-8)')",True,1.4625786496880029,1.8189894035458565e-12,8.0,192.0,
E3,SO,28,ops,14.0,14,86.734375,7,7,1.5473864518772669,"('q3(u1)', 'q1(q3(u1))', 'q3(q3(y1))', 'q2(q3(q2(y1)))', 'q2(q3(q2(y1)))', 'q2(q3(u1))', 'q2(q2(q2(u1)))', 'y1')","('u(k-3)', 'u(k-4)', 'u(k-5)', 'u(k-6)', 'y(k-1)', 'y(k-7)', 'y(k-8)')",True,1.5473864518772669,2.0660806399064313e-11,8.0,192.0,
E3,SO,29,ops,16.0,16,109.515625,7,9,inf,"('q2(q3(q2(y1)))', 'q3(q1(q3(u1)))', 'mul(q1(q2(y1)), mul(q3(y1), q3(y1)))', 'q3(q3(q2(u1)))', 'q3(q3(q1(y1)))', 'q3(q3(u1))', 'y1', 'q3(q3(y1))')","('u(k-6)', 'u(k-7)', 'u(k-8)', 'y(k-1)', 'y(k-4)*y(k-4)*y(k-4)', 'y(k-7)', 'y(k-8)')",False,,,,,failed validation
E1,MO-lex,0,ops,7.0,7,48.5625,3,4,3.25075120964195e-16,"('y1', 'u1', 'u1', 'mul(y1, u1)', 'y1')","('u(k)', 'u(k)*y(k-1)', 'y(k-1)')",True,3.25075120964195e-16,6.661338147750939e-16,5.0,89.0,
E1,MO-lex,1,ops,7.0,7,48.5625,3,4,3.25075120964195e-16,"('y1', 'u1', 'u1', 'mul(u1, y1)', 'y1')","('u(k)', 'u(k)*y(k-1)', 'y(k-1)')",True,3.25075120964195e-16,6.661338147750939e-16,5.0,89.0,
E1,MO-lex,2,ops,7.0,7,48.5625,3,4,2.700813343538282e-16,"('u1', 'u1', 'y1', 'y1', 'mul(u1, y1)')","('u(k)', 'u(k)*y(k-1)', 'y(k-1)')",True,2.700813343538282e-16,2.220446049250313e-16,5.0,89.0,
E1,MO-lex,3,ops,7.0,7,48.5625,3,4,3.3132865428115775e-16,"('u1', 'u1', 'mul(y1, u1)', 'y1', 'u1')","('u(k)', 'u(k)*y(k-1)', 'y(k-1)')",True,3.3132865428115775e-16,2.220446049250313e-16,5.0,89.0,
E1,MO-lex,4,ops,7.0,7,48.5625,3,4,3.26099261257318e-16,"('y1', 'y1', 'u1', 'mul(u1, y1)', 'mul(u1, y1)')","('u(k)', 'u(k)*y(k-1)', 'y(k-1)')",True,3.26099261257318e-16,6.661338147750939e-16,5.0,89.0,
E1,MO-lex,5,ops,7.0,7,48.5625,3,4,2.700813343538282e-16,"('u1', 'u1', 'y1', 'y1', 'mul(y1, u1)')","('u(k)', 'u(k)*y(k-1)', 'y(k-1)')",True,2.700813343538282e-16,2.220446049250313e-16,5.0,89.0,
E1,MO-lex,6,ops,7.0,7,48.5625,3,4,2.700813343538282e-16,"('u1', 'u1', 'y1', 'y1', 'mul(y1, u1)')","('u(k)', 'u(k)*y(k-1)', 'y(k-1)')",True,2.700813343538282e-16,2.220446049250313e-16,5.0,89.0,
E1,MO-lex,7,ops,7.0,7,48.5625,3,4,3.25075120964195e-16,"('y1', 'u1', 'u1', 'mul(y1, u1)', 'y1')","('u(k)', 'u(k)*y(k-1)', 'y(k-1)')",True,3.25075120964195e-16,6.661338147750939e-16,5.0,89.0,
E1,MO-lex,8,ops,7.0,7,48.5625,3,4,3.25075120964195e-16,"('y1', 'u1', 'u1', 'mul(y1, u1)', 'y1')","('u(k)', 'u(k)*y(k-1)', 'y(k-1)')",True,3.25075120964195e-16,6.661338147750939e-16,5.0,89.0,
E1,MO-lex,9,ops,7.0,7,48.5625,3,4,2.700813343538282e-16,"('u1', 'u1', 'y1', 'y1', 'mul(u1, y1)')","('u(k)', 'u(k)*y(k-1)', 'y(k-1)')",True,2.700813343538282e-16,2.220446049250313e-16,5.0,89.0,
E1,MO-lex,10,ops,7.0,7,48.5625,3,4,2.700813343538282e-16,"('u1', 'u1', 'y1', 'y1', 'mul(y1, u1)')","('u(k)', 'u(k)*y(k-1)', 'y(k-1)')",True,2.700813343538282e-16,2.220446049250313e-16,5.0,89.0,
E1,MO-lex,11,ops,7.0,7,48.5625,3,4,2.700813343538282e-16,"('u1', 'u1', 'y1', 'y1', 'mul(y1, u1)')","('u(k)', 'u(k)*y(k-1)', 'y(k-1)')",True,2.700813343538282e-16,2.220446049250313e-16,5.0,89.0,
E1,MO-lex,12,ops,7.0,7,48.5625,3,4,2.700813343538282e-16,"('u1', 'u1', 'y1', 'y1', 'mul(u1, y1)')","('u(k)', 'u(k)*y(k-1)', 'y(k-1)')",True,2.700813343538282e-16,2.220446049250313e-16,5.0,89.0,
E1,MO-lex,13,ops,7.0,7,48.5625,3,4,2.700813343538282e-16,"('u1', 'u1', 'y1', 'y1', 'mul(y1, u1)')","('u(k)', 'u(k)*y(k-1)', 'y(k-1)')",True,2.700813343538282e-16,2.220446049250313e-16,5.0,89.0,
E1,MO-lex,14,ops,7.0,7,48.5625,3,4,2.700813343538282e-16,"('u1', 'u1', 'y1', 'y1', 'mul(y1, u1)')","('u(k)', 'u(k)*y(k-1)', 'y(k-1)')",True,2.700813343538282e-16,2.220446049250313e-16,5.0,89.0,
E1,MO-lex,15,ops,7.0,7,48.5625,3,4,3.25075120964195e-16,"('y1', 'u1', 'u1', 'mul(y1, u1)', 'y1')","('u(k)', 'u(k)*y(k-1)', 'y(k-1)')",True,3.25075120964195e-16,6.661338147750939e-16,5.0,89.0,
E1,MO-lex,16,ops,7.0,7,48.5625,3,4,2.700813343538282e-16,"('u1', 'u1', 'y1', 'y1', 'mul(u1, y1)')","('u(k)', 'u(k)*y(k-1)', 'y(k-1)')",True,2.700813343538282e-16,2.220446049250313e-16,5.0,89.0,
E1,MO-lex,17,ops,7.0,7,48.5625,3,4,3.3132865428115775e-16,"('u1', 'u1', 'mul(u1, y1)', 'y1', 'u1')","('u(k)', 'u(k)*y(k-1)', 'y(k-1)')",True,3.3132865428115775e-16,2.220446049250313e-16,5.0,89.0,
E1,MO-lex,18,ops,7.0,7,48.5625,3,4,6.156117865385776e-16,"('y1', 'y1', 'mul(y1, u1)', 'u1', 'mul(y1, u1)')","('u(k)', 'u(k)*y(k-1)', 'y(k-1)')",True,6.156117865385776e-16,2.220446049250313e-16,5.0,89.0,
E1,MO-lex,19,ops,7.0,7,48.5625,3,4,2.700813343538282e-16,"('u1', 'u1', 'y1', 'y1', 'mul(u1, y1)')","('u(k)', 'u(k)*y(k-1)', 'y(k-1)')",True,2.700813343538282e-16,2.220446049250313e-16,5.0,89.0,
E1,MO-lex,20,ops,7.0,7,48.5625,3,4,2.700813343538282e-16,"('u1', 'u1', 'y1', 'y1', 'mul(y1, u1)')","('u(k)', 'u(k)*y(k-1)', 'y(k-1)')",True,2.700813343538282e-16,2.220446049250313e-16,5.0,89.0,
E1,MO-lex,21,ops,7.0,7,48.5625,3,4,3.25075120964195e-16,"('y1', 'u1', 'u1', 'mul(u1, y1)', 'y1')","('u(k)', 'u(k)*y(k-1)', 'y(k-1)')",True,3.25075120964195e-16,6.661338147750939e-16,5.0,89.0,
E1,MO-lex,22,ops,7.0,7,48.5625,3,4,3.25075120964195e-16,"('y1', 'u1', 'u1', 'mul(u1, y1)', 'y1')","('u(k)', 'u(k)*y(k-1)', 'y(k-1)')",True,3.25075120964195e-16,6.661338147750939e-16,5.0,89.0,
E1,MO-lex,23,ops,7.0,7,48.5625,3,4,7.495765931930908e-16,"('y1', 'mul(y1, u1)', 'u1', 'mul(u1, y1)', 'y1')","('u(k)', 'u(k)*y(k-1)', 'y(k-1)')",True,7.495765931930908e-16,6.661338147750939e-16,5.0,89.0,
E1,MO-lex,24,ops,7.0,7,48.5625,3,4,2.700813343538282e-16,"('u1', 'u1', 'y1', 'y1', 'mul(y1, u1)')","('u(k)', 'u(k)*y(k-1)', 'y(k-1)')",True,2.700813343538282e-16,2.220446049250313e-16,5.0,89.0,
E1,MO-lex,25,ops,7.0,7,48.5625,3,4,2.700813343538282e-16,"('u1', 'u1', 'y1', 'y1', 'mul(u1, y1)')","('u(k)', 'u(k)*y(k-1)', 'y(k-1)')",True,2.700813343538282e-16,2.220446049250313e-16,5.0,89.0,
E1,MO-lex,26,ops,7.0,7,48.5625,3,4,2.700813343538282e-16,"('u1', 'u1', 'y1', 'y1', 'mul(y1, u1)')","('u(k)', 'u(k)*y(k-1)', 'y(k-1)')",True,2.700813343538282e-16,2.220446049250313e-16,5.0,89.0,
E1,MO-lex,27,ops,7.0,7,48.5625,3,4,2.700813343538282e-16,"('u1', 'u1', 'y1', 'y1', 'mul(y1, u1)')","('u(k)', 'u(k)*y(k-1)', 'y(k-1)')",True,2.700813343538282e-16,2.220446049250313e-16,5.0,89.0,
E1,MO-lex,28,ops,7.0,7,48.5625,3,4,5.369700045505021e-16,"('u1', 'u1', 'y1', 'mul(u1, y1)', 'y1')","('u(k)', 'u(k)*y(k-1)', 'y(k-1)')",True,5.369700045505021e-16,4.440892098500626e-16,5.0,89.0,
E1,MO-lex,29,ops,7.0,7,48.5625,3,4,2.700813343538282e-16,"('u1', 'u1', 'y1', 'y1', 'mul(y1, u1)')","('u(k)', 'u(k)*y(k-1)', 'y(k-1)')",True,2.700813343538282e-16,2.220446049250313e-16,5.0,89.0,
E2,MO-lex,0,ops,10.0,10,72.34375,4,6,0.028621296410020255,"('q1(u1)', 'mul(u1, q2(u1))', 'q1(mul(y1, y1))', 'q1(u1)', 'q2(q2(y1))')","('u(k)*u(k-2)', 'u(k-1)', 'y(k-2)*y(k-2)', 'y(k-5)')",True,0.028621296410020255,2.220446049250313e-16,5.0,85.0,
E2,MO-lex,1,ops,9.0,9,60.953125,4,5,0.028055878467765197,"('q1(mul(y1, u1))', 'q1(q2(y1))', 'q1(u1)', 'q2(q2(y1))', 'q1(mul(y1, u1))')","('u(k-1)', 'u(k-1)*y(k-2)', 'y(k-4)', 'y(k-5)')",True,0.028055878467765197,2.220446049250313e-16,5.0,85.0,
E2,MO-lex,2,ops,10.0,10,72.34375,4,6,0.028809424244161618,"('mul(u1, q1(u1))', 'q2(q2(y1))', 'q2(q2(y1))', 'q1(u1)', 'mul(q1(y1), q1(y1))')","('u(k)*u(k-1)', 'u(k-1)', 'y(k-2)*y(k-2)', 'y(k-5)')",True,0.028809424244161618,2.220446049250313e-16,5.0,85.0,
E2,MO-lex,3,ops,10.0,10,72.34375,4,6,0.0281884447599459,"('q1(mul(u1, y1))', 'mul(q2(y1), q1(y1))', 'q2(q2(y1))', 'q1(u1)', 'q1(u1)')","('u(k-1)', 'u(k-1)*y(k-2)', 'y(k-2)*y(k-3)', 'y(k-5)')",True,0.0281884447599459,2.220446049250313e-16,5.0,85.0,
E2,MO-lex,4,ops,10.0,10,72.34375,4,6,0.028621296410020196,"('q2(q2(y1))', 'q1(u1)', 'q2(q2(y1))', 'mul(u1, q2(u1))', 'mul(q1(y1), q1(y1))')","('u(k)*u(k-2)', 'u(k-1)', 'y(k-2)*y(k-2)', 'y(k-5)')",True,0.028621296410020196,2.220446049250313e-16,5.0,85.0,
E2,MO-lex,5,ops,10.0,10,72.34375,4,6,0.029159056587540748,"('q2(q2(y1))', 'q1(u1)', 'q1(u1)', 'mul(q2(y1), q1(y1))', 'mul(q1(u1), u1)')","('u(k)*u(k-1)', 'u(k-1)', 'y(k-2)*y(k-3)', 'y(k-5)')",True,0.029159056587540748,2.220446049250313e-16,5.0,85.0,
E2,MO-lex,6,ops,9.0,9,60.953125,4,5,0.028055878467765152,"('q1(u1)', 'q1(q2(y1))', 'q1(u1)', 'q1(mul(y1, u1))', 'q2(q2(y1))')","('u(k-1)', 'u(k-1)*y(k-2)', 'y(k-4)', 'y(k-5)')",True,0.028055878467765152,3.3306690738754696e-16,5.0,85.0,
E2,MO-lex,7,ops,11.0,11,73.34375,5,6,0.0280374199234565,"('y1', 'q1(q2(y1))', 'mul(q1(y1), q1(u1))', 'q1(u1)', 'q2(q2(y1))')","('u(k-1)', 'u(k-1)*y(k-2)', 'y(k-1)', 'y(k-4)', 'y(k-5)')",True,0.0280374199234565,2.220446049250313e-16,5.0,85.0,
E2,MO-lex,8,ops,9.0,9,60.953125,4,5,0.028055878467765197,"('mul(q1(y1), q1(u1))', 'q2(q1(y1))', 'q1(u1)', 'q2(q2(y1))', 'mul(q1(u1), q1(y1))')","('u(k-1)', 'u(k-1)*y(k-2)', 'y(k-4)', 'y(k-5)')",True,0.028055878467765197,2.220446049250313e-16,5.0,85.0,
E2,MO-lex,9,ops,7.0,7,48.5625,3,4,0.02833623162889281,"('q1(mul(y1, u1))', 'q1(u1)', 'q2(q2(y1))', 'q1(u1)', 'q1(u1)')","('u(k-1)', 'u(k-1)*y(k-2)', 'y(k-5)')",True,0.02833623162889281,2.220446049250313e-16,5.0,85.0,
E2,MO-lex,10,ops,10.0,10,72.34375,4,6,0.028188444759945874,"('q1(u1)', 'q1(mul(u1, y1))', 'q2(q2(y1))', 'mul(q1(y1), q2(y1))', 'q1(u1)')","('u(k-1)', 'u(k-1)*y(k-2)', 'y(k-2)*y(k-3)', 'y(k-5)')",True,0.028188444759945874,4.440892098500626e-16,5.0,85.0,
E2,MO-lex,11,ops,10.0,10,72.34375,4,6,0.028621296410020154,"('mul(u1, q2(u1))', 'q1(mul(y1, y1))', 'q1(u1)', 'q1(u1)', 'q2(q2(y1))')","('u(k)*u(k-2)', 'u(k-1)', 'y(k-2)*y(k-2)', 'y(k-5)')",True,0.028621296410020154,2.220446049250313e-16,5.0,85.0,
E2,MO-lex,12,ops,9.0,9,60.953125,4,5,0.028750982584347478,"('q2(q2(y1))', 'q1(u1)', 'q1(u1)', 'mul(q2(u1), q1(y1))', 'q2(q1(y1))')","('u(k-1)', 'u(k-2)*y(k-2)', 'y(k-4)', 'y(k-5)')",True,0.028750982584347478,2.220446049250313e-16,5.0,85.0,
E2,MO-lex,13,ops,10.0,10,72.34375,4,6,0.02818844475994596,"('mul(q1(u1), q1(y1))', 'mul(q2(y1), q1(y1))', 'q1(u1)', 'q1(u1)', 'q2(q2(y1))')","('u(k-1)', 'u(k-1)*y(k-2)', 'y(k-2)*y(k-3)', 'y(k-5)')",True,0.02818844475994596,2.220446049250313e-16,5.0,85.0,
E2,MO-lex,14,ops,9.0,9,60.953125,4,5,0.028055878467765253,"('q2(q2(y1))', 'q1(u1)', 'q1(mul(y1, u1))', 'q2(q2(y1))', 'q1(q2(y1))')","('u(k-1)', 'u(k-1)*y(k-2)', 'y(k-4)', 'y(k-5)')",True,0.028055878467765253,2.220446049250313e-16,5.0,85.0,
E2,MO-lex,15,ops,9.0,9,60.953125,4,5,0.02899960310140295,"('mul(q2(y1), u1)', 'q1(q1(y1))', 'q2(q2(y1))', 'q2(y1)', 'q1(u1)')","('u(k)*y(k-3)', 'u(k-1)', 'y(k-3)', 'y(k-5)')",True,0.02899960310140295,2.220446049250313e-16,5.0,85.0,
E2,MO-lex,16,ops,10.0,10,72.34375,4,6,0.02818268848553528,"('mul(y1, q2(y1))', 'q1(mul(u1, y1))', 'q2(q2(y1))', 'q1(u1)', 'q1(mul(u1, y1))')","('u(k-1)', 'u(k-1)*y(k-2)', 'y(k-1)*y(k-3)', 'y(k-5)')",True,0.02818268848553528,2.220446049250313e-16,5.0,85.0,
E2,MO-lex,17,ops,7.0,7,48.5625,3,4,0.02833623162889271,"('q1(u1)', 'q1(u1)', 'q1(mul(y1, u1))', 'q1(u1)', 'q2(q2(y1))')","('u(k-1)', 'u(k-1)*y(k-2)', 'y(k-5)')",True,0.02833623162889271,2.220446049250313e-16,5.0,85.0,
E2,MO-lex,18,ops,10.0,10,72.34375,4,6,0.028946790859196353,"('q1(u1)', 'q1(u1)', 'q2(q2(y1))', 'mul(q1(y1), u1)', 'q1(mul(y1, y1))')","('u(k)*y(k-2)', 'u(k-1)', 'y(k-2)*y(k-2)', 'y(k-5)')",True,0.028946790859196353,2.220446049250313e-16,5.0,85.0,
E2,MO-lex,19,ops,10.0,10,72.34375,4,6,0.02818268848553524,"('mul(q1(y1), q1(u1))', 'q2(q2(y1))', 'mul(q2(y1), y1)', 'q2(q2(y1))', 'q1(u1)')","('u(k-1)', 'u(k-1)*y(k-2)', 'y(k-1)*y(k-3)', 'y(k-5)')",True,0.02818268848553524,2.220446049250313e-16,5.0,85.0,
E2,MO-lex,20,ops,7.0,7,48.5625,3,4,0.028336231628892795,"('q1(u1)', 'q2(q2(y1))', 'q2(q2(y1))', 'q1(u1)', 'q1(mul(u1, y1))')","('u(k-1)', 'u(k-1)*y(k-2)', 'y(k-5)')",True,0.028336231628892795,2.220446049250313e-16,5.0,85.0,
E2,MO-lex,21,ops,9.0,9,60.953125,4,5,0.028055878467765184,"('q1(u1)', 'q2(q1(y1))', 'q2(q2(y1))', 'q1(mul(y1, u1))', 'q1(u1)')","('u(k-1)', 'u(k-1)*y(k-2)', 'y(k-4)', 'y(k-5)')",True,0.028055878467765184,2.220446049250313e-16,5.0,85.0,
E2,MO-lex,22,ops,7.0,7,48.5625,3,4,0.02833623162889277,"('q2(q2(y1))', 'mul(q1(u1), q1(y1))', 'q1(u1)', 'q1(mul(u1, y1))', 'q1(u1)')","('u(k-1)', 'u(k-1)*y(k-2)', 'y(k-5)')",True,0.02833623162889277,2.220446049250313e-16,5.0,85.0,
E2,MO-lex,23,ops,7.0,7,48.5625,3,4,0.028336231628892795,"('q1(u1)', 'q2(q2(y1))', 'q2(q2(y1))', 'q2(q2(y1))', 'q1(mul(y1, u1))')","('u(k-1)', 'u(k-1)*y(k-2)', 'y(k-5)')",True,0.028336231628892795,2.220446049250313e-16,5.0,85.0,
E2,MO-lex,24,ops,9.0,9,60.953125,4,5,0.028336509178523917,"('q1(mul(y1, u1))', 'q2(q2(y1))', 'u1', 'q1(u1)', 'q1(mul(u1, y1))')","('u(k)', 'u(k-1)', 'u(k-1)*y(k-2)', 'y(k-5)')",True,0.028336509178523917,2.220446049250313e-16,5.0,85.0,
E2,MO-lex,25,ops,11.0,11,73.34375,5,6,0.028061057151065962,"('q1(mul(u1, y1))', 'q1(q2(y1))', 'q2(q2(y1))', 'q1(u1)', 'q1(y1)')","('u(k-1)', 'u(k-1)*y(k-2)', 'y(k-2)', 'y(k-4)', 'y(k-5)')",True,0.028061057151065962,2.220446049250313e-16,5.0,85.0,
E2,MO-lex,26,ops,10.0,10,72.34375,4,6,0.02815717361602156,"('q2(q2(y1))', 'q1(u1)', 'q1(u1)', 'mul(q1(u1), q1(y1))', 'mul(y1, u1)')","('u(k)*y(k-1)', 'u(k-1)', 'u(k-1)*y(k-2)', 'y(k-5)')",True,0.02815717361602156,2.220446049250313e-16,5.0,85.0,
E2,MO-lex,27,ops,10.0,10,72.34375,4,6,0.028182688485535283,"('q1(mul(y1, u1))', 'q2(q2(y1))', 'q1(u1)', 'mul(y1, q2(y1))', 'q1(u1)')","('u(k-1)', 'u(k-1)*y(k-2)', 'y(k-1)*y(k-3)', 'y(k-5)')",True,0.028182688485535283,2.220446049250313e-16,5.0,85.0,
E2,MO-lex,28,ops,10.0,10,72.34375,4,6,0.02862129641002024,"('q2(q2(y1))', 'mul(q2(u1), u1)', 'q1(mul(y1, y1))', 'q1(u1)', 'q1(u1)')","('u(k)*u(k-2)', 'u(k-1)', 'y(k-2)*y(k-2)', 'y(k-5)')",True,0.02862129641002024,2.220446049250313e-16,5.0,85.0,
E2,MO-lex,29,ops,10.0,10,72.34375,4,6,0.028074039740755747,"('q1(u1)', 'mul(q1(y1), u1)', 'q1(u1)', 'q2(q2(y1))', 'q1(mul(u1, y1))')","('u(k)*y(k-2)', 'u(k-1)', 'u(k-1)*y(k-2)', 'y(k-5)')",True,0.028074039740755747,3.3306690738754696e-16,5.0,85.0,
E3,MO-lex,0,ops,16.0,16,109.515625,7,9,1.4114130381953272,"('q3(q1(q3(u1)))', 'y1', 'q1(y1)', 'y1', 'q2(q3(q1(u1)))', 'q2(q3(q2(y1)))', 'q3(q3(q2(u1)))', 'mul(mul(q3(u1), q2(y1)), q2(q1(u1)))')","('u(k-3)*u(k-3)*y(k-3)', 'u(k-6)', 'u(k-7)', 'u(k-8)', 'y(k-1)', 'y(k-2)', 'y(k-8)')",True,1.4114130381953272,1.9255708139098715e-12,8.0,192.0,
E3,MO-lex,1,ops,16.0,16,109.515625,7,9,1.3685669607668864,"('q3(q3(u1))', 'q3(q3(q2(u1)))', 'y1', 'q1(q3(q3(y1)))', 'q3(mul(mul(y1, y1), q1(u1)))', 'q2(q1(q3(y1)))', 'q1(q1(q3(u1)))', 'q1(q3(q2(y1)))')","('u(k-4)*y(k-4)*y(k-4)', 'u(k-5)', 'u(k-6)', 'u(k-8)', 'y(k-1)', 'y(k-7)', 'y(k-8)')",True,1.3685669607668864,1.6484591469634324e-12,8.0,192.0,
E3,MO-lex,2,ops,16.0,16,109.515625,7,9,1.2543238892233024,"('q1(q3(q2(u1)))', 'mul(q2(q3(u1)), mul(q3(y1), q3(y1)))', 'q1(q2(q2(u1)))', 'q1(q3(q3(u1)))', 'q2(q2(q3(y1)))', 'q1(q3(q2(y1)))', 'y1', 'q3(q2(u1))')","('u(k-5)', 'u(k-5)*y(k-4)*y(k-4)', 'u(k-6)', 'u(k-7)', 'y(k-1)', 'y(k-7)', 'y(k-8)')",True,1.2543238892233024,2.4229507289419416e-12,8.0,192.0,
E3,MO-lex,3,ops,16.0,16,109.515625,7,9,1.4114130377786807,"('q1(y1)', 'q2(q3(q3(u1)))', 'q3(q3(q1(u1)))', 'q1(y1)', 'y1', 'mul(q1(q2(u1)), mul(q2(y1), q3(u1)))', 'q2(q3(q2(y1)))', 'q2(q2(q2(u1)))')","('u(k-3)*u(k-3)*y(k-3)', 'u(k-6)', 'u(k-7)', 'u(k-8)', 'y(k-1)', 'y(k-2)', 'y(k-8)')",True,1.4114130377786807,2.8421709430404007e-12,8.0,192.0,
E3,MO-lex,4,ops,16.0,16,109.515625,7,9,1.4073547064290304,"('q1(y1)', 'q1(q3(q3(u1)))', 'q3(q2(q2(y1)))', 'q2(q1(q3(u1)))', 'q1(mul(q2(u1), mul(y1, y1)))', 'q3(q3(q2(u1)))', 'y1', 'y1')","('u(k-3)*y(k-2)*y(k-2)', 'u(k-6)', 'u(k-7)', 'u(k-8)', 'y(k-1)', 'y(k-2)', 'y(k-8)')",True,1.4073547064290304,3.9888092828732624e-12,8.0,192.0,
E3,MO-lex,5,ops,16.0,16,109.515625,7,9,1.339835537085711,"('q1(q3(q3(u1)))', 'q3(q3(q1(y1)))', 'q2(q1(q3(u1)))', 'q3(q2(q3(u1)))', 'mul(q2(q1(u1)), mul(q2(y1), q1(y1)))', 'y1', 'q1(y1)', 'y1')","('u(k-3)*y(k-2)*y(k-3)', 'u(k-6)', 'u(k-7)', 'u(k-8)', 'y(k-1)', 'y(k-2)', 'y(k-8)')",True,1.339835537085711,4.462208380573429e-12,8.0,192.0,
E3,MO-lex,6,ops,16.0,16,109.515625,7,9,1.4670512654174257,"('q2(q3(q3(u1)))', 'y1', 'q2(q2(q2(u1)))', 'q3(q3(q1(y1)))', 'q2(q3(q1(y1)))', 'q3(mul(q3(u1), mul(u1, y1)))', 'q1(q3(q3(u1)))', 'y1')","('u(k-3)*u(k-6)*y(k-4)', 'u(k-6)', 'u(k-7)', 'u(k-8)', 'y(k-1)', 'y(k-7)', 'y(k-8)')",True,1.4670512654174257,2.6574298317427747e-12,8.0,192.0,
E3,MO-lex,7,ops,20.0,20,144.6875,8,12,1.1706935881100962,"('q2(q2(q3(u1)))', 'y1', 'mul(q2(q3(y1)), mul(u1, y1))', 'q3(y1)', 'q3(q2(q3(u1)))', 'mul(mul(q1(y1), q3(u1)), q3(u1))', 'q3(q3(q2(y1)))', 'q2(q2(q2(u1)))')","('u(k)*y(k-1)*y(k-6)', 'u(k-3)*u(k-3)*y(k-2)', 'u(k-6)', 'u(k-7)', 'u(k-8)', 'y(k-1)', 'y(k-4)', 'y(k-9)')",True,1.1706935881100962,2.3803181647963356e-12,8.0,191.0,
E3,MO-lex,8,ops,16.0,16,109.515625,7,9,1.4670512654674763,"('y1', 'q3(q2(q3(u1)))', 'q2(q2(q3(y1)))', 'q3(q2(q2(u1)))', 'q3(mul(q3(u1), mul(u1, y1)))', 'q3(q3(u1))', 'q2(q1(q3(y1)))', 'y1')","('u(k-3)*u(k-6)*y(k-4)', 'u(k-6)', 'u(k-7)', 'u(k-8)', 'y(k-1)', 'y(k-7)', 'y(k-8)')",True,1.4670512654674763,1.9042545318370685e-12,8.0,192.0,
E3,MO-lex,9,ops,16.0,16,109.515625,7,9,1.299601640550438,"('y1', 'q3(q1(q1(u1)))', 'q1(y1)', 'q3(q1(q1(u1)))', 'q3(mul(mul(u1, u1), q2(u1)))', 'q1(q3(q3(u1)))', 'q2(q2(q2(u1)))', 'q3(q2(q2(y1)))')","('u(k-3)*u(k-3)*u(k-5)', 'u(k-5)', 'u(k-6)', 'u(k-7)', 'y(k-1)', 'y(k-2)', 'y(k-8)')",True,1.299601640550438,6.0964566728216596e-12,8.0,192.0,
E3,MO-lex,10,ops,21.0,21,166.46875,7,14,0.5000326217763083,"('mul(q2(u1), mul(u1, u1))', 'mul(q3(q2(y1)), q2(y1))', 'q2(q3(u1))', 'q2(q3(y1))', 'q3(u1)', 'mul(mul(q2(u1), q1(u1)), q2(q2(u1)))', 'mul(q1(u1), q2(mul(u1, u1)))', 'q2(q3(u1))')","('u(k)*u(k)*u(k-2)', 'u(k-1)*u(k-2)*u(k-2)', 'u(k-1)*u(k-2)*u(k-4)', 'u(k-3)', 'u(k-5)', 'y(k-3)*y(k-6)', 'y(k-6)')",True,0.5000326217763083,3.410605131648481e-13,8.0,194.0,
E3,MO-lex,11,ops,20.0,20,155.078125,7,13,1.5731477329613914,"('q2(u1)', 'mul(mul(y1, u1), q3(u1))', 'mul(u1, mul(q3(u1), y1))', 'mul(q3(q2(u1)), q2(mul(u1, y1)))', 'mul(u1, mul(u1, u1))', 'q2(q3(q2(u1)))', 'q1(q3(y1))', 'q2(q2(q3(y1)))')","('u(k)*u(k)*u(k)', 'u(k)*u(k-3)*y(k-1)', 'u(k-2)', 'u(k-2)*u(k-5)*y(k-3)', 'u(k-7)', 'y(k-5)', 'y(k-8)')",True,1.5731477329613914,7.418066161335446e-11,8.0,192.0,
E3,MO-lex,12,ops,16.0,16,109.515625,7,9,1.4309455630478096,"('q2(q2(q3(u1)))', 'q3(q1(q3(y1)))', 'q2(q1(q3(u1)))', 'q2(q3(q1(u1)))', 'q2(q3(q3(u1)))', 'y1', 'mul(q2(mul(u1, y1)), q2(q2(u1)))', 'q1(y1)')","('u(k-2)*u(k-4)*y(k-3)', 'u(k-6)', 'u(k-7)', 'u(k-8)', 'y(k-1)', 'y(k-2)', 'y(k-8)')",True,1.4309455630478096,4.348521542851813e-12,8.0,192.0,
E3,MO-lex,13,ops,19.0,19,133.296875,8,11,1.4978106212189835,"('mul(mul(q3(y1), q3(u1)), q3(q3(u1)))', 'q3(q1(q3(y1)))', 'q3(q1(q3(u1)))', 'q2(q3(q1(u1)))', 'q1(q3(mul(y1, y1)))', 'q2(q2(q2(y1)))', 'y1', 'q2(q3(q3(u1)))')","('u(k-3)*u(k-6)*y(k-4)', 'u(k-6)', 'u(k-7)', 'u(k-8)', 'y(k-1)', 'y(k-5)*y(k-5)', 'y(k-7)', 'y(k-8)')",True,1.4978106212189835,3.296918293926865e-12,8.0,192.0,
E3,MO-lex,14,ops,14.0,14,86.734375,7,7,1.424536414312042,"('y1', 'q1(q3(q2(y1)))', 'q1(u1)', 'q2(u1)', 'y1', 'q3(q3(q1(y1)))', 'u1', 'q2(q1(u1))')","('u(k)', 'u(k-1)', 'u(k-2)', 'u(k-3)', 'y(k-1)', 'y(k-7)', 'y(k-8)')",True,1.424536414312042,4.18367562815547e-11,8.0,192.0,
E3,MO-lex,15,ops,20.0,20,144.6875,8,12,1.0777152814237663,"('q3(q3(q3(u1)))', 'q1(q2(u1))', 'q3(mul(u1, mul(y1, u1)))', 'y1', 'mul(mul(q1(u1), q1(u1)), q3(q3(y1)))', 'q3(q2(q3(u1)))', 'q3(q3(q3(y1)))', 'q3(q1(y1))')","('u(k-1)*u(k-1)*y(k-7)', 'u(k-3)', 'u(k-3)*u(k-3)*y(k-4)', 'u(k-8)', 'u(k-9)', 'y(k-1)', 'y(k-10)', 'y(k-5)')",True,1.0777152814237663,2.318145675417327e-13,8.0,190.0,
E3,MO-lex,16,ops,16.0,16,109.515625,7,9,1.3737644606081234,"('y1', 'q3(q3(u1))', 'q1(q3(q3(y1)))', 'q1(q2(q3(y1)))', 'y1', 'mul(mul(q3(u1), q3(y1)), q2(q3(y1)))', 'q1(q3(q3(u1)))', 'q2(q3(q3(u1)))')","('u(k-3)*y(k-4)*y(k-6)', 'u(k-6)', 'u(k-7)', 'u(k-8)', 'y(k-1)', 'y(k-7)', 'y(k-8)')",True,1.3737644606081234,1.7337242752546445e-12,8.0,192.0,
E3,MO-lex,17,ops,16.0,16,109.515625,7,9,1.4309455630836678,"('q2(q2(q3(y1)))', 'y1', 'q3(q2(q3(u1)))', 'q1(y1)', 'q2(mul(q2(u1), mul(u1, y1)))', 'y1', 'q3(q1(q3(u1)))', 'q3(q3(u1))')","('u(k-2)*u(k-4)*y(k-3)', 'u(k-6)', 'u(k-7)', 'u(k-8)', 'y(k-1)', 'y(k-2)', 'y(k-8)')",True,1.4309455630836678,2.4016344468691386e-12,8.0,192.0,
E3,MO-lex,18,ops,16.0,16,109.515625,7,9,1.474250042250113,"('q3(q3(q2(u1)))', 'q2(q2(q3(y1)))', 'q3(q3(q1(u1)))', 'q3(q3(q2(u1)))', 'q3(q3(y1))', 'q3(q3(u1))', 'y1', 'mul(q3(q1(y1)), mul(q3(u1), q3(y1)))')","('u(k-3)*y(k-4)*y(k-5)', 'u(k-6)', 'u(k-7)', 'u(k-8)', 'y(k-1)', 'y(k-7)', 'y(k-8)')",True,1.474250042250113,3.0340174816956278e-12,8.0,192.0,
E3,MO-lex,19,ops,16.0,16,109.515625,7,9,1.4670512654687449,"('q3(mul(mul(y1, u1), q3(u1)))', 'q2(q2(q3(y1)))', 'q3(q2(q3(u1)))', 'q3(q3(u1))', 'q3(q3(y1))', 'q2(q2(q2(y1)))', 'y1', 'q3(q2(q2(u1)))')","('u(k-3)*u(k-6)*y(k-4)', 'u(k-6)', 'u(k-7)', 'u(k-8)', 'y(k-1)', 'y(k-7)', 'y(k-8)')",True,1.4670512654687449,2.7355895326763857e-12,8.0,192.0,
E3,MO-lex,20,ops,16.0,16,109.515625,7,9,1.3814531183213783,"('q1(y1)', 'y1', 'q2(q2(q3(y1)))', 'q2(q3(u1))', 'q3(q3(q2(u1)))', 'q3(mul(q2(u1), mul(u1, u1)))', 'q3(q1(q3(u1)))', 'q1(q3(q1(u1)))')","('u(k-3)*u(k-3)*u(k-5)', 'u(k-5)', 'u(k-7)', 'u(k-8)', 'y(k-1)', 'y(k-2)', 'y(k-8)')",True,1.3814531183213783,1.1368683772161603e-12,8.0,192.0,
E3,MO-lex,21,ops,20.0,20,144.6875,8,12,1.1192204615298393,"('mul(mul(u1, u1), q3(q3(y1)))', 'q3(q3(q3(u1)))', 'q1(mul(mul(u1, y1), q3(u1)))', 'q2(q3(q2(u1)))', 'q2(q3(q2(y1)))', 'q3(q2(q3(u1)))', 'y1', 'q3(y1)')","('u(k)*u(k)*y(k-7)', 'u(k-1)*u(k-4)*y(k-2)', 'u(k-7)', 'u(k-8)', 'u(k-9)', 'y(k-1)', 'y(k-4)', 'y(k-8)')",True,1.1192204615298393,4.920508445138694e-13,8.0,191.0,
E3,MO-lex,22,ops,14.0,14,86.734375,7,7,1.4245364143079842,"('q3(q3(y1))', 'u1', 'q2(q3(q2(y1)))', 'q1(u1)', 'q1(q2(q3(y1)))', 'q3(u1)', 'y1', 'q2(u1)')","('u(k)', 'u(k-1)', 'u(k-2)', 'u(k-3)', 'y(k-1)', 'y(k-7)', 'y(k-8)')",True,1.4245364143079842,3.2741809263825417e-11,8.0,192.0,
E3,MO-lex,23,ops,18.0,18,142.6875,6,12,0.06446755592298278,"('mul(q3(q1(u1)), mul(q2(y1), q1(u1)))', 'mul(mul(u1, u1), y1)', 'q2(q1(q1(u1)))', 'q3(q2(u1))', 'mul(mul(q1(u1), q1(u1)), y1)', 'y1', 'y1', 'mul(u1, mul(u1, y1))')","('u(k)*u(k)*y(k-1)', 'u(k-1)*u(k-1)*y(k-1)', 'u(k-1)*u(k-4)*y(k-3)', 'u(k-4)', 'u(k-5)', 'y(k-1)')",True,0.06446755592298278,7.815970093361102e-14,8.0,195.0,
E3,MO-lex,24,ops,16.0,16,109.515625,7,9,1.4670512654698473,"('q2(q3(q3(u1)))', 'q3(mul(q3(u1), mul(y1, u1)))', 'y1', 'q3(q3(u1))', 'q2(q2(q2(y1)))', 'q3(q3(q1(y1)))', 'q2(q3(q2(u1)))', 'y1')","('u(k-3)*u(k-6)*y(k-4)', 'u(k-6)', 'u(k-7)', 'u(k-8)', 'y(k-1)', 'y(k-7)', 'y(k-8)')",True,1.4670512654698473,3.296918293926865e-12,8.0,192.0,
E3,MO-lex,25,ops,16.0,16,109.515625,7,9,1.3398355368559265,"('q2(q3(q2(u1)))', 'y1', 'q3(q3(q2(u1)))', 'q1(q3(q3(y1)))', 'mul(q3(u1), mul(q2(y1), q1(y1)))', 'q1(y1)', 'q3(q1(q3(y1)))', 'q2(q3(q1(u1)))')","('u(k-3)*y(k-2)*y(k-3)', 'u(k-6)', 'u(k-7)', 'u(k-8)', 'y(k-1)', 'y(k-2)', 'y(k-8)')",True,1.3398355368559265,3.7339020764193265e-12,8.0,192.0,
E3,MO-lex,26,ops,16.0,16,109.515625,7,9,1.4181047658819748,"('y1', 'mul(q3(q1(u1)), mul(q1(y1), q3(u1)))', 'q1(q3(q3(y1)))', 'q1(y1)', 'q2(q2(q2(u1)))', 'q1(y1)', 'q3(q2(q2(u1)))', 'q2(q3(q3(u1)))')","('u(k-3)*u(k-4)*y(k-2)', 'u(k-6)', 'u(k-7)', 'u(k-8)', 'y(k-1)', 'y(k-2)', 'y(k-8)')",True,1.4181047658819748,2.9416469260468148e-12,8.0,192.0,
E3,MO-lex,27,ops,16.0,16,109.515625,7,9,1.4296840167920426,"('q3(q3(y1))', 'q2(q3(q1(u1)))', 'y1', 'y1', 'q3(q3(q1(u1)))', 'q2(q3(q2(y1)))', 'q3(mul(q1(u1), mul(y1, y1)))', 'q3(q3(q2(u1)))')","('u(k-4)*y(k-4)*y(k-4)', 'u(k-6)', 'u(k-7)', 'u(k-8)', 'y(k-1)', 'y(k-7)', 'y(k-8)')",True,1.4296840167920426,1.8189894035458565e-12,8.0,192.0,
E3,MO-lex,28,ops,14.0,14,86.734375,7,7,1.5473864518772669,"('q3(u1)', 'q1(q3(u1))', 'q3(q3(y1))', 'q2(q3(q2(y1)))', 'q2(q3(q2(y1)))', 'q2(q3(u1))', 'q2(q2(q2(u1)))', 'y1')","('u(k-3)', 'u(k-4)', 'u(k-5)', 'u(k-6)', 'y(k-1)', 'y(k-7)', 'y(k-8)')",True,1.5473864518772669,2.0660806399064313e-11,8.0,192.0,
E3,MO-lex,29,ops,16.0,16,109.515625,7,9,inf,"('q2(q3(q2(y1)))', 'q3(q1(q3(u1)))', 'mul(q1(q2(y1)), mul(q3(y1), q3(y1)))', 'q3(q3(q2(u1)))', 'q3(q3(q1(y1)))', 'q3(q3(u1))', 'y1', 'q3(q3(y1))')","('u(k-6)', 'u(k-7)', 'u(k-8)', 'y(k-1)', 'y(k-4)*y(k-4)*y(k-4)', 'y(k-7)', 'y(k-8)')",False,,,,,failed validation
E1,Green,0,ops,7.0,7,48.5625,3,4,7.142928451732104e-16,"('y1', 'u1', 'mul(y1, u1)', 'y1', 'u1')","('u(k)', 'u(k)*y(k-1)', 'y(k-1)')",True,7.142928451732104e-16,2.220446049250313e-16,5.0,89.0,
E1,Green,1,ops,7.0,7,48.5625,3,4,3.0443950575286657e-15,"('u1', 'mul(u1, y1)', 'u1', 'u1', 'y1')","('u(k)', 'u(k)*y(k-1)', 'y(k-1)')",True,3.0443950575286657e-15,2.220446049250313e-16,5.0,89.0,
E1,Green,2,ops,7.0,7,48.5625,3,4,3.133304983038018e-15,"('u1', 'y1', 'y1', 'y1', 'mul(y1, u1)')","('u(k)', 'u(k)*y(k-1)', 'y(k-1)')",True,3.133304983038018e-15,6.661338147750939e-16,5.0,89.0,
E1,Green,3,ops,7.0,7,48.5625,3,4,7.142928451732104e-16,"('y1', 'u1', 'mul(u1, y1)', 'u1', 'y1')","('u(k)', 'u(k)*y(k-1)', 'y(k-1)')",True,7.142928451732104e-16,4.440892098500626e-16,5.0,89.0,
E1,Green,4,ops,7.0,7,48.5625,3,4,1.2648814273871748e-15,"('u1', 'y1', 'u1', 'y1', 'mul(y1, u1)')","('u(k)', 'u(k)*y(k-1)', 'y(k-1)')",True,1.2648814273871748e-15,6.661338147750939e-16,5.0,89.0,
E1,Green,5,ops,7.0,7,48.5625,3,4,2.1233430408575456e-15,"('mul(u1, y1)', 'u1', 'y1', 'y1', 'u1')","('u(k)', 'u(k)*y(k-1)', 'y(k-1)')",True,2.1233430408575456e-15,4.440892098500626e-16,5.0,89.0,
E1,Green,6,ops,7.0,7,48.5625,3,4,9.267039282010344e-16,"('y1', 'y1', 'mul(u1, y1)', 'u1', 'u1')","('u(k)', 'u(k)*y(k-1)', 'y(k-1)')",True,9.267039282010344e-16,4.440892098500626e-16,5.0,89.0,
E1,Green,7,ops,7.0,7,48.5625,3,4,3.4896201714327896e-16,"('y1', 'u1', 'y1', 'mul(u1, y1)', 'mul(u1, y1)')","('u(k)', 'u(k)*y(k-1)', 'y(k-1)')",True,3.4896201714327896e-16,4.440892098500626e-16,5.0,89.0,
E1,Green,8,ops,7.0,7,48.5625,3,4,5.29658930435707e-16,"('mul(y1, u1)', 'y1', 'u1', 'mul(y1, u1)', 'y1')","('u(k)', 'u(k)*y(k-1)', 'y(k-1)')",True,5.29658930435707e-16,2.220446049250313e-16,5.0,89.0,
E1,Green,9,ops,7.0,7,48.5625,3,4,9.03448256430443e-16,"('u1', 'mul(y1, u1)', 'y1', 'y1', 'u1')","('u(k)', 'u(k)*y(k-1)', 'y(k-1)')",True,9.03448256430443e-16,4.440892098500626e-16,5.0,89.0,
E1,Green,10,ops,7.0,7,48.5625,3,4,1.2648814273871748e-15,"('u1', 'y1', 'u1', 'y1', 'mul(y1, u1)')","('u(k)', 'u(k)*y(k-1)', 'y(k-1)')",True,1.2648814273871748e-15,6.661338147750939e-16,5.0,89.0,
E1,Green,11,ops,7.0,7,48.5625,3,4,8.878886681264161e-16,"('y1', 'u1', 'y1', 'mul(y1, u1)', 'u1')","('u(k)', 'u(k)*y(k-1)', 'y(k-1)')",True,8.878886681264161e-16,6.661338147750939e-16,5.0,89.0,
E1,Green,12,ops,7.0,7,48.5625,3,4,1.2031003816395871e-15,"('y1', 'y1', 'u1', 'mul(y1, u1)', 'u1')","('u(k)', 'u(k)*y(k-1)', 'y(k-1)')",True,1.2031003816395871e-15,5.551115123125783e-16,5.0,89.0,
E1,Green,13,ops,7.0,7,48.5625,3,4,4.084126682246382e-16,"('u1', 'mul(y1, u1)', 'u1', 'y1', 'u1')","('u(k)', 'u(k)*y(k-1)', 'y(k-1)')",True,4.084126682246382e-16,2.220446049250313e-16,5.0,89.0,
E1,Green,14,ops,7.0,7,48.5625,3,4,3.252858957327326e-16,"('y1', 'u1', 'u1', 'y1', 'mul(u1, y1)')","('u(k)', 'u(k)*y(k-1)', 'y(k-1)')",True,3.252858957327326e-16,2.220446049250313e-16,5.0,89.0,
E1,Green,15,ops,7.0,7,48.5625,3,4,1.5944835719487724e-15,"('mul(u1, y1)', 'y1', 'u1', 'y1', 'y1')","('u(k)', 'u(k)*y(k-1)', 'y(k-1)')",True,1.5944835719487724e-15,6.661338147750939e-16,5.0,89.0,
E1,Green,16,ops,7.0,7,48.5625,3,4,1.947580698642516e-15,"('y1', 'u1', 'mul(y1, u1)', 'u1', 'u1')","('u(k)', 'u(k)*y(k-1)', 'y(k-1)')",True,1.947580698642516e-15,2.220446049250313e-16,5.0,89.0,
E1,Green,17,ops,7.0,7,48.5625,3,4,2.1677456228804145e-15,"('y1', 'mul(u1, y1)', 'u1', 'u1', 'u1')","('u(k)', 'u(k)*y(k-1)', 'y(k-1)')",True,2.1677456228804145e-15,4.440892098500626e-16,5.0,89.0,
E1,Green,18,ops,7.0,7,48.5625,3,4,3.2489343803753984e-16,"('u1', 'u1', 'mul(y1, u1)', 'u1', 'y1')","('u(k)', 'u(k)*y(k-1)', 'y(k-1)')",True,3.2489343803753984e-16,2.220446049250313e-16,5.0,89.0,
E1,Green,19,ops,7.0,7,48.5625,3,4,2.4083468322922223e-15,"('mul(u1, y1)', 'mul(u1, y1)', 'u1', 'y1', 'u1')","('u(k)', 'u(k)*y(k-1)', 'y(k-1)')",True,2.4083468322922223e-15,2.220446049250313e-16,5.0,89.0,
E1,Green,20,ops,7.0,7,48.5625,3,4,3.4896201714327896e-16,"('y1', 'u1', 'y1', 'mul(y1, u1)', 'mul(u1, y1)')","('u(k)', 'u(k)*y(k-1)', 'y(k-1)')",True,3.4896201714327896e-16,4.440892098500626e-16,5.0,89.0,
E1,Green,21,ops,7.0,7,48.5625,3,4,9.03448256430443e-16,"('u1', 'mul(u1, y1)', 'y1', 'u1', 'y1')","('u(k)', 'u(k)*y(k-1)', 'y(k-1)')",True,9.03448256430443e-16,2.220446049250313e-16,5.0,89.0,
E1,Green,22,ops,7.0,7,48.5625,3,4,7.142928451732104e-16,"('y1', 'u1', 'mul(y1, u1)', 'u1', 'y1')","('u(k)', 'u(k)*y(k-1)', 'y(k-1)')",True,7.142928451732104e-16,4.440892098500626e-16,5.0,89.0,
E1,Green,23,ops,7.0,7,48.5625,3,4,9.03448256430443e-16,"('u1', 'mul(y1, u1)', 'y1', 'y1', 'u1')","('u(k)', 'u(k)*y(k-1)', 'y(k-1)')",True,9.03448256430443e-16,4.440892098500626e-16,5.0,89.0,
E1,Green,24,ops,7.0,7,48.5625,3,4,4.732199139948951e-16,"('y1', 'mul(u1, y1)', 'mul(y1, u1)', 'u1', 'y1')","('u(k)', 'u(k)*y(k-1)', 'y(k-1)')",True,4.732199139948951e-16,2.220446049250313e-16,5.0,89.0,
E1,Green,25,ops,7.0,7,48.5625,3,4,1.035053617371294e-15,"('mul(y1, u1)', 'u1', 'u1', 'y1', 'y1')","('u(k)', 'u(k)*y(k-1)', 'y(k-1)')",True,1.035053617371294e-15,4.440892098500626e-16,5.0,89.0,
E1,Green,26,ops,7.0,7,48.5625,3,4,1.9964913575063468e-15,"('y1', 'u1', 'u1', 'u1', 'mul(u1, y1)')","('u(k)', 'u(k)*y(k-1)', 'y(k-1)')",True,1.9964913575063468e-15,2.220446049250313e-16,5.0,89.0,
E1,Green,27,ops,7.0,7,48.5625,3,4,1.2862667904077988e-15,"('y1', 'mul(u1, y1)', 'u1', 'u1', 'mul(y1, u1)')","('u(k)', 'u(k)*y(k-1)', 'y(k-1)')",True,1.2862667904077988e-15,4.440892098500626e-16,5.0,89.0,
E1,Green,28,ops,7.0,7,48.5625,3,4,8.878886681264161e-16,"('y1', 'u1', 'y1', 'mul(u1, y1)', 'u1')","('u(k)', 'u(k)*y(k-1)', 'y(k-1)')",True,8.878886681264161e-16,6.661338147750939e-16,5.0,89.0,
E1,Green,29,ops,7.0,7,48.5625,3,4,1.044925924616553e-15,"('u1', 'y1', 'u1', 'mul(y1, u1)', 'u1')","('u(k)', 'u(k)*y(k-1)', 'y(k-1)')",True,1.044925924616553e-15,2.220446049250313e-16,5.0,89.0,
E2,Green,0,ops,7.0,7,48.5625,3,4,0.0283362316288928,"('q1(mul(y1, u1))', 'q1(mul(y1, u1))', 'q1(u1)', 'q2(q2(y1))', 'q1(u1)')","('u(k-1)', 'u(k-1)*y(k-2)', 'y(k-5)')",True,0.0283362316288928,2.220446049250313e-16,5.0,85.0,
E2,Green,1,ops,7.0,7,48.5625,3,4,0.028336231628892785,"('q1(u1)', 'q1(u1)', 'q1(u1)', 'q1(mul(u1, y1))', 'q2(q2(y1))')","('u(k-1)', 'u(k-1)*y(k-2)', 'y(k-5)')",True,0.028336231628892785,2.220446049250313e-16,5.0,85.0,
E2,Green,2,ops,7.0,7,48.5625,3,4,0.028336231628892785,"('q1(u1)', 'mul(q1(y1), q1(u1))', 'q2(q2(y1))', 'q1(u1)', 'q1(u1)')","('u(k-1)', 'u(k-1)*y(k-2)', 'y(k-5)')",True,0.028336231628892785,2.220446049250313e-16,5.0,85.0,
E2,Green,3,ops,7.0,7,48.5625,3,4,0.028336231628892816,"('q1(mul(y1, u1))', 'q1(u1)', 'q2(q2(y1))', 'q1(u1)', 'q1(mul(u1, y1))')","('u(k-1)', 'u(k-1)*y(k-2)', 'y(k-5)')",True,0.028336231628892816,2.220446049250313e-16,5.0,85.0,
E2,Green,4,ops,7.0,7,48.5625,3,4,0.028336231628892834,"('q1(mul(u1, y1))', 'q2(q2(y1))', 'q2(q2(y1))', 'q1(u1)', 'q1(mul(u1, y1))')","('u(k-1)', 'u(k-1)*y(k-2)', 'y(k-5)')",True,0.028336231628892834,2.220446049250313e-16,5.0,85.0,
E2,Green,5,ops,7.0,7,48.5625,3,4,0.0283362316288928,"('mul(q1(u1), q1(y1))', 'q1(mul(y1, u1))', 'q1(u1)', 'q2(q2(y1))', 'q1(u1)')","('u(k-1)', 'u(k-1)*y(k-2)', 'y(k-5)')",True,0.0283362316288928,2.220446049250313e-16,5.0,85.0,
E2,Green,6,ops,7.0,7,48.5625,3,4,0.02833623162889271,"('q1(u1)', 'q1(u1)', 'q1(mul(u1, y1))', 'q1(u1)', 'q2(q2(y1))')","('u(k-1)', 'u(k-1)*y(k-2)', 'y(k-5)')",True,0.02833623162889271,2.220446049250313e-16,5.0,85.0,
E2,Green,7,ops,7.0,7,48.5625,3,4,0.028336231628892785,"('q1(u1)', 'q1(u1)', 'mul(q1(u1), q1(y1))', 'q2(q2(y1))', 'q2(q2(y1))')","('u(k-1)', 'u(k-1)*y(k-2)', 'y(k-5)')",True,0.028336231628892785,4.440892098500626e-16,5.0,85.0,
E2,Green,8,ops,7.0,7,48.5625,3,4,0.028336231628892785,"('q1(u1)', 'q1(mul(u1, y1))', 'q2(q2(y1))', 'q1(u1)', 'q1(u1)')","('u(k-1)', 'u(k-1)*y(k-2)', 'y(k-5)')",True,0.028336231628892785,2.220446049250313e-16,5.0,85.0,
E2,Green,9,ops,7.0,7,48.5625,3,4,0.028336231628892785,"('q2(q2(y1))', 'q1(u1)', 'q1(u1)', 'q2(q2(y1))', 'q1(mul(y1, u1))')","('u(k-1)', 'u(k-1)*y(k-2)', 'y(k-5)')",True,0.028336231628892785,3.3306690738754696e-16,5.0,85.0,
E2,Green,10,ops,7.0,7,48.5625,3,4,0.028713772295473443,"('q1(u1)', 'q1(u1)', 'q1(u1)', 'mul(q1(y1), q2(u1))', 'q2(q2(y1))')","('u(k-1)', 'u(k-2)*y(k-2)', 'y(k-5)')",True,0.028713772295473443,2.220446049250313e-16,5.0,85.0,
E2,Green,11,ops,7.0,7,48.5625,3,4,0.028336231628892834,"('q1(u1)', 'q1(mul(u1, y1))', 'q2(q2(y1))', 'q2(q2(y1))', 'q2(q2(y1))')","('u(k-1)', 'u(k-1)*y(k-2)', 'y(k-5)')",True,0.028336231628892834,2.220446049250313e-16,5.0,85.0,
E2,Green,12,ops,7.0,7,48.5625,3,4,0.028336231628892757,"('q2(q2(y1))', 'q1(mul(u1, y1))', 'q2(q2(y1))', 'q1(u1)', 'q1(mul(u1, y1))')","('u(k-1)', 'u(k-1)*y(k-2)', 'y(k-5)')",True,0.028336231628892757,2.220446049250313e-16,5.0,85.0,
E2,Green,13,ops,7.0,7,48.5625,3,4,0.028336231628892816,"('mul(q1(u1), q1(y1))', 'q1(u1)', 'mul(q1(y1), q1(u1))', 'q1(u1)', 'q2(q2(y1))')","('u(k-1)', 'u(k-1)*y(k-2)', 'y(k-5)')",True,0.028336231628892816,2.220446049250313e-16,5.0,85.0,
E2,Green,14,ops,7.0,7,48.5625,3,4,0.02833623162889276,"('q2(q2(y1))', 'q1(u1)', 'q1(u1)', 'mul(q1(u1), q1(y1))', 'q1(mul(y1, u1))')","('u(k-1)', 'u(k-1)*y(k-2)', 'y(k-5)')",True,0.02833623162889276,2.220446049250313e-16,5.0,85.0,
E2,Green,15,ops,7.0,7,48.5625,3,4,0.028336231628892816,"('mul(q1(u1), q1(y1))', 'q1(u1)', 'q2(q2(y1))', 'mul(q1(u1), q1(y1))', 'q1(u1)')","('u(k-1)', 'u(k-1)*y(k-2)', 'y(k-5)')",True,0.028336231628892816,2.220446049250313e-16,5.0,85.0,
E2,Green,16,ops,7.0,7,48.5625,3,4,0.028336231628892785,"('q1(mul(u1, y1))', 'q1(u1)', 'q1(u1)', 'q2(q2(y1))', 'q1(mul(y1, u1))')","('u(k-1)', 'u(k-1)*y(k-2)', 'y(k-5)')",True,0.028336231628892785,2.220446049250313e-16,5.0,85.0,
E2,Green,17,ops,7.0,7,48.5625,3,4,0.02833623162889281,"('q1(mul(y1, u1))', 'q1(u1)', 'q2(q2(y1))', 'q1(u1)', 'q1(u1)')","('u(k-1)', 'u(k-1)*y(k-2)', 'y(k-5)')",True,0.02833623162889281,2.220446049250313e-16,5.0,85.0,
E2,Green,18,ops,7.0,7,48.5625,3,4,0.028336231628892785,"('q1(u1)', 'q1(mul(y1, u1))', 'q1(u1)', 'q1(u1)', 'q2(q2(y1))')","('u(k-1)', 'u(k-1)*y(k-2)', 'y(k-5)')",True,0.028336231628892785,2.220446049250313e-16,5.0,85.0,
E2,Green,19,ops,7.0,7,48.5625,3,4,0.028336231628892813,"('q1(u1)', 'q2(q2(y1))', 'q1(u1)', 'q2(q2(y1))', 'q1(mul(u1, y1))')","('u(k-1)', 'u(k-1)*y(k-2)', 'y(k-5)')",True,0.028336231628892813,2.220446049250313e-16,5.0,85.0,
E2,Green,20,ops,7.0,7,48.5625,3,4,0.02833623162889272,"('q2(q2(y1))', 'q1(u1)', 'q1(u1)', 'mul(q1(u1), q1(y1))', 'q1(u1)')","('u(k-1)', 'u(k-1)*y(k-2)', 'y(k-5)')",True,0.02833623162889272,2.220446049250313e-16,5.0,85.0,
E2,Green,21,ops,7.0,7,48.5625,3,4,0.028336231628892785,"('q1(mul(y1, u1))', 'q1(u1)', 'q1(mul(u1, y1))', 'q2(q2(y1))', 'q1(u1)')","('u(k-1)', 'u(k-1)*y(k-2)', 'y(k-5)')",True,0.028336231628892785,2.220446049250313e-16,5.0,85.0,
E2,Green,22,ops,7.0,7,48.5625,3,4,0.028336231628892802,"('q1(u1)', 'q1(u1)', 'q1(u1)', 'q2(q2(y1))', 'mul(q1(y1), q1(u1))')","('u(k-1)', 'u(k-1)*y(k-2)', 'y(k-5)')",True,0.028336231628892802,2.220446049250313e-16,5.0,85.0,
E2,Green,23,ops,7.0,7,48.5625,3,4,0.028336231628892723,"('q1(u1)', 'q2(q2(y1))', 'q1(u1)', 'q1(u1)', 'q1(mul(y1, u1))')","('u(k-1)', 'u(k-1)*y(k-2)', 'y(k-5)')",True,0.028336231628892723,2.220446049250313e-16,5.0,85.0,
E2,Green,24,ops,9.0,9,60.953125,4,5,0.028127236116949353,"('q1(u1)', 'q2(q2(y1))', 'q1(u1)', 'mul(q1(u1), q1(y1))', 'q1(y1)')","('u(k-1)', 'u(k-1)*y(k-2)', 'y(k-2)', 'y(k-5)')",True,0.028127236116949353,2.220446049250313e-16,5.0,85.0,
E2,Green,25,ops,7.0,7,48.5625,3,4,0.029240311556464994,"('q2(q2(y1))', 'q1(u1)', 'q1(u1)', 'q1(u1)', 'mul(q2(y1), q1(u1))')","('u(k-1)', 'u(k-1)*y(k-3)', 'y(k-5)')",True,0.029240311556464994,4.440892098500626e-16,5.0,85.0,
E2,Green,26,ops,9.0,9,60.953125,4,5,0.028055878467765197,"('q2(q2(y1))', 'mul(q1(u1), q1(y1))', 'q1(q2(y1))', 'q1(u1)', 'q2(q2(y1))')","('u(k-1)', 'u(k-1)*y(k-2)', 'y(k-4)', 'y(k-5)')",True,0.028055878467765197,2.220446049250313e-16,5.0,85.0,
E2,Green,27,ops,7.0,7,48.5625,3,4,0.028336231628892834,"('q1(u1)', 'q1(mul(u1, y1))', 'q2(q2(y1))', 'q2(q2(y1))', 'q2(q2(y1))')","('u(k-1)', 'u(k-1)*y(k-2)', 'y(k-5)')",True,0.028336231628892834,2.220446049250313e-16,5.0,85.0,
E2,Green,28,ops,7.0,7,48.5625,3,4,0.02833623162889276,"('q2(q2(y1))', 'q1(mul(u1, y1))', 'q1(mul(u1, y1))', 'q1(u1)', 'q2(q2(y1))')","('u(k-1)', 'u(k-1)*y(k-2)', 'y(k-5)')",True,0.02833623162889276,2.220446049250313e-16,5.0,85.0,
E2,Green,29,ops,7.0,7,48.5625,3,4,0.028336231628892854,"('q1(u1)', 'q1(mul(y1, u1))', 'q1(mul(u1, y1))', 'q1(u1)', 'q2(q2(y1))')","('u(k-1)', 'u(k-1)*y(k-2)', 'y(k-5)')",True,0.028336231628892854,2.220446049250313e-16,5.0,85.0,
E3,Green,0,ops,14.0,14,86.734375,7,7,1.5321434210230462,"('q2(q1(u1))', 'q2(q2(u1))', 'q1(q1(q3(u1)))', 'q2(q3(q3(u1)))', 'y1', 'q2(q3(q2(y1)))', 'q2(q3(y1))', 'y1')","('u(k-3)', 'u(k-4)', 'u(k-5)', 'u(k-8)', 'y(k-1)', 'y(k-6)', 'y(k-8)')",True,1.5321434210230462,2.0385471088957274e-11,8.0,192.0,
E3,Green,1,ops,16.0,16,109.515625,7,9,1.4410116127193378,"('q2(q2(q3(y1)))', 'q3(q3(q2(u1)))', 'y1', 'y1', 'q3(mul(mul(u1, y1), q1(y1)))', 'q3(q1(q2(y1)))', 'q3(q1(q3(u1)))', 'q2(q2(q1(u1)))')","('u(k-3)*y(k-4)*y(k-5)', 'u(k-5)', 'u(k-7)', 'u(k-8)', 'y(k-1)', 'y(k-7)', 'y(k-8)')",True,1.4410116127193378,1.2789769243681803e-12,8.0,192.0,
E3,Green,2,ops,16.0,16,109.515625,7,9,1.3145192490673387,"('y1', 'q3(u1)', 'q3(mul(q3(u1), mul(u1, y1)))', 'q2(q3(q2(y1)))', 'q2(q3(u1))', 'y1', 'q1(q3(q2(y1)))', 'q3(q3(q2(u1)))')","('u(k-3)', 'u(k-3)*u(k-6)*y(k-4)', 'u(k-5)', 'u(k-8)', 'y(k-1)', 'y(k-7)', 'y(k-8)')",True,1.3145192490673387,6.252776074688882e-13,8.0,192.0,
E3,Green,3,ops,19.0,19,133.296875,8,11,1.3323004973569526,"('q1(q3(q3(u1)))', 'q1(y1)', 'mul(y1, y1)', 'y1', 'q3(q2(q3(u1)))', 'q2(mul(u1, mul(y1, y1)))', 'q2(q3(u1))', 'q2(q2(q3(y1)))')","('u(k-2)*y(k-3)*y(k-3)', 'u(k-5)', 'u(k-7)', 'u(k-8)', 'y(k-1)', 'y(k-1)*y(k-1)', 'y(k-2)', 'y(k-8)')",True,1.3323004973569526,2.369660023759934e-12,8.0,192.0,
E3,Green,4,ops,16.0,16,109.515625,7,9,1.4307967602827873,"('q3(q3(q2(u1)))', 'y1', 'q3(q1(q3(u1)))', 'q3(q2(u1))', 'q3(q1(q3(y1)))', 'y1', 'mul(q2(u1), mul(q3(y1), q3(u1)))', 'q1(y1)')","('u(k-2)*u(k-3)*y(k-4)', 'u(k-5)', 'u(k-7)', 'u(k-8)', 'y(k-1)', 'y(k-2)', 'y(k-8)')",True,1.4307967602827873,1.9966250874858815e-12,8.0,192.0,
E3,Green,5,ops,14.0,14,86.734375,7,7,1.4342685195813907,"('q1(u1)', 'q3(q3(y1))', 'u1', 'q2(u1)', 'u1', 'q1(q3(q3(y1)))', 'q3(q1(u1))', 'y1')","('u(k)', 'u(k-1)', 'u(k-2)', 'u(k-4)', 'y(k-1)', 'y(k-7)', 'y(k-8)')",True,1.4342685195813907,2.4222401862061815e-11,8.0,192.0,
E3,Green,6,ops,16.0,16,109.515625,7,9,1.3209835660919624,"('q3(q3(y1))', 'y1', 'q3(mul(q2(u1), mul(y1, y1)))', 'q3(q3(q1(y1)))', 'q2(q1(q3(u1)))', 'q2(q1(q3(u1)))', 'q2(q3(q3(u1)))', 'q3(q1(q3(u1)))')","('u(k-5)*y(k-4)*y(k-4)', 'u(k-6)', 'u(k-7)', 'u(k-8)', 'y(k-1)', 'y(k-7)', 'y(k-8)')",True,1.3209835660919624,1.6484591469634324e-12,8.0,192.0,
E3,Green,7,ops,18.0,18,121.90625,8,10,1.1296222746245836,"('q3(q3(y1))', 'q1(y1)', 'q2(q2(q3(y1)))', 'q3(q2(q2(u1)))', 'q1(q3(q2(u1)))', 'mul(mul(q1(y1), q3(u1)), q3(q1(y1)))', 'q3(u1)', 'y1')","('u(k-3)', 'u(k-3)*y(k-2)*y(k-5)', 'u(k-6)', 'u(k-7)', 'y(k-1)', 'y(k-2)', 'y(k-7)', 'y(k-8)')",True,1.1296222746245836,1.1013412404281553e-12,8.0,192.0,
E3,Green,8,ops,16.0,16,109.515625,7,9,1.360151064416237,"('q3(q2(q1(u1)))', 'q2(q3(q3(u1)))', 'y1', 'q1(q3(y1))', 'q2(q3(q2(y1)))', 'q1(q3(q3(y1)))', 'mul(mul(q3(y1), q3(y1)), q1(q2(u1)))', 'q3(q1(q3(u1)))')","('u(k-3)*y(k-4)*y(k-4)', 'u(k-6)', 'u(k-7)', 'u(k-8)', 'y(k-1)', 'y(k-5)', 'y(k-8)')",True,1.360151064416237,2.3874235921539366e-12,8.0,192.0,
E3,Green,9,ops,16.0,16,109.515625,7,9,1.4152999059897167,"('q2(q3(q2(y1)))', 'q3(q1(q2(u1)))', 'y1', 'q3(q2(u1))', 'q3(mul(mul(y1, u1), q2(u1)))', 'y1', 'q3(q2(q3(u1)))', 'q1(q2(q2(y1)))')","('u(k-3)*u(k-5)*y(k-4)', 'u(k-5)', 'u(k-6)', 'u(k-8)', 'y(k-1)', 'y(k-6)', 'y(k-8)')",True,1.4152999059897167,1.3287149158713873e-12,8.0,192.0,
E3,Green,10,ops,19.0,19,133.296875,8,11,10.354339282428745,"('q3(q3(u1))', 'q3(q3(q2(u1)))', 'y1', 'q2(q3(q2(y1)))', 'q1(q3(mul(y1, y1)))', 'q2(q3(q1(y1)))', 'q3(q2(q2(u1)))', 'q2(mul(q1(y1), mul(y1, u1)))')","('u(k-2)*y(k-3)*y(k-4)', 'u(k-6)', 'u(k-7)', 'u(k-8)', 'y(k-1)', 'y(k-5)*y(k-5)', 'y(k-7)', 'y(k-8)')",True,10.354339282428745,4.638422979041934e-11,8.0,192.0,
E3,Green,11,ops,16.0,16,109.515625,7,9,1.2638466646490751,"('q1(y1)', 'y1', 'q1(y1)', 'mul(q3(q2(u1)), q2(mul(y1, u1)))', 'q2(q3(q3(u1)))', 'q1(q1(q2(u1)))', 'q3(q3(u1))', 'q2(q2(q3(y1)))')","('u(k-2)*u(k-5)*y(k-3)', 'u(k-4)', 'u(k-6)', 'u(k-8)', 'y(k-1)', 'y(k-2)', 'y(k-8)')",True,1.2638466646490751,1.4424017535930034e-12,8.0,192.0,
E3,Green,12,ops,16.0,16,109.515625,7,9,1.2487607958397393,"('q2(q3(u1))', 'q1(q2(u1))', 'q3(q1(q3(y1)))', 'y1', 'q2(q2(q3(y1)))', 'q3(q2(q1(y1)))', 'q2(q3(q1(u1)))', 'q3(mul(q3(u1), mul(y1, u1)))')","('u(k-3)', 'u(k-3)*u(k-6)*y(k-4)', 'u(k-5)', 'u(k-6)', 'y(k-1)', 'y(k-7)', 'y(k-8)')",True,1.2487607958397393,2.192024339819909e-12,8.0,192.0,
E3,Green,13,ops,16.0,16,109.515625,7,9,1.2926707257455405,"('q3(q2(q2(y1)))', 'q3(q1(q3(u1)))', 'q3(q3(u1))', 'q2(q3(y1))', 'y1', 'mul(q3(q2(y1)), q3(mul(y1, u1)))', 'q1(q2(q2(y1)))', 'q2(q3(q3(u1)))')","('u(k-3)*y(k-4)*y(k-6)', 'u(k-6)', 'u(k-7)', 'u(k-8)', 'y(k-1)', 'y(k-6)', 'y(k-8)')",True,1.2926707257455405,3.069544618483633e-12,8.0,192.0,
E3,Green,14,ops,16.0,16,109.515625,7,9,1.4309455630588652,"('y1', 'q3(q3(u1))', 'q1(y1)', 'q2(q3(q3(u1)))', 'q3(q1(q3(u1)))', 'q2(mul(q2(u1), mul(y1, u1)))', 'q3(q3(u1))', 'q3(q1(q3(y1)))')","('u(k-2)*u(k-4)*y(k-3)', 'u(k-6)', 'u(k-7)', 'u(k-8)', 'y(k-1)', 'y(k-2)', 'y(k-8)')",True,1.4309455630588652,3.105071755271638e-12,8.0,192.0,
E3,Green,15,ops,14.0,14,86.734375,7,7,1.4245364143084573,"('q3(q3(y1))', 'q2(u1)', 'q2(q3(q2(y1)))', 'y1', 'q1(u1)', 'u1', 'q3(u1)', 'q3(u1)')","('u(k)', 'u(k-1)', 'u(k-2)', 'u(k-3)', 'y(k-1)', 'y(k-7)', 'y(k-8)')",True,1.4245364143084573,6.45741238258779e-11,8.0,192.0,
E3,Green,16,ops,16.0,16,109.515625,7,9,1.2195527243283317,"('q1(q2(u1))', 'q1(q3(q3(u1)))', 'q2(q3(q3(u1)))', 'q1(q3(q3(y1)))', 'q3(q2(y1))', 'y1', 'y1', 'q3(mul(q2(y1), mul(y1, u1)))')","('u(k-3)', 'u(k-3)*y(k-4)*y(k-6)', 'u(k-7)', 'u(k-8)', 'y(k-1)', 'y(k-6)', 'y(k-8)')",True,1.2195527243283317,1.1297629498585593e-12,8.0,192.0,
E3,Green,17,ops,14.0,14,86.734375,7,7,1.5929985885212954,"('q2(q3(q2(y1)))', 'y1', 'q1(q2(q3(u1)))', 'q1(q3(q2(u1)))', 'q3(u1)', 'q3(q2(q1(y1)))', 'q3(q3(q2(u1)))', 'q3(q1(q1(u1)))')","('u(k-3)', 'u(k-5)', 'u(k-6)', 'u(k-8)', 'y(k-1)', 'y(k-7)', 'y(k-8)')",True,1.5929985885212954,1.2732925824820995e-11,8.0,192.0,
E3,Green,18,ops,16.0,16,109.515625,7,9,1.440488148518387,"('q2(q3(q3(u1)))', 'y1', 'q3(q3(q1(u1)))', 'q3(q3(u1))', 'q1(y1)', 'q1(q3(q3(y1)))', 'q3(q2(q2(u1)))', 'mul(q3(q2(u1)), mul(q1(u1), q3(y1)))')","('u(k-1)*u(k-5)*y(k-4)', 'u(k-6)', 'u(k-7)', 'u(k-8)', 'y(k-1)', 'y(k-2)', 'y(k-8)')",True,1.440488148518387,2.7782220968219917e-12,8.0,192.0,
E3,Green,19,ops,16.0,16,109.515625,7,9,1.4081945296215865,"('y1', 'q2(q2(q3(y1)))', 'y1', 'q3(q2(u1))', 'q3(q3(y1))', 'q2(q3(q3(u1)))', 'q1(q2(q1(u1)))', 'mul(mul(q1(y1), q3(y1)), q2(q3(u1)))')","('u(k-4)', 'u(k-5)', 'u(k-5)*y(k-2)*y(k-4)', 'u(k-8)', 'y(k-1)', 'y(k-7)', 'y(k-8)')",True,1.4081945296215865,1.6129320101754274e-12,8.0,192.0,
E3,Green,20,ops,16.0,16,109.515625,7,9,1.3388568980842235,"('q3(q2(q3(u1)))', 'q3(q1(q3(u1)))', 'y1', 'q2(q2(u1))', 'q1(y1)', 'mul(q3(mul(u1, u1)), q2(y1))', 'q3(q3(q1(y1)))', 'q2(q2(q3(y1)))')","('u(k-3)*u(k-3)*y(k-3)', 'u(k-4)', 'u(k-7)', 'u(k-8)', 'y(k-1)', 'y(k-2)', 'y(k-8)')",True,1.3388568980842235,1.1119993814645568e-12,8.0,192.0,
E3,Green,21,ops,16.0,16,109.515625,7,9,1.3087662775637063,"('q2(q3(u1))', 'q3(q3(q2(u1)))', 'q1(y1)', 'q3(q2(q2(u1)))', 'q2(q3(q2(y1)))', 'y1', 'y1', 'q1(mul(q3(u1), mul(y1, y1)))')","('u(k-4)*y(k-2)*y(k-2)', 'u(k-5)', 'u(k-7)', 'u(k-8)', 'y(k-1)', 'y(k-2)', 'y(k-8)')",True,1.3087662775637063,1.6910917111090384e-12,8.0,192.0,
E3,Green,22,ops,20.0,20,144.6875,8,12,1.4623610430250087,"('q3(u1)', 'u1', 'q2(q3(q2(y1)))', 'y1', 'q2(u1)', 'q3(q3(q3(y1)))', 'q2(q3(u1))', 'mul(mul(u1, q1(y1)), mul(mul(u1, y1), q2(u1)))')","('u(k)', 'u(k)*u(k)*u(k-2)*y(k-1)*y(k-2)', 'u(k-2)', 'u(k-3)', 'u(k-5)', 'y(k-1)', 'y(k-10)', 'y(k-8)')",True,1.4623610430250087,3.467803821877169e-11,8.0,190.0,
E3,Green,23,ops,16.0,16,109.515625,7,9,1.2268967061082292,"('q2(q3(q3(u1)))', 'q1(q2(u1))', 'y1', 'y1', 'mul(q3(q2(u1)), q3(mul(u1, u1)))', 'q3(q2(q2(y1)))', 'q2(q3(u1))', 'q1(y1)')","('u(k-3)', 'u(k-3)*u(k-3)*u(k-5)', 'u(k-5)', 'u(k-8)', 'y(k-1)', 'y(k-2)', 'y(k-8)')",True,1.2268967061082292,7.958078640513122e-13,8.0,192.0,
E3,Green,24,ops,16.0,16,109.515625,7,9,1.4538423142133703,"('q1(q3(q3(u1)))', 'q3(mul(q2(u1), mul(y1, u1)))', 'q1(q3(q1(u1)))', 'y1', 'y1', 'q3(q2(y1))', 'q1(q3(q3(y1)))', 'q2(q3(q3(u1)))')","('u(k-3)*u(k-5)*y(k-4)', 'u(k-5)', 'u(k-7)', 'u(k-8)', 'y(k-1)', 'y(k-6)', 'y(k-8)')",True,1.4538423142133703,3.0340174816956278e-12,8.0,192.0,
E3,Green,25,ops,12.0,12,74.34375,6,6,3.963967766709594,"('q3(q3(q2(u1)))', 'q3(q2(u1))', 'y1', 'q1(y1)', 'q2(q3(q2(u1)))', 'y1', 'y1', 'q3(q3(y1))')","('u(k-5)', 'u(k-7)', 'u(k-8)', 'y(k-1)', 'y(k-2)', 'y(k-7)')",True,3.963967766709594,2.3320012587646488e-11,8.0,192.0,
E3,Green,26,ops,16.0,16,109.515625,7,9,1.4047718996223197,"('q1(q2(q3(y1)))', 'y1', 'q1(q3(q3(y1)))', 'mul(q3(mul(u1, y1)), q3(q1(y1)))', 'q2(q3(u1))', 'q3(q2(q3(u1)))', 'y1', 'q2(q3(q1(u1)))')","('u(k-3)*y(k-4)*y(k-5)', 'u(k-5)', 'u(k-6)', 'u(k-8)', 'y(k-1)', 'y(k-7)', 'y(k-8)')",True,1.4047718996223197,1.0516032489249483e-12,8.0,192.0,
E3,Green,27,ops,14.0,14,86.734375,7,7,2.3969439364593192,"('y1', 'q3(q1(q3(u1)))', 'q3(q1(q2(u1)))', 'q2(y1)', 'q1(q3(q3(y1)))', 'q2(q3(q3(u1)))', 'y1', 'q1(y1)')","('u(k-6)', 'u(k-7)', 'u(k-8)', 'y(k-1)', 'y(k-2)', 'y(k-3)', 'y(k-8)')",True,2.3969439364593192,5.9117155615240335e-12,8.0,192.0,
E3,Green,28,ops,14.0,14,86.734375,7,7,1.4245364143143138,"('q2(u1)', 'y1', 'q3(q3(y1))', 'q1(u1)', 'u1', 'u1', 'q3(q2(q2(y1)))', 'q3(u1)')","('u(k)', 'u(k-1)', 'u(k-2)', 'u(k-3)', 'y(k-1)', 'y(k-7)', 'y(k-8)')",True,1.4245364143143138,5.820766091346741e-11,8.0,192.0,
E3,Green,29,ops,14.0,14,86.734375,7,7,2.3969439364639524,"('q1(y1)', 'q1(q3(q3(u1)))', 'y1', 'q3(q1(q2(u1)))', 'q1(q3(q3(y1)))', 'q2(y1)', 'q2(q3(q3(u1)))', 'y1')","('u(k-6)', 'u(k-7)', 'u(k-8)', 'y(k-1)', 'y(k-2)', 'y(k-3)', 'y(k-8)')",True,2.3969439364639524,3.240074875066057e-12,8.0,192.0,
E1,MO-lex-K,0,karatsuba,48.5625,7,48.5625,3,4,3.25075120964195e-16,"('y1', 'u1', 'u1', 'mul(y1, u1)', 'y1')","('u(k)', 'u(k)*y(k-1)', 'y(k-1)')",True,3.25075120964195e-16,6.661338147750939e-16,5.0,89.0,
E1,MO-lex-K,1,karatsuba,48.5625,7,48.5625,3,4,3.25075120964195e-16,"('y1', 'u1', 'u1', 'mul(u1, y1)', 'y1')","('u(k)', 'u(k)*y(k-1)', 'y(k-1)')",True,3.25075120964195e-16,6.661338147750939e-16,5.0,89.0,
E1,MO-lex-K,2,karatsuba,48.5625,7,48.5625,3,4,2.700813343538282e-16,"('u1', 'u1', 'y1', 'y1', 'mul(u1, y1)')","('u(k)', 'u(k)*y(k-1)', 'y(k-1)')",True,2.700813343538282e-16,2.220446049250313e-16,5.0,89.0,
E1,MO-lex-K,3,karatsuba,48.5625,7,48.5625,3,4,3.3132865428115775e-16,"('u1', 'u1', 'mul(y1, u1)', 'y1', 'u1')","('u(k)', 'u(k)*y(k-1)', 'y(k-1)')",True,3.3132865428115775e-16,2.220446049250313e-16,5.0,89.0,
E1,MO-lex-K,4,karatsuba,48.5625,7,48.5625,3,4,3.26099261257318e-16,"('y1', 'y1', 'u1', 'mul(u1, y1)', 'mul(u1, y1)')","('u(k)', 'u(k)*y(k-1)', 'y(k-1)')",True,3.26099261257318e-16,6.661338147750939e-16,5.0,89.0,
E1,MO-lex-K,5,karatsuba,48.5625,7,48.5625,3,4,2.700813343538282e-16,"('u1', 'u1', 'y1', 'y1', 'mul(y1, u1)')","('u(k)', 'u(k)*y(k-1)', 'y(k-1)')",True,2.700813343538282e-16,2.220446049250313e-16,5.0,89.0,
E1,MO-lex-K,6,karatsuba,48.5625,7,48.5625,3,4,2.700813343538282e-16,"('u1', 'u1', 'y1', 'y1', 'mul(y1, u1)')","('u(k)', 'u(k)*y(k-1)', 'y(k-1)')",True,2.700813343538282e-16,2.220446049250313e-16,5.0,89.0,
E1,MO-lex-K,7,karatsuba,48.5625,7,48.5625,3,4,3.25075120964195e-16,"('y1', 'u1', 'u1', 'mul(y1, u1)', 'y1')","('u(k)', 'u(k)*y(k-1)', 'y(k-1)')",True,3.25075120964195e-16,6.661338147750939e-16,5.0,89.0,
E1,MO-lex-K,8,karatsuba,48.5625,7,48.5625,3,4,3.25075120964195e-16,"('y1', 'u1', 'u1', 'mul(y1, u1)', 'y1')","('u(k)', 'u(k)*y(k-1)', 'y(k-1)')",True,3.25075120964195e-16,6.661338147750939e-16,5.0,89.0,
E1,MO-lex-K,9,karatsuba,48.5625,7,48.5625,3,4,2.700813343538282e-16,"('u1', 'u1', 'y1', 'y1', 'mul(u1, y1)')","('u(k)', 'u(k)*y(k-1)', 'y(k-1)')",True,2.700813343538282e-16,2.220446049250313e-16,5.0,89.0,
E1,MO-lex-K,10,karatsuba,48.5625,7,48.5625,3,4,2.700813343538282e-16,"('u1', 'u1', 'y1', 'y1', 'mul(y1, u1)')","('u(k)', 'u(k)*y(k-1)', 'y(k-1)')",True,2.700813343538282e-16,2.220446049250313e-16,5.0,89.0,
E1,MO-lex-K,11,karatsuba,48.5625,7,48.5625,3,4,2.700813343538282e-16,"('u1', 'u1', 'y1', 'y1', 'mul(y1, u1)')","('u(k)', 'u(k)*y(k-1)', 'y(k-1)')",True,2.700813343538282e-16,2.220446049250313e-16,5.0,89.0,
E1,MO-lex-K,12,karatsuba,48.5625,7,48.5625,3,4,2.700813343538282e-16,"('u1', 'u1', 'y1', 'y1', 'mul(u1, y1)')","('u(k)', 'u(k)*y(k-1)', 'y(k-1)')",True,2.700813343538282e-16,2.220446049250313e-16,5.0,89.0,
E1,MO-lex-K,13,karatsuba,48.5625,7,48.5625,3,4,2.700813343538282e-16,"('u1', 'u1', 'y1', 'y1', 'mul(y1, u1)')","('u(k)', 'u(k)*y(k-1)', 'y(k-1)')",True,2.700813343538282e-16,2.220446049250313e-16,5.0,89.0,
E1,MO-lex-K,14,karatsuba,48.5625,7,48.5625,3,4,2.700813343538282e-16,"('u1', 'u1', 'y1', 'y1', 'mul(y1, u1)')","('u(k)', 'u(k)*y(k-1)', 'y(k-1)')",True,2.700813343538282e-16,2.220446049250313e-16,5.0,89.0,
E1,MO-lex-K,15,karatsuba,48.5625,7,48.5625,3,4,3.25075120964195e-16,"('y1', 'u1', 'u1', 'mul(y1, u1)', 'y1')","('u(k)', 'u(k)*y(k-1)', 'y(k-1)')",True,3.25075120964195e-16,6.661338147750939e-16,5.0,89.0,
E1,MO-lex-K,16,karatsuba,48.5625,7,48.5625,3,4,2.700813343538282e-16,"('u1', 'u1', 'y1', 'y1', 'mul(u1, y1)')","('u(k)', 'u(k)*y(k-1)', 'y(k-1)')",True,2.700813343538282e-16,2.220446049250313e-16,5.0,89.0,
E1,MO-lex-K,17,karatsuba,48.5625,7,48.5625,3,4,3.3132865428115775e-16,"('u1', 'u1', 'mul(u1, y1)', 'y1', 'u1')","('u(k)', 'u(k)*y(k-1)', 'y(k-1)')",True,3.3132865428115775e-16,2.220446049250313e-16,5.0,89.0,
E1,MO-lex-K,18,karatsuba,48.5625,7,48.5625,3,4,6.156117865385776e-16,"('y1', 'y1', 'mul(y1, u1)', 'u1', 'mul(y1, u1)')","('u(k)', 'u(k)*y(k-1)', 'y(k-1)')",True,6.156117865385776e-16,2.220446049250313e-16,5.0,89.0,
E1,MO-lex-K,19,karatsuba,48.5625,7,48.5625,3,4,2.700813343538282e-16,"('u1', 'u1', 'y1', 'y1', 'mul(u1, y1)')","('u(k)', 'u(k)*y(k-1)', 'y(k-1)')",True,2.700813343538282e-16,2.220446049250313e-16,5.0,89.0,
E1,MO-lex-K,20,karatsuba,48.5625,7,48.5625,3,4,2.700813343538282e-16,"('u1', 'u1', 'y1', 'y1', 'mul(y1, u1)')","('u(k)', 'u(k)*y(k-1)', 'y(k-1)')",True,2.700813343538282e-16,2.220446049250313e-16,5.0,89.0,
E1,MO-lex-K,21,karatsuba,48.5625,7,48.5625,3,4,3.25075120964195e-16,"('y1', 'u1', 'u1', 'mul(u1, y1)', 'y1')","('u(k)', 'u(k)*y(k-1)', 'y(k-1)')",True,3.25075120964195e-16,6.661338147750939e-16,5.0,89.0,
E1,MO-lex-K,22,karatsuba,48.5625,7,48.5625,3,4,3.25075120964195e-16,"('y1', 'u1', 'u1', 'mul(u1, y1)', 'y1')","('u(k)', 'u(k)*y(k-1)', 'y(k-1)')",True,3.25075120964195e-16,6.661338147750939e-16,5.0,89.0,
E1,MO-lex-K,23,karatsuba,48.5625,7,48.5625,3,4,7.495765931930908e-16,"('y1', 'mul(y1, u1)', 'u1', 'mul(u1, y1)', 'y1')","('u(k)', 'u(k)*y(k-1)', 'y(k-1)')",True,7.495765931930908e-16,6.661338147750939e-16,5.0,89.0,
E1,MO-lex-K,24,karatsuba,48.5625,7,48.5625,3,4,2.700813343538282e-16,"('u1', 'u1', 'y1', 'y1', 'mul(y1, u1)')","('u(k)', 'u(k)*y(k-1)', 'y(k-1)')",True,2.700813343538282e-16,2.220446049250313e-16,5.0,89.0,
E1,MO-lex-K,25,karatsuba,48.5625,7,48.5625,3,4,2.700813343538282e-16,"('u1', 'u1', 'y1', 'y1', 'mul(u1, y1)')","('u(k)', 'u(k)*y(k-1)', 'y(k-1)')",True,2.700813343538282e-16,2.220446049250313e-16,5.0,89.0,
E1,MO-lex-K,26,karatsuba,48.5625,7,48.5625,3,4,2.700813343538282e-16,"('u1', 'u1', 'y1', 'y1', 'mul(y1, u1)')","('u(k)', 'u(k)*y(k-1)', 'y(k-1)')",True,2.700813343538282e-16,2.220446049250313e-16,5.0,89.0,
E1,MO-lex-K,27,karatsuba,48.5625,7,48.5625,3,4,2.700813343538282e-16,"('u1', 'u1', 'y1', 'y1', 'mul(y1, u1)')","('u(k)', 'u(k)*y(k-1)', 'y(k-1)')",True,2.700813343538282e-16,2.220446049250313e-16,5.0,89.0,
E1,MO-lex-K,28,karatsuba,48.5625,7,48.5625,3,4,5.369700045505021e-16,"('u1', 'u1', 'y1', 'mul(u1, y1)', 'y1')","('u(k)', 'u(k)*y(k-1)', 'y(k-1)')",True,5.369700045505021e-16,4.440892098500626e-16,5.0,89.0,
E1,MO-lex-K,29,karatsuba,48.5625,7,48.5625,3,4,2.700813343538282e-16,"('u1', 'u1', 'y1', 'y1', 'mul(y1, u1)')","('u(k)', 'u(k)*y(k-1)', 'y(k-1)')",True,2.700813343538282e-16,2.220446049250313e-16,5.0,89.0,
E2,MO-lex-K,0,karatsuba,72.34375,10,72.34375,4,6,0.028621296410020255,"('q1(u1)', 'mul(u1, q2(u1))', 'q1(mul(y1, y1))', 'q1(u1)', 'q2(q2(y1))')","('u(k)*u(k-2)', 'u(k-1)', 'y(k-2)*y(k-2)', 'y(k-5)')",True,0.028621296410020255,2.220446049250313e-16,5.0,85.0,
E2,MO-lex-K,1,karatsuba,60.953125,9,60.953125,4,5,0.028055878467765197,"('q1(mul(y1, u1))', 'q1(q2(y1))', 'q1(u1)', 'q2(q2(y1))', 'q1(mul(y1, u1))')","('u(k-1)', 'u(k-1)*y(k-2)', 'y(k-4)', 'y(k-5)')",True,0.028055878467765197,2.220446049250313e-16,5.0,85.0,
E2,MO-lex-K,2,karatsuba,72.34375,10,72.34375,4,6,0.028809424244161618,"('mul(u1, q1(u1))', 'q2(q2(y1))', 'q2(q2(y1))', 'q1(u1)', 'mul(q1(y1), q1(y1))')","('u(k)*u(k-1)', 'u(k-1)', 'y(k-2)*y(k-2)', 'y(k-5)')",True,0.028809424244161618,2.220446049250313e-16,5.0,85.0,
E2,MO-lex-K,3,karatsuba,72.34375,10,72.34375,4,6,0.0281884447599459,"('q1(mul(u1, y1))', 'mul(q2(y1), q1(y1))', 'q2(q2(y1))', 'q1(u1)', 'q1(u1)')","('u(k-1)', 'u(k-1)*y(k-2)', 'y(k-2)*y(k-3)', 'y(k-5)')",True,0.0281884447599459,2.220446049250313e-16,5.0,85.0,
E2,MO-lex-K,4,karatsuba,72.34375,10,72.34375,4,6,0.028621296410020196,"('q2(q2(y1))', 'q1(u1)', 'q2(q2(y1))', 'mul(u1, q2(u1))', 'mul(q1(y1), q1(y1))')","('u(k)*u(k-2)', 'u(k-1)', 'y(k-2)*y(k-2)', 'y(k-5)')",True,0.028621296410020196,2.220446049250313e-16,5.0,85.0,
E2,MO-lex-K,5,karatsuba,72.34375,10,72.34375,4,6,0.029159056587540748,"('q2(q2(y1))', 'q1(u1)', 'q1(u1)', 'mul(q2(y1), q1(y1))', 'mul(q1(u1), u1)')","('u(k)*u(k-1)', 'u(k-1)', 'y(k-2)*y(k-3)', 'y(k-5)')",True,0.029159056587540748,2.220446049250313e-16,5.0,85.0,
E2,MO-lex-K,6,karatsuba,60.953125,9,60.953125,4,5,0.028055878467765152,"('q1(u1)', 'q1(q2(y1))', 'q1(u1)', 'q1(mul(y1, u1))', 'q2(q2(y1))')","('u(k-1)', 'u(k-1)*y(k-2)', 'y(k-4)', 'y(k-5)')",True,0.028055878467765152,3.3306690738754696e-16,5.0,85.0,
E2,MO-lex-K,7,karatsuba,73.34375,11,73.34375,5,6,0.0280374199234565,"('y1', 'q1(q2(y1))', 'mul(q1(y1), q1(u1))', 'q1(u1)', 'q2(q2(y1))')","('u(k-1)', 'u(k-1)*y(k-2)', 'y(k-1)', 'y(k-4)', 'y(k-5)')",True,0.0280374199234565,2.220446049250313e-16,5.0,85.0,
E2,MO-lex-K,8,karatsuba,60.953125,9,60.953125,4,5,0.028055878467765197,"('mul(q1(y1), q1(u1))', 'q2(q1(y1))', 'q1(u1)', 'q2(q2(y1))', 'mul(q1(u1), q1(y1))')","('u(k-1)', 'u(k-1)*y(k-2)', 'y(k-4)', 'y(k-5)')",True,0.028055878467765197,2.220446049250313e-16,5.0,85.0,
E2,MO-lex-K,9,karatsuba,48.5625,7,48.5625,3,4,0.02833623162889281,"('q1(mul(y1, u1))', 'q1(u1)', 'q2(q2(y1))', 'q1(u1)', 'q1(u1)')","('u(k-1)', 'u(k-1)*y(k-2)', 'y(k-5)')",True,0.02833623162889281,2.220446049250313e-16,5.0,85.0,
E2,MO-lex-K,10,karatsuba,72.34375,10,72.34375,4,6,0.028188444759945874,"('q1(u1)', 'q1(mul(u1, y1))', 'q2(q2(y1))', 'mul(q1(y1), q2(y1))', 'q1(u1)')","('u(k-1)', 'u(k-1)*y(k-2)', 'y(k-2)*y(k-3)', 'y(k-5)')",True,0.028188444759945874,4.440892098500626e-16,5.0,85.0,
E2,MO-lex-K,11,karatsuba,72.34375,10,72.34375,4,6,0.028621296410020154,"('mul(u1, q2(u1))', 'q1(mul(y1, y1))', 'q1(u1)', 'q1(u1)', 'q2(q2(y1))')","('u(k)*u(k-2)', 'u(k-1)', 'y(k-2)*y(k-2)', 'y(k-5)')",True,0.028621296410020154,2.220446049250313e-16,5.0,85.0,
E2,MO-lex-K,12,karatsuba,60.953125,9,60.953125,4,5,0.028750982584347478,"('q2(q2(y1))', 'q1(u1)', 'q1(u1)', 'mul(q2(u1), q1(y1))', 'q2(q1(y1))')","('u(k-1)', 'u(k-2)*y(k-2)', 'y(k-4)', 'y(k-5)')",True,0.028750982584347478,2.220446049250313e-16,5.0,85.0,
E2,MO-lex-K,13,karatsuba,72.34375,10,72.34375,4,6,0.02818844475994596,"('mul(q1(u1), q1(y1))', 'mul(q2(y1), q1(y1))', 'q1(u1)', 'q1(u1)', 'q2(q2(y1))')","('u(k-1)', 'u(k-1)*y(k-2)', 'y(k-2)*y(k-3)', 'y(k-5)')",True,0.02818844475994596,2.220446049250313e-16,5.0,85.0,
E2,MO-lex-K,14,karatsuba,60.953125,9,60.953125,4,5,0.028055878467765253,"('q2(q2(y1))', 'q1(u1)', 'q1(mul(y1, u1))', 'q2(q2(y1))', 'q1(q2(y1))')","('u(k-1)', 'u(k-1)*y(k-2)', 'y(k-4)', 'y(k-5)')",True,0.028055878467765253,2.220446049250313e-16,5.0,85.0,
E2,MO-lex-K,15,karatsuba,60.953125,9,60.953125,4,5,0.02899960310140295,"('mul(q2(y1), u1)', 'q1(q1(y1))', 'q2(q2(y1))', 'q2(y1)', 'q1(u1)')","('u(k)*y(k-3)', 'u(k-1)', 'y(k-3)', 'y(k-5)')",True,0.02899960310140295,2.220446049250313e-16,5.0,85.0,
E2,MO-lex-K,16,karatsuba,72.34375,10,72.34375,4,6,0.02818268848553528,"('mul(y1, q2(y1))', 'q1(mul(u1, y1))', 'q2(q2(y1))', 'q1(u1)', 'q1(mul(u1, y1))')","('u(k-1)', 'u(k-1)*y(k-2)', 'y(k-1)*y(k-3)', 'y(k-5)')",True,0.02818268848553528,2.220446049250313e-16,5.0,85.0,
E2,MO-lex-K,17,karatsuba,48.5625,7,48.5625,3,4,0.02833623162889271,"('q1(u1)', 'q1(u1)', 'q1(mul(y1, u1))', 'q1(u1)', 'q2(q2(y1))')","('u(k-1)', 'u(k-1)*y(k-2)', 'y(k-5)')",True,0.02833623162889271,2.220446049250313e-16,5.0,85.0,
E2,MO-lex-K,18,karatsuba,72.34375,10,72.34375,4,6,0.028946790859196353,"('q1(u1)', 'q1(u1)', 'q2(q2(y1))', 'mul(q1(y1), u1)', 'q1(mul(y1, y1))')","('u(k)*y(k-2)', 'u(k-1)', 'y(k-2)*y(k-2)', 'y(k-5)')",True,0.028946790859196353,2.220446049250313e-16,5.0,85.0,
E2,MO-lex-K,19,karatsuba,72.34375,10,72.34375,4,6,0.02818268848553524,"('mul(q1(y1), q1(u1))', 'q2(q2(y1))', 'mul(q2(y1), y1)', 'q2(q2(y1))', 'q1(u1)')","('u(k-1)', 'u(k-1)*y(k-2)', 'y(k-1)*y(k-3)', 'y(k-5)')",True,0.02818268848553524,2.220446049250313e-16,5.0,85.0,
E2,MO-lex-K,20,karatsuba,48.5625,7,48.5625,3,4,0.028336231628892795,"('q1(u1)', 'q2(q2(y1))', 'q2(q2(y1))', 'q1(u1)', 'q1(mul(u1, y1))')","('u(k-1)', 'u(k-1)*y(k-2)', 'y(k-5)')",True,0.028336231628892795,2.220446049250313e-16,5.0,85.0,
E2,MO-lex-K,21,karatsuba,60.953125,9,60.953125,4,5,0.028055878467765184,"('q1(u1)', 'q2(q1(y1))', 'q2(q2(y1))', 'q1(mul(y1, u1))', 'q1(u1)')","('u(k-1)', 'u(k-1)*y(k-2)', 'y(k-4)', 'y(k-5)')",True,0.028055878467765184,2.220446049250313e-16,5.0,85.0,
E2,MO-lex-K,22,karatsuba,48.5625,7,48.5625,3,4,0.02833623162889277,"('q2(q2(y1))', 'mul(q1(u1), q1(y1))', 'q1(u1)', 'q1(mul(u1, y1))', 'q1(u1)')","('u(k-1)', 'u(k-1)*y(k-2)', 'y(k-5)')",True,0.02833623162889277,2.220446049250313e-16,5.0,85.0,
E2,MO-lex-K,23,karatsuba,48.5625,7,48.5625,3,4,0.028336231628892795,"('q1(u1)', 'q2(q2(y1))', 'q2(q2(y1))', 'q2(q2(y1))', 'q1(mul(y1, u1))')","('u(k-1)', 'u(k-1)*y(k-2)', 'y(k-5)')",True,0.028336231628892795,2.220446049250313e-16,5.0,85.0,
E2,MO-lex-K,24,karatsuba,60.953125,9,60.953125,4,5,0.028336509178523917,"('q1(mul(y1, u1))', 'q2(q2(y1))', 'u1', 'q1(u1)', 'q1(mul(u1, y1))')","('u(k)', 'u(k-1)', 'u(k-1)*y(k-2)', 'y(k-5)')",True,0.028336509178523917,2.220446049250313e-16,5.0,85.0,
E2,MO-lex-K,25,karatsuba,73.34375,11,73.34375,5,6,0.028061057151065962,"('q1(mul(u1, y1))', 'q1(q2(y1))', 'q2(q2(y1))', 'q1(u1)', 'q1(y1)')","('u(k-1)', 'u(k-1)*y(k-2)', 'y(k-2)', 'y(k-4)', 'y(k-5)')",True,0.028061057151065962,2.220446049250313e-16,5.0,85.0,
E2,MO-lex-K,26,karatsuba,72.34375,10,72.34375,4,6,0.02815717361602156,"('q2(q2(y1))', 'q1(u1)', 'q1(u1)', 'mul(q1(u1), q1(y1))', 'mul(y1, u1)')","('u(k)*y(k-1)', 'u(k-1)', 'u(k-1)*y(k-2)', 'y(k-5)')",True,0.02815717361602156,2.220446049250313e-16,5.0,85.0,
E2,MO-lex-K,27,karatsuba,72.34375,10,72.34375,4,6,0.028182688485535283,"('q1(mul(y1, u1))', 'q2(q2(y1))', 'q1(u1)', 'mul(y1, q2(y1))', 'q1(u1)')","('u(k-1)', 'u(k-1)*y(k-2)', 'y(k-1)*y(k-3)', 'y(k-5)')",True,0.028182688485535283,2.220446049250313e-16,5.0,85.0,
E2,MO-lex-K,28,karatsuba,72.34375,10,72.34375,4,6,0.02862129641002024,"('q2(q2(y1))', 'mul(q2(u1), u1)', 'q1(mul(y1, y1))', 'q1(u1)', 'q1(u1)')","('u(k)*u(k-2)', 'u(k-1)', 'y(k-2)*y(k-2)', 'y(k-5)')",True,0.02862129641002024,2.220446049250313e-16,5.0,85.0,
E2,MO-lex-K,29,karatsuba,72.34375,10,72.34375,4,6,0.028074039740755747,"('q1(u1)', 'mul(q1(y1), u1)', 'q1(u1)', 'q2(q2(y1))', 'q1(mul(u1, y1))')","('u(k)*y(k-2)', 'u(k-1)', 'u(k-1)*y(k-2)', 'y(k-5)')",True,0.028074039740755747,3.3306690738754696e-16,5.0,85.0,
E3,MO-lex-K,0,karatsuba,109.515625,16,109.515625,7,9,1.4114130381953272,"('q3(q1(q3(u1)))', 'y1', 'q1(y1)', 'y1', 'q2(q3(q1(u1)))', 'q2(q3(q2(y1)))', 'q3(q3(q2(u1)))', 'mul(mul(q3(u1), q2(y1)), q2(q1(u1)))')","('u(k-3)*u(k-3)*y(k-3)', 'u(k-6)', 'u(k-7)', 'u(k-8)', 'y(k-1)', 'y(k-2)', 'y(k-8)')",True,1.4114130381953272,1.9255708139098715e-12,8.0,192.0,
E3,MO-lex-K,1,karatsuba,109.515625,16,109.515625,7,9,1.3685669607668864,"('q3(q3(u1))', 'q3(q3(q2(u1)))', 'y1', 'q1(q3(q3(y1)))', 'q3(mul(mul(y1, y1), q1(u1)))', 'q2(q1(q3(y1)))', 'q1(q1(q3(u1)))', 'q1(q3(q2(y1)))')","('u(k-4)*y(k-4)*y(k-4)', 'u(k-5)', 'u(k-6)', 'u(k-8)', 'y(k-1)', 'y(k-7)', 'y(k-8)')",True,1.3685669607668864,1.6484591469634324e-12,8.0,192.0,
E3,MO-lex-K,2,karatsuba,109.515625,16,109.515625,7,9,1.2543238892233024,"('q1(q3(q2(u1)))', 'mul(q2(q3(u1)), mul(q3(y1), q3(y1)))', 'q1(q2(q2(u1)))', 'q1(q3(q3(u1)))', 'q2(q2(q3(y1)))', 'q1(q3(q2(y1)))', 'y1', 'q3(q2(u1))')","('u(k-5)', 'u(k-5)*y(k-4)*y(k-4)', 'u(k-6)', 'u(k-7)', 'y(k-1)', 'y(k-7)', 'y(k-8)')",True,1.2543238892233024,2.4229507289419416e-12,8.0,192.0,
E3,MO-lex-K,3,karatsuba,109.515625,16,109.515625,7,9,1.4114130377786807,"('q1(y1)', 'q2(q3(q3(u1)))', 'q3(q3(q1(u1)))', 'q1(y1)', 'y1', 'mul(q1(q2(u1)), mul(q2(y1), q3(u1)))', 'q2(q3(q2(y1)))', 'q2(q2(q2(u1)))')","('u(k-3)*u(k-3)*y(k-3)', 'u(k-6)', 'u(k-7)', 'u(k-8)', 'y(k-1)', 'y(k-2)', 'y(k-8)')",True,1.4114130377786807,2.8421709430404007e-12,8.0,192.0,
E3,MO-lex-K,4,karatsuba,109.515625,16,109.515625,7,9,1.4073547064290304,"('q1(y1)', 'q1(q3(q3(u1)))', 'q3(q2(q2(y1)))', 'q2(q1(q3(u1)))', 'q1(mul(q2(u1), mul(y1, y1)))', 'q3(q3(q2(u1)))', 'y1', 'y1')","('u(k-3)*y(k-2)*y(k-2)', 'u(k-6)', 'u(k-7)', 'u(k-8)', 'y(k-1)', 'y(k-2)', 'y(k-8)')",True,1.4073547064290304,3.9888092828732624e-12,8.0,192.0,
E3,MO-lex-K,5,karatsuba,109.515625,16,109.515625,7,9,1.339835537085711,"('q1(q3(q3(u1)))', 'q3(q3(q1(y1)))', 'q2(q1(q3(u1)))', 'q3(q2(q3(u1)))', 'mul(q2(q1(u1)), mul(q2(y1), q1(y1)))', 'y1', 'q1(y1)', 'y1')","('u(k-3)*y(k-2)*y(k-3)', 'u(k-6)', 'u(k-7)', 'u(k-8)', 'y(k-1)', 'y(k-2)', 'y(k-8)')",True,1.339835537085711,4.462208380573429e-12,8.0,192.0,
E3,MO-lex-K,6,karatsuba,109.515625,16,109.515625,7,9,1.4670512654174257,"('q2(q3(q3(u1)))', 'y1', 'q2(q2(q2(u1)))', 'q3(q3(q1(y1)))', 'q2(q3(q1(y1)))', 'q3(mul(q3(u1), mul(u1, y1)))', 'q1(q3(q3(u1)))', 'y1')","('u(k-3)*u(k-6)*y(k-4)', 'u(k-6)', 'u(k-7)', 'u(k-8)', 'y(k-1)', 'y(k-7)', 'y(k-8)')",True,1.4670512654174257,2.6574298317427747e-12,8.0,192.0,
E3,MO-lex-K,7,karatsuba,144.6875,20,144.6875,8,12,1.1706935881100962,"('q2(q2(q3(u1)))', 'y1', 'mul(q2(q3(y1)), mul(u1, y1))', 'q3(y1)', 'q3(q2(q3(u1)))', 'mul(mul(q1(y1), q3(u1)), q3(u1))', 'q3(q3(q2(y1)))', 'q2(q2(q2(u1)))')","('u(k)*y(k-1)*y(k-6)', 'u(k-3)*u(k-3)*y(k-2)', 'u(k-6)', 'u(k-7)', 'u(k-8)', 'y(k-1)', 'y(k-4)', 'y(k-9)')",True,1.1706935881100962,2.3803181647963356e-12,8.0,191.0,
E3,MO-lex-K,8,karatsuba,109.515625,16,109.515625,7,9,1.4670512654674763,"('y1', 'q3(q2(q3(u1)))', 'q2(q2(q3(y1)))', 'q3(q2(q2(u1)))', 'q3(mul(q3(u1), mul(u1, y1)))', 'q3(q3(u1))', 'q2(q1(q3(y1)))', 'y1')","('u(k-3)*u(k-6)*y(k-4)', 'u(k-6)', 'u(k-7)', 'u(k-8)', 'y(k-1)', 'y(k-7)', 'y(k-8)')",True,1.4670512654674763,1.9042545318370685e-12,8.0,192.0,
E3,MO-lex-K,9,karatsuba,109.515625,16,109.515625,7,9,1.299601640550438,"('y1', 'q3(q1(q1(u1)))', 'q1(y1)', 'q3(q1(q1(u1)))', 'q3(mul(mul(u1, u1), q2(u1)))', 'q1(q3(q3(u1)))', 'q2(q2(q2(u1)))', 'q3(q2(q2(y1)))')","('u(k-3)*u(k-3)*u(k-5)', 'u(k-5)', 'u(k-6)', 'u(k-7)', 'y(k-1)', 'y(k-2)', 'y(k-8)')",True,1.299601640550438,6.0964566728216596e-12,8.0,192.0,
E3,MO-lex-K,10,karatsuba,166.46875,21,166.46875,7,14,0.5000326217763083,"('mul(q2(u1), mul(u1, u1))', 'mul(q3(q2(y1)), q2(y1))', 'q2(q3(u1))', 'q2(q3(y1))', 'q3(u1)', 'mul(mul(q2(u1), q1(u1)), q2(q2(u1)))', 'mul(q1(u1), q2(mul(u1, u1)))', 'q2(q3(u1))')","('u(k)*u(k)*u(k-2)', 'u(k-1)*u(k-2)*u(k-2)', 'u(k-1)*u(k-2)*u(k-4)', 'u(k-3)', 'u(k-5)', 'y(k-3)*y(k-6)', 'y(k-6)')",True,0.5000326217763083,3.410605131648481e-13,8.0,194.0,
E3,MO-lex-K,11,karatsuba,155.078125,20,155.078125,7,13,1.5731477329613914,"('q2(u1)', 'mul(mul(y1, u1), q3(u1))', 'mul(u1, mul(q3(u1), y1))', 'mul(q3(q2(u1)), q2(mul(u1, y1)))', 'mul(u1, mul(u1, u1))', 'q2(q3(q2(u1)))', 'q1(q3(y1))', 'q2(q2(q3(y1)))')","('u(k)*u(k)*u(k)', 'u(k)*u(k-3)*y(k-1)', 'u(k-2)', 'u(k-2)*u(k-5)*y(k-3)', 'u(k-7)', 'y(k-5)', 'y(k-8)')",True,1.5731477329613914,7.418066161335446e-11,8.0,192.0,
E3,MO-lex-K,12,karatsuba,109.515625,16,109.515625,7,9,1.4309455630478096,"('q2(q2(q3(u1)))', 'q3(q1(q3(y1)))', 'q2(q1(q3(u1)))', 'q2(q3(q1(u1)))', 'q2(q3(q3(u1)))', 'y1', 'mul(q2(mul(u1, y1)), q2(q2(u1)))', 'q1(y1)')","('u(k-2)*u(k-4)*y(k-3)', 'u(k-6)', 'u(k-7)', 'u(k-8)', 'y(k-1)', 'y(k-2)', 'y(k-8)')",True,1.4309455630478096,4.348521542851813e-12,8.0,192.0,
E3,MO-lex-K,13,karatsuba,133.296875,19,133.296875,8,11,1.4978106212189835,"('mul(mul(q3(y1), q3(u1)), q3(q3(u1)))', 'q3(q1(q3(y1)))', 'q3(q1(q3(u1)))', 'q2(q3(q1(u1)))', 'q1(q3(mul(y1, y1)))', 'q2(q2(q2(y1)))', 'y1', 'q2(q3(q3(u1)))')","('u(k-3)*u(k-6)*y(k-4)', 'u(k-6)', 'u(k-7)', 'u(k-8)', 'y(k-1)', 'y(k-5)*y(k-5)', 'y(k-7)', 'y(k-8)')",True,1.4978106212189835,3.296918293926865e-12,8.0,192.0,
E3,MO-lex-K,14,karatsuba,86.734375,14,86.734375,7,7,1.424536414312042,"('y1', 'q1(q3(q2(y1)))', 'q1(u1)', 'q2(u1)', 'y1', 'q3(q3(q1(y1)))', 'u1', 'q2(q1(u1))')","('u(k)', 'u(k-1)', 'u(k-2)', 'u(k-3)', 'y(k-1)', 'y(k-7)', 'y(k-8)')",True,1.424536414312042,4.18367562815547e-11,8.0,192.0,
E3,MO-lex-K,15,karatsuba,144.6875,20,144.6875,8,12,1.0777152814237663,"('q3(q3(q3(u1)))', 'q1(q2(u1))', 'q3(mul(u1, mul(y1, u1)))', 'y1', 'mul(mul(q1(u1), q1(u1)), q3(q3(y1)))', 'q3(q2(q3(u1)))', 'q3(q3(q3(y1)))', 'q3(q1(y1))')","('u(k-1)*u(k-1)*y(k-7)', 'u(k-3)', 'u(k-3)*u(k-3)*y(k-4)', 'u(k-8)', 'u(k-9)', 'y(k-1)', 'y(k-10)', 'y(k-5)')",True,1.0777152814237663,2.318145675417327e-13,8.0,190.0,
E3,MO-lex-K,16,karatsuba,109.515625,16,109.515625,7,9,1.3737644606081234,"('y1', 'q3(q3(u1))', 'q1(q3(q3(y1)))', 'q1(q2(q3(y1)))', 'y1', 'mul(mul(q3(u1), q3(y1)), q2(q3(y1)))', 'q1(q3(q3(u1)))', 'q2(q3(q3(u1)))')","('u(k-3)*y(k-4)*y(k-6)', 'u(k-6)', 'u(k-7)', 'u(k-8)', 'y(k-1)', 'y(k-7)', 'y(k-8)')",True,1.3737644606081234,1.7337242752546445e-12,8.0,192.0,
E3,MO-lex-K,17,karatsuba,109.515625,16,109.515625,7,9,1.4309455630836678,"('q2(q2(q3(y1)))', 'y1', 'q3(q2(q3(u1)))', 'q1(y1)', 'q2(mul(q2(u1), mul(u1, y1)))', 'y1', 'q3(q1(q3(u1)))', 'q3(q3(u1))')","('u(k-2)*u(k-4)*y(k-3)', 'u(k-6)', 'u(k-7)', 'u(k-8)', 'y(k-1)', 'y(k-2)', 'y(k-8)')",True,1.4309455630836678,2.4016344468691386e-12,8.0,192.0,
E3,MO-lex-K,18,karatsuba,109.515625,16,109.515625,7,9,1.474250042250113,"('q3(q3(q2(u1)))', 'q2(q2(q3(y1)))', 'q3(q3(q1(u1)))', 'q3(q3(q2(u1)))', 'q3(q3(y1))', 'q3(q3(u1))', 'y1', 'mul(q3(q1(y1)), mul(q3(u1), q3(y1)))')","('u(k-3)*y(k-4)*y(k-5)', 'u(k-6)', 'u(k-7)', 'u(k-8)', 'y(k-1)', 'y(k-7)', 'y(k-8)')",True,1.474250042250113,3.0340174816956278e-12,8.0,192.0,
E3,MO-lex-K,19,karatsuba,109.515625,16,109.515625,7,9,1.4670512654687449,"('q3(mul(mul(y1, u1), q3(u1)))', 'q2(q2(q3(y1)))', 'q3(q2(q3(u1)))', 'q3(q3(u1))', 'q3(q3(y1))', 'q2(q2(q2(y1)))', 'y1', 'q3(q2(q2(u1)))')","('u(k-3)*u(k-6)*y(k-4)', 'u(k-6)', 'u(k-7)', 'u(k-8)', 'y(k-1)', 'y(k-7)', 'y(k-8)')",True,1.4670512654687449,2.7355895326763857e-12,8.0,192.0,
E3,MO-lex-K,20,karatsuba,109.515625,16,109.515625,7,9,1.3814531183213783,"('q1(y1)', 'y1', 'q2(q2(q3(y1)))', 'q2(q3(u1))', 'q3(q3(q2(u1)))', 'q3(mul(q2(u1), mul(u1, u1)))', 'q3(q1(q3(u1)))', 'q1(q3(q1(u1)))')","('u(k-3)*u(k-3)*u(k-5)', 'u(k-5)', 'u(k-7)', 'u(k-8)', 'y(k-1)', 'y(k-2)', 'y(k-8)')",True,1.3814531183213783,1.1368683772161603e-12,8.0,192.0,
E3,MO-lex-K,21,karatsuba,144.6875,20,144.6875,8,12,1.1192204615298393,"('mul(mul(u1, u1), q3(q3(y1)))', 'q3(q3(q3(u1)))', 'q1(mul(mul(u1, y1), q3(u1)))', 'q2(q3(q2(u1)))', 'q2(q3(q2(y1)))', 'q3(q2(q3(u1)))', 'y1', 'q3(y1)')","('u(k)*u(k)*y(k-7)', 'u(k-1)*u(k-4)*y(k-2)', 'u(k-7)', 'u(k-8)', 'u(k-9)', 'y(k-1)', 'y(k-4)', 'y(k-8)')",True,1.1192204615298393,4.920508445138694e-13,8.0,191.0,
E3,MO-lex-K,22,karatsuba,86.734375,14,86.734375,7,7,1.4245364143079842,"('q3(q3(y1))', 'u1', 'q2(q3(q2(y1)))', 'q1(u1)', 'q1(q2(q3(y1)))', 'q3(u1)', 'y1', 'q2(u1)')","('u(k)', 'u(k-1)', 'u(k-2)', 'u(k-3)', 'y(k-1)', 'y(k-7)', 'y(k-8)')",True,1.4245364143079842,3.2741809263825417e-11,8.0,192.0,
E3,MO-lex-K,23,karatsuba,142.6875,18,142.6875,6,12,0.06446755592298278,"('mul(q3(q1(u1)), mul(q2(y1), q1(u1)))', 'mul(mul(u1, u1), y1)', 'q2(q1(q1(u1)))', 'q3(q2(u1))', 'mul(mul(q1(u1), q1(u1)), y1)', 'y1', 'y1', 'mul(u1, mul(u1, y1))')","('u(k)*u(k)*y(k-1)', 'u(k-1)*u(k-1)*y(k-1)', 'u(k-1)*u(k-4)*y(k-3)', 'u(k-4)', 'u(k-5)', 'y(k-1)')",True,0.06446755592298278,7.815970093361102e-14,8.0,195.0,
E3,MO-lex-K,24,karatsuba,109.515625,16,109.515625,7,9,1.4670512654698473,"('q2(q3(q3(u1)))', 'q3(mul(q3(u1), mul(y1, u1)))', 'y1', 'q3(q3(u1))', 'q2(q2(q2(y1)))', 'q3(q3(q1(y1)))', 'q2(q3(q2(u1)))', 'y1')","('u(k-3)*u(k-6)*y(k-4)', 'u(k-6)', 'u(k-7)', 'u(k-8)', 'y(k-1)', 'y(k-7)', 'y(k-8)')",True,1.4670512654698473,3.296918293926865e-12,8.0,192.0,
E3,MO-lex-K,25,karatsuba,109.515625,16,109.515625,7,9,1.3398355368559265,"('q2(q3(q2(u1)))', 'y1', 'q3(q3(q2(u1)))', 'q1(q3(q3(y1)))', 'mul(q3(u1), mul(q2(y1), q1(y1)))', 'q1(y1)', 'q3(q1(q3(y1)))', 'q2(q3(q1(u1)))')","('u(k-3)*y(k-2)*y(k-3)', 'u(k-6)', 'u(k-7)', 'u(k-8)', 'y(k-1)', 'y(k-2)', 'y(k-8)')",True,1.3398355368559265,3.7339020764193265e-12,8.0,192.0,
E3,MO-lex-K,26,karatsuba,109.515625,16,109.515625,7,9,1.4181047658819748,"('y1', 'mul(q3(q1(u1)), mul(q1(y1), q3(u1)))', 'q1(q3(q3(y1)))', 'q1(y1)', 'q2(q2(q2(u1)))', 'q1(y1)', 'q3(q2(q2(u1)))', 'q2(q3(q3(u1)))')","('u(k-3)*u(k-4)*y(k-2)', 'u(k-6)', 'u(k-7)', 'u(k-8)', 'y(k-1)', 'y(k-2)', 'y(k-8)')",True,1.4181047658819748,2.9416469260468148e-12,8.0,192.0,
E3,MO-lex-K,27,karatsuba,109.515625,16,109.515625,7,9,1.4296840167920426,"('q3(q3(y1))', 'q2(q3(q1(u1)))', 'y1', 'y1', 'q3(q3(q1(u1)))', 'q2(q3(q2(y1)))', 'q3(mul(q1(u1), mul(y1, y1)))', 'q3(q3(q2(u1)))')","('u(k-4)*y(k-4)*y(k-4)', 'u(k-6)', 'u(k-7)', 'u(k-8)', 'y(k-1)', 'y(k-7)', 'y(k-8)')",True,1.4296840167920426,1.8189894035458565e-12,8.0,192.0,
E3,MO-lex-K,28,karatsuba,86.734375,14,86.734375,7,7,1.5473864518772669,"('q3(u1)', 'q1(q3(u1))', 'q3(q3(y1))', 'q2(q3(q2(y1)))', 'q2(q3(q2(y1)))', 'q2(q3(u1))', 'q2(q2(q2(u1)))', 'y1')","('u(k-3)', 'u(k-4)', 'u(k-5)', 'u(k-6)', 'y(k-1)', 'y(k-7)', 'y(k-8)')",True,1.5473864518772669,2.0660806399064313e-11,8.0,192.0,
E3,MO-lex-K,29,karatsuba,109.515625,16,109.515625,7,9,inf,"('q2(q3(q2(y1)))', 'q3(q1(q3(u1)))', 'mul(q1(q2(y1)), mul(q3(y1), q3(y1)))', 'q3(q3(q2(u1)))', 'q3(q3(q1(y1)))', 'q3(q3(u1))', 'y1', 'q3(q3(y1))')","('u(k-6)', 'u(k-7)', 'u(k-8)', 'y(k-1)', 'y(k-4)*y(k-4)*y(k-4)', 'y(k-7)', 'y(k-8)')",False,,,,,failed validation
E1,Green-K,0,karatsuba,48.5625,7,48.5625,3,4,7.142928451732104e-16,"('y1', 'u1', 'mul(y1, u1)', 'y1', 'u1')","('u(k)', 'u(k)*y(k-1)', 'y(k-1)')",True,7.142928451732104e-16,2.220446049250313e-16,5.0,89.0,
E1,Green-K,1,karatsuba,48.5625,7,48.5625,3,4,3.0443950575286657e-15,"('u1', 'mul(u1, y1)', 'u1', 'u1', 'y1')","('u(k)', 'u(k)*y(k-1)', 'y(k-1)')",True,3.0443950575286657e-15,2.220446049250313e-16,5.0,89.0,
E1,Green-K,2,karatsuba,48.5625,7,48.5625,3,4,3.133304983038018e-15,"('u1', 'y1', 'y1', 'y1', 'mul(y1, u1)')","('u(k)', 'u(k)*y(k-1)', 'y(k-1)')",True,3.133304983038018e-15,6.661338147750939e-16,5.0,89.0,
E1,Green-K,3,karatsuba,48.5625,7,48.5625,3,4,7.142928451732104e-16,"('y1', 'u1', 'mul(u1, y1)', 'u1', 'y1')","('u(k)', 'u(k)*y(k-1)', 'y(k-1)')",True,7.142928451732104e-16,4.440892098500626e-16,5.0,89.0,
E1,Green-K,4,karatsuba,48.5625,7,48.5625,3,4,1.2648814273871748e-15,"('u1', 'y1', 'u1', 'y1', 'mul(y1, u1)')","('u(k)', 'u(k)*y(k-1)', 'y(k-1)')",True,1.2648814273871748e-15,6.661338147750939e-16,5.0,89.0,
E1,Green-K,5,karatsuba,48.5625,7,48.5625,3,4,2.1233430408575456e-15,"('mul(u1, y1)', 'u1', 'y1', 'y1', 'u1')","('u(k)', 'u(k)*y(k-1)', 'y(k-1)')",True,2.1233430408575456e-15,4.440892098500626e-16,5.0,89.0,
E1,Green-K,6,karatsuba,48.5625,7,48.5625,3,4,9.267039282010344e-16,"('y1', 'y1', 'mul(u1, y1)', 'u1', 'u1')","('u(k)', 'u(k)*y(k-1)', 'y(k-1)')",True,9.267039282010344e-16,4.440892098500626e-16,5.0,89.0,
E1,Green-K,7,karatsuba,48.5625,7,48.5625,3,4,1.947580698642516e-15,"('y1', 'u1', 'mul(y1, u1)', 'u1', 'u1')","('u(k)', 'u(k)*y(k-1)', 'y(k-1)')",True,1.947580698642516e-15,2.220446049250313e-16,5.0,89.0,
E1,Green-K,8,karatsuba,48.5625,7,48.5625,3,4,5.29658930435707e-16,"('mul(y1, u1)', 'y1', 'u1', 'mul(y1, u1)', 'y1')","('u(k)', 'u(k)*y(k-1)', 'y(k-1)')",True,5.29658930435707e-16,2.220446049250313e-16,5.0,89.0,
E1,Green-K,9,karatsuba,48.5625,7,48.5625,3,4,9.03448256430443e-16,"('u1', 'mul(y1, u1)', 'y1', 'y1', 'u1')","('u(k)', 'u(k)*y(k-1)', 'y(k-1)')",True,9.03448256430443e-16,4.440892098500626e-16,5.0,89.0,
E1,Green-K,10,karatsuba,48.5625,7,48.5625,3,4,1.895154008727764e-15,"('u1', 'y1', 'y1', 'mul(u1, y1)', 'y1')","('u(k)', 'u(k)*y(k-1)', 'y(k-1)')",True,1.895154008727764e-15,3.3306690738754696e-16,5.0,89.0,
E1,Green-K,11,karatsuba,48.5625,7,48.5625,3,4,8.878886681264161e-16,"('y1', 'u1', 'y1', 'mul(y1, u1)', 'u1')","('u(k)', 'u(k)*y(k-1)', 'y(k-1)')",True,8.878886681264161e-16,6.661338147750939e-16,5.0,89.0,
E1,Green-K,12,karatsuba,48.5625,7,48.5625,3,4,1.2031003816395871e-15,"('y1', 'y1', 'u1', 'mul(y1, u1)', 'u1')","('u(k)', 'u(k)*y(k-1)', 'y(k-1)')",True,1.2031003816395871e-15,5.551115123125783e-16,5.0,89.0,
E1,Green-K,13,karatsuba,48.5625,7,48.5625,3,4,4.084126682246382e-16,"('u1', 'mul(y1, u1)', 'u1', 'y1', 'u1')","('u(k)', 'u(k)*y(k-1)', 'y(k-1)')",True,4.084126682246382e-16,2.220446049250313e-16,5.0,89.0,
E1,Green-K,14,karatsuba,48.5625,7,48.5625,3,4,3.252858957327326e-16,"('y1', 'u1', 'u1', 'y1', 'mul(u1, y1)')","('u(k)', 'u(k)*y(k-1)', 'y(k-1)')",True,3.252858957327326e-16,2.220446049250313e-16,5.0,89.0,
E1,Green-K,15,karatsuba,48.5625,7,48.5625,3,4,1.5944835719487724e-15,"('mul(u1, y1)', 'y1', 'u1', 'y1', 'y1')","('u(k)', 'u(k)*y(k-1)', 'y(k-1)')",True,1.5944835719487724e-15,6.661338147750939e-16,5.0,89.0,
E1,Green-K,16,karatsuba,48.5625,7,48.5625,3,4,1.947580698642516e-15,"('y1', 'u1', 'mul(y1, u1)', 'u1', 'u1')","('u(k)', 'u(k)*y(k-1)', 'y(k-1)')",True,1.947580698642516e-15,2.220446049250313e-16,5.0,89.0,
E1,Green-K,17,karatsuba,48.5625,7,48.5625,3,4,2.1677456228804145e-15,"('y1', 'mul(u1, y1)', 'u1', 'u1', 'u1')","('u(k)', 'u(k)*y(k-1)', 'y(k-1)')",True,2.1677456228804145e-15,4.440892098500626e-16,5.0,89.0,
E1,Green-K,18,karatsuba,48.5625,7,48.5625,3,4,3.2489343803753984e-16,"('u1', 'u1', 'mul(y1, u1)', 'u1', 'y1')","('u(k)', 'u(k)*y(k-1)', 'y(k-1)')",True,3.2489343803753984e-16,2.220446049250313e-16,5.0,89.0,
E1,Green-K,19,karatsuba,48.5625,7,48.5625,3,4,1.4709222633268395e-15,"('mul(u1, y1)', 'y1', 'y1', 'u1', 'u1')","('u(k)', 'u(k)*y(k-1)', 'y(k-1)')",True,1.4709222633268395e-15,4.440892098500626e-16,5.0,89.0,
E1,Green-K,20,karatsuba,48.5625,7,48.5625,3,4,3.4896201714327896e-16,"('y1', 'u1', 'y1', 'mul(y1, u1)', 'mul(u1, y1)')","('u(k)', 'u(k)*y(k-1)', 'y(k-1)')",True,3.4896201714327896e-16,4.440892098500626e-16,5.0,89.0,
E1,Green-K,21,karatsuba,48.5625,7,48.5625,3,4,9.03448256430443e-16,"('u1', 'mul(u1, y1)', 'y1', 'u1', 'y1')","('u(k)', 'u(k)*y(k-1)', 'y(k-1)')",True,9.03448256430443e-16,2.220446049250313e-16,5.0,89.0,
E1,Green-K,22,karatsuba,48.5625,7,48.5625,3,4,7.142928451732104e-16,"('y1', 'u1', 'mul(y1, u1)', 'u1', 'y1')","('u(k)', 'u(k)*y(k-1)', 'y(k-1)')",True,7.142928451732104e-16,4.440892098500626e-16,5.0,89.0,
E1,Green-K,23,karatsuba,48.5625,7,48.5625,3,4,9.03448256430443e-16,"('u1', 'mul(y1, u1)', 'y1', 'y1', 'u1')","('u(k)', 'u(k)*y(k-1)', 'y(k-1)')",True,9.03448256430443e-16,4.440892098500626e-16,5.0,89.0,
E1,Green-K,24,karatsuba,48.5625,7,48.5625,3,4,3.0443950575286657e-15,"('u1', 'mul(u1, y1)', 'u1', 'u1', 'y1')","('u(k)', 'u(k)*y(k-1)', 'y(k-1)')",True,3.0443950575286657e-15,2.220446049250313e-16,5.0,89.0,
E1,Green-K,25,karatsuba,48.5625,7,48.5625,3,4,1.035053617371294e-15,"('mul(y1, u1)', 'u1', 'u1', 'y1', 'y1')","('u(k)', 'u(k)*y(k-1)', 'y(k-1)')",True,1.035053617371294e-15,4.440892098500626e-16,5.0,89.0,
E1,Green-K,26,karatsuba,48.5625,7,48.5625,3,4,1.9964913575063468e-15,"('y1', 'u1', 'u1', 'u1', 'mul(u1, y1)')","('u(k)', 'u(k)*y(k-1)', 'y(k-1)')",True,1.9964913575063468e-15,2.220446049250313e-16,5.0,89.0,
E1,Green-K,27,karatsuba,48.5625,7,48.5625,3,4,1.2862667904077988e-15,"('y1', 'mul(u1, y1)', 'u1', 'u1', 'mul(y1, u1)')","('u(k)', 'u(k)*y(k-1)', 'y(k-1)')",True,1.2862667904077988e-15,4.440892098500626e-16,5.0,89.0,
E1,Green-K,28,karatsuba,48.5625,7,48.5625,3,4,8.878886681264161e-16,"('y1', 'u1', 'y1', 'mul(u1, y1)', 'u1')","('u(k)', 'u(k)*y(k-1)', 'y(k-1)')",True,8.878886681264161e-16,6.661338147750939e-16,5.0,89.0,
E1,Green-K,29,karatsuba,48.5625,7,48.5625,3,4,1.044925924616553e-15,"('u1', 'y1', 'u1', 'mul(y1, u1)', 'u1')","('u(k)', 'u(k)*y(k-1)', 'y(k-1)')",True,1.044925924616553e-15,2.220446049250313e-16,5.0,89.0,
E2,Green-K,0,karatsuba,48.5625,7,48.5625,3,4,0.028336231628892716,"('q2(q2(y1))', 'q1(mul(y1, u1))', 'q2(q2(y1))', 'q1(mul(u1, y1))', 'q1(u1)')","('u(k-1)', 'u(k-1)*y(k-2)', 'y(k-5)')",True,0.028336231628892716,2.220446049250313e-16,5.0,85.0,
E2,Green-K,1,karatsuba,48.5625,7,48.5625,3,4,0.02833623162889273,"('q2(q2(y1))', 'q1(u1)', 'q1(u1)', 'q1(u1)', 'q1(mul(y1, u1))')","('u(k-1)', 'u(k-1)*y(k-2)', 'y(k-5)')",True,0.02833623162889273,2.220446049250313e-16,5.0,85.0,
E2,Green-K,2,karatsuba,48.5625,7,48.5625,3,4,0.028336231628892785,"('q1(u1)', 'q1(mul(u1, y1))', 'q2(q2(y1))', 'q1(u1)', 'q1(u1)')","('u(k-1)', 'u(k-1)*y(k-2)', 'y(k-5)')",True,0.028336231628892785,2.220446049250313e-16,5.0,85.0,
E2,Green-K,3,karatsuba,48.5625,7,48.5625,3,4,0.028336231628892802,"('q1(u1)', 'q1(u1)', 'q1(u1)', 'q2(q2(y1))', 'q1(mul(y1, u1))')","('u(k-1)', 'u(k-1)*y(k-2)', 'y(k-5)')",True,0.028336231628892802,2.220446049250313e-16,5.0,85.0,
E2,Green-K,4,karatsuba,48.5625,7,48.5625,3,4,0.02833623162889278,"('q2(q2(y1))', 'q2(q2(y1))', 'q1(u1)', 'q1(u1)', 'mul(q1(y1), q1(u1))')","('u(k-1)', 'u(k-1)*y(k-2)', 'y(k-5)')",True,0.02833623162889278,2.220446049250313e-16,5.0,85.0,
E2,Green-K,5,karatsuba,48.5625,7,48.5625,3,4,0.0283362316288928,"('q1(mul(u1, y1))', 'q1(mul(y1, u1))', 'q1(u1)', 'q2(q2(y1))', 'q1(u1)')","('u(k-1)', 'u(k-1)*y(k-2)', 'y(k-5)')",True,0.0283362316288928,2.220446049250313e-16,5.0,85.0,
E2,Green-K,6,karatsuba,48.5625,7,48.5625,3,4,0.02833623162889271,"('q1(u1)', 'q1(u1)', 'q1(mul(u1, y1))', 'q1(u1)', 'q2(q2(y1))')","('u(k-1)', 'u(k-1)*y(k-2)', 'y(k-5)')",True,0.02833623162889271,2.220446049250313e-16,5.0,85.0,
E2,Green-K,7,karatsuba,48.5625,7,48.5625,3,4,0.028336231628892813,"('q1(mul(y1, u1))', 'q2(q2(y1))', 'q1(u1)', 'q1(u1)', 'q2(q2(y1))')","('u(k-1)', 'u(k-1)*y(k-2)', 'y(k-5)')",True,0.028336231628892813,2.220446049250313e-16,5.0,85.0,
E2,Green-K,8,karatsuba,48.5625,7,48.5625,3,4,0.028336231628892785,"('q1(u1)', 'mul(q1(u1), q1(y1))', 'q2(q2(y1))', 'q1(u1)', 'q1(u1)')","('u(k-1)', 'u(k-1)*y(k-2)', 'y(k-5)')",True,0.028336231628892785,2.220446049250313e-16,5.0,85.0,
E2,Green-K,9,karatsuba,60.953125,9,60.953125,4,5,0.02805587846776524,"('q1(mul(y1, u1))', 'q1(u1)', 'q2(q2(y1))', 'q2(q2(y1))', 'q2(q1(y1))')","('u(k-1)', 'u(k-1)*y(k-2)', 'y(k-4)', 'y(k-5)')",True,0.02805587846776524,2.220446049250313e-16,5.0,85.0,
E2,Green-K,10,karatsuba,48.5625,7,48.5625,3,4,0.02833623162889277,"('q1(mul(y1, u1))', 'q1(u1)', 'q1(u1)', 'q1(u1)', 'q2(q2(y1))')","('u(k-1)', 'u(k-1)*y(k-2)', 'y(k-5)')",True,0.02833623162889277,2.220446049250313e-16,5.0,85.0,
E2,Green-K,11,karatsuba,48.5625,7,48.5625,3,4,0.028336231628892785,"('q1(u1)', 'mul(q1(u1), q1(y1))', 'q2(q2(y1))', 'q1(u1)', 'q1(u1)')","('u(k-1)', 'u(k-1)*y(k-2)', 'y(k-5)')",True,0.028336231628892785,2.220446049250313e-16,5.0,85.0,
E2,Green-K,12,karatsuba,48.5625,7,48.5625,3,4,0.02833623162889279,"('q2(q2(y1))', 'q1(u1)', 'q1(mul(u1, y1))', 'q2(q2(y1))', 'q1(mul(u1, y1))')","('u(k-1)', 'u(k-1)*y(k-2)', 'y(k-5)')",True,0.02833623162889279,2.220446049250313e-16,5.0,85.0,
E2,Green-K,13,karatsuba,48.5625,7,48.5625,3,4,0.028336231628892854,"('q1(u1)', 'mul(q1(y1), q1(u1))', 'q1(mul(y1, u1))', 'q1(u1)', 'q2(q2(y1))')","('u(k-1)', 'u(k-1)*y(k-2)', 'y(k-5)')",True,0.028336231628892854,2.220446049250313e-16,5.0,85.0,
E2,Green-K,14,karatsuba,48.5625,7,48.5625,3,4,0.028336231628892802,"('q2(q2(y1))', 'q1(u1)', 'q1(mul(u1, y1))', 'q2(q2(y1))', 'q1(u1)')","('u(k-1)', 'u(k-1)*y(k-2)', 'y(k-5)')",True,0.028336231628892802,4.440892098500626e-16,5.0,85.0,
E2,Green-K,15,karatsuba,48.5625,7,48.5625,3,4,0.028336231628892743,"('q1(u1)', 'q2(q2(y1))', 'q1(u1)', 'q1(mul(y1, u1))', 'q1(u1)')","('u(k-1)', 'u(k-1)*y(k-2)', 'y(k-5)')",True,0.028336231628892743,2.220446049250313e-16,5.0,85.0,
E2,Green-K,16,karatsuba,48.5625,7,48.5625,3,4,0.02833623162889278,"('q1(u1)', 'q2(q2(y1))', 'q1(mul(y1, u1))', 'q1(u1)', 'q2(q2(y1))')","('u(k-1)', 'u(k-1)*y(k-2)', 'y(k-5)')",True,0.02833623162889278,2.220446049250313e-16,5.0,85.0,
E2,Green-K,17,karatsuba,48.5625,7,48.5625,3,4,0.028336231628892785,"('q1(mul(y1, u1))', 'q1(u1)', 'q1(mul(y1, u1))', 'q2(q2(y1))', 'q1(u1)')","('u(k-1)', 'u(k-1)*y(k-2)', 'y(k-5)')",True,0.028336231628892785,2.220446049250313e-16,5.0,85.0,
E2,Green-K,18,karatsuba,60.953125,9,60.953125,4,5,0.02776895984100228,"('q2(q1(y1))', 'q1(q2(u1))', 'q1(u1)', 'q1(mul(u1, y1))', 'q1(q2(u1))')","('u(k-1)', 'u(k-1)*y(k-2)', 'u(k-3)', 'y(k-4)')",True,0.02776895984100228,2.220446049250313e-16,5.0,86.0,
E2,Green-K,19,karatsuba,48.5625,7,48.5625,3,4,0.028336231628892785,"('mul(q1(u1), q1(y1))', 'q1(u1)', 'q1(u1)', 'q2(q2(y1))', 'q1(mul(u1, y1))')","('u(k-1)', 'u(k-1)*y(k-2)', 'y(k-5)')",True,0.028336231628892785,2.220446049250313e-16,5.0,85.0,
E2,Green-K,20,karatsuba,48.5625,7,48.5625,3,4,0.028336231628892813,"('mul(q1(y1), q1(u1))', 'q1(mul(u1, y1))', 'q2(q2(y1))', 'q1(u1)', 'q2(q2(y1))')","('u(k-1)', 'u(k-1)*y(k-2)', 'y(k-5)')",True,0.028336231628892813,2.220446049250313e-16,5.0,85.0,
E2,Green-K,21,karatsuba,48.5625,7,48.5625,3,4,0.028336231628892823,"('q1(u1)', 'q1(u1)', 'q2(q2(y1))', 'q2(q2(y1))', 'q1(mul(u1, y1))')","('u(k-1)', 'u(k-1)*y(k-2)', 'y(k-5)')",True,0.028336231628892823,2.220446049250313e-16,5.0,85.0,
E2,Green-K,22,karatsuba,48.5625,7,48.5625,3,4,0.02833623162889273,"('q2(q2(y1))', 'q1(u1)', 'q1(u1)', 'q1(u1)', 'mul(q1(y1), q1(u1))')","('u(k-1)', 'u(k-1)*y(k-2)', 'y(k-5)')",True,0.02833623162889273,2.220446049250313e-16,5.0,85.0,
E2,Green-K,23,karatsuba,48.5625,7,48.5625,3,4,0.028336231628892813,"('q1(u1)', 'q2(q2(y1))', 'q1(u1)', 'q2(q2(y1))', 'q1(mul(y1, u1))')","('u(k-1)', 'u(k-1)*y(k-2)', 'y(k-5)')",True,0.028336231628892813,2.220446049250313e-16,5.0,85.0,
E2,Green-K,24,karatsuba,48.5625,7,48.5625,3,4,0.028336231628892775,"('q2(q2(y1))', 'q1(u1)', 'q1(mul(y1, u1))', 'q2(q2(y1))', 'q2(q2(y1))')","('u(k-1)', 'u(k-1)*y(k-2)', 'y(k-5)')",True,0.028336231628892775,2.220446049250313e-16,5.0,85.0,
E2,Green-K,25,karatsuba,48.5625,7,48.5625,3,4,0.02833623162889278,"('q1(mul(y1, u1))', 'q2(q2(y1))', 'q2(q2(y1))', 'q1(mul(u1, y1))', 'q1(u1)')","('u(k-1)', 'u(k-1)*y(k-2)', 'y(k-5)')",True,0.02833623162889278,2.220446049250313e-16,5.0,85.0,
E2,Green-K,26,karatsuba,48.5625,7,48.5625,3,4,0.02833623162889271,"('q2(q2(y1))', 'q1(u1)', 'q2(q2(y1))', 'mul(q1(u1), q1(y1))', 'q1(mul(y1, u1))')","('u(k-1)', 'u(k-1)*y(k-2)', 'y(k-5)')",True,0.02833623162889271,4.440892098500626e-16,5.0,85.0,
E2,Green-K,27,karatsuba,48.5625,7,48.5625,3,4,0.028336231628892747,"('q1(mul(u1, y1))', 'q1(u1)', 'q2(q2(y1))', 'q2(q2(y1))', 'q2(q2(y1))')","('u(k-1)', 'u(k-1)*y(k-2)', 'y(k-5)')",True,0.028336231628892747,2.220446049250313e-16,5.0,85.0,
E2,Green-K,28,karatsuba,48.5625,7,48.5625,3,4,0.028336231628892705,"('q2(q2(y1))', 'q1(u1)', 'q1(mul(u1, y1))', 'q1(u1)', 'q1(u1)')","('u(k-1)', 'u(k-1)*y(k-2)', 'y(k-5)')",True,0.028336231628892705,2.220446049250313e-16,5.0,85.0,
E2,Green-K,29,karatsuba,48.5625,7,48.5625,3,4,0.028336231628892802,"('q2(q2(y1))', 'q1(mul(y1, u1))', 'q1(u1)', 'q2(q2(y1))', 'q1(u1)')","('u(k-1)', 'u(k-1)*y(k-2)', 'y(k-5)')",True,0.028336231628892802,2.220446049250313e-16,5.0,85.0,
E3,Green-K,0,karatsuba,109.515625,16,109.515625,7,9,1.4483227715680842,"('q2(q1(u1))', 'mul(q2(q3(y1)), q2(mul(u1, u1)))', 'q1(y1)', 'q2(q3(q3(u1)))', 'q2(q2(q2(u1)))', 'q2(q3(q2(y1)))', 'q2(q1(u1))', 'y1')","('u(k-2)*u(k-2)*y(k-6)', 'u(k-3)', 'u(k-6)', 'u(k-8)', 'y(k-1)', 'y(k-2)', 'y(k-8)')",True,1.4483227715680842,1.0196288258157438e-12,8.0,192.0,
E3,Green-K,1,karatsuba,86.734375,14,86.734375,7,7,2.5143968677737876,"('q3(y1)', 'q3(q3(q2(u1)))', 'q1(q3(q3(y1)))', 'y1', 'q3(q2(q2(u1)))', 'q3(q3(u1))', 'y1', 'q1(y1)')","('u(k-6)', 'u(k-7)', 'u(k-8)', 'y(k-1)', 'y(k-2)', 'y(k-4)', 'y(k-8)')",True,2.5143968677737876,2.8421709430404007e-12,8.0,192.0,
E3,Green-K,2,karatsuba,109.515625,16,109.515625,7,9,1.3972351584085652,"('y1', 'q3(q2(q3(u1)))', 'q3(q2(q2(u1)))', 'q3(mul(mul(y1, u1), y1))', 'q2(q3(y1))', 'q2(q2(u1))', 'y1', 'q2(q2(q3(y1)))')","('u(k-3)*y(k-4)*y(k-4)', 'u(k-4)', 'u(k-7)', 'u(k-8)', 'y(k-1)', 'y(k-6)', 'y(k-8)')",True,1.3972351584085652,1.0587086762825493e-12,8.0,192.0,
E3,Green-K,3,karatsuba,109.515625,16,109.515625,7,9,1.355559121630551,"('q2(q3(q3(u1)))', 'y1', 'y1', 'q3(q2(q1(u1)))', 'q3(q2(q2(y1)))', 'q2(mul(u1, mul(y1, y1)))', 'q1(y1)', 'q2(q3(q2(u1)))')","('u(k-2)*y(k-3)*y(k-3)', 'u(k-6)', 'u(k-7)', 'u(k-8)', 'y(k-1)', 'y(k-2)', 'y(k-8)')",True,1.355559121630551,4.831690603168681e-12,8.0,192.0,
E3,Green-K,4,karatsuba,109.515625,16,109.515625,7,9,1.2781378337196525,"('q3(q3(q2(u1)))', 'q3(q2(q2(y1)))', 'q1(q3(q2(y1)))', 'q3(q3(q2(u1)))', 'q2(q2(q1(u1)))', 'q3(q3(u1))', 'y1', 'mul(q2(q3(u1)), q3(mul(y1, y1)))')","('u(k-5)', 'u(k-5)*y(k-4)*y(k-4)', 'u(k-6)', 'u(k-8)', 'y(k-1)', 'y(k-7)', 'y(k-8)')",True,1.2781378337196525,7.602807272633072e-13,8.0,192.0,
E3,Green-K,5,karatsuba,74.34375,12,74.34375,6,6,2.0154456527544355,"('q1(y1)', 'q2(q3(q2(u1)))', 'q3(q3(u1))', 'q2(q3(q3(u1)))', 'y1', 'y1', 'q3(q2(y1))', 'y1')","('u(k-6)', 'u(k-7)', 'u(k-8)', 'y(k-1)', 'y(k-2)', 'y(k-6)')",True,2.0154456527544355,2.9558577807620168e-12,8.0,192.0,
E3,Green-K,6,karatsuba,109.515625,16,109.515625,7,9,1.4079220935535615,"('q1(q3(u1))', 'q3(q3(y1))', 'q2(q2(q3(u1)))', 'q3(q3(q1(y1)))', 'y1', 'q3(mul(q3(u1), mul(u1, y1)))', 'q2(q3(q3(u1)))', 'y1')","('u(k-3)*u(k-6)*y(k-4)', 'u(k-4)', 'u(k-7)', 'u(k-8)', 'y(k-1)', 'y(k-7)', 'y(k-8)')",True,1.4079220935535615,1.1333156635373598e-12,8.0,192.0,
E3,Green-K,7,karatsuba,109.515625,16,109.515625,7,9,inf,"('q1(q1(q3(u1)))', 'q3(q2(q3(u1)))', 'q2(q2(q3(y1)))', 'q3(q2(u1))', 'q1(q3(q2(u1)))', 'mul(mul(q1(y1), q3(y1)), q3(q1(y1)))', 'q1(q3(q2(y1)))', 'y1')","('u(k-5)', 'u(k-6)', 'u(k-8)', 'y(k-1)', 'y(k-2)*y(k-4)*y(k-5)', 'y(k-7)', 'y(k-8)')",False,,,,,failed validation
E3,Green-K,8,karatsuba,109.515625,16,109.515625,7,9,1.4309455630682304,"('q1(y1)', 'q3(q2(q3(u1)))', 'y1', 'q2(q2(q2(u1)))', 'q2(q3(q2(y1)))', 'q3(q1(q3(u1)))', 'y1', 'q2(mul(mul(u1, y1), q2(u1)))')","('u(k-2)*u(k-4)*y(k-3)', 'u(k-6)', 'u(k-7)', 'u(k-8)', 'y(k-1)', 'y(k-2)', 'y(k-8)')",True,1.4309455630682304,4.725109192804666e-12,8.0,192.0,
E3,Green-K,9,karatsuba,109.515625,16,109.515625,7,9,1.4155761416685462,"('y1', 'q2(q1(q1(u1)))', 'y1', 'q3(q2(q2(u1)))', 'q3(mul(mul(y1, u1), q2(u1)))', 'q2(q3(y1))', 'q3(q2(q3(u1)))', 'q3(q2(q2(y1)))')","('u(k-3)*u(k-5)*y(k-4)', 'u(k-4)', 'u(k-7)', 'u(k-8)', 'y(k-1)', 'y(k-6)', 'y(k-8)')",True,1.4155761416685462,7.531752999057062e-13,8.0,192.0,
E3,Green-K,10,karatsuba,109.515625,16,109.515625,7,9,1.3111305879350437,"('q2(q3(q2(y1)))', 'mul(mul(q3(u1), q1(y1)), q3(q1(u1)))', 'y1', 'q3(u1)', 'y1', 'q3(q2(q2(u1)))', 'q1(y1)', 'q3(q2(q3(u1)))')","('u(k-3)', 'u(k-3)*u(k-4)*y(k-2)', 'u(k-7)', 'u(k-8)', 'y(k-1)', 'y(k-2)', 'y(k-8)')",True,1.3111305879350437,1.8616219676914625e-12,8.0,192.0,
E3,Green-K,11,karatsuba,109.515625,16,109.515625,7,9,1.3555591215124962,"('q2(q2(q3(y1)))', 'q2(q2(q2(u1)))', 'q1(y1)', 'mul(q2(y1), q2(mul(u1, y1)))', 'q2(q3(q2(y1)))', 'y1', 'q2(q3(q3(u1)))', 'q1(q3(q3(u1)))')","('u(k-2)*y(k-3)*y(k-3)', 'u(k-6)', 'u(k-7)', 'u(k-8)', 'y(k-1)', 'y(k-2)', 'y(k-8)')",True,1.3555591215124962,2.0179413695586845e-12,8.0,192.0,
E3,Green-K,12,karatsuba,86.734375,14,86.734375,7,7,1.5707251889112723,"('q1(q3(q3(y1)))', 'q3(q1(q3(y1)))', 'y1', 'q1(q2(q3(y1)))', 'q2(q3(q1(u1)))', 'q1(q3(u1))', 'q3(u1)', 'q3(q2(q2(u1)))')","('u(k-3)', 'u(k-4)', 'u(k-6)', 'u(k-7)', 'y(k-1)', 'y(k-7)', 'y(k-8)')",True,1.5707251889112723,9.094947017729282e-12,8.0,192.0,
E3,Green-K,13,karatsuba,86.734375,14,86.734375,7,7,1.5473864518783458,"('q3(q1(u1))', 'q3(u1)', 'y1', 'q3(q2(u1))', 'q3(q3(u1))', 'q2(q2(u1))', 'q2(q3(q2(y1)))', 'q2(q2(q2(y1)))')","('u(k-3)', 'u(k-4)', 'u(k-5)', 'u(k-6)', 'y(k-1)', 'y(k-7)', 'y(k-8)')",True,1.5473864518783458,3.247180302423658e-11,8.0,192.0,
E3,Green-K,14,karatsuba,109.515625,16,109.515625,7,9,1.2885927432206232,"('y1', 'y1', 'q3(q3(y1))', 'q3(mul(q3(y1), mul(y1, u1)))', 'q2(q2(u1))', 'q3(q3(q1(y1)))', 'q3(q3(q2(u1)))', 'q3(q3(q1(u1)))')","('u(k-3)*y(k-4)*y(k-7)', 'u(k-4)', 'u(k-7)', 'u(k-8)', 'y(k-1)', 'y(k-7)', 'y(k-8)')",True,1.2885927432206232,6.465938895416912e-13,8.0,192.0,
E3,Green-K,15,karatsuba,109.515625,16,109.515625,7,9,1.3203847073776964,"('q2(q3(q3(u1)))', 'q3(q3(q1(y1)))', 'q3(q3(q1(u1)))', 'y1', 'q1(y1)', 'mul(q1(q1(y1)), q2(mul(y1, u1)))', 'q1(y1)', 'q3(q2(u1))')","('u(k-2)*y(k-3)*y(k-3)', 'u(k-5)', 'u(k-7)', 'u(k-8)', 'y(k-1)', 'y(k-2)', 'y(k-8)')",True,1.3203847073776964,1.1795009413617663e-12,8.0,192.0,
E3,Green-K,16,karatsuba,109.515625,16,109.515625,7,9,4.479868586345388,"('q1(q2(q3(u1)))', 'q3(q1(q3(y1)))', 'q2(q3(q3(u1)))', 'q3(q1(q2(y1)))', 'y1', 'mul(q2(q2(u1)), mul(y1, q3(y1)))', 'y1', 'q1(q3(q3(u1)))')","('u(k-4)*y(k-1)*y(k-4)', 'u(k-6)', 'u(k-7)', 'u(k-8)', 'y(k-1)', 'y(k-7)', 'y(k-8)')",True,4.479868586345388,1.3812950783176348e-11,8.0,192.0,
E3,Green-K,17,karatsuba,86.734375,14,86.734375,7,7,1.5789925514510132,"('q1(q3(q3(y1)))', 'q2(q3(q3(u1)))', 'q3(q3(y1))', 'y1', 'q1(q3(q3(u1)))', 'y1', 'q1(q3(q1(u1)))', 'u1')","('u(k)', 'u(k-5)', 'u(k-7)', 'u(k-8)', 'y(k-1)', 'y(k-7)', 'y(k-8)')",True,1.5789925514510132,3.33244543071487e-12,8.0,192.0,
E3,Green-K,18,karatsuba,86.734375,14,86.734375,7,7,3.1389235208566686,"('q2(q3(q3(u1)))', 'y1', 'q3(q1(q1(u1)))', 'y1', 'q3(y1)', 'q1(q3(q3(y1)))', 'q1(y1)', 'q2(q3(q2(u1)))')","('u(k-5)', 'u(k-7)', 'u(k-8)', 'y(k-1)', 'y(k-2)', 'y(k-4)', 'y(k-8)')",True,3.1389235208566686,3.211653165635653e-12,8.0,192.0,
E3,Green-K,19,karatsuba,109.515625,16,109.515625,7,9,1.343059593032506,"('q1(q1(q2(u1)))', 'q3(mul(q3(u1), mul(u1, y1)))', 'q1(q3(q3(u1)))', 'q3(q3(y1))', 'q2(q3(q2(y1)))', 'y1', 'y1', 'q3(q3(u1))')","('u(k-3)*u(k-6)*y(k-4)', 'u(k-4)', 'u(k-6)', 'u(k-7)', 'y(k-1)', 'y(k-7)', 'y(k-8)')",True,1.343059593032506,2.3234747459355276e-12,8.0,192.0,
E3,Green-K,20,karatsuba,109.515625,16,109.515625,7,9,1.138687721862569,"('q3(q2(q3(u1)))', 'y1', 'q3(q1(y1))', 'q2(q2(q3(y1)))', 'y1', 'q2(q3(u1))', 'q2(q3(q1(u1)))', 'q3(mul(y1, mul(y1, y1)))')","('u(k-5)', 'u(k-6)', 'u(k-8)', 'y(k-1)', 'y(k-4)*y(k-4)*y(k-4)', 'y(k-5)', 'y(k-8)')",True,1.138687721862569,5.524469770534779e-13,8.0,192.0,
E3,Green-K,21,karatsuba,109.515625,16,109.515625,7,9,1.2458680086687117,"('q3(mul(mul(u1, y1), q3(y1)))', 'q1(q3(q2(y1)))', 'q1(q3(q3(u1)))', 'q1(q1(q2(u1)))', 'y1', 'q3(q2(q1(u1)))', 'q1(q3(q3(y1)))', 'y1')","('u(k-3)*y(k-4)*y(k-7)', 'u(k-4)', 'u(k-6)', 'u(k-7)', 'y(k-1)', 'y(k-7)', 'y(k-8)')",True,1.2458680086687117,1.4210854715202004e-12,8.0,192.0,
E3,Green-K,22,karatsuba,86.734375,14,86.734375,7,7,1.5375370250618285,"('q2(u1)', 'q1(q3(u1))', 'q2(q2(q2(y1)))', 'y1', 'q2(q2(q3(y1)))', 'q3(q3(u1))', 'q2(q3(u1))', 'y1')","('u(k-2)', 'u(k-4)', 'u(k-5)', 'u(k-6)', 'y(k-1)', 'y(k-7)', 'y(k-8)')",True,1.5375370250618285,2.1827872842550278e-11,8.0,192.0,
E3,Green-K,23,karatsuba,109.515625,16,109.515625,7,9,1.3714728850373217,"('q2(mul(q3(u1), mul(y1, u1)))', 'y1', 'q2(q3(q3(u1)))', 'q2(q2(q3(u1)))', 'q3(q2(q2(y1)))', 'q3(q3(u1))', 'q1(y1)', 'q1(y1)')","('u(k-2)*u(k-5)*y(k-3)', 'u(k-6)', 'u(k-7)', 'u(k-8)', 'y(k-1)', 'y(k-2)', 'y(k-8)')",True,1.3714728850373217,8.739675649849232e-13,8.0,192.0,
E3,Green-K,24,karatsuba,109.515625,16,109.515625,7,9,1.1526913252349507,"('q1(y1)', 'q3(mul(q1(u1), mul(y1, u1)))', 'q1(q2(q3(u1)))', 'y1', 'q1(y1)', 'q3(q2(q3(u1)))', 'q1(q3(q3(y1)))', 'q3(u1)')","('u(k-3)', 'u(k-3)*u(k-4)*y(k-4)', 'u(k-6)', 'u(k-8)', 'y(k-1)', 'y(k-2)', 'y(k-8)')",True,1.1526913252349507,6.465938895416912e-13,8.0,192.0,
E3,Green-K,25,karatsuba,109.515625,16,109.515625,7,9,1.4778994592087247,"('q3(q1(q3(u1)))', 'q3(q1(q1(u1)))', 'q3(q3(q2(u1)))', 'q1(q3(q3(y1)))', 'mul(q3(q3(u1)), mul(q3(u1), q2(y1)))', 'y1', 'q2(q3(u1))', 'q3(q2(y1))')","('u(k-3)*u(k-6)*y(k-3)', 'u(k-5)', 'u(k-7)', 'u(k-8)', 'y(k-1)', 'y(k-6)', 'y(k-8)')",True,1.4778994592087247,1.4495071809506044e-12,8.0,192.0,
E3,Green-K,26,karatsuba,109.515625,16,109.515625,7,9,1.2881936518532247,"('q3(q1(q3(y1)))', 'q1(y1)', 'q1(q2(q1(u1)))', 'y1', 'q2(q3(q3(u1)))', 'q3(q2(q2(u1)))', 'q3(mul(mul(u1, u1), q3(u1)))', 'y1')","('u(k-3)*u(k-3)*u(k-6)', 'u(k-4)', 'u(k-7)', 'u(k-8)', 'y(k-1)', 'y(k-2)', 'y(k-8)')",True,1.2881936518532247,7.105427357601002e-13,8.0,192.0,
E3,Green-K,27,karatsuba,109.515625,16,109.515625,7,9,1.2031771338611859,"('q1(q3(q3(u1)))', 'q3(q1(q1(u1)))', 'y1', 'y1', 'q3(u1)', 'q2(q3(q2(y1)))', 'q3(mul(mul(u1, y1), q3(y1)))', 'q1(q2(q3(y1)))')","('u(k-3)', 'u(k-3)*y(k-4)*y(k-7)', 'u(k-5)', 'u(k-7)', 'y(k-1)', 'y(k-7)', 'y(k-8)')",True,1.2031771338611859,4.547473508864641e-13,8.0,192.0,
E3,Green-K,28,karatsuba,86.734375,14,86.734375,7,7,2.3969439364626797,"('q2(y1)', 'q1(y1)', 'q3(q3(u1))', 'q2(q2(q3(y1)))', 'y1', 'y1', 'q3(q3(q2(u1)))', 'q2(q2(q3(u1)))')","('u(k-6)', 'u(k-7)', 'u(k-8)', 'y(k-1)', 'y(k-2)', 'y(k-3)', 'y(k-8)')",True,2.3969439364626797,3.0340174816956278e-12,8.0,192.0,
E3,Green-K,29,karatsuba,109.515625,16,109.515625,7,9,1.384353794924409,"('y1', 'q3(q2(q2(u1)))', 'mul(q1(q2(y1)), mul(q3(y1), q1(u1)))', 'q2(q3(q1(u1)))', 'q3(q3(q2(u1)))', 'q1(y1)', 'q1(y1)', 'q1(q3(q3(y1)))')","('u(k-1)*y(k-4)*y(k-4)', 'u(k-6)', 'u(k-7)', 'u(k-8)', 'y(k-1)', 'y(k-2)', 'y(k-8)')",True,1.384353794924409,2.9345414986892138e-12,8.0,192.0,
