example,config,seed,tau,C,val,rec,oracle_val
E1,SO,0,0.0,60.953125,2.821447395164707e-16,True,2.821447395164707e-16
E1,SO,0,0.01,60.953125,2.821447395164707e-16,True,2.821447395164707e-16
E1,SO,0,0.02,60.953125,2.821447395164707e-16,True,2.821447395164707e-16
E1,SO,0,0.05,60.953125,2.821447395164707e-16,True,2.821447395164707e-16
E1,SO,0,0.1,60.953125,2.821447395164707e-16,True,2.821447395164707e-16
E1,SO,0,0.2,60.953125,2.821447395164707e-16,True,2.821447395164707e-16
E1,SO,0,0.5,60.953125,2.821447395164707e-16,True,2.821447395164707e-16
E1,SO,0,1.0,60.953125,2.821447395164707e-16,True,2.821447395164707e-16
E1,SO,1,0.0,83.734375,3.207588230161238e-16,True,3.207588230161238e-16
E1,SO,1,0.01,83.734375,3.207588230161238e-16,True,3.207588230161238e-16
E1,SO,1,0.02,83.734375,3.207588230161238e-16,True,3.207588230161238e-16
E1,SO,1,0.05,83.734375,3.207588230161238e-16,True,3.207588230161238e-16
E1,SO,1,0.1,83.734375,3.207588230161238e-16,True,3.207588230161238e-16
E1,SO,1,0.2,83.734375,3.207588230161238e-16,True,3.207588230161238e-16
E1,SO,1,0.5,83.734375,3.207588230161238e-16,True,3.207588230161238e-16
E1,SO,1,1.0,83.734375,3.207588230161238e-16,True,3.207588230161238e-16
E1,SO,2,0.0,72.34375,2.1438683212081093e-16,True,2.1438683212081093e-16
E1,SO,2,0.01,72.34375,2.1438683212081093e-16,True,2.1438683212081093e-16
E1,SO,2,0.02,72.34375,2.1438683212081093e-16,True,2.1438683212081093e-16
E1,SO,2,0.05,72.34375,2.1438683212081093e-16,True,2.1438683212081093e-16
E1,SO,2,0.1,72.34375,2.1438683212081093e-16,True,2.1438683212081093e-16
E1,SO,2,0.2,72.34375,2.1438683212081093e-16,True,2.1438683212081093e-16
E1,SO,2,0.5,72.34375,2.1438683212081093e-16,True,2.1438683212081093e-16
E1,SO,2,1.0,72.34375,2.1438683212081093e-16,True,2.1438683212081093e-16
E1,SO,3,0.0,107.515625,2.8354989479731118e-16,True,2.8354989479731118e-16
E1,SO,3,0.01,107.515625,2.8354989479731118e-16,True,2.8354989479731118e-16
E1,SO,3,0.02,107.515625,2.8354989479731118e-16,True,2.8354989479731118e-16
E1,SO,3,0.05,107.515625,2.8354989479731118e-16,True,2.8354989479731118e-16
E1,SO,3,0.1,107.515625,2.8354989479731118e-16,True,2.8354989479731118e-16
E1,SO,3,0.2,107.515625,2.8354989479731118e-16,True,2.8354989479731118e-16
E1,SO,3,0.5,107.515625,2.8354989479731118e-16,True,2.8354989479731118e-16
E1,SO,3,1.0,107.515625,2.8354989479731118e-16,True,2.8354989479731118e-16
E1,SO,4,0.0,60.953125,2.6508865607196936e-16,True,2.6508865607196936e-16
E1,SO,4,0.01,60.953125,2.6508865607196936e-16,True,2.6508865607196936e-16
E1,SO,4,0.02,60.953125,2.6508865607196936e-16,True,2.6508865607196936e-16
E1,SO,4,0.05,60.953125,2.6508865607196936e-16,True,2.6508865607196936e-16
E1,SO,4,0.1,60.953125,2.6508865607196936e-16,True,2.6508865607196936e-16
E1,SO,4,0.2,60.953125,2.6508865607196936e-16,True,2.6508865607196936e-16
E1,SO,4,0.5,60.953125,2.6508865607196936e-16,True,2.6508865607196936e-16
E1,SO,4,1.0,60.953125,2.6508865607196936e-16,True,2.6508865607196936e-16
E1,SO,5,0.0,73.34375,2.4491431876450457e-16,True,2.4491431876450457e-16
E1,SO,5,0.01,73.34375,2.4491431876450457e-16,True,2.4491431876450457e-16
E1,SO,5,0.02,73.34375,2.4491431876450457e-16,True,2.4491431876450457e-16
E1,SO,5,0.05,73.34375,2.4491431876450457e-16,True,2.4491431876450457e-16
E1,SO,5,0.1,73.34375,2.4491431876450457e-16,True,2.4491431876450457e-16
E1,SO,5,0.2,73.34375,2.4491431876450457e-16,True,2.4491431876450457e-16
E1,SO,5,0.5,73.34375,2.4491431876450457e-16,True,2.4491431876450457e-16
E1,SO,5,1.0,73.34375,2.4491431876450457e-16,True,2.4491431876450457e-16
E1,SO,6,0.0,48.5625,2.700813343538282e-16,True,2.700813343538282e-16
E1,SO,6,0.01,48.5625,2.700813343538282e-16,True,2.700813343538282e-16
E1,SO,6,0.02,48.5625,2.700813343538282e-16,True,2.700813343538282e-16
E1,SO,6,0.05,48.5625,2.700813343538282e-16,True,2.700813343538282e-16
E1,SO,6,0.1,48.5625,2.700813343538282e-16,True,2.700813343538282e-16
E1,SO,6,0.2,48.5625,2.700813343538282e-16,True,2.700813343538282e-16
E1,SO,6,0.5,48.5625,2.700813343538282e-16,True,2.700813343538282e-16
E1,SO,6,1.0,48.5625,2.700813343538282e-16,True,2.700813343538282e-16
E1,SO,7,0.0,60.953125,3.785052985690101e-16,True,3.785052985690101e-16
E1,SO,7,0.01,60.953125,3.785052985690101e-16,True,3.785052985690101e-16
E1,SO,7,0.02,60.953125,3.785052985690101e-16,True,3.785052985690101e-16
E1,SO,7,0.05,60.953125,3.785052985690101e-16,True,3.785052985690101e-16
E1,SO,7,0.1,60.953125,3.785052985690101e-16,True,3.785052985690101e-16
E1,SO,7,0.2,60.953125,3.785052985690101e-16,True,3.785052985690101e-16
E1,SO,7,0.5,60.953125,3.785052985690101e-16,True,3.785052985690101e-16
E1,SO,7,1.0,60.953125,3.785052985690101e-16,True,3.785052985690101e-16
E1,SO,8,0.0,96.125,2.582002893023232e-16,True,2.582002893023232e-16
E1,SO,8,0.01,96.125,2.582002893023232e-16,True,2.582002893023232e-16
E1,SO,8,0.02,96.125,2.582002893023232e-16,True,2.582002893023232e-16
E1,SO,8,0.05,96.125,2.582002893023232e-16,True,2.582002893023232e-16
E1,SO,8,0.1,96.125,2.582002893023232e-16,True,2.582002893023232e-16
E1,SO,8,0.2,96.125,2.582002893023232e-16,True,2.582002893023232e-16
E1,SO,8,0.5,96.125,2.582002893023232e-16,True,2.582002893023232e-16
E1,SO,8,1.0,96.125,2.582002893023232e-16,True,2.582002893023232e-16
E1,SO,9,0.0,48.5625,2.700813343538282e-16,True,2.700813343538282e-16
E1,SO,9,0.01,48.5625,2.700813343538282e-16,True,2.700813343538282e-16
E1,SO,9,0.02,48.5625,2.700813343538282e-16,True,2.700813343538282e-16
E1,SO,9,0.05,48.5625,2.700813343538282e-16,True,2.700813343538282e-16
E1,SO,9,0.1,48.5625,2.700813343538282e-16,True,2.700813343538282e-16
E1,SO,9,0.2,48.5625,2.700813343538282e-16,True,2.700813343538282e-16
E1,SO,9,0.5,48.5625,2.700813343538282e-16,True,2.700813343538282e-16
E1,SO,9,1.0,48.5625,2.700813343538282e-16,True,2.700813343538282e-16
E1,SO,10,0.0,48.5625,2.700813343538282e-16,True,2.700813343538282e-16
E1,SO,10,0.01,48.5625,2.700813343538282e-16,True,2.700813343538282e-16
E1,SO,10,0.02,48.5625,2.700813343538282e-16,True,2.700813343538282e-16
E1,SO,10,0.05,48.5625,2.700813343538282e-16,True,2.700813343538282e-16
E1,SO,10,0.1,48.5625,2.700813343538282e-16,True,2.700813343538282e-16
E1,SO,10,0.2,48.5625,2.700813343538282e-16,True,2.700813343538282e-16
E1,SO,10,0.5,48.5625,2.700813343538282e-16,True,2.700813343538282e-16
E1,SO,10,1.0,48.5625,2.700813343538282e-16,True,2.700813343538282e-16
E1,SO,11,0.0,48.5625,2.700813343538282e-16,True,2.700813343538282e-16
E1,SO,11,0.01,48.5625,2.700813343538282e-16,True,2.700813343538282e-16
E1,SO,11,0.02,48.5625,2.700813343538282e-16,True,2.700813343538282e-16
E1,SO,11,0.05,48.5625,2.700813343538282e-16,True,2.700813343538282e-16
E1,SO,11,0.1,48.5625,2.700813343538282e-16,True,2.700813343538282e-16
E1,SO,11,0.2,48.5625,2.700813343538282e-16,True,2.700813343538282e-16
E1,SO,11,0.5,48.5625,2.700813343538282e-16,True,2.700813343538282e-16
E1,SO,11,1.0,48.5625,2.700813343538282e-16,True,2.700813343538282e-16
E1,SO,12,0.0,83.734375,2.043428099927965e-16,True,2.043428099927965e-16
E1,SO,12,0.01,83.734375,2.043428099927965e-16,True,2.043428099927965e-16
E1,SO,12,0.02,83.734375,2.043428099927965e-16,True,2.043428099927965e-16
E1,SO,12,0.05,83.734375,2.043428099927965e-16,True,2.043428099927965e-16
E1,SO,12,0.1,83.734375,2.043428099927965e-16,True,2.043428099927965e-16
E1,SO,12,0.2,83.734375,2.043428099927965e-16,True,2.043428099927965e-16
E1,SO,12,0.5,83.734375,2.043428099927965e-16,True,2.043428099927965e-16
E1,SO,12,1.0,83.734375,2.043428099927965e-16,True,2.043428099927965e-16
E1,SO,13,0.0,48.5625,2.700813343538282e-16,True,2.700813343538282e-16
E1,SO,13,0.01,48.5625,2.700813343538282e-16,True,2.700813343538282e-16
E1,SO,13,0.02,48.5625,2.700813343538282e-16,True,2.700813343538282e-16
E1,SO,13,0.05,48.5625,2.700813343538282e-16,True,2.700813343538282e-16
E1,SO,13,0.1,48.5625,2.700813343538282e-16,True,2.700813343538282e-16
E1,SO,13,0.2,48.5625,2.700813343538282e-16,True,2.700813343538282e-16
E1,SO,13,0.5,48.5625,2.700813343538282e-16,True,2.700813343538282e-16
E1,SO,13,1.0,48.5625,2.700813343538282e-16,True,2.700813343538282e-16
E1,SO,14,0.0,60.953125,2.3458695068017613e-16,True,2.3458695068017613e-16
E1,SO,14,0.01,60.953125,2.3458695068017613e-16,True,2.3458695068017613e-16
E1,SO,14,0.02,60.953125,2.3458695068017613e-16,True,2.3458695068017613e-16
E1,SO,14,0.05,60.953125,2.3458695068017613e-16,True,2.3458695068017613e-16
E1,SO,14,0.1,60.953125,2.3458695068017613e-16,True,2.3458695068017613e-16
E1,SO,14,0.2,60.953125,2.3458695068017613e-16,True,2.3458695068017613e-16
E1,SO,14,0.5,60.953125,2.3458695068017613e-16,True,2.3458695068017613e-16
E1,SO,14,1.0,60.953125,2.3458695068017613e-16,True,2.3458695068017613e-16
E1,SO,15,0.0,60.953125,2.7227928526362325e-16,True,2.7227928526362325e-16
E1,SO,15,0.01,60.953125,2.7227928526362325e-16,True,2.7227928526362325e-16
E1,SO,15,0.02,60.953125,2.7227928526362325e-16,True,2.7227928526362325e-16
E1,SO,15,0.05,60.953125,2.7227928526362325e-16,True,2.7227928526362325e-16
E1,SO,15,0.1,60.953125,2.7227928526362325e-16,True,2.7227928526362325e-16
E1,SO,15,0.2,60.953125,2.7227928526362325e-16,True,2.7227928526362325e-16
E1,SO,15,0.5,60.953125,2.7227928526362325e-16,True,2.7227928526362325e-16
E1,SO,15,1.0,60.953125,2.7227928526362325e-16,True,2.7227928526362325e-16
E1,SO,16,0.0,60.953125,2.3458695068017613e-16,True,2.3458695068017613e-16
E1,SO,16,0.01,60.953125,2.3458695068017613e-16,True,2.3458695068017613e-16
E1,SO,16,0.02,60.953125,2.3458695068017613e-16,True,2.3458695068017613e-16
E1,SO,16,0.05,60.953125,2.3458695068017613e-16,True,2.3458695068017613e-16
E1,SO,16,0.1,60.953125,2.3458695068017613e-16,True,2.3458695068017613e-16
E1,SO,16,0.2,60.953125,2.3458695068017613e-16,True,2.3458695068017613e-16
E1,SO,16,0.5,60.953125,2.3458695068017613e-16,True,2.3458695068017613e-16
E1,SO,16,1.0,60.953125,2.3458695068017613e-16,True,2.3458695068017613e-16
E1,SO,17,0.0,60.953125,3.323602781771804e-16,True,3.323602781771804e-16
E1,SO,17,0.01,60.953125,3.323602781771804e-16,True,3.323602781771804e-16
E1,SO,17,0.02,60.953125,3.323602781771804e-16,True,3.323602781771804e-16
E1,SO,17,0.05,60.953125,3.323602781771804e-16,True,3.323602781771804e-16
E1,SO,17,0.1,60.953125,3.323602781771804e-16,True,3.323602781771804e-16
E1,SO,17,0.2,60.953125,3.323602781771804e-16,True,3.323602781771804e-16
E1,SO,17,0.5,60.953125,3.323602781771804e-16,True,3.323602781771804e-16
E1,SO,17,1.0,60.953125,3.323602781771804e-16,True,3.323602781771804e-16
E1,SO,18,0.0,72.34375,2.4149382677767686e-16,True,2.4149382677767686e-16
E1,SO,18,0.01,72.34375,2.4149382677767686e-16,True,2.4149382677767686e-16
E1,SO,18,0.02,72.34375,2.4149382677767686e-16,True,2.4149382677767686e-16
E1,SO,18,0.05,72.34375,2.4149382677767686e-16,True,2.4149382677767686e-16
E1,SO,18,0.1,72.34375,2.4149382677767686e-16,True,2.4149382677767686e-16
E1,SO,18,0.2,72.34375,2.4149382677767686e-16,True,2.4149382677767686e-16
E1,SO,18,0.5,72.34375,2.4149382677767686e-16,True,2.4149382677767686e-16
E1,SO,18,1.0,72.34375,2.4149382677767686e-16,True,2.4149382677767686e-16
E1,SO,19,0.0,48.5625,2.700813343538282e-16,True,2.700813343538282e-16
E1,SO,19,0.01,48.5625,2.700813343538282e-16,True,2.700813343538282e-16
E1,SO,19,0.02,48.5625,2.700813343538282e-16,True,2.700813343538282e-16
E1,SO,19,0.05,48.5625,2.700813343538282e-16,True,2.700813343538282e-16
E1,SO,19,0.1,48.5625,2.700813343538282e-16,True,2.700813343538282e-16
E1,SO,19,0.2,48.5625,2.700813343538282e-16,True,2.700813343538282e-16
E1,SO,19,0.5,48.5625,2.700813343538282e-16,True,2.700813343538282e-16
E1,SO,19,1.0,48.5625,2.700813343538282e-16,True,2.700813343538282e-16
E1,SO,20,0.0,48.5625,2.700813343538282e-16,True,2.700813343538282e-16
E1,SO,20,0.01,48.5625,2.700813343538282e-16,True,2.700813343538282e-16
E1,SO,20,0.02,48.5625,2.700813343538282e-16,True,2.700813343538282e-16
E1,SO,20,0.05,48.5625,2.700813343538282e-16,True,2.700813343538282e-16
E1,SO,20,0.1,48.5625,2.700813343538282e-16,True,2.700813343538282e-16
E1,SO,20,0.2,48.5625,2.700813343538282e-16,True,2.700813343538282e-16
E1,SO,20,0.5,48.5625,2.700813343538282e-16,True,2.700813343538282e-16
E1,SO,20,1.0,48.5625,2.700813343538282e-16,True,2.700813343538282e-16
E1,SO,21,0.0,83.734375,3.048215388922267e-16,True,3.048215388922267e-16
E1,SO,21,0.01,83.734375,3.048215388922267e-16,True,3.048215388922267e-16
E1,SO,21,0.02,83.734375,3.048215388922267e-16,True,3.048215388922267e-16
E1,SO,21,0.05,83.734375,3.048215388922267e-16,True,3.048215388922267e-16
E1,SO,21,0.1,83.734375,3.048215388922267e-16,True,3.048215388922267e-16
E1,SO,21,0.2,83.734375,3.048215388922267e-16,True,3.048215388922267e-16
E1,SO,21,0.5,83.734375,3.048215388922267e-16,True,3.048215388922267e-16
E1,SO,21,1.0,83.734375,3.048215388922267e-16,True,3.048215388922267e-16
E1,SO,22,0.0,73.34375,3.260402014746928e-16,True,3.260402014746928e-16
E1,SO,22,0.01,73.34375,3.260402014746928e-16,True,3.260402014746928e-16
E1,SO,22,0.02,73.34375,3.260402014746928e-16,True,3.260402014746928e-16
E1,SO,22,0.05,73.34375,3.260402014746928e-16,True,3.260402014746928e-16
E1,SO,22,0.1,73.34375,3.260402014746928e-16,True,3.260402014746928e-16
E1,SO,22,0.2,73.34375,3.260402014746928e-16,True,3.260402014746928e-16
E1,SO,22,0.5,73.34375,3.260402014746928e-16,True,3.260402014746928e-16
E1,SO,22,1.0,73.34375,3.260402014746928e-16,True,3.260402014746928e-16
E1,SO,23,0.0,107.515625,2.540337108856375e-16,True,2.540337108856375e-16
E1,SO,23,0.01,107.515625,2.540337108856375e-16,True,2.540337108856375e-16
E1,SO,23,0.02,107.515625,2.540337108856375e-16,True,2.540337108856375e-16
E1,SO,23,0.05,107.515625,2.540337108856375e-16,True,2.540337108856375e-16
E1,SO,23,0.1,107.515625,2.540337108856375e-16,True,2.540337108856375e-16
E1,SO,23,0.2,107.515625,2.540337108856375e-16,True,2.540337108856375e-16
E1,SO,23,0.5,107.515625,2.540337108856375e-16,True,2.540337108856375e-16
E1,SO,23,1.0,107.515625,2.540337108856375e-16,True,2.540337108856375e-16
E1,SO,24,0.0,60.953125,2.1087021151122103e-16,True,2.1087021151122103e-16
E1,SO,24,0.01,60.953125,2.1087021151122103e-16,True,2.1087021151122103e-16
E1,SO,24,0.02,60.953125,2.1087021151122103e-16,True,2.1087021151122103e-16
E1,SO,24,0.05,60.953125,2.1087021151122103e-16,True,2.1087021151122103e-16
E1,SO,24,0.1,60.953125,2.1087021151122103e-16,True,2.1087021151122103e-16
E1,SO,24,0.2,60.953125,2.1087021151122103e-16,True,2.1087021151122103e-16
E1,SO,24,0.5,60.953125,2.1087021151122103e-16,True,2.1087021151122103e-16
E1,SO,24,1.0,60.953125,2.1087021151122103e-16,True,2.1087021151122103e-16
E1,SO,25,0.0,73.34375,2.4491431876450457e-16,True,2.4491431876450457e-16
E1,SO,25,0.01,73.34375,2.4491431876450457e-16,True,2.4491431876450457e-16
E1,SO,25,0.02,73.34375,2.4491431876450457e-16,True,2.4491431876450457e-16
E1,SO,25,0.05,73.34375,2.4491431876450457e-16,True,2.4491431876450457e-16
E1,SO,25,0.1,73.34375,2.4491431876450457e-16,True,2.4491431876450457e-16
E1,SO,25,0.2,73.34375,2.4491431876450457e-16,True,2.4491431876450457e-16
E1,SO,25,0.5,73.34375,2.4491431876450457e-16,True,2.4491431876450457e-16
E1,SO,25,1.0,73.34375,2.4491431876450457e-16,True,2.4491431876450457e-16
E1,SO,26,0.0,60.953125,2.3458695068017613e-16,True,2.3458695068017613e-16
E1,SO,26,0.01,60.953125,2.3458695068017613e-16,True,2.3458695068017613e-16
E1,SO,26,0.02,60.953125,2.3458695068017613e-16,True,2.3458695068017613e-16
E1,SO,26,0.05,60.953125,2.3458695068017613e-16,True,2.3458695068017613e-16
E1,SO,26,0.1,60.953125,2.3458695068017613e-16,True,2.3458695068017613e-16
E1,SO,26,0.2,60.953125,2.3458695068017613e-16,True,2.3458695068017613e-16
E1,SO,26,0.5,60.953125,2.3458695068017613e-16,True,2.3458695068017613e-16
E1,SO,26,1.0,60.953125,2.3458695068017613e-16,True,2.3458695068017613e-16
E1,SO,27,0.0,60.953125,2.3458695068017613e-16,True,2.3458695068017613e-16
E1,SO,27,0.01,60.953125,2.3458695068017613e-16,True,2.3458695068017613e-16
E1,SO,27,0.02,60.953125,2.3458695068017613e-16,True,2.3458695068017613e-16
E1,SO,27,0.05,60.953125,2.3458695068017613e-16,True,2.3458695068017613e-16
E1,SO,27,0.1,60.953125,2.3458695068017613e-16,True,2.3458695068017613e-16
E1,SO,27,0.2,60.953125,2.3458695068017613e-16,True,2.3458695068017613e-16
E1,SO,27,0.5,60.953125,2.3458695068017613e-16,True,2.3458695068017613e-16
E1,SO,27,1.0,60.953125,2.3458695068017613e-16,True,2.3458695068017613e-16
E1,SO,28,0.0,60.953125,2.3458695068017613e-16,True,2.3458695068017613e-16
E1,SO,28,0.01,60.953125,2.3458695068017613e-16,True,2.3458695068017613e-16
E1,SO,28,0.02,60.953125,2.3458695068017613e-16,True,2.3458695068017613e-16
E1,SO,28,0.05,60.953125,2.3458695068017613e-16,True,2.3458695068017613e-16
E1,SO,28,0.1,60.953125,2.3458695068017613e-16,True,2.3458695068017613e-16
E1,SO,28,0.2,60.953125,2.3458695068017613e-16,True,2.3458695068017613e-16
E1,SO,28,0.5,60.953125,2.3458695068017613e-16,True,2.3458695068017613e-16
E1,SO,28,1.0,60.953125,2.3458695068017613e-16,True,2.3458695068017613e-16
E1,SO,29,0.0,60.953125,2.3458695068017613e-16,True,2.3458695068017613e-16
E1,SO,29,0.01,60.953125,2.3458695068017613e-16,True,2.3458695068017613e-16
E1,SO,29,0.02,60.953125,2.3458695068017613e-16,True,2.3458695068017613e-16
E1,SO,29,0.05,60.953125,2.3458695068017613e-16,True,2.3458695068017613e-16
E1,SO,29,0.1,60.953125,2.3458695068017613e-16,True,2.3458695068017613e-16
E1,SO,29,0.2,60.953125,2.3458695068017613e-16,True,2.3458695068017613e-16
E1,SO,29,0.5,60.953125,2.3458695068017613e-16,True,2.3458695068017613e-16
E1,SO,29,1.0,60.953125,2.3458695068017613e-16,True,2.3458695068017613e-16
E1,MO-lex,0,0.0,48.5625,3.25075120964195e-16,True,2.821447395164707e-16
E1,MO-lex,0,0.01,48.5625,3.25075120964195e-16,True,2.821447395164707e-16
E1,MO-lex,0,0.02,48.5625,3.25075120964195e-16,True,2.821447395164707e-16
E1,MO-lex,0,0.05,48.5625,3.25075120964195e-16,True,2.821447395164707e-16
E1,MO-lex,0,0.1,48.5625,3.25075120964195e-16,True,2.821447395164707e-16
E1,MO-lex,0,0.2,48.5625,3.25075120964195e-16,True,2.821447395164707e-16
E1,MO-lex,0,0.5,48.5625,3.25075120964195e-16,True,2.821447395164707e-16
E1,MO-lex,0,1.0,48.5625,3.25075120964195e-16,True,2.821447395164707e-16
E1,MO-lex,1,0.0,48.5625,3.25075120964195e-16,True,3.207588230161238e-16
E1,MO-lex,1,0.01,48.5625,3.25075120964195e-16,True,3.207588230161238e-16
E1,MO-lex,1,0.02,48.5625,3.25075120964195e-16,True,3.207588230161238e-16
E1,MO-lex,1,0.05,48.5625,3.25075120964195e-16,True,3.207588230161238e-16
E1,MO-lex,1,0.1,48.5625,3.25075120964195e-16,True,3.207588230161238e-16
E1,MO-lex,1,0.2,48.5625,3.25075120964195e-16,True,3.207588230161238e-16
E1,MO-lex,1,0.5,48.5625,3.25075120964195e-16,True,3.207588230161238e-16
E1,MO-lex,1,1.0,48.5625,3.25075120964195e-16,True,3.207588230161238e-16
E1,MO-lex,2,0.0,48.5625,2.700813343538282e-16,True,2.1438683212081093e-16
E1,MO-lex,2,0.01,48.5625,2.700813343538282e-16,True,2.1438683212081093e-16
E1,MO-lex,2,0.02,48.5625,2.700813343538282e-16,True,2.1438683212081093e-16
E1,MO-lex,2,0.05,48.5625,2.700813343538282e-16,True,2.1438683212081093e-16
E1,MO-lex,2,0.1,48.5625,2.700813343538282e-16,True,2.1438683212081093e-16
E1,MO-lex,2,0.2,48.5625,2.700813343538282e-16,True,2.1438683212081093e-16
E1,MO-lex,2,0.5,48.5625,2.700813343538282e-16,True,2.1438683212081093e-16
E1,MO-lex,2,1.0,48.5625,2.700813343538282e-16,True,2.1438683212081093e-16
E1,MO-lex,3,0.0,48.5625,3.3132865428115775e-16,True,2.2017324783380109e-16
E1,MO-lex,3,0.01,48.5625,3.3132865428115775e-16,True,2.2017324783380109e-16
E1,MO-lex,3,0.02,48.5625,3.3132865428115775e-16,True,2.2017324783380109e-16
E1,MO-lex,3,0.05,48.5625,3.3132865428115775e-16,True,2.2017324783380109e-16
E1,MO-lex,3,0.1,48.5625,3.3132865428115775e-16,True,2.2017324783380109e-16
E1,MO-lex,3,0.2,48.5625,3.3132865428115775e-16,True,2.2017324783380109e-16
E1,MO-lex,3,0.5,48.5625,3.3132865428115775e-16,True,2.2017324783380109e-16
E1,MO-lex,3,1.0,48.5625,3.3132865428115775e-16,True,2.2017324783380109e-16
E1,MO-lex,4,0.0,48.5625,3.26099261257318e-16,True,2.6508865607196936e-16
E1,MO-lex,4,0.01,48.5625,3.26099261257318e-16,True,2.6508865607196936e-16
E1,MO-lex,4,0.02,48.5625,3.26099261257318e-16,True,2.6508865607196936e-16
E1,MO-lex,4,0.05,48.5625,3.26099261257318e-16,True,2.6508865607196936e-16
E1,MO-lex,4,0.1,48.5625,3.26099261257318e-16,True,2.6508865607196936e-16
E1,MO-lex,4,0.2,48.5625,3.26099261257318e-16,True,2.6508865607196936e-16
E1,MO-lex,4,0.5,48.5625,3.26099261257318e-16,True,2.6508865607196936e-16
E1,MO-lex,4,1.0,48.5625,3.26099261257318e-16,True,2.6508865607196936e-16
E1,MO-lex,5,0.0,48.5625,2.700813343538282e-16,True,2.4491431876450457e-16
E1,MO-lex,5,0.01,48.5625,2.700813343538282e-16,True,2.4491431876450457e-16
E1,MO-lex,5,0.02,48.5625,2.700813343538282e-16,True,2.4491431876450457e-16
E1,MO-lex,5,0.05,48.5625,2.700813343538282e-16,True,2.4491431876450457e-16
E1,MO-lex,5,0.1,48.5625,2.700813343538282e-16,True,2.4491431876450457e-16
E1,MO-lex,5,0.2,48.5625,2.700813343538282e-16,True,2.4491431876450457e-16
E1,MO-lex,5,0.5,48.5625,2.700813343538282e-16,True,2.4491431876450457e-16
E1,MO-lex,5,1.0,48.5625,2.700813343538282e-16,True,2.4491431876450457e-16
E1,MO-lex,6,0.0,48.5625,2.700813343538282e-16,True,2.700813343538282e-16
E1,MO-lex,6,0.01,48.5625,2.700813343538282e-16,True,2.700813343538282e-16
E1,MO-lex,6,0.02,48.5625,2.700813343538282e-16,True,2.700813343538282e-16
E1,MO-lex,6,0.05,48.5625,2.700813343538282e-16,True,2.700813343538282e-16
E1,MO-lex,6,0.1,48.5625,2.700813343538282e-16,True,2.700813343538282e-16
E1,MO-lex,6,0.2,48.5625,2.700813343538282e-16,True,2.700813343538282e-16
E1,MO-lex,6,0.5,48.5625,2.700813343538282e-16,True,2.700813343538282e-16
E1,MO-lex,6,1.0,48.5625,2.700813343538282e-16,True,2.700813343538282e-16
E1,MO-lex,7,0.0,48.5625,3.25075120964195e-16,True,3.25075120964195e-16
E1,MO-lex,7,0.01,48.5625,3.25075120964195e-16,True,3.25075120964195e-16
E1,MO-lex,7,0.02,48.5625,3.25075120964195e-16,True,3.25075120964195e-16
E1,MO-lex,7,0.05,48.5625,3.25075120964195e-16,True,3.25075120964195e-16
E1,MO-lex,7,0.1,48.5625,3.25075120964195e-16,True,3.25075120964195e-16
E1,MO-lex,7,0.2,48.5625,3.25075120964195e-16,True,3.25075120964195e-16
E1,MO-lex,7,0.5,48.5625,3.25075120964195e-16,True,3.25075120964195e-16
E1,MO-lex,7,1.0,48.5625,3.25075120964195e-16,True,3.25075120964195e-16
E1,MO-lex,8,0.0,48.5625,3.25075120964195e-16,True,2.582002893023232e-16
E1,MO-lex,8,0.01,48.5625,3.25075120964195e-16,True,2.582002893023232e-16
E1,MO-lex,8,0.02,48.5625,3.25075120964195e-16,True,2.582002893023232e-16
E1,MO-lex,8,0.05,48.5625,3.25075120964195e-16,True,2.582002893023232e-16
E1,MO-lex,8,0.1,48.5625,3.25075120964195e-16,True,2.582002893023232e-16
E1,MO-lex,8,0.2,48.5625,3.25075120964195e-16,True,2.582002893023232e-16
E1,MO-lex,8,0.5,48.5625,3.25075120964195e-16,True,2.582002893023232e-16
E1,MO-lex,8,1.0,48.5625,3.25075120964195e-16,True,2.582002893023232e-16
E1,MO-lex,9,0.0,48.5625,2.700813343538282e-16,True,2.700813343538282e-16
E1,MO-lex,9,0.01,48.5625,2.700813343538282e-16,True,2.700813343538282e-16
E1,MO-lex,9,0.02,48.5625,2.700813343538282e-16,True,2.700813343538282e-16
E1,MO-lex,9,0.05,48.5625,2.700813343538282e-16,True,2.700813343538282e-16
E1,MO-lex,9,0.1,48.5625,2.700813343538282e-16,True,2.700813343538282e-16
E1,MO-lex,9,0.2,48.5625,2.700813343538282e-16,True,2.700813343538282e-16
E1,MO-lex,9,0.5,48.5625,2.700813343538282e-16,True,2.700813343538282e-16
E1,MO-lex,9,1.0,48.5625,2.700813343538282e-16,True,2.700813343538282e-16
E1,MO-lex,10,0.0,48.5625,2.700813343538282e-16,True,2.700813343538282e-16
E1,MO-lex,10,0.01,48.5625,2.700813343538282e-16,True,2.700813343538282e-16
E1,MO-lex,10,0.02,48.5625,2.700813343538282e-16,True,2.700813343538282e-16
E1,MO-lex,10,0.05,48.5625,2.700813343538282e-16,True,2.700813343538282e-16
E1,MO-lex,10,0.1,48.5625,2.700813343538282e-16,True,2.700813343538282e-16
E1,MO-lex,10,0.2,48.5625,2.700813343538282e-16,True,2.700813343538282e-16
E1,MO-lex,10,0.5,48.5625,2.700813343538282e-16,True,2.700813343538282e-16
E1,MO-lex,10,1.0,48.5625,2.700813343538282e-16,True,2.700813343538282e-16
E1,MO-lex,11,0.0,48.5625,2.700813343538282e-16,True,2.700813343538282e-16
E1,MO-lex,11,0.01,48.5625,2.700813343538282e-16,True,2.700813343538282e-16
E1,MO-lex,11,0.02,48.5625,2.700813343538282e-16,True,2.700813343538282e-16
E1,MO-lex,11,0.05,48.5625,2.700813343538282e-16,True,2.700813343538282e-16
E1,MO-lex,11,0.1,48.5625,2.700813343538282e-16,True,2.700813343538282e-16
E1,MO-lex,11,0.2,48.5625,2.700813343538282e-16,True,2.700813343538282e-16
E1,MO-lex,11,0.5,48.5625,2.700813343538282e-16,True,2.700813343538282e-16
E1,MO-lex,11,1.0,48.5625,2.700813343538282e-16,True,2.700813343538282e-16
E1,MO-lex,12,0.0,48.5625,2.700813343538282e-16,True,2.043428099927965e-16
E1,MO-lex,12,0.01,48.5625,2.700813343538282e-16,True,2.043428099927965e-16
E1,MO-lex,12,0.02,48.5625,2.700813343538282e-16,True,2.043428099927965e-16
E1,MO-lex,12,0.05,48.5625,2.700813343538282e-16,True,2.043428099927965e-16
E1,MO-lex,12,0.1,48.5625,2.700813343538282e-16,True,2.043428099927965e-16
E1,MO-lex,12,0.2,48.5625,2.700813343538282e-16,True,2.043428099927965e-16
E1,MO-lex,12,0.5,48.5625,2.700813343538282e-16,True,2.043428099927965e-16
E1,MO-lex,12,1.0,48.5625,2.700813343538282e-16,True,2.043428099927965e-16
E1,MO-lex,13,0.0,48.5625,2.700813343538282e-16,True,2.700813343538282e-16
E1,MO-lex,13,0.01,48.5625,2.700813343538282e-16,True,2.700813343538282e-16
E1,MO-lex,13,0.02,48.5625,2.700813343538282e-16,True,2.700813343538282e-16
E1,MO-lex,13,0.05,48.5625,2.700813343538282e-16,True,2.700813343538282e-16
E1,MO-lex,13,0.1,48.5625,2.700813343538282e-16,True,2.700813343538282e-16
E1,MO-lex,13,0.2,48.5625,2.700813343538282e-16,True,2.700813343538282e-16
E1,MO-lex,13,0.5,48.5625,2.700813343538282e-16,True,2.700813343538282e-16
E1,MO-lex,13,1.0,48.5625,2.700813343538282e-16,True,2.700813343538282e-16
E1,MO-lex,14,0.0,48.5625,2.700813343538282e-16,True,2.3458695068017613e-16
E1,MO-lex,14,0.01,48.5625,2.700813343538282e-16,True,2.3458695068017613e-16
E1,MO-lex,14,0.02,48.5625,2.700813343538282e-16,True,2.3458695068017613e-16
E1,MO-lex,14,0.05,48.5625,2.700813343538282e-16,True,2.3458695068017613e-16
E1,MO-lex,14,0.1,48.5625,2.700813343538282e-16,True,2.3458695068017613e-16
E1,MO-lex,14,0.2,48.5625,2.700813343538282e-16,True,2.3458695068017613e-16
E1,MO-lex,14,0.5,48.5625,2.700813343538282e-16,True,2.3458695068017613e-16
E1,MO-lex,14,1.0,48.5625,2.700813343538282e-16,True,2.3458695068017613e-16
E1,MO-lex,15,0.0,48.5625,3.25075120964195e-16,True,2.7227928526362325e-16
E1,MO-lex,15,0.01,48.5625,3.25075120964195e-16,True,2.7227928526362325e-16
E1,MO-lex,15,0.02,48.5625,3.25075120964195e-16,True,2.7227928526362325e-16
E1,MO-lex,15,0.05,48.5625,3.25075120964195e-16,True,2.7227928526362325e-16
E1,MO-lex,15,0.1,48.5625,3.25075120964195e-16,True,2.7227928526362325e-16
E1,MO-lex,15,0.2,48.5625,3.25075120964195e-16,True,2.7227928526362325e-16
E1,MO-lex,15,0.5,48.5625,3.25075120964195e-16,True,2.7227928526362325e-16
E1,MO-lex,15,1.0,48.5625,3.25075120964195e-16,True,2.7227928526362325e-16
E1,MO-lex,16,0.0,48.5625,2.700813343538282e-16,True,2.3458695068017613e-16
E1,MO-lex,16,0.01,48.5625,2.700813343538282e-16,True,2.3458695068017613e-16
E1,MO-lex,16,0.02,48.5625,2.700813343538282e-16,True,2.3458695068017613e-16
E1,MO-lex,16,0.05,48.5625,2.700813343538282e-16,True,2.3458695068017613e-16
E1,MO-lex,16,0.1,48.5625,2.700813343538282e-16,True,2.3458695068017613e-16
E1,MO-lex,16,0.2,48.5625,2.700813343538282e-16,True,2.3458695068017613e-16
E1,MO-lex,16,0.5,48.5625,2.700813343538282e-16,True,2.3458695068017613e-16
E1,MO-lex,16,1.0,48.5625,2.700813343538282e-16,True,2.3458695068017613e-16
E1,MO-lex,17,0.0,48.5625,3.3132865428115775e-16,True,3.3132865428115775e-16
E1,MO-lex,17,0.01,48.5625,3.3132865428115775e-16,True,3.3132865428115775e-16
E1,MO-lex,17,0.02,48.5625,3.3132865428115775e-16,True,3.3132865428115775e-16
E1,MO-lex,17,0.05,48.5625,3.3132865428115775e-16,True,3.3132865428115775e-16
E1,MO-lex,17,0.1,48.5625,3.3132865428115775e-16,True,3.3132865428115775e-16
E1,MO-lex,17,0.2,48.5625,3.3132865428115775e-16,True,3.3132865428115775e-16
E1,MO-lex,17,0.5,48.5625,3.3132865428115775e-16,True,3.3132865428115775e-16
E1,MO-lex,17,1.0,48.5625,3.3132865428115775e-16,True,3.3132865428115775e-16
E1,MO-lex,18,0.0,48.5625,6.156117865385776e-16,True,2.4149382677767686e-16
E1,MO-lex,18,0.01,48.5625,6.156117865385776e-16,True,2.4149382677767686e-16
E1,MO-lex,18,0.02,48.5625,6.156117865385776e-16,True,2.4149382677767686e-16
E1,MO-lex,18,0.05,48.5625,6.156117865385776e-16,True,2.4149382677767686e-16
E1,MO-lex,18,0.1,48.5625,6.156117865385776e-16,True,2.4149382677767686e-16
E1,MO-lex,18,0.2,48.5625,6.156117865385776e-16,True,2.4149382677767686e-16
E1,MO-lex,18,0.5,48.5625,6.156117865385776e-16,True,2.4149382677767686e-16
E1,MO-lex,18,1.0,48.5625,6.156117865385776e-16,True,2.4149382677767686e-16
E1,MO-lex,19,0.0,48.5625,2.700813343538282e-16,True,2.700813343538282e-16
E1,MO-lex,19,0.01,48.5625,2.700813343538282e-16,True,2.700813343538282e-16
E1,MO-lex,19,0.02,48.5625,2.700813343538282e-16,True,2.700813343538282e-16
E1,MO-lex,19,0.05,48.5625,2.700813343538282e-16,True,2.700813343538282e-16
E1,MO-lex,19,0.1,48.5625,2.700813343538282e-16,True,2.700813343538282e-16
E1,MO-lex,19,0.2,48.5625,2.700813343538282e-16,True,2.700813343538282e-16
E1,MO-lex,19,0.5,48.5625,2.700813343538282e-16,True,2.700813343538282e-16
E1,MO-lex,19,1.0,48.5625,2.700813343538282e-16,True,2.700813343538282e-16
E1,MO-lex,20,0.0,48.5625,2.700813343538282e-16,True,2.700813343538282e-16
E1,MO-lex,20,0.01,48.5625,2.700813343538282e-16,True,2.700813343538282e-16
E1,MO-lex,20,0.02,48.5625,2.700813343538282e-16,True,2.700813343538282e-16
E1,MO-lex,20,0.05,48.5625,2.700813343538282e-16,True,2.700813343538282e-16
E1,MO-lex,20,0.1,48.5625,2.700813343538282e-16,True,2.700813343538282e-16
E1,MO-lex,20,0.2,48.5625,2.700813343538282e-16,True,2.700813343538282e-16
E1,MO-lex,20,0.5,48.5625,2.700813343538282e-16,True,2.700813343538282e-16
E1,MO-lex,20,1.0,48.5625,2.700813343538282e-16,True,2.700813343538282e-16
E1,MO-lex,21,0.0,48.5625,3.25075120964195e-16,True,3.048215388922267e-16
E1,MO-lex,21,0.01,48.5625,3.25075120964195e-16,True,3.048215388922267e-16
E1,MO-lex,21,0.02,48.5625,3.25075120964195e-16,True,3.048215388922267e-16
E1,MO-lex,21,0.05,48.5625,3.25075120964195e-16,True,3.048215388922267e-16
E1,MO-lex,21,0.1,48.5625,3.25075120964195e-16,True,3.048215388922267e-16
E1,MO-lex,21,0.2,48.5625,3.25075120964195e-16,True,3.048215388922267e-16
E1,MO-lex,21,0.5,48.5625,3.25075120964195e-16,True,3.048215388922267e-16
E1,MO-lex,21,1.0,48.5625,3.25075120964195e-16,True,3.048215388922267e-16
E1,MO-lex,22,0.0,48.5625,3.25075120964195e-16,True,2.746656849876153e-16
E1,MO-lex,22,0.01,48.5625,3.25075120964195e-16,True,2.746656849876153e-16
E1,MO-lex,22,0.02,48.5625,3.25075120964195e-16,True,2.746656849876153e-16
E1,MO-lex,22,0.05,48.5625,3.25075120964195e-16,True,2.746656849876153e-16
E1,MO-lex,22,0.1,48.5625,3.25075120964195e-16,True,2.746656849876153e-16
E1,MO-lex,22,0.2,48.5625,3.25075120964195e-16,True,2.746656849876153e-16
E1,MO-lex,22,0.5,48.5625,3.25075120964195e-16,True,2.746656849876153e-16
E1,MO-lex,22,1.0,48.5625,3.25075120964195e-16,True,2.746656849876153e-16
E1,MO-lex,23,0.0,48.5625,7.495765931930908e-16,True,2.4491431876450457e-16
E1,MO-lex,23,0.01,48.5625,7.495765931930908e-16,True,2.4491431876450457e-16
E1,MO-lex,23,0.02,48.5625,7.495765931930908e-16,True,2.4491431876450457e-16
E1,MO-lex,23,0.05,48.5625,7.495765931930908e-16,True,2.4491431876450457e-16
E1,MO-lex,23,0.1,48.5625,7.495765931930908e-16,True,2.4491431876450457e-16
E1,MO-lex,23,0.2,48.5625,7.495765931930908e-16,True,2.4491431876450457e-16
E1,MO-lex,23,0.5,48.5625,7.495765931930908e-16,True,2.4491431876450457e-16
E1,MO-lex,23,1.0,48.5625,7.495765931930908e-16,True,2.4491431876450457e-16
E1,MO-lex,24,0.0,48.5625,2.700813343538282e-16,True,2.1087021151122103e-16
E1,MO-lex,24,0.01,48.5625,2.700813343538282e-16,True,2.1087021151122103e-16
E1,MO-lex,24,0.02,48.5625,2.700813343538282e-16,True,2.1087021151122103e-16
E1,MO-lex,24,0.05,48.5625,2.700813343538282e-16,True,2.1087021151122103e-16
E1,MO-lex,24,0.1,48.5625,2.700813343538282e-16,True,2.1087021151122103e-16
E1,MO-lex,24,0.2,48.5625,2.700813343538282e-16,True,2.1087021151122103e-16
E1,MO-lex,24,0.5,48.5625,2.700813343538282e-16,True,2.1087021151122103e-16
E1,MO-lex,24,1.0,48.5625,2.700813343538282e-16,True,2.1087021151122103e-16
E1,MO-lex,25,0.0,48.5625,2.700813343538282e-16,True,2.4491431876450457e-16
E1,MO-lex,25,0.01,48.5625,2.700813343538282e-16,True,2.4491431876450457e-16
E1,MO-lex,25,0.02,48.5625,2.700813343538282e-16,True,2.4491431876450457e-16
E1,MO-lex,25,0.05,48.5625,2.700813343538282e-16,True,2.4491431876450457e-16
E1,MO-lex,25,0.1,48.5625,2.700813343538282e-16,True,2.4491431876450457e-16
E1,MO-lex,25,0.2,48.5625,2.700813343538282e-16,True,2.4491431876450457e-16
E1,MO-lex,25,0.5,48.5625,2.700813343538282e-16,True,2.4491431876450457e-16
E1,MO-lex,25,1.0,48.5625,2.700813343538282e-16,True,2.4491431876450457e-16
E1,MO-lex,26,0.0,48.5625,2.700813343538282e-16,True,2.3458695068017613e-16
E1,MO-lex,26,0.01,48.5625,2.700813343538282e-16,True,2.3458695068017613e-16
E1,MO-lex,26,0.02,48.5625,2.700813343538282e-16,True,2.3458695068017613e-16
E1,MO-lex,26,0.05,48.5625,2.700813343538282e-16,True,2.3458695068017613e-16
E1,MO-lex,26,0.1,48.5625,2.700813343538282e-16,True,2.3458695068017613e-16
E1,MO-lex,26,0.2,48.5625,2.700813343538282e-16,True,2.3458695068017613e-16
E1,MO-lex,26,0.5,48.5625,2.700813343538282e-16,True,2.3458695068017613e-16
E1,MO-lex,26,1.0,48.5625,2.700813343538282e-16,True,2.3458695068017613e-16
E1,MO-lex,27,0.0,48.5625,2.700813343538282e-16,True,2.3458695068017613e-16
E1,MO-lex,27,0.01,48.5625,2.700813343538282e-16,True,2.3458695068017613e-16
E1,MO-lex,27,0.02,48.5625,2.700813343538282e-16,True,2.3458695068017613e-16
E1,MO-lex,27,0.05,48.5625,2.700813343538282e-16,True,2.3458695068017613e-16
E1,MO-lex,27,0.1,48.5625,2.700813343538282e-16,True,2.3458695068017613e-16
E1,MO-lex,27,0.2,48.5625,2.700813343538282e-16,True,2.3458695068017613e-16
E1,MO-lex,27,0.5,48.5625,2.700813343538282e-16,True,2.3458695068017613e-16
E1,MO-lex,27,1.0,48.5625,2.700813343538282e-16,True,2.3458695068017613e-16
E1,MO-lex,28,0.0,48.5625,5.369700045505021e-16,True,2.3458695068017613e-16
E1,MO-lex,28,0.01,48.5625,5.369700045505021e-16,True,2.3458695068017613e-16
E1,MO-lex,28,0.02,48.5625,5.369700045505021e-16,True,2.3458695068017613e-16
E1,MO-lex,28,0.05,48.5625,5.369700045505021e-16,True,2.3458695068017613e-16
E1,MO-lex,28,0.1,48.5625,5.369700045505021e-16,True,2.3458695068017613e-16
E1,MO-lex,28,0.2,48.5625,5.369700045505021e-16,True,2.3458695068017613e-16
E1,MO-lex,28,0.5,48.5625,5.369700045505021e-16,True,2.3458695068017613e-16
E1,MO-lex,28,1.0,48.5625,5.369700045505021e-16,True,2.3458695068017613e-16
E1,MO-lex,29,0.0,48.5625,2.700813343538282e-16,True,2.3458695068017613e-16
E1,MO-lex,29,0.01,48.5625,2.700813343538282e-16,True,2.3458695068017613e-16
E1,MO-lex,29,0.02,48.5625,2.700813343538282e-16,True,2.3458695068017613e-16
E1,MO-lex,29,0.05,48.5625,2.700813343538282e-16,True,2.3458695068017613e-16
E1,MO-lex,29,0.1,48.5625,2.700813343538282e-16,True,2.3458695068017613e-16
E1,MO-lex,29,0.2,48.5625,2.700813343538282e-16,True,2.3458695068017613e-16
E1,MO-lex,29,0.5,48.5625,2.700813343538282e-16,True,2.3458695068017613e-16
E1,MO-lex,29,1.0,48.5625,2.700813343538282e-16,True,2.3458695068017613e-16
E1,Green,0,0.0,48.5625,7.142928451732104e-16,True,2.4149382677767686e-16
E1,Green,0,0.01,48.5625,7.142928451732104e-16,True,2.4149382677767686e-16
E1,Green,0,0.02,48.5625,7.142928451732104e-16,True,2.4149382677767686e-16
E1,Green,0,0.05,48.5625,7.142928451732104e-16,True,2.4149382677767686e-16
E1,Green,0,0.1,48.5625,7.142928451732104e-16,True,2.4149382677767686e-16
E1,Green,0,0.2,48.5625,7.142928451732104e-16,True,2.4149382677767686e-16
E1,Green,0,0.5,48.5625,7.142928451732104e-16,True,2.4149382677767686e-16
E1,Green,0,1.0,48.5625,7.142928451732104e-16,True,2.4149382677767686e-16
E1,Green,1,0.0,48.5625,3.0443950575286657e-15,True,3.207588230161238e-16
E1,Green,1,0.01,48.5625,3.0443950575286657e-15,True,3.207588230161238e-16
E1,Green,1,0.02,48.5625,3.0443950575286657e-15,True,3.207588230161238e-16
E1,Green,1,0.05,48.5625,3.0443950575286657e-15,True,3.207588230161238e-16
E1,Green,1,0.1,48.5625,3.0443950575286657e-15,True,3.207588230161238e-16
E1,Green,1,0.2,48.5625,3.0443950575286657e-15,True,3.207588230161238e-16
E1,Green,1,0.5,48.5625,3.0443950575286657e-15,True,3.207588230161238e-16
E1,Green,1,1.0,48.5625,3.0443950575286657e-15,True,3.207588230161238e-16
E1,Green,2,0.0,48.5625,3.133304983038018e-15,True,3.545248322641103e-16
E1,Green,2,0.01,48.5625,3.133304983038018e-15,True,3.545248322641103e-16
E1,Green,2,0.02,48.5625,3.133304983038018e-15,True,3.545248322641103e-16
E1,Green,2,0.05,48.5625,3.133304983038018e-15,True,3.545248322641103e-16
E1,Green,2,0.1,48.5625,3.133304983038018e-15,True,3.545248322641103e-16
E1,Green,2,0.2,48.5625,3.133304983038018e-15,True,3.545248322641103e-16
E1,Green,2,0.5,48.5625,3.133304983038018e-15,True,3.545248322641103e-16
E1,Green,2,1.0,48.5625,3.133304983038018e-15,True,3.545248322641103e-16
E1,Green,3,0.0,48.5625,7.142928451732104e-16,True,3.4594786729631944e-16
E1,Green,3,0.01,48.5625,7.142928451732104e-16,True,3.4594786729631944e-16
E1,Green,3,0.02,48.5625,7.142928451732104e-16,True,3.4594786729631944e-16
E1,Green,3,0.05,48.5625,7.142928451732104e-16,True,3.4594786729631944e-16
E1,Green,3,0.1,48.5625,7.142928451732104e-16,True,3.4594786729631944e-16
E1,Green,3,0.2,48.5625,7.142928451732104e-16,True,3.4594786729631944e-16
E1,Green,3,0.5,48.5625,7.142928451732104e-16,True,3.4594786729631944e-16
E1,Green,3,1.0,48.5625,7.142928451732104e-16,True,3.4594786729631944e-16
E1,Green,4,0.0,48.5625,1.2648814273871748e-15,True,2.0897448572302637e-16
E1,Green,4,0.01,48.5625,1.2648814273871748e-15,True,2.0897448572302637e-16
E1,Green,4,0.02,48.5625,1.2648814273871748e-15,True,2.0897448572302637e-16
E1,Green,4,0.05,48.5625,1.2648814273871748e-15,True,2.0897448572302637e-16
E1,Green,4,0.1,48.5625,1.2648814273871748e-15,True,2.0897448572302637e-16
E1,Green,4,0.2,48.5625,1.2648814273871748e-15,True,2.0897448572302637e-16
E1,Green,4,0.5,48.5625,1.2648814273871748e-15,True,2.0897448572302637e-16
E1,Green,4,1.0,48.5625,1.2648814273871748e-15,True,2.0897448572302637e-16
E1,Green,5,0.0,48.5625,2.1233430408575456e-15,True,3.2573329142117554e-16
E1,Green,5,0.01,48.5625,2.1233430408575456e-15,True,3.2573329142117554e-16
E1,Green,5,0.02,48.5625,2.1233430408575456e-15,True,3.2573329142117554e-16
E1,Green,5,0.05,48.5625,2.1233430408575456e-15,True,3.2573329142117554e-16
E1,Green,5,0.1,48.5625,2.1233430408575456e-15,True,3.2573329142117554e-16
E1,Green,5,0.2,48.5625,2.1233430408575456e-15,True,3.2573329142117554e-16
E1,Green,5,0.5,48.5625,2.1233430408575456e-15,True,3.2573329142117554e-16
E1,Green,5,1.0,48.5625,2.1233430408575456e-15,True,3.2573329142117554e-16
E1,Green,6,0.0,48.5625,9.267039282010344e-16,True,2.4149382677767686e-16
E1,Green,6,0.01,48.5625,9.267039282010344e-16,True,2.4149382677767686e-16
E1,Green,6,0.02,48.5625,9.267039282010344e-16,True,2.4149382677767686e-16
E1,Green,6,0.05,48.5625,9.267039282010344e-16,True,2.4149382677767686e-16
E1,Green,6,0.1,48.5625,9.267039282010344e-16,True,2.4149382677767686e-16
E1,Green,6,0.2,48.5625,9.267039282010344e-16,True,2.4149382677767686e-16
E1,Green,6,0.5,48.5625,9.267039282010344e-16,True,2.4149382677767686e-16
E1,Green,6,1.0,48.5625,9.267039282010344e-16,True,2.4149382677767686e-16
E1,Green,7,0.0,48.5625,1.947580698642516e-15,True,3.1244777018916134e-16
E1,Green,7,0.01,48.5625,1.947580698642516e-15,True,3.1244777018916134e-16
E1,Green,7,0.02,48.5625,1.947580698642516e-15,True,3.1244777018916134e-16
E1,Green,7,0.05,48.5625,1.947580698642516e-15,True,3.1244777018916134e-16
E1,Green,7,0.1,48.5625,1.947580698642516e-15,True,3.1244777018916134e-16
E1,Green,7,0.2,48.5625,1.947580698642516e-15,True,3.1244777018916134e-16
E1,Green,7,0.5,48.5625,1.947580698642516e-15,True,3.1244777018916134e-16
E1,Green,7,1.0,48.5625,1.947580698642516e-15,True,3.1244777018916134e-16
E1,Green,8,0.0,48.5625,5.29658930435707e-16,True,3.9547207099481914e-16
E1,Green,8,0.01,48.5625,5.29658930435707e-16,True,3.9547207099481914e-16
E1,Green,8,0.02,48.5625,5.29658930435707e-16,True,3.9547207099481914e-16
E1,Green,8,0.05,48.5625,5.29658930435707e-16,True,3.9547207099481914e-16
E1,Green,8,0.1,48.5625,5.29658930435707e-16,True,3.9547207099481914e-16
E1,Green,8,0.2,48.5625,5.29658930435707e-16,True,3.9547207099481914e-16
E1,Green,8,0.5,48.5625,5.29658930435707e-16,True,3.9547207099481914e-16
E1,Green,8,1.0,48.5625,5.29658930435707e-16,True,3.9547207099481914e-16
E1,Green,9,0.0,48.5625,9.03448256430443e-16,True,3.3892926602766675e-16
E1,Green,9,0.01,48.5625,9.03448256430443e-16,True,3.3892926602766675e-16
E1,Green,9,0.02,48.5625,9.03448256430443e-16,True,3.3892926602766675e-16
E1,Green,9,0.05,48.5625,9.03448256430443e-16,True,3.3892926602766675e-16
E1,Green,9,0.1,48.5625,9.03448256430443e-16,True,3.3892926602766675e-16
E1,Green,9,0.2,48.5625,9.03448256430443e-16,True,3.3892926602766675e-16
E1,Green,9,0.5,48.5625,9.03448256430443e-16,True,3.3892926602766675e-16
E1,Green,9,1.0,48.5625,9.03448256430443e-16,True,3.3892926602766675e-16
E1,Green,10,0.0,48.5625,1.895154008727764e-15,True,4.102142762824709e-16
E1,Green,10,0.01,48.5625,1.895154008727764e-15,True,4.102142762824709e-16
E1,Green,10,0.02,48.5625,1.895154008727764e-15,True,4.102142762824709e-16
E1,Green,10,0.05,48.5625,1.895154008727764e-15,True,4.102142762824709e-16
E1,Green,10,0.1,48.5625,1.895154008727764e-15,True,4.102142762824709e-16
E1,Green,10,0.2,48.5625,1.895154008727764e-15,True,4.102142762824709e-16
E1,Green,10,0.5,48.5625,1.895154008727764e-15,True,4.102142762824709e-16
E1,Green,10,1.0,48.5625,1.895154008727764e-15,True,4.102142762824709e-16
E1,Green,11,0.0,48.5625,8.878886681264161e-16,True,3.5762630408133606e-16
E1,Green,11,0.01,48.5625,8.878886681264161e-16,True,3.5762630408133606e-16
E1,Green,11,0.02,48.5625,8.878886681264161e-16,True,3.5762630408133606e-16
E1,Green,11,0.05,48.5625,8.878886681264161e-16,True,3.5762630408133606e-16
E1,Green,11,0.1,48.5625,8.878886681264161e-16,True,3.5762630408133606e-16
E1,Green,11,0.2,48.5625,8.878886681264161e-16,True,3.5762630408133606e-16
E1,Green,11,0.5,48.5625,8.878886681264161e-16,True,3.5762630408133606e-16
E1,Green,11,1.0,48.5625,8.878886681264161e-16,True,3.5762630408133606e-16
E1,Green,12,0.0,48.5625,1.2031003816395871e-15,True,3.4348145591359677e-16
E1,Green,12,0.01,48.5625,1.2031003816395871e-15,True,3.4348145591359677e-16
E1,Green,12,0.02,48.5625,1.2031003816395871e-15,True,3.4348145591359677e-16
E1,Green,12,0.05,48.5625,1.2031003816395871e-15,True,3.4348145591359677e-16
E1,Green,12,0.1,48.5625,1.2031003816395871e-15,True,3.4348145591359677e-16
E1,Green,12,0.2,48.5625,1.2031003816395871e-15,True,3.4348145591359677e-16
E1,Green,12,0.5,48.5625,1.2031003816395871e-15,True,3.4348145591359677e-16
E1,Green,12,1.0,48.5625,1.2031003816395871e-15,True,3.4348145591359677e-16
E1,Green,13,0.0,48.5625,4.084126682246382e-16,True,1.6264033704520774e-16
E1,Green,13,0.01,48.5625,4.084126682246382e-16,True,1.6264033704520774e-16
E1,Green,13,0.02,48.5625,4.084126682246382e-16,True,1.6264033704520774e-16
E1,Green,13,0.05,48.5625,4.084126682246382e-16,True,1.6264033704520774e-16
E1,Green,13,0.1,48.5625,4.084126682246382e-16,True,1.6264033704520774e-16
E1,Green,13,0.2,48.5625,4.084126682246382e-16,True,1.6264033704520774e-16
E1,Green,13,0.5,48.5625,4.084126682246382e-16,True,1.6264033704520774e-16
E1,Green,13,1.0,48.5625,4.084126682246382e-16,True,1.6264033704520774e-16
E1,Green,14,0.0,48.5625,3.252858957327326e-16,True,2.8620923185033736e-16
E1,Green,14,0.01,48.5625,3.252858957327326e-16,True,2.8620923185033736e-16
E1,Green,14,0.02,48.5625,3.252858957327326e-16,True,2.8620923185033736e-16
E1,Green,14,0.05,48.5625,3.252858957327326e-16,True,2.8620923185033736e-16
E1,Green,14,0.1,48.5625,3.252858957327326e-16,True,2.8620923185033736e-16
E1,Green,14,0.2,48.5625,3.252858957327326e-16,True,2.8620923185033736e-16
E1,Green,14,0.5,48.5625,3.252858957327326e-16,True,2.8620923185033736e-16
E1,Green,14,1.0,48.5625,3.252858957327326e-16,True,2.8620923185033736e-16
E1,Green,15,0.0,48.5625,1.5944835719487724e-15,True,3.7282706154976155e-16
E1,Green,15,0.01,48.5625,1.5944835719487724e-15,True,3.7282706154976155e-16
E1,Green,15,0.02,48.5625,1.5944835719487724e-15,True,3.7282706154976155e-16
E1,Green,15,0.05,48.5625,1.5944835719487724e-15,True,3.7282706154976155e-16
E1,Green,15,0.1,48.5625,1.5944835719487724e-15,True,3.7282706154976155e-16
E1,Green,15,0.2,48.5625,1.5944835719487724e-15,True,3.7282706154976155e-16
E1,Green,15,0.5,48.5625,1.5944835719487724e-15,True,3.7282706154976155e-16
E1,Green,15,1.0,48.5625,1.5944835719487724e-15,True,3.7282706154976155e-16
E1,Green,16,0.0,48.5625,1.947580698642516e-15,True,2.57003679595249e-16
E1,Green,16,0.01,48.5625,1.947580698642516e-15,True,2.57003679595249e-16
E1,Green,16,0.02,48.5625,1.947580698642516e-15,True,2.57003679595249e-16
E1,Green,16,0.05,48.5625,1.947580698642516e-15,True,2.57003679595249e-16
E1,Green,16,0.1,48.5625,1.947580698642516e-15,True,2.57003679595249e-16
E1,Green,16,0.2,48.5625,1.947580698642516e-15,True,2.57003679595249e-16
E1,Green,16,0.5,48.5625,1.947580698642516e-15,True,2.57003679595249e-16
E1,Green,16,1.0,48.5625,1.947580698642516e-15,True,2.57003679595249e-16
E1,Green,17,0.0,48.5625,2.1677456228804145e-15,True,4.1674518770586163e-16
E1,Green,17,0.01,48.5625,2.1677456228804145e-15,True,4.1674518770586163e-16
E1,Green,17,0.02,48.5625,2.1677456228804145e-15,True,4.1674518770586163e-16
E1,Green,17,0.05,48.5625,2.1677456228804145e-15,True,4.1674518770586163e-16
E1,Green,17,0.1,48.5625,2.1677456228804145e-15,True,4.1674518770586163e-16
E1,Green,17,0.2,48.5625,2.1677456228804145e-15,True,4.1674518770586163e-16
E1,Green,17,0.5,48.5625,2.1677456228804145e-15,True,4.1674518770586163e-16
E1,Green,17,1.0,48.5625,2.1677456228804145e-15,True,4.1674518770586163e-16
E1,Green,18,0.0,48.5625,3.2489343803753984e-16,True,3.2489343803753984e-16
E1,Green,18,0.01,48.5625,3.2489343803753984e-16,True,3.2489343803753984e-16
E1,Green,18,0.02,48.5625,3.2489343803753984e-16,True,3.2489343803753984e-16
E1,Green,18,0.05,48.5625,3.2489343803753984e-16,True,3.2489343803753984e-16
E1,Green,18,0.1,48.5625,3.2489343803753984e-16,True,3.2489343803753984e-16
E1,Green,18,0.2,48.5625,3.2489343803753984e-16,True,3.2489343803753984e-16
E1,Green,18,0.5,48.5625,3.2489343803753984e-16,True,3.2489343803753984e-16
E1,Green,18,1.0,48.5625,3.2489343803753984e-16,True,3.2489343803753984e-16
E1,Green,19,0.0,48.5625,1.4709222633268395e-15,True,3.9547207099481914e-16
E1,Green,19,0.01,48.5625,1.4709222633268395e-15,True,3.9547207099481914e-16
E1,Green,19,0.02,48.5625,1.4709222633268395e-15,True,3.9547207099481914e-16
E1,Green,19,0.05,48.5625,1.4709222633268395e-15,True,3.9547207099481914e-16
E1,Green,19,0.1,48.5625,1.4709222633268395e-15,True,3.9547207099481914e-16
E1,Green,19,0.2,48.5625,1.4709222633268395e-15,True,3.9547207099481914e-16
E1,Green,19,0.5,48.5625,1.4709222633268395e-15,True,3.9547207099481914e-16
E1,Green,19,1.0,48.5625,1.4709222633268395e-15,True,3.9547207099481914e-16
E1,Green,20,0.0,48.5625,3.4896201714327896e-16,True,3.048215388922267e-16
E1,Green,20,0.01,48.5625,3.4896201714327896e-16,True,3.048215388922267e-16
E1,Green,20,0.02,48.5625,3.4896201714327896e-16,True,3.048215388922267e-16
E1,Green,20,0.05,48.5625,3.4896201714327896e-16,True,3.048215388922267e-16
E1,Green,20,0.1,48.5625,3.4896201714327896e-16,True,3.048215388922267e-16
E1,Green,20,0.2,48.5625,3.4896201714327896e-16,True,3.048215388922267e-16
E1,Green,20,0.5,48.5625,3.4896201714327896e-16,True,3.048215388922267e-16
E1,Green,20,1.0,48.5625,3.4896201714327896e-16,True,3.048215388922267e-16
E1,Green,21,0.0,48.5625,9.03448256430443e-16,True,3.5374612724714936e-16
E1,Green,21,0.01,48.5625,9.03448256430443e-16,True,3.5374612724714936e-16
E1,Green,21,0.02,48.5625,9.03448256430443e-16,True,3.5374612724714936e-16
E1,Green,21,0.05,48.5625,9.03448256430443e-16,True,3.5374612724714936e-16
E1,Green,21,0.1,48.5625,9.03448256430443e-16,True,3.5374612724714936e-16
E1,Green,21,0.2,48.5625,9.03448256430443e-16,True,3.5374612724714936e-16
E1,Green,21,0.5,48.5625,9.03448256430443e-16,True,3.5374612724714936e-16
E1,Green,21,1.0,48.5625,9.03448256430443e-16,True,3.5374612724714936e-16
E1,Green,22,0.0,48.5625,7.142928451732104e-16,True,2.3458695068017613e-16
E1,Green,22,0.01,48.5625,7.142928451732104e-16,True,2.3458695068017613e-16
E1,Green,22,0.02,48.5625,7.142928451732104e-16,True,2.3458695068017613e-16
E1,Green,22,0.05,48.5625,7.142928451732104e-16,True,2.3458695068017613e-16
E1,Green,22,0.1,48.5625,7.142928451732104e-16,True,2.3458695068017613e-16
E1,Green,22,0.2,48.5625,7.142928451732104e-16,True,2.3458695068017613e-16
E1,Green,22,0.5,48.5625,7.142928451732104e-16,True,2.3458695068017613e-16
E1,Green,22,1.0,48.5625,7.142928451732104e-16,True,2.3458695068017613e-16
E1,Green,23,0.0,48.5625,9.03448256430443e-16,True,4.804147958415448e-16
E1,Green,23,0.01,48.5625,9.03448256430443e-16,True,4.804147958415448e-16
E1,Green,23,0.02,48.5625,9.03448256430443e-16,True,4.804147958415448e-16
E1,Green,23,0.05,48.5625,9.03448256430443e-16,True,4.804147958415448e-16
E1,Green,23,0.1,48.5625,9.03448256430443e-16,True,4.804147958415448e-16
E1,Green,23,0.2,48.5625,9.03448256430443e-16,True,4.804147958415448e-16
E1,Green,23,0.5,48.5625,9.03448256430443e-16,True,4.804147958415448e-16
E1,Green,23,1.0,48.5625,9.03448256430443e-16,True,4.804147958415448e-16
E1,Green,24,0.0,48.5625,3.0443950575286657e-15,True,3.323602781771804e-16
E1,Green,24,0.01,48.5625,3.0443950575286657e-15,True,3.323602781771804e-16
E1,Green,24,0.02,48.5625,3.0443950575286657e-15,True,3.323602781771804e-16
E1,Green,24,0.05,48.5625,3.0443950575286657e-15,True,3.323602781771804e-16
E1,Green,24,0.1,48.5625,3.0443950575286657e-15,True,3.323602781771804e-16
E1,Green,24,0.2,48.5625,3.0443950575286657e-15,True,3.323602781771804e-16
E1,Green,24,0.5,48.5625,3.0443950575286657e-15,True,3.323602781771804e-16
E1,Green,24,1.0,48.5625,3.0443950575286657e-15,True,3.323602781771804e-16
E1,Green,25,0.0,48.5625,1.035053617371294e-15,True,3.094898248666303e-16
E1,Green,25,0.01,48.5625,1.035053617371294e-15,True,3.094898248666303e-16
E1,Green,25,0.02,48.5625,1.035053617371294e-15,True,3.094898248666303e-16
E1,Green,25,0.05,48.5625,1.035053617371294e-15,True,3.094898248666303e-16
E1,Green,25,0.1,48.5625,1.035053617371294e-15,True,3.094898248666303e-16
E1,Green,25,0.2,48.5625,1.035053617371294e-15,True,3.094898248666303e-16
E1,Green,25,0.5,48.5625,1.035053617371294e-15,True,3.094898248666303e-16
E1,Green,25,1.0,48.5625,1.035053617371294e-15,True,3.094898248666303e-16
E1,Green,26,0.0,48.5625,1.9964913575063468e-15,True,2.660400047422037e-16
E1,Green,26,0.01,48.5625,1.9964913575063468e-15,True,2.660400047422037e-16
E1,Green,26,0.02,48.5625,1.9964913575063468e-15,True,2.660400047422037e-16
E1,Green,26,0.05,48.5625,1.9964913575063468e-15,True,2.660400047422037e-16
E1,Green,26,0.1,48.5625,1.9964913575063468e-15,True,2.660400047422037e-16
E1,Green,26,0.2,48.5625,1.9964913575063468e-15,True,2.660400047422037e-16
E1,Green,26,0.5,48.5625,1.9964913575063468e-15,True,2.660400047422037e-16
E1,Green,26,1.0,48.5625,1.9964913575063468e-15,True,2.660400047422037e-16
E1,Green,27,0.0,48.5625,1.2862667904077988e-15,True,3.687883018738349e-16
E1,Green,27,0.01,48.5625,1.2862667904077988e-15,True,3.687883018738349e-16
E1,Green,27,0.02,48.5625,1.2862667904077988e-15,True,3.687883018738349e-16
E1,Green,27,0.05,48.5625,1.2862667904077988e-15,True,3.687883018738349e-16
E1,Green,27,0.1,48.5625,1.2862667904077988e-15,True,3.687883018738349e-16
E1,Green,27,0.2,48.5625,1.2862667904077988e-15,True,3.687883018738349e-16
E1,Green,27,0.5,48.5625,1.2862667904077988e-15,True,3.687883018738349e-16
E1,Green,27,1.0,48.5625,1.2862667904077988e-15,True,3.687883018738349e-16
E1,Green,28,0.0,48.5625,8.878886681264161e-16,True,2.616578955285392e-16
E1,Green,28,0.01,48.5625,8.878886681264161e-16,True,2.616578955285392e-16
E1,Green,28,0.02,48.5625,8.878886681264161e-16,True,2.616578955285392e-16
E1,Green,28,0.05,48.5625,8.878886681264161e-16,True,2.616578955285392e-16
E1,Green,28,0.1,48.5625,8.878886681264161e-16,True,2.616578955285392e-16
E1,Green,28,0.2,48.5625,8.878886681264161e-16,True,2.616578955285392e-16
E1,Green,28,0.5,48.5625,8.878886681264161e-16,True,2.616578955285392e-16
E1,Green,28,1.0,48.5625,8.878886681264161e-16,True,2.616578955285392e-16
E1,Green,29,0.0,48.5625,1.044925924616553e-15,True,3.3909577841225744e-16
E1,Green,29,0.01,48.5625,1.044925924616553e-15,True,3.3909577841225744e-16
E1,Green,29,0.02,48.5625,1.044925924616553e-15,True,3.3909577841225744e-16
E1,Green,29,0.05,48.5625,1.044925924616553e-15,True,3.3909577841225744e-16
E1,Green,29,0.1,48.5625,1.044925924616553e-15,True,3.3909577841225744e-16
E1,Green,29,0.2,48.5625,1.044925924616553e-15,True,3.3909577841225744e-16
E1,Green,29,0.5,48.5625,1.044925924616553e-15,True,3.3909577841225744e-16
E1,Green,29,1.0,48.5625,1.044925924616553e-15,True,3.3909577841225744e-16
E2,SO,0,0.0,84.734375,0.028439045742316746,False,0.028439045742316746
E2,SO,0,0.01,84.734375,0.028439045742316746,False,0.028439045742316746
E2,SO,0,0.02,84.734375,0.028439045742316746,False,0.028439045742316746
E2,SO,0,0.05,84.734375,0.028439045742316746,False,0.028439045742316746
E2,SO,0,0.1,84.734375,0.028439045742316746,False,0.028439045742316746
E2,SO,0,0.2,84.734375,0.028439045742316746,False,0.028439045742316746
E2,SO,0,0.5,84.734375,0.028439045742316746,False,0.028439045742316746
E2,SO,0,1.0,84.734375,0.028439045742316746,False,0.028439045742316746
E2,SO,1,0.0,84.734375,0.027974296687295588,False,0.027974296687295588
E2,SO,1,0.01,84.734375,0.027974296687295588,False,0.027974296687295588
E2,SO,1,0.02,84.734375,0.027974296687295588,False,0.027974296687295588
E2,SO,1,0.05,84.734375,0.027974296687295588,False,0.027974296687295588
E2,SO,1,0.1,84.734375,0.027974296687295588,False,0.027974296687295588
E2,SO,1,0.2,84.734375,0.027974296687295588,False,0.027974296687295588
E2,SO,1,0.5,84.734375,0.027974296687295588,False,0.027974296687295588
E2,SO,1,1.0,84.734375,0.027974296687295588,False,0.027974296687295588
E2,SO,2,0.0,84.734375,0.027942879613123903,False,0.027942879613123903
E2,SO,2,0.01,84.734375,0.027942879613123903,False,0.027942879613123903
E2,SO,2,0.02,84.734375,0.027942879613123903,False,0.027942879613123903
E2,SO,2,0.05,84.734375,0.027942879613123903,False,0.027942879613123903
E2,SO,2,0.1,84.734375,0.027942879613123903,False,0.027942879613123903
E2,SO,2,0.2,84.734375,0.027942879613123903,False,0.027942879613123903
E2,SO,2,0.5,84.734375,0.027942879613123903,False,0.027942879613123903
E2,SO,2,1.0,84.734375,0.027942879613123903,False,0.027942879613123903
E2,SO,3,0.0,84.734375,0.028495472197663716,False,0.028495472197663716
E2,SO,3,0.01,84.734375,0.028495472197663716,False,0.028495472197663716
E2,SO,3,0.02,84.734375,0.028495472197663716,False,0.028495472197663716
E2,SO,3,0.05,84.734375,0.028495472197663716,False,0.028495472197663716
E2,SO,3,0.1,84.734375,0.028495472197663716,False,0.028495472197663716
E2,SO,3,0.2,84.734375,0.028495472197663716,False,0.028495472197663716
E2,SO,3,0.5,84.734375,0.028495472197663716,False,0.028495472197663716
E2,SO,3,1.0,84.734375,0.028495472197663716,False,0.028495472197663716
E2,SO,4,0.0,84.734375,0.028495472197663872,False,0.028495472197663872
E2,SO,4,0.01,84.734375,0.028495472197663872,False,0.028495472197663872
E2,SO,4,0.02,84.734375,0.028495472197663872,False,0.028495472197663872
E2,SO,4,0.05,84.734375,0.028495472197663872,False,0.028495472197663872
E2,SO,4,0.1,84.734375,0.028495472197663872,False,0.028495472197663872
E2,SO,4,0.2,84.734375,0.028495472197663872,False,0.028495472197663872
E2,SO,4,0.5,84.734375,0.028495472197663872,False,0.028495472197663872
E2,SO,4,1.0,84.734375,0.028495472197663872,False,0.028495472197663872
E2,SO,5,0.0,84.734375,0.02852788859250901,False,0.02852788859250901
E2,SO,5,0.01,84.734375,0.02852788859250901,False,0.02852788859250901
E2,SO,5,0.02,84.734375,0.02852788859250901,False,0.02852788859250901
E2,SO,5,0.05,84.734375,0.02852788859250901,False,0.02852788859250901
E2,SO,5,0.1,84.734375,0.02852788859250901,False,0.02852788859250901
E2,SO,5,0.2,84.734375,0.02852788859250901,False,0.02852788859250901
E2,SO,5,0.5,84.734375,0.02852788859250901,False,0.02852788859250901
E2,SO,5,1.0,84.734375,0.02852788859250901,False,0.02852788859250901
E2,SO,6,0.0,84.734375,0.027942879613123753,False,0.027942879613123753
E2,SO,6,0.01,84.734375,0.027942879613123753,False,0.027942879613123753
E2,SO,6,0.02,84.734375,0.027942879613123753,False,0.027942879613123753
E2,SO,6,0.05,84.734375,0.027942879613123753,False,0.027942879613123753
E2,SO,6,0.1,84.734375,0.027942879613123753,False,0.027942879613123753
E2,SO,6,0.2,84.734375,0.027942879613123753,False,0.027942879613123753
E2,SO,6,0.5,84.734375,0.027942879613123753,False,0.027942879613123753
E2,SO,6,1.0,84.734375,0.027942879613123753,False,0.027942879613123753
E2,SO,7,0.0,84.734375,0.028527888592509112,False,0.028527888592509112
E2,SO,7,0.01,84.734375,0.028527888592509112,False,0.028527888592509112
E2,SO,7,0.02,84.734375,0.028527888592509112,False,0.028527888592509112
E2,SO,7,0.05,84.734375,0.028527888592509112,False,0.028527888592509112
E2,SO,7,0.1,84.734375,0.028527888592509112,False,0.028527888592509112
E2,SO,7,0.2,84.734375,0.028527888592509112,False,0.028527888592509112
E2,SO,7,0.5,84.734375,0.028527888592509112,False,0.028527888592509112
E2,SO,7,1.0,84.734375,0.028527888592509112,False,0.028527888592509112
E2,SO,8,0.0,84.734375,0.028439045742316746,False,0.028439045742316746
E2,SO,8,0.01,84.734375,0.028439045742316746,False,0.028439045742316746
E2,SO,8,0.02,84.734375,0.028439045742316746,False,0.028439045742316746
E2,SO,8,0.05,84.734375,0.028439045742316746,False,0.028439045742316746
E2,SO,8,0.1,84.734375,0.028439045742316746,False,0.028439045742316746
E2,SO,8,0.2,84.734375,0.028439045742316746,False,0.028439045742316746
E2,SO,8,0.5,84.734375,0.028439045742316746,False,0.028439045742316746
E2,SO,8,1.0,84.734375,0.028439045742316746,False,0.028439045742316746
E2,SO,9,0.0,84.734375,0.02794287961312382,False,0.02794287961312382
E2,SO,9,0.01,84.734375,0.02794287961312382,False,0.02794287961312382
E2,SO,9,0.02,84.734375,0.02794287961312382,False,0.02794287961312382
E2,SO,9,0.05,84.734375,0.02794287961312382,False,0.02794287961312382
E2,SO,9,0.1,84.734375,0.02794287961312382,False,0.02794287961312382
E2,SO,9,0.2,84.734375,0.02794287961312382,False,0.02794287961312382
E2,SO,9,0.5,84.734375,0.02794287961312382,False,0.02794287961312382
E2,SO,9,1.0,84.734375,0.02794287961312382,False,0.02794287961312382
E2,SO,10,0.0,84.734375,0.02794287961312382,False,0.02794287961312382
E2,SO,10,0.01,84.734375,0.02794287961312382,False,0.02794287961312382
E2,SO,10,0.02,84.734375,0.02794287961312382,False,0.02794287961312382
E2,SO,10,0.05,84.734375,0.02794287961312382,False,0.02794287961312382
E2,SO,10,0.1,84.734375,0.02794287961312382,False,0.02794287961312382
E2,SO,10,0.2,84.734375,0.02794287961312382,False,0.02794287961312382
E2,SO,10,0.5,84.734375,0.02794287961312382,False,0.02794287961312382
E2,SO,10,1.0,84.734375,0.02794287961312382,False,0.02794287961312382
E2,SO,11,0.0,84.734375,0.028495472197663657,False,0.028495472197663657
E2,SO,11,0.01,84.734375,0.028495472197663657,False,0.028495472197663657
E2,SO,11,0.02,84.734375,0.028495472197663657,False,0.028495472197663657
E2,SO,11,0.05,84.734375,0.028495472197663657,False,0.028495472197663657
E2,SO,11,0.1,84.734375,0.028495472197663657,False,0.028495472197663657
E2,SO,11,0.2,84.734375,0.028495472197663657,False,0.028495472197663657
E2,SO,11,0.5,84.734375,0.028495472197663657,False,0.028495472197663657
E2,SO,11,1.0,84.734375,0.028495472197663657,False,0.028495472197663657
E2,SO,12,0.0,84.734375,0.028495472197663768,False,0.028495472197663768
E2,SO,12,0.01,84.734375,0.028495472197663768,False,0.028495472197663768
E2,SO,12,0.02,84.734375,0.028495472197663768,False,0.028495472197663768
E2,SO,12,0.05,84.734375,0.028495472197663768,False,0.028495472197663768
E2,SO,12,0.1,84.734375,0.028495472197663768,False,0.028495472197663768
E2,SO,12,0.2,84.734375,0.028495472197663768,False,0.028495472197663768
E2,SO,12,0.5,84.734375,0.028495472197663768,False,0.028495472197663768
E2,SO,12,1.0,84.734375,0.028495472197663768,False,0.028495472197663768
E2,SO,13,0.0,84.734375,0.028495472197663806,False,0.028495472197663806
E2,SO,13,0.01,84.734375,0.028495472197663806,False,0.028495472197663806
E2,SO,13,0.02,84.734375,0.028495472197663806,False,0.028495472197663806
E2,SO,13,0.05,84.734375,0.028495472197663806,False,0.028495472197663806
E2,SO,13,0.1,84.734375,0.028495472197663806,False,0.028495472197663806
E2,SO,13,0.2,84.734375,0.028495472197663806,False,0.028495472197663806
E2,SO,13,0.5,84.734375,0.028495472197663806,False,0.028495472197663806
E2,SO,13,1.0,84.734375,0.028495472197663806,False,0.028495472197663806
E2,SO,14,0.0,84.734375,0.027942879613123823,False,0.027942879613123823
E2,SO,14,0.01,84.734375,0.027942879613123823,False,0.027942879613123823
E2,SO,14,0.02,84.734375,0.027942879613123823,False,0.027942879613123823
E2,SO,14,0.05,84.734375,0.027942879613123823,False,0.027942879613123823
E2,SO,14,0.1,84.734375,0.027942879613123823,False,0.027942879613123823
E2,SO,14,0.2,84.734375,0.027942879613123823,False,0.027942879613123823
E2,SO,14,0.5,84.734375,0.027942879613123823,False,0.027942879613123823
E2,SO,14,1.0,84.734375,0.027942879613123823,False,0.027942879613123823
E2,SO,15,0.0,84.734375,0.028439045742316763,False,0.028439045742316763
E2,SO,15,0.01,84.734375,0.028439045742316763,False,0.028439045742316763
E2,SO,15,0.02,84.734375,0.028439045742316763,False,0.028439045742316763
E2,SO,15,0.05,84.734375,0.028439045742316763,False,0.028439045742316763
E2,SO,15,0.1,84.734375,0.028439045742316763,False,0.028439045742316763
E2,SO,15,0.2,84.734375,0.028439045742316763,False,0.028439045742316763
E2,SO,15,0.5,84.734375,0.028439045742316763,False,0.028439045742316763
E2,SO,15,1.0,84.734375,0.028439045742316763,False,0.028439045742316763
E2,SO,16,0.0,84.734375,0.027942879613123882,False,0.027942879613123882
E2,SO,16,0.01,84.734375,0.027942879613123882,False,0.027942879613123882
E2,SO,16,0.02,84.734375,0.027942879613123882,False,0.027942879613123882
E2,SO,16,0.05,84.734375,0.027942879613123882,False,0.027942879613123882
E2,SO,16,0.1,84.734375,0.027942879613123882,False,0.027942879613123882
E2,SO,16,0.2,84.734375,0.027942879613123882,False,0.027942879613123882
E2,SO,16,0.5,84.734375,0.027942879613123882,False,0.027942879613123882
E2,SO,16,1.0,84.734375,0.027942879613123882,False,0.027942879613123882
E2,SO,17,0.0,84.734375,0.02794252304881898,False,0.02794252304881898
E2,SO,17,0.01,84.734375,0.02794252304881898,False,0.02794252304881898
E2,SO,17,0.02,84.734375,0.02794252304881898,False,0.02794252304881898
E2,SO,17,0.05,84.734375,0.02794252304881898,False,0.02794252304881898
E2,SO,17,0.1,84.734375,0.02794252304881898,False,0.02794252304881898
E2,SO,17,0.2,84.734375,0.02794252304881898,False,0.02794252304881898
E2,SO,17,0.5,84.734375,0.02794252304881898,False,0.02794252304881898
E2,SO,17,1.0,84.734375,0.02794252304881898,False,0.02794252304881898
E2,SO,18,0.0,84.734375,0.028439045742316725,False,0.028439045742316725
E2,SO,18,0.01,84.734375,0.028439045742316725,False,0.028439045742316725
E2,SO,18,0.02,84.734375,0.028439045742316725,False,0.028439045742316725
E2,SO,18,0.05,84.734375,0.028439045742316725,False,0.028439045742316725
E2,SO,18,0.1,84.734375,0.028439045742316725,False,0.028439045742316725
E2,SO,18,0.2,84.734375,0.028439045742316725,False,0.028439045742316725
E2,SO,18,0.5,84.734375,0.028439045742316725,False,0.028439045742316725
E2,SO,18,1.0,84.734375,0.028439045742316725,False,0.028439045742316725
E2,SO,19,0.0,84.734375,0.028495472197663824,False,0.028495472197663824
E2,SO,19,0.01,84.734375,0.028495472197663824,False,0.028495472197663824
E2,SO,19,0.02,84.734375,0.028495472197663824,False,0.028495472197663824
E2,SO,19,0.05,84.734375,0.028495472197663824,False,0.028495472197663824
E2,SO,19,0.1,84.734375,0.028495472197663824,False,0.028495472197663824
E2,SO,19,0.2,84.734375,0.028495472197663824,False,0.028495472197663824
E2,SO,19,0.5,84.734375,0.028495472197663824,False,0.028495472197663824
E2,SO,19,1.0,84.734375,0.028495472197663824,False,0.028495472197663824
E2,SO,20,0.0,84.734375,0.02794287961312374,False,0.02794287961312374
E2,SO,20,0.01,84.734375,0.02794287961312374,False,0.02794287961312374
E2,SO,20,0.02,84.734375,0.02794287961312374,False,0.02794287961312374
E2,SO,20,0.05,84.734375,0.02794287961312374,False,0.02794287961312374
E2,SO,20,0.1,84.734375,0.02794287961312374,False,0.02794287961312374
E2,SO,20,0.2,84.734375,0.02794287961312374,False,0.02794287961312374
E2,SO,20,0.5,84.734375,0.02794287961312374,False,0.02794287961312374
E2,SO,20,1.0,84.734375,0.02794287961312374,False,0.02794287961312374
E2,SO,21,0.0,84.734375,0.02794287961312378,False,0.02794287961312378
E2,SO,21,0.01,84.734375,0.02794287961312378,False,0.02794287961312378
E2,SO,21,0.02,84.734375,0.02794287961312378,False,0.02794287961312378
E2,SO,21,0.05,84.734375,0.02794287961312378,False,0.02794287961312378
E2,SO,21,0.1,84.734375,0.02794287961312378,False,0.02794287961312378
E2,SO,21,0.2,84.734375,0.02794287961312378,False,0.02794287961312378
E2,SO,21,0.5,84.734375,0.02794287961312378,False,0.02794287961312378
E2,SO,21,1.0,84.734375,0.02794287961312378,False,0.02794287961312378
E2,SO,22,0.0,84.734375,0.0284954721976637,False,0.0284954721976637
E2,SO,22,0.01,84.734375,0.0284954721976637,False,0.0284954721976637
E2,SO,22,0.02,84.734375,0.0284954721976637,False,0.0284954721976637
E2,SO,22,0.05,84.734375,0.0284954721976637,False,0.0284954721976637
E2,SO,22,0.1,84.734375,0.0284954721976637,False,0.0284954721976637
E2,SO,22,0.2,84.734375,0.0284954721976637,False,0.0284954721976637
E2,SO,22,0.5,84.734375,0.0284954721976637,False,0.0284954721976637
E2,SO,22,1.0,84.734375,0.0284954721976637,False,0.0284954721976637
E2,SO,23,0.0,84.734375,0.027942879613123726,False,0.027942879613123726
E2,SO,23,0.01,84.734375,0.027942879613123726,False,0.027942879613123726
E2,SO,23,0.02,84.734375,0.027942879613123726,False,0.027942879613123726
E2,SO,23,0.05,84.734375,0.027942879613123726,False,0.027942879613123726
E2,SO,23,0.1,84.734375,0.027942879613123726,False,0.027942879613123726
E2,SO,23,0.2,84.734375,0.027942879613123726,False,0.027942879613123726
E2,SO,23,0.5,84.734375,0.027942879613123726,False,0.027942879613123726
E2,SO,23,1.0,84.734375,0.027942879613123726,False,0.027942879613123726
E2,SO,24,0.0,84.734375,0.02849547219766375,False,0.02849547219766375
E2,SO,24,0.01,84.734375,0.02849547219766375,False,0.02849547219766375
E2,SO,24,0.02,84.734375,0.02849547219766375,False,0.02849547219766375
E2,SO,24,0.05,84.734375,0.02849547219766375,False,0.02849547219766375
E2,SO,24,0.1,84.734375,0.02849547219766375,False,0.02849547219766375
E2,SO,24,0.2,84.734375,0.02849547219766375,False,0.02849547219766375
E2,SO,24,0.5,84.734375,0.02849547219766375,False,0.02849547219766375
E2,SO,24,1.0,84.734375,0.02849547219766375,False,0.02849547219766375
E2,SO,25,0.0,84.734375,0.02849547219766373,False,0.02849547219766373
E2,SO,25,0.01,84.734375,0.02849547219766373,False,0.02849547219766373
E2,SO,25,0.02,84.734375,0.02849547219766373,False,0.02849547219766373
E2,SO,25,0.05,84.734375,0.02849547219766373,False,0.02849547219766373
E2,SO,25,0.1,84.734375,0.02849547219766373,False,0.02849547219766373
E2,SO,25,0.2,84.734375,0.02849547219766373,False,0.02849547219766373
E2,SO,25,0.5,84.734375,0.02849547219766373,False,0.02849547219766373
E2,SO,25,1.0,84.734375,0.02849547219766373,False,0.02849547219766373
E2,SO,26,0.0,84.734375,0.028527888592509126,False,0.028527888592509126
E2,SO,26,0.01,84.734375,0.028527888592509126,False,0.028527888592509126
E2,SO,26,0.02,84.734375,0.028527888592509126,False,0.028527888592509126
E2,SO,26,0.05,84.734375,0.028527888592509126,False,0.028527888592509126
E2,SO,26,0.1,84.734375,0.028527888592509126,False,0.028527888592509126
E2,SO,26,0.2,84.734375,0.028527888592509126,False,0.028527888592509126
E2,SO,26,0.5,84.734375,0.028527888592509126,False,0.028527888592509126
E2,SO,26,1.0,84.734375,0.028527888592509126,False,0.028527888592509126
E2,SO,27,0.0,84.734375,0.027942879613123823,False,0.027942879613123823
E2,SO,27,0.01,84.734375,0.027942879613123823,False,0.027942879613123823
E2,SO,27,0.02,84.734375,0.027942879613123823,False,0.027942879613123823
E2,SO,27,0.05,84.734375,0.027942879613123823,False,0.027942879613123823
E2,SO,27,0.1,84.734375,0.027942879613123823,False,0.027942879613123823
E2,SO,27,0.2,84.734375,0.027942879613123823,False,0.027942879613123823
E2,SO,27,0.5,84.734375,0.027942879613123823,False,0.027942879613123823
E2,SO,27,1.0,84.734375,0.027942879613123823,False,0.027942879613123823
E2,SO,28,0.0,84.734375,0.028495472197663782,False,0.028495472197663782
E2,SO,28,0.01,84.734375,0.028495472197663782,False,0.028495472197663782
E2,SO,28,0.02,84.734375,0.028495472197663782,False,0.028495472197663782
E2,SO,28,0.05,84.734375,0.028495472197663782,False,0.028495472197663782
E2,SO,28,0.1,84.734375,0.028495472197663782,False,0.028495472197663782
E2,SO,28,0.2,84.734375,0.028495472197663782,False,0.028495472197663782
E2,SO,28,0.5,84.734375,0.028495472197663782,False,0.028495472197663782
E2,SO,28,1.0,84.734375,0.028495472197663782,False,0.028495472197663782
E2,SO,29,0.0,84.734375,0.02843904574231672,False,0.02843904574231672
E2,SO,29,0.01,84.734375,0.02843904574231672,False,0.02843904574231672
E2,SO,29,0.02,84.734375,0.02843904574231672,False,0.02843904574231672
E2,SO,29,0.05,84.734375,0.02843904574231672,False,0.02843904574231672
E2,SO,29,0.1,84.734375,0.02843904574231672,False,0.02843904574231672
E2,SO,29,0.2,84.734375,0.02843904574231672,False,0.02843904574231672
E2,SO,29,0.5,84.734375,0.02843904574231672,False,0.02843904574231672
E2,SO,29,1.0,84.734375,0.02843904574231672,False,0.02843904574231672
E2,MO-lex,0,0.0,84.734375,0.028439045742316746,False,0.028439045742316746
E2,MO-lex,0,0.01,72.34375,0.028621296410020255,False,0.028439045742316746
E2,MO-lex,0,0.02,72.34375,0.028621296410020255,False,0.028439045742316746
E2,MO-lex,0,0.05,72.34375,0.028621296410020255,False,0.028439045742316746
E2,MO-lex,0,0.1,72.34375,0.028621296410020255,False,0.028439045742316746
E2,MO-lex,0,0.2,60.953125,0.030502023594221134,False,0.028439045742316746
E2,MO-lex,0,0.5,60.953125,0.030502023594221134,False,0.028439045742316746
E2,MO-lex,0,1.0,48.5625,0.043451014021122655,False,0.028439045742316746
E2,MO-lex,1,0.0,84.734375,0.027974296687295588,False,0.027974296687295588
E2,MO-lex,1,0.01,73.34375,0.02803412927900486,False,0.027974296687295588
E2,MO-lex,1,0.02,60.953125,0.028055878467765197,False,0.027974296687295588
E2,MO-lex,1,0.05,60.953125,0.028055878467765197,False,0.027974296687295588
E2,MO-lex,1,0.1,60.953125,0.028055878467765197,False,0.027974296687295588
E2,MO-lex,1,0.2,60.953125,0.028055878467765197,False,0.027974296687295588
E2,MO-lex,1,0.5,60.953125,0.028055878467765197,False,0.027974296687295588
E2,MO-lex,1,1.0,48.5625,0.042559636106315045,False,0.027974296687295588
E2,MO-lex,2,0.0,84.734375,0.027942879613123903,False,0.027942879613123903
E2,MO-lex,2,0.01,72.34375,0.028809424244161618,False,0.027942879613123903
E2,MO-lex,2,0.02,72.34375,0.028809424244161618,False,0.027942879613123903
E2,MO-lex,2,0.05,72.34375,0.028809424244161618,False,0.027942879613123903
E2,MO-lex,2,0.1,72.34375,0.028809424244161618,False,0.027942879613123903
E2,MO-lex,2,0.2,72.34375,0.028809424244161618,False,0.027942879613123903
E2,MO-lex,2,0.5,48.5625,0.03208498861998801,False,0.027942879613123903
E2,MO-lex,2,1.0,48.5625,0.03208498861998801,False,0.027942879613123903
E2,MO-lex,3,0.0,84.734375,0.028495472197663716,False,0.028061057151065952
E2,MO-lex,3,0.01,84.734375,0.028495472197663716,False,0.028061057151065952
E2,MO-lex,3,0.02,72.34375,0.0281884447599459,False,0.028061057151065952
E2,MO-lex,3,0.05,72.34375,0.0281884447599459,False,0.028061057151065952
E2,MO-lex,3,0.1,72.34375,0.0281884447599459,False,0.028061057151065952
E2,MO-lex,3,0.2,60.953125,0.03103193278219014,False,0.028061057151065952
E2,MO-lex,3,0.5,60.953125,0.03103193278219014,False,0.028061057151065952
E2,MO-lex,3,1.0,60.953125,0.03103193278219014,False,0.028061057151065952
E2,MO-lex,4,0.0,84.734375,0.028495472197663872,False,0.028495472197663872
E2,MO-lex,4,0.01,72.34375,0.028621296410020196,False,0.028495472197663872
E2,MO-lex,4,0.02,72.34375,0.028621296410020196,False,0.028495472197663872
E2,MO-lex,4,0.05,72.34375,0.028621296410020196,False,0.028495472197663872
E2,MO-lex,4,0.1,72.34375,0.028621296410020196,False,0.028495472197663872
E2,MO-lex,4,0.2,72.34375,0.028621296410020196,False,0.028495472197663872
E2,MO-lex,4,0.5,60.953125,0.033848182955642896,False,0.028495472197663872
E2,MO-lex,4,1.0,60.953125,0.033848182955642896,False,0.028495472197663872
E2,MO-lex,5,0.0,84.734375,0.02852788859250901,False,0.02852788859250901
E2,MO-lex,5,0.01,84.734375,0.02852788859250901,False,0.02852788859250901
E2,MO-lex,5,0.02,72.34375,0.029159056587540748,False,0.02852788859250901
E2,MO-lex,5,0.05,72.34375,0.029159056587540748,False,0.02852788859250901
E2,MO-lex,5,0.1,72.34375,0.029159056587540748,False,0.02852788859250901
E2,MO-lex,5,0.2,60.953125,0.030502023594221144,False,0.02852788859250901
E2,MO-lex,5,0.5,48.5625,0.029878948179252764,False,0.02852788859250901
E2,MO-lex,5,1.0,48.5625,0.029878948179252764,False,0.02852788859250901
E2,MO-lex,6,0.0,84.734375,0.027942879613123753,False,0.027942879613123753
E2,MO-lex,6,0.01,73.34375,0.028061057151065827,False,0.027942879613123753
E2,MO-lex,6,0.02,60.953125,0.028055878467765152,False,0.027942879613123753
E2,MO-lex,6,0.05,60.953125,0.028055878467765152,False,0.027942879613123753
E2,MO-lex,6,0.1,60.953125,0.028055878467765152,False,0.027942879613123753
E2,MO-lex,6,0.2,60.953125,0.028055878467765152,False,0.027942879613123753
E2,MO-lex,6,0.5,60.953125,0.028055878467765152,False,0.027942879613123753
E2,MO-lex,6,1.0,60.953125,0.028055878467765152,False,0.027942879613123753
E2,MO-lex,7,0.0,84.734375,0.028527888592509112,False,0.0280374199234565
E2,MO-lex,7,0.01,84.734375,0.028527888592509112,False,0.0280374199234565
E2,MO-lex,7,0.02,73.34375,0.0280374199234565,False,0.0280374199234565
E2,MO-lex,7,0.05,73.34375,0.0280374199234565,False,0.0280374199234565
E2,MO-lex,7,0.1,73.34375,0.0280374199234565,False,0.0280374199234565
E2,MO-lex,7,0.2,60.953125,0.029360170929678884,False,0.0280374199234565
E2,MO-lex,7,0.5,60.953125,0.029360170929678884,False,0.0280374199234565
E2,MO-lex,7,1.0,48.5625,0.047523388488052924,False,0.0280374199234565
E2,MO-lex,8,0.0,84.734375,0.028439045742316746,False,0.028055878467765197
E2,MO-lex,8,0.01,84.734375,0.028439045742316746,False,0.028055878467765197
E2,MO-lex,8,0.02,60.953125,0.028055878467765197,False,0.028055878467765197
E2,MO-lex,8,0.05,60.953125,0.028055878467765197,False,0.028055878467765197
E2,MO-lex,8,0.1,60.953125,0.028055878467765197,False,0.028055878467765197
E2,MO-lex,8,0.2,48.5625,0.03149822664352079,False,0.028055878467765197
E2,MO-lex,8,0.5,48.5625,0.03149822664352079,False,0.028055878467765197
E2,MO-lex,8,1.0,48.5625,0.03149822664352079,False,0.028055878467765197
E2,MO-lex,9,0.0,84.734375,0.02794287961312382,False,0.02794287961312382
E2,MO-lex,9,0.01,84.734375,0.02794287961312382,False,0.02794287961312382
E2,MO-lex,9,0.02,60.953125,0.028150473711904392,False,0.02794287961312382
E2,MO-lex,9,0.05,48.5625,0.02833623162889281,False,0.02794287961312382
E2,MO-lex,9,0.1,48.5625,0.02833623162889281,False,0.02794287961312382
E2,MO-lex,9,0.2,48.5625,0.02833623162889281,False,0.02794287961312382
E2,MO-lex,9,0.5,48.5625,0.02833623162889281,False,0.02794287961312382
E2,MO-lex,9,1.0,48.5625,0.02833623162889281,False,0.02794287961312382
E2,MO-lex,10,0.0,84.734375,0.02794287961312382,False,0.02794287961312382
E2,MO-lex,10,0.01,73.34375,0.028106803351275723,False,0.02794287961312382
E2,MO-lex,10,0.02,72.34375,0.028188444759945874,False,0.02794287961312382
E2,MO-lex,10,0.05,72.34375,0.028188444759945874,False,0.02794287961312382
E2,MO-lex,10,0.1,72.34375,0.028188444759945874,False,0.02794287961312382
E2,MO-lex,10,0.2,60.953125,0.03343950511731536,False,0.02794287961312382
E2,MO-lex,10,0.5,60.953125,0.03343950511731536,False,0.02794287961312382
E2,MO-lex,10,1.0,60.953125,0.03343950511731536,False,0.02794287961312382
E2,MO-lex,11,0.0,84.734375,0.028495472197663657,False,0.028495472197663657
E2,MO-lex,11,0.01,72.34375,0.028621296410020154,False,0.028495472197663657
E2,MO-lex,11,0.02,72.34375,0.028621296410020154,False,0.028495472197663657
E2,MO-lex,11,0.05,72.34375,0.028621296410020154,False,0.028495472197663657
E2,MO-lex,11,0.1,72.34375,0.028621296410020154,False,0.028495472197663657
E2,MO-lex,11,0.2,72.34375,0.028621296410020154,False,0.028495472197663657
E2,MO-lex,11,0.5,60.953125,0.0325978836509007,True,0.028495472197663657
E2,MO-lex,11,1.0,60.953125,0.0325978836509007,True,0.028495472197663657
E2,MO-lex,12,0.0,84.734375,0.028495472197663768,False,0.028037419923456482
E2,MO-lex,12,0.01,84.734375,0.028495472197663768,False,0.028037419923456482
E2,MO-lex,12,0.02,73.34375,0.028037419923456482,False,0.028037419923456482
E2,MO-lex,12,0.05,60.953125,0.028750982584347478,False,0.028037419923456482
E2,MO-lex,12,0.1,60.953125,0.028750982584347478,False,0.028037419923456482
E2,MO-lex,12,0.2,60.953125,0.028750982584347478,False,0.028037419923456482
E2,MO-lex,12,0.5,60.953125,0.028750982584347478,False,0.028037419923456482
E2,MO-lex,12,1.0,48.5625,0.043897939357719566,False,0.028037419923456482
E2,MO-lex,13,0.0,84.734375,0.028495472197663806,False,0.02818844475994596
E2,MO-lex,13,0.01,84.734375,0.028495472197663806,False,0.02818844475994596
E2,MO-lex,13,0.02,72.34375,0.02818844475994596,False,0.02818844475994596
E2,MO-lex,13,0.05,72.34375,0.02818844475994596,False,0.02818844475994596
E2,MO-lex,13,0.1,72.34375,0.02818844475994596,False,0.02818844475994596
E2,MO-lex,13,0.2,60.953125,0.029960622635979612,False,0.02818844475994596
E2,MO-lex,13,0.5,48.5625,0.03370061638417663,False,0.02818844475994596
E2,MO-lex,13,1.0,48.5625,0.03370061638417663,False,0.02818844475994596
E2,MO-lex,14,0.0,84.734375,0.027942879613123823,False,0.027942879613123823
E2,MO-lex,14,0.01,73.34375,0.02803412927900483,False,0.027942879613123823
E2,MO-lex,14,0.02,60.953125,0.028055878467765253,False,0.027942879613123823
E2,MO-lex,14,0.05,60.953125,0.028055878467765253,False,0.027942879613123823
E2,MO-lex,14,0.1,60.953125,0.028055878467765253,False,0.027942879613123823
E2,MO-lex,14,0.2,60.953125,0.028055878467765253,False,0.027942879613123823
E2,MO-lex,14,0.5,60.953125,0.028055878467765253,False,0.027942879613123823
E2,MO-lex,14,1.0,60.953125,0.028055878467765253,False,0.027942879613123823
E2,MO-lex,15,0.0,84.734375,0.028439045742316763,False,0.028071444914599893
E2,MO-lex,15,0.01,73.34375,0.028071444914599893,False,0.028071444914599893
E2,MO-lex,15,0.02,73.34375,0.028071444914599893,False,0.028071444914599893
E2,MO-lex,15,0.05,60.953125,0.02899960310140295,False,0.028071444914599893
E2,MO-lex,15,0.1,60.953125,0.02899960310140295,False,0.028071444914599893
E2,MO-lex,15,0.2,60.953125,0.02899960310140295,False,0.028071444914599893
E2,MO-lex,15,0.5,60.953125,0.02899960310140295,False,0.028071444914599893
E2,MO-lex,15,1.0,48.5625,0.04084059530016623,False,0.028071444914599893
E2,MO-lex,16,0.0,84.734375,0.027942879613123882,False,0.027716088639745107
E2,MO-lex,16,0.01,73.34375,0.028048976976892404,False,0.027716088639745107
E2,MO-lex,16,0.02,72.34375,0.02818268848553528,False,0.027716088639745107
E2,MO-lex,16,0.05,72.34375,0.02818268848553528,False,0.027716088639745107
E2,MO-lex,16,0.1,60.953125,0.027716088639745107,False,0.027716088639745107
E2,MO-lex,16,0.2,60.953125,0.027716088639745107,False,0.027716088639745107
E2,MO-lex,16,0.5,60.953125,0.027716088639745107,False,0.027716088639745107
E2,MO-lex,16,1.0,60.953125,0.027716088639745107,False,0.027716088639745107
E2,MO-lex,17,0.0,84.734375,0.02794252304881898,False,0.02794252304881898
E2,MO-lex,17,0.01,72.34375,0.028177658871386232,False,0.02794252304881898
E2,MO-lex,17,0.02,60.953125,0.02805587846776524,False,0.02794252304881898
E2,MO-lex,17,0.05,48.5625,0.02833623162889271,False,0.02794252304881898
E2,MO-lex,17,0.1,48.5625,0.02833623162889271,False,0.02794252304881898
E2,MO-lex,17,0.2,48.5625,0.02833623162889271,False,0.02794252304881898
E2,MO-lex,17,0.5,48.5625,0.02833623162889271,False,0.02794252304881898
E2,MO-lex,17,1.0,48.5625,0.02833623162889271,False,0.02794252304881898
E2,MO-lex,18,0.0,84.734375,0.028439045742316725,False,0.028439045742316725
E2,MO-lex,18,0.01,84.734375,0.028439045742316725,False,0.028439045742316725
E2,MO-lex,18,0.02,84.734375,0.028439045742316725,False,0.028439045742316725
E2,MO-lex,18,0.05,72.34375,0.028946790859196353,False,0.028439045742316725
E2,MO-lex,18,0.1,60.953125,0.02953148257340495,False,0.028439045742316725
E2,MO-lex,18,0.2,60.953125,0.02953148257340495,False,0.028439045742316725
E2,MO-lex,18,0.5,60.953125,0.02953148257340495,False,0.028439045742316725
E2,MO-lex,18,1.0,60.953125,0.02953148257340495,False,0.028439045742316725
E2,MO-lex,19,0.0,84.734375,0.028495472197663824,False,0.027800107337470525
E2,MO-lex,19,0.01,84.734375,0.028495472197663824,False,0.027800107337470525
E2,MO-lex,19,0.02,72.34375,0.02818268848553524,False,0.027800107337470525
E2,MO-lex,19,0.05,72.34375,0.02818268848553524,False,0.027800107337470525
E2,MO-lex,19,0.1,60.953125,0.027800107337470525,False,0.027800107337470525
E2,MO-lex,19,0.2,60.953125,0.027800107337470525,False,0.027800107337470525
E2,MO-lex,19,0.5,60.953125,0.027800107337470525,False,0.027800107337470525
E2,MO-lex,19,1.0,60.953125,0.027800107337470525,False,0.027800107337470525
E2,MO-lex,20,0.0,84.734375,0.02794287961312374,False,0.02794287961312374
E2,MO-lex,20,0.01,73.34375,0.028061057151065844,False,0.02794287961312374
E2,MO-lex,20,0.02,60.953125,0.02805587846776516,False,0.02794287961312374
E2,MO-lex,20,0.05,48.5625,0.028336231628892795,False,0.02794287961312374
E2,MO-lex,20,0.1,48.5625,0.028336231628892795,False,0.02794287961312374
E2,MO-lex,20,0.2,48.5625,0.028336231628892795,False,0.02794287961312374
E2,MO-lex,20,0.5,48.5625,0.028336231628892795,False,0.02794287961312374
E2,MO-lex,20,1.0,48.5625,0.028336231628892795,False,0.02794287961312374
E2,MO-lex,21,0.0,84.734375,0.02794287961312378,False,0.02794287961312378
E2,MO-lex,21,0.01,73.34375,0.028034129279004793,False,0.02794287961312378
E2,MO-lex,21,0.02,60.953125,0.028055878467765184,False,0.02794287961312378
E2,MO-lex,21,0.05,60.953125,0.028055878467765184,False,0.02794287961312378
E2,MO-lex,21,0.1,60.953125,0.028055878467765184,False,0.02794287961312378
E2,MO-lex,21,0.2,60.953125,0.028055878467765184,False,0.02794287961312378
E2,MO-lex,21,0.5,60.953125,0.028055878467765184,False,0.02794287961312378
E2,MO-lex,21,1.0,60.953125,0.028055878467765184,False,0.02794287961312378
E2,MO-lex,22,0.0,84.734375,0.0284954721976637,False,0.028055878467765197
E2,MO-lex,22,0.01,84.734375,0.0284954721976637,False,0.028055878467765197
E2,MO-lex,22,0.02,60.953125,0.028055878467765197,False,0.028055878467765197
E2,MO-lex,22,0.05,48.5625,0.02833623162889277,False,0.028055878467765197
E2,MO-lex,22,0.1,48.5625,0.02833623162889277,False,0.028055878467765197
E2,MO-lex,22,0.2,48.5625,0.02833623162889277,False,0.028055878467765197
E2,MO-lex,22,0.5,48.5625,0.02833623162889277,False,0.028055878467765197
E2,MO-lex,22,1.0,48.5625,0.02833623162889277,False,0.028055878467765197
E2,MO-lex,23,0.0,84.734375,0.027942879613123726,False,0.027942879613123726
E2,MO-lex,23,0.01,73.34375,0.0280610571510659,False,0.027942879613123726
E2,MO-lex,23,0.02,60.953125,0.02805587846776516,False,0.027942879613123726
E2,MO-lex,23,0.05,48.5625,0.028336231628892795,False,0.027942879613123726
E2,MO-lex,23,0.1,48.5625,0.028336231628892795,False,0.027942879613123726
E2,MO-lex,23,0.2,48.5625,0.028336231628892795,False,0.027942879613123726
E2,MO-lex,23,0.5,48.5625,0.028336231628892795,False,0.027942879613123726
E2,MO-lex,23,1.0,48.5625,0.028336231628892795,False,0.027942879613123726
E2,MO-lex,24,0.0,84.734375,0.02849547219766375,False,0.028336509178523917
E2,MO-lex,24,0.01,72.34375,0.028621296410020206,False,0.028336509178523917
E2,MO-lex,24,0.02,72.34375,0.028621296410020206,False,0.028336509178523917
E2,MO-lex,24,0.05,60.953125,0.028336509178523917,False,0.028336509178523917
E2,MO-lex,24,0.1,60.953125,0.028336509178523917,False,0.028336509178523917
E2,MO-lex,24,0.2,60.953125,0.028336509178523917,False,0.028336509178523917
E2,MO-lex,24,0.5,60.953125,0.028336509178523917,False,0.028336509178523917
E2,MO-lex,24,1.0,60.953125,0.028336509178523917,False,0.028336509178523917
E2,MO-lex,25,0.0,84.734375,0.02849547219766373,False,0.028061057151065962
E2,MO-lex,25,0.01,84.734375,0.02849547219766373,False,0.028061057151065962
E2,MO-lex,25,0.02,73.34375,0.028061057151065962,False,0.028061057151065962
E2,MO-lex,25,0.05,73.34375,0.028061057151065962,False,0.028061057151065962
E2,MO-lex,25,0.1,73.34375,0.028061057151065962,False,0.028061057151065962
E2,MO-lex,25,0.2,73.34375,0.028061057151065962,False,0.028061057151065962
E2,MO-lex,25,0.5,60.953125,0.03331183282744978,False,0.028061057151065962
E2,MO-lex,25,1.0,60.953125,0.03331183282744978,False,0.028061057151065962
E2,MO-lex,26,0.0,84.734375,0.028527888592509126,False,0.027762630425478364
E2,MO-lex,26,0.01,84.734375,0.028527888592509126,False,0.027762630425478364
E2,MO-lex,26,0.02,72.34375,0.02815717361602156,False,0.027762630425478364
E2,MO-lex,26,0.05,72.34375,0.02815717361602156,False,0.027762630425478364
E2,MO-lex,26,0.1,60.953125,0.027762630425478364,False,0.027762630425478364
E2,MO-lex,26,0.2,48.5625,0.028506976251080375,False,0.027762630425478364
E2,MO-lex,26,0.5,48.5625,0.028506976251080375,False,0.027762630425478364
E2,MO-lex,26,1.0,48.5625,0.028506976251080375,False,0.027762630425478364
E2,MO-lex,27,0.0,84.734375,0.027942879613123823,False,0.027762630425478337
E2,MO-lex,27,0.01,73.34375,0.02806105715106592,False,0.027762630425478337
E2,MO-lex,27,0.02,72.34375,0.028182688485535283,False,0.027762630425478337
E2,MO-lex,27,0.05,72.34375,0.028182688485535283,False,0.027762630425478337
E2,MO-lex,27,0.1,60.953125,0.027762630425478337,False,0.027762630425478337
E2,MO-lex,27,0.2,60.953125,0.027762630425478337,False,0.027762630425478337
E2,MO-lex,27,0.5,60.953125,0.027762630425478337,False,0.027762630425478337
E2,MO-lex,27,1.0,60.953125,0.027762630425478337,False,0.027762630425478337
E2,MO-lex,28,0.0,84.734375,0.028495472197663782,False,0.028495472197663782
E2,MO-lex,28,0.01,72.34375,0.02862129641002024,False,0.028495472197663782
E2,MO-lex,28,0.02,72.34375,0.02862129641002024,False,0.028495472197663782
E2,MO-lex,28,0.05,72.34375,0.02862129641002024,False,0.028495472197663782
E2,MO-lex,28,0.1,72.34375,0.02862129641002024,False,0.028495472197663782
E2,MO-lex,28,0.2,72.34375,0.02862129641002024,False,0.028495472197663782
E2,MO-lex,28,0.5,60.953125,0.03152761001438984,True,0.028495472197663782
E2,MO-lex,28,1.0,60.953125,0.03152761001438984,True,0.028495472197663782
E2,MO-lex,29,0.0,84.734375,0.02843904574231672,False,0.028074039740755747
E2,MO-lex,29,0.01,84.734375,0.02843904574231672,False,0.028074039740755747
E2,MO-lex,29,0.02,72.34375,0.028074039740755747,False,0.028074039740755747
E2,MO-lex,29,0.05,72.34375,0.028074039740755747,False,0.028074039740755747
E2,MO-lex,29,0.1,72.34375,0.028074039740755747,False,0.028074039740755747
E2,MO-lex,29,0.2,60.953125,0.03045111097441799,False,0.028074039740755747
E2,MO-lex,29,0.5,60.953125,0.03045111097441799,False,0.028074039740755747
E2,MO-lex,29,1.0,60.953125,0.03045111097441799,False,0.028074039740755747
E2,Green,0,0.0,84.734375,0.027957597881117627,False,0.027957597881117627
E2,Green,0,0.01,73.34375,0.028106803351275817,False,0.027957597881117627
E2,Green,0,0.02,60.953125,0.028055878467765142,False,0.027957597881117627
E2,Green,0,0.05,48.5625,0.028336231628892716,False,0.027957597881117627
E2,Green,0,0.1,48.5625,0.028336231628892716,False,0.027957597881117627
E2,Green,0,0.2,48.5625,0.028336231628892716,False,0.027957597881117627
E2,Green,0,0.5,48.5625,0.028336231628892716,False,0.027957597881117627
E2,Green,0,1.0,48.5625,0.028336231628892716,False,0.027957597881117627
E2,Green,1,0.0,84.734375,0.027974296687295598,False,0.027974296687295598
E2,Green,1,0.01,73.34375,0.02814689414516087,False,0.027974296687295598
E2,Green,1,0.02,60.953125,0.028055878467765184,False,0.027974296687295598
E2,Green,1,0.05,48.5625,0.02833623162889273,False,0.027974296687295598
E2,Green,1,0.1,48.5625,0.02833623162889273,False,0.027974296687295598
E2,Green,1,0.2,48.5625,0.02833623162889273,False,0.027974296687295598
E2,Green,1,0.5,48.5625,0.02833623162889273,False,0.027974296687295598
E2,Green,1,1.0,48.5625,0.02833623162889273,False,0.027974296687295598
E2,Green,2,0.0,84.734375,0.027919355466620364,False,0.027919355466620364
E2,Green,2,0.01,72.34375,0.028200454713256405,False,0.027919355466620364
E2,Green,2,0.02,60.953125,0.02805587846776516,False,0.027919355466620364
E2,Green,2,0.05,48.5625,0.028336231628892785,False,0.027919355466620364
E2,Green,2,0.1,48.5625,0.028336231628892785,False,0.027919355466620364
E2,Green,2,0.2,48.5625,0.028336231628892785,False,0.027919355466620364
E2,Green,2,0.5,48.5625,0.028336231628892785,False,0.027919355466620364
E2,Green,2,1.0,48.5625,0.028336231628892785,False,0.027919355466620364
E2,Green,3,0.0,84.734375,0.027942523048818946,False,0.027942523048818946
E2,Green,3,0.01,72.34375,0.028550657207611414,False,0.027942523048818946
E2,Green,3,0.02,60.953125,0.02805587846776524,False,0.027942523048818946
E2,Green,3,0.05,48.5625,0.028336231628892802,False,0.027942523048818946
E2,Green,3,0.1,48.5625,0.028336231628892802,False,0.027942523048818946
E2,Green,3,0.2,48.5625,0.028336231628892802,False,0.027942523048818946
E2,Green,3,0.5,48.5625,0.028336231628892802,False,0.027942523048818946
E2,Green,3,1.0,48.5625,0.028336231628892802,False,0.027942523048818946
E2,Green,4,0.0,84.734375,0.028495472197663872,False,0.028055878467765156
E2,Green,4,0.01,72.34375,0.028621296410020196,False,0.028055878467765156
E2,Green,4,0.02,60.953125,0.028055878467765156,False,0.028055878467765156
E2,Green,4,0.05,48.5625,0.02833623162889278,False,0.028055878467765156
E2,Green,4,0.1,48.5625,0.02833623162889278,False,0.028055878467765156
E2,Green,4,0.2,48.5625,0.02833623162889278,False,0.028055878467765156
E2,Green,4,0.5,48.5625,0.02833623162889278,False,0.028055878467765156
E2,Green,4,1.0,48.5625,0.02833623162889278,False,0.028055878467765156
E2,Green,5,0.0,84.734375,0.028528164978217415,False,0.02805587846776524
E2,Green,5,0.01,72.34375,0.028621296410020206,False,0.02805587846776524
E2,Green,5,0.02,60.953125,0.02805587846776524,False,0.02805587846776524
E2,Green,5,0.05,48.5625,0.0283362316288928,False,0.02805587846776524
E2,Green,5,0.1,48.5625,0.0283362316288928,False,0.02805587846776524
E2,Green,5,0.2,48.5625,0.0283362316288928,False,0.02805587846776524
E2,Green,5,0.5,48.5625,0.0283362316288928,False,0.02805587846776524
E2,Green,5,1.0,48.5625,0.0283362316288928,False,0.02805587846776524
E2,Green,6,0.0,84.734375,0.028439045742316746,False,0.028055878467765197
E2,Green,6,0.01,72.34375,0.028621296410020272,False,0.028055878467765197
E2,Green,6,0.02,60.953125,0.028055878467765197,False,0.028055878467765197
E2,Green,6,0.05,48.5625,0.02833623162889271,False,0.028055878467765197
E2,Green,6,0.1,48.5625,0.02833623162889271,False,0.028055878467765197
E2,Green,6,0.2,48.5625,0.02833623162889271,False,0.028055878467765197
E2,Green,6,0.5,48.5625,0.02833623162889271,False,0.028055878467765197
E2,Green,6,1.0,48.5625,0.02833623162889271,False,0.028055878467765197
E2,Green,7,0.0,84.734375,0.028439045742316666,False,0.028055878467765197
E2,Green,7,0.01,73.34375,0.028146894145160993,False,0.028055878467765197
E2,Green,7,0.02,60.953125,0.028055878467765197,False,0.028055878467765197
E2,Green,7,0.05,48.5625,0.028336231628892813,False,0.028055878467765197
E2,Green,7,0.1,48.5625,0.028336231628892813,False,0.028055878467765197
E2,Green,7,0.2,48.5625,0.028336231628892813,False,0.028055878467765197
E2,Green,7,0.5,48.5625,0.028336231628892813,False,0.028055878467765197
E2,Green,7,1.0,48.5625,0.028336231628892813,False,0.028055878467765197
E2,Green,8,0.0,84.734375,0.028114567281363308,False,0.028055878467765236
E2,Green,8,0.01,60.953125,0.028055878467765236,False,0.028055878467765236
E2,Green,8,0.02,60.953125,0.028055878467765236,False,0.028055878467765236
E2,Green,8,0.05,48.5625,0.028336231628892785,False,0.028055878467765236
E2,Green,8,0.1,48.5625,0.028336231628892785,False,0.028055878467765236
E2,Green,8,0.2,48.5625,0.028336231628892785,False,0.028055878467765236
E2,Green,8,0.5,48.5625,0.028336231628892785,False,0.028055878467765236
E2,Green,8,1.0,48.5625,0.028336231628892785,False,0.028055878467765236
E2,Green,9,0.0,84.734375,0.028155688559466385,False,0.02805587846776524
E2,Green,9,0.01,72.34375,0.028200454713256353,False,0.02805587846776524
E2,Green,9,0.02,60.953125,0.02805587846776524,False,0.02805587846776524
E2,Green,9,0.05,60.953125,0.02805587846776524,False,0.02805587846776524
E2,Green,9,0.1,60.953125,0.02805587846776524,False,0.02805587846776524
E2,Green,9,0.2,48.5625,0.030866434753901464,False,0.02805587846776524
E2,Green,9,0.5,48.5625,0.030866434753901464,False,0.02805587846776524
E2,Green,9,1.0,48.5625,0.030866434753901464,False,0.02805587846776524
E2,Green,10,0.0,84.734375,0.027974296687295563,False,0.027974296687295563
E2,Green,10,0.01,72.34375,0.028550657207611397,False,0.027974296687295563
E2,Green,10,0.02,60.953125,0.028055878467765194,False,0.027974296687295563
E2,Green,10,0.05,48.5625,0.02833623162889277,False,0.027974296687295563
E2,Green,10,0.1,48.5625,0.02833623162889277,False,0.027974296687295563
E2,Green,10,0.2,48.5625,0.02833623162889277,False,0.027974296687295563
E2,Green,10,0.5,48.5625,0.02833623162889277,False,0.027974296687295563
E2,Green,10,1.0,48.5625,0.02833623162889277,False,0.027974296687295563
E2,Green,11,0.0,84.734375,0.027957597881117582,False,0.027957597881117582
E2,Green,11,0.01,72.34375,0.0281884447599459,False,0.027957597881117582
E2,Green,11,0.02,60.953125,0.02805587846776516,False,0.027957597881117582
E2,Green,11,0.05,48.5625,0.028336231628892785,False,0.027957597881117582
E2,Green,11,0.1,48.5625,0.028336231628892785,False,0.027957597881117582
E2,Green,11,0.2,48.5625,0.028336231628892785,False,0.027957597881117582
E2,Green,11,0.5,48.5625,0.028336231628892785,False,0.027957597881117582
E2,Green,11,1.0,48.5625,0.028336231628892785,False,0.027957597881117582
E2,Green,12,0.0,84.734375,0.027942879613123774,False,0.027942879613123774
E2,Green,12,0.01,72.34375,0.028550657207611414,False,0.027942879613123774
E2,Green,12,0.02,60.953125,0.028055878467765156,False,0.027942879613123774
E2,Green,12,0.05,48.5625,0.02833623162889279,False,0.027942879613123774
E2,Green,12,0.1,48.5625,0.02833623162889279,False,0.027942879613123774
E2,Green,12,0.2,48.5625,0.02833623162889279,False,0.027942879613123774
E2,Green,12,0.5,48.5625,0.02833623162889279,False,0.027942879613123774
E2,Green,12,1.0,36.171875,0.03997385380317286,False,0.027942879613123774
E2,Green,13,0.0,84.734375,0.028439045742316697,False,0.028055878467765173
E2,Green,13,0.01,73.34375,0.02814689414516094,False,0.028055878467765173
E2,Green,13,0.02,60.953125,0.028055878467765173,False,0.028055878467765173
E2,Green,13,0.05,48.5625,0.028336231628892854,False,0.028055878467765173
E2,Green,13,0.1,48.5625,0.028336231628892854,False,0.028055878467765173
E2,Green,13,0.2,48.5625,0.028336231628892854,False,0.028055878467765173
E2,Green,13,0.5,48.5625,0.028336231628892854,False,0.028055878467765173
E2,Green,13,1.0,48.5625,0.028336231628892854,False,0.028055878467765173
E2,Green,14,0.0,84.734375,0.027942523048819008,False,0.027942523048819008
E2,Green,14,0.01,73.34375,0.028146894145160882,False,0.027942523048819008
E2,Green,14,0.02,60.953125,0.02805587846776516,False,0.027942523048819008
E2,Green,14,0.05,48.5625,0.028336231628892802,False,0.027942523048819008
E2,Green,14,0.1,48.5625,0.028336231628892802,False,0.027942523048819008
E2,Green,14,0.2,48.5625,0.028336231628892802,False,0.027942523048819008
E2,Green,14,0.5,48.5625,0.028336231628892802,False,0.027942523048819008
E2,Green,14,1.0,36.171875,0.03997385380317285,False,0.027942523048819008
E2,Green,15,0.0,84.734375,0.027974296687295567,False,0.027974296687295567
E2,Green,15,0.01,73.34375,0.02814689414516087,False,0.027974296687295567
E2,Green,15,0.02,60.953125,0.028055878467765236,False,0.027974296687295567
E2,Green,15,0.05,48.5625,0.028336231628892743,False,0.027974296687295567
E2,Green,15,0.1,48.5625,0.028336231628892743,False,0.027974296687295567
E2,Green,15,0.2,48.5625,0.028336231628892743,False,0.027974296687295567
E2,Green,15,0.5,48.5625,0.028336231628892743,False,0.027974296687295567
E2,Green,15,1.0,48.5625,0.028336231628892743,False,0.027974296687295567
E2,Green,16,0.0,84.734375,0.028012512421825883,False,0.028012512421825883
E2,Green,16,0.01,72.34375,0.028188444759945874,False,0.028012512421825883
E2,Green,16,0.02,60.953125,0.02805587846776524,False,0.028012512421825883
E2,Green,16,0.05,48.5625,0.02833623162889278,False,0.028012512421825883
E2,Green,16,0.1,48.5625,0.02833623162889278,False,0.028012512421825883
E2,Green,16,0.2,48.5625,0.02833623162889278,False,0.028012512421825883
E2,Green,16,0.5,48.5625,0.02833623162889278,False,0.028012512421825883
E2,Green,16,1.0,48.5625,0.02833623162889278,False,0.028012512421825883
E2,Green,17,0.0,84.734375,0.027974296687295588,False,0.027974296687295588
E2,Green,17,0.01,72.34375,0.028550657207611414,False,0.027974296687295588
E2,Green,17,0.02,60.953125,0.02805587846776524,False,0.027974296687295588
E2,Green,17,0.05,48.5625,0.028336231628892785,False,0.027974296687295588
E2,Green,17,0.1,48.5625,0.028336231628892785,False,0.027974296687295588
E2,Green,17,0.2,48.5625,0.028336231628892785,False,0.027974296687295588
E2,Green,17,0.5,48.5625,0.028336231628892785,False,0.027974296687295588
E2,Green,17,1.0,48.5625,0.028336231628892785,False,0.027974296687295588
E2,Green,18,0.0,73.34375,0.02800287597716376,False,0.02776895984100228
E2,Green,18,0.01,73.34375,0.02800287597716376,False,0.02776895984100228
E2,Green,18,0.02,73.34375,0.02800287597716376,False,0.02776895984100228
E2,Green,18,0.05,60.953125,0.02776895984100228,False,0.02776895984100228
E2,Green,18,0.1,60.953125,0.02776895984100228,False,0.02776895984100228
E2,Green,18,0.2,48.5625,0.0308664347539014,False,0.02776895984100228
E2,Green,18,0.5,48.5625,0.0308664347539014,False,0.02776895984100228
E2,Green,18,1.0,48.5625,0.0308664347539014,False,0.02776895984100228
E2,Green,19,0.0,84.734375,0.028439045742316746,False,0.02805587846776524
E2,Green,19,0.01,72.34375,0.028550657207611414,False,0.02805587846776524
E2,Green,19,0.02,60.953125,0.02805587846776524,False,0.02805587846776524
E2,Green,19,0.05,48.5625,0.028336231628892785,False,0.02805587846776524
E2,Green,19,0.1,48.5625,0.028336231628892785,False,0.02805587846776524
E2,Green,19,0.2,48.5625,0.028336231628892785,False,0.02805587846776524
E2,Green,19,0.5,48.5625,0.028336231628892785,False,0.02805587846776524
E2,Green,19,1.0,48.5625,0.028336231628892785,False,0.02805587846776524
E2,Green,20,0.0,84.734375,0.027919355466620416,False,0.027919355466620416
E2,Green,20,0.01,72.34375,0.028200454713256426,False,0.027919355466620416
E2,Green,20,0.02,60.953125,0.02805587846776518,False,0.027919355466620416
E2,Green,20,0.05,48.5625,0.028336231628892813,False,0.027919355466620416
E2,Green,20,0.1,48.5625,0.028336231628892813,False,0.027919355466620416
E2,Green,20,0.2,48.5625,0.028336231628892813,False,0.027919355466620416
E2,Green,20,0.5,48.5625,0.028336231628892813,False,0.027919355466620416
E2,Green,20,1.0,48.5625,0.028336231628892813,False,0.027919355466620416
E2,Green,21,0.0,84.734375,0.028589567436890916,False,0.028055878467765128
E2,Green,21,0.01,72.34375,0.02880942424416154,False,0.028055878467765128
E2,Green,21,0.02,60.953125,0.028055878467765128,False,0.028055878467765128
E2,Green,21,0.05,48.5625,0.028336231628892823,False,0.028055878467765128
E2,Green,21,0.1,48.5625,0.028336231628892823,False,0.028055878467765128
E2,Green,21,0.2,48.5625,0.028336231628892823,False,0.028055878467765128
E2,Green,21,0.5,48.5625,0.028336231628892823,False,0.028055878467765128
E2,Green,21,1.0,48.5625,0.028336231628892823,False,0.028055878467765128
E2,Green,22,0.0,84.734375,0.027942523048818967,False,0.027942523048818967
E2,Green,22,0.01,72.34375,0.028188444759945884,False,0.027942523048818967
E2,Green,22,0.02,60.953125,0.028055878467765166,False,0.027942523048818967
E2,Green,22,0.05,48.5625,0.02833623162889273,False,0.027942523048818967
E2,Green,22,0.1,48.5625,0.02833623162889273,False,0.027942523048818967
E2,Green,22,0.2,48.5625,0.02833623162889273,False,0.027942523048818967
E2,Green,22,0.5,48.5625,0.02833623162889273,False,0.027942523048818967
E2,Green,22,1.0,48.5625,0.02833623162889273,False,0.027942523048818967
E2,Green,23,0.0,84.734375,0.02794287961312374,False,0.02794287961312374
E2,Green,23,0.01,73.34375,0.028146894145160934,False,0.02794287961312374
E2,Green,23,0.02,60.953125,0.028055878467765166,False,0.02794287961312374
E2,Green,23,0.05,48.5625,0.028336231628892813,False,0.02794287961312374
E2,Green,23,0.1,48.5625,0.028336231628892813,False,0.02794287961312374
E2,Green,23,0.2,48.5625,0.028336231628892813,False,0.02794287961312374
E2,Green,23,0.5,48.5625,0.028336231628892813,False,0.02794287961312374
E2,Green,23,1.0,48.5625,0.028336231628892813,False,0.02794287961312374
E2,Green,24,0.0,84.734375,0.027942523048818994,False,0.027942523048818994
E2,Green,24,0.01,72.34375,0.028200454713256322,False,0.027942523048818994
E2,Green,24,0.02,60.953125,0.02805587846776526,False,0.027942523048818994
E2,Green,24,0.05,48.5625,0.028336231628892775,False,0.027942523048818994
E2,Green,24,0.1,48.5625,0.028336231628892775,False,0.027942523048818994
E2,Green,24,0.2,48.5625,0.028336231628892775,False,0.027942523048818994
E2,Green,24,0.5,48.5625,0.028336231628892775,False,0.027942523048818994
E2,Green,24,1.0,48.5625,0.028336231628892775,False,0.027942523048818994
E2,Green,25,0.0,84.734375,0.02793534085846915,False,0.02793534085846915
E2,Green,25,0.01,60.953125,0.028055878467765145,False,0.02793534085846915
E2,Green,25,0.02,60.953125,0.028055878467765145,False,0.02793534085846915
E2,Green,25,0.05,48.5625,0.02833623162889278,False,0.02793534085846915
E2,Green,25,0.1,48.5625,0.02833623162889278,False,0.02793534085846915
E2,Green,25,0.2,48.5625,0.02833623162889278,False,0.02793534085846915
E2,Green,25,0.5,48.5625,0.02833623162889278,False,0.02793534085846915
E2,Green,25,1.0,48.5625,0.02833623162889278,False,0.02793534085846915
E2,Green,26,0.0,84.734375,0.028589567436890957,False,0.028055878467765187
E2,Green,26,0.01,72.34375,0.028809424244161545,False,0.028055878467765187
E2,Green,26,0.02,60.953125,0.028055878467765187,False,0.028055878467765187
E2,Green,26,0.05,48.5625,0.02833623162889271,False,0.028055878467765187
E2,Green,26,0.1,48.5625,0.02833623162889271,False,0.028055878467765187
E2,Green,26,0.2,48.5625,0.02833623162889271,False,0.028055878467765187
E2,Green,26,0.5,48.5625,0.02833623162889271,False,0.028055878467765187
E2,Green,26,1.0,48.5625,0.02833623162889271,False,0.028055878467765187
E2,Green,27,0.0,84.734375,0.027942879613123816,False,0.027942879613123816
E2,Green,27,0.01,73.34375,0.028146894145160927,False,0.027942879613123816
E2,Green,27,0.02,60.953125,0.028055878467765236,False,0.027942879613123816
E2,Green,27,0.05,48.5625,0.028336231628892747,False,0.027942879613123816
E2,Green,27,0.1,48.5625,0.028336231628892747,False,0.027942879613123816
E2,Green,27,0.2,48.5625,0.028336231628892747,False,0.027942879613123816
E2,Green,27,0.5,48.5625,0.028336231628892747,False,0.027942879613123816
E2,Green,27,1.0,48.5625,0.028336231628892747,False,0.027942879613123816
E2,Green,28,0.0,84.734375,0.027957597881117586,False,0.027957597881117586
E2,Green,28,0.01,72.34375,0.028188444759945832,False,0.027957597881117586
E2,Green,28,0.02,60.953125,0.028055878467765184,False,0.027957597881117586
E2,Green,28,0.05,48.5625,0.028336231628892705,False,0.027957597881117586
E2,Green,28,0.1,48.5625,0.028336231628892705,False,0.027957597881117586
E2,Green,28,0.2,48.5625,0.028336231628892705,False,0.027957597881117586
E2,Green,28,0.5,48.5625,0.028336231628892705,False,0.027957597881117586
E2,Green,28,1.0,48.5625,0.028336231628892705,False,0.027957597881117586
E2,Green,29,0.0,84.734375,0.0284954721976637,False,0.02805587846776512
E2,Green,29,0.01,72.34375,0.028621296410020234,False,0.02805587846776512
E2,Green,29,0.02,60.953125,0.02805587846776512,False,0.02805587846776512
E2,Green,29,0.05,48.5625,0.028336231628892802,False,0.02805587846776512
E2,Green,29,0.1,48.5625,0.028336231628892802,False,0.02805587846776512
E2,Green,29,0.2,48.5625,0.028336231628892802,False,0.02805587846776512
E2,Green,29,0.5,48.5625,0.028336231628892802,False,0.02805587846776512
E2,Green,29,1.0,48.5625,0.028336231628892802,False,0.02805587846776512
E3,SO,0,0.0,133.296875,1.4201369254348997,False,1.4201369254348997
E3,SO,0,0.01,133.296875,1.4201369254348997,False,1.4201369254348997
E3,SO,0,0.02,133.296875,1.4201369254348997,False,1.4201369254348997
E3,SO,0,0.05,133.296875,1.4201369254348997,False,1.4201369254348997
E3,SO,0,0.1,133.296875,1.4201369254348997,False,1.4201369254348997
E3,SO,0,0.2,133.296875,1.4201369254348997,False,1.4201369254348997
E3,SO,0,0.5,133.296875,1.4201369254348997,False,1.4201369254348997
E3,SO,0,1.0,133.296875,1.4201369254348997,False,1.4201369254348997
E3,SO,1,0.0,109.515625,1.3685669607668864,False,1.3685669607668864
E3,SO,1,0.01,109.515625,1.3685669607668864,False,1.3685669607668864
E3,SO,1,0.02,109.515625,1.3685669607668864,False,1.3685669607668864
E3,SO,1,0.05,109.515625,1.3685669607668864,False,1.3685669607668864
E3,SO,1,0.1,109.515625,1.3685669607668864,False,1.3685669607668864
E3,SO,1,0.2,109.515625,1.3685669607668864,False,1.3685669607668864
E3,SO,1,0.5,109.515625,1.3685669607668864,False,1.3685669607668864
E3,SO,1,1.0,109.515625,1.3685669607668864,False,1.3685669607668864
E3,SO,2,0.0,133.296875,1.2522088427975897,False,1.2522088427975897
E3,SO,2,0.01,133.296875,1.2522088427975897,False,1.2522088427975897
E3,SO,2,0.02,133.296875,1.2522088427975897,False,1.2522088427975897
E3,SO,2,0.05,133.296875,1.2522088427975897,False,1.2522088427975897
E3,SO,2,0.1,133.296875,1.2522088427975897,False,1.2522088427975897
E3,SO,2,0.2,133.296875,1.2522088427975897,False,1.2522088427975897
E3,SO,2,0.5,133.296875,1.2522088427975897,False,1.2522088427975897
E3,SO,2,1.0,133.296875,1.2522088427975897,False,1.2522088427975897
E3,SO,3,0.0,121.90625,1.3937274818636392,False,1.3937274818636392
E3,SO,3,0.01,121.90625,1.3937274818636392,False,1.3937274818636392
E3,SO,3,0.02,121.90625,1.3937274818636392,False,1.3937274818636392
E3,SO,3,0.05,121.90625,1.3937274818636392,False,1.3937274818636392
E3,SO,3,0.1,121.90625,1.3937274818636392,False,1.3937274818636392
E3,SO,3,0.2,121.90625,1.3937274818636392,False,1.3937274818636392
E3,SO,3,0.5,121.90625,1.3937274818636392,False,1.3937274818636392
E3,SO,3,1.0,121.90625,1.3937274818636392,False,1.3937274818636392
E3,SO,4,0.0,121.90625,1.3847582396988163,False,1.3847582396988163
E3,SO,4,0.01,121.90625,1.3847582396988163,False,1.3847582396988163
E3,SO,4,0.02,121.90625,1.3847582396988163,False,1.3847582396988163
E3,SO,4,0.05,121.90625,1.3847582396988163,False,1.3847582396988163
E3,SO,4,0.1,121.90625,1.3847582396988163,False,1.3847582396988163
E3,SO,4,0.2,121.90625,1.3847582396988163,False,1.3847582396988163
E3,SO,4,0.5,121.90625,1.3847582396988163,False,1.3847582396988163
E3,SO,4,1.0,121.90625,1.3847582396988163,False,1.3847582396988163
E3,SO,5,0.0,121.90625,1.318735813192184,False,1.318735813192184
E3,SO,5,0.01,121.90625,1.318735813192184,False,1.318735813192184
E3,SO,5,0.02,121.90625,1.318735813192184,False,1.318735813192184
E3,SO,5,0.05,121.90625,1.318735813192184,False,1.318735813192184
E3,SO,5,0.1,121.90625,1.318735813192184,False,1.318735813192184
E3,SO,5,0.2,121.90625,1.318735813192184,False,1.318735813192184
E3,SO,5,0.5,121.90625,1.318735813192184,False,1.318735813192184
E3,SO,5,1.0,121.90625,1.318735813192184,False,1.318735813192184
E3,SO,6,0.0,133.296875,1.503138715081509,False,1.503138715081509
E3,SO,6,0.01,133.296875,1.503138715081509,False,1.503138715081509
E3,SO,6,0.02,133.296875,1.503138715081509,False,1.503138715081509
E3,SO,6,0.05,133.296875,1.503138715081509,False,1.503138715081509
E3,SO,6,0.1,133.296875,1.503138715081509,False,1.503138715081509
E3,SO,6,0.2,133.296875,1.503138715081509,False,1.503138715081509
E3,SO,6,0.5,133.296875,1.503138715081509,False,1.503138715081509
E3,SO,6,1.0,133.296875,1.503138715081509,False,1.503138715081509
E3,SO,7,0.0,144.6875,1.1706935881100962,False,1.1706935881100962
E3,SO,7,0.01,144.6875,1.1706935881100962,False,1.1706935881100962
E3,SO,7,0.02,144.6875,1.1706935881100962,False,1.1706935881100962
E3,SO,7,0.05,144.6875,1.1706935881100962,False,1.1706935881100962
E3,SO,7,0.1,144.6875,1.1706935881100962,False,1.1706935881100962
E3,SO,7,0.2,144.6875,1.1706935881100962,False,1.1706935881100962
E3,SO,7,0.5,144.6875,1.1706935881100962,False,1.1706935881100962
E3,SO,7,1.0,144.6875,1.1706935881100962,False,1.1706935881100962
E3,SO,8,0.0,109.515625,1.4670512654674763,False,1.4670512654674763
E3,SO,8,0.01,109.515625,1.4670512654674763,False,1.4670512654674763
E3,SO,8,0.02,109.515625,1.4670512654674763,False,1.4670512654674763
E3,SO,8,0.05,109.515625,1.4670512654674763,False,1.4670512654674763
E3,SO,8,0.1,109.515625,1.4670512654674763,False,1.4670512654674763
E3,SO,8,0.2,109.515625,1.4670512654674763,False,1.4670512654674763
E3,SO,8,0.5,109.515625,1.4670512654674763,False,1.4670512654674763
E3,SO,8,1.0,109.515625,1.4670512654674763,False,1.4670512654674763
E3,SO,9,0.0,144.6875,1.300967457472379,False,1.300967457472379
E3,SO,9,0.01,144.6875,1.300967457472379,False,1.300967457472379
E3,SO,9,0.02,144.6875,1.300967457472379,False,1.300967457472379
E3,SO,9,0.05,144.6875,1.300967457472379,False,1.300967457472379
E3,SO,9,0.1,144.6875,1.300967457472379,False,1.300967457472379
E3,SO,9,0.2,144.6875,1.300967457472379,False,1.300967457472379
E3,SO,9,0.5,144.6875,1.300967457472379,False,1.300967457472379
E3,SO,9,1.0,144.6875,1.300967457472379,False,1.300967457472379
E3,SO,10,0.0,201.640625,0.5117397039527375,False,0.5117397039527375
E3,SO,10,0.01,201.640625,0.5117397039527375,False,0.5117397039527375
E3,SO,10,0.02,201.640625,0.5117397039527375,False,0.5117397039527375
E3,SO,10,0.05,201.640625,0.5117397039527375,False,0.5117397039527375
E3,SO,10,0.1,201.640625,0.5117397039527375,False,0.5117397039527375
E3,SO,10,0.2,201.640625,0.5117397039527375,False,0.5117397039527375
E3,SO,10,0.5,201.640625,0.5117397039527375,False,0.5117397039527375
E3,SO,10,1.0,201.640625,0.5117397039527375,False,0.5117397039527375
E3,SO,11,0.0,190.25,0.15936494644949042,False,0.15936494644949042
E3,SO,11,0.01,190.25,0.15936494644949042,False,0.15936494644949042
E3,SO,11,0.02,190.25,0.15936494644949042,False,0.15936494644949042
E3,SO,11,0.05,190.25,0.15936494644949042,False,0.15936494644949042
E3,SO,11,0.1,190.25,0.15936494644949042,False,0.15936494644949042
E3,SO,11,0.2,190.25,0.15936494644949042,False,0.15936494644949042
E3,SO,11,0.5,190.25,0.15936494644949042,False,0.15936494644949042
E3,SO,11,1.0,190.25,0.15936494644949042,False,0.15936494644949042
E3,SO,12,0.0,121.90625,1.413237231933367,False,1.413237231933367
E3,SO,12,0.01,121.90625,1.413237231933367,False,1.413237231933367
E3,SO,12,0.02,121.90625,1.413237231933367,False,1.413237231933367
E3,SO,12,0.05,121.90625,1.413237231933367,False,1.413237231933367
E3,SO,12,0.1,121.90625,1.413237231933367,False,1.413237231933367
E3,SO,12,0.2,121.90625,1.413237231933367,False,1.413237231933367
E3,SO,12,0.5,121.90625,1.413237231933367,False,1.413237231933367
E3,SO,12,1.0,121.90625,1.413237231933367,False,1.413237231933367
E3,SO,13,0.0,133.296875,1.4978106212189835,False,1.4978106212189835
E3,SO,13,0.01,133.296875,1.4978106212189835,False,1.4978106212189835
E3,SO,13,0.02,133.296875,1.4978106212189835,False,1.4978106212189835
E3,SO,13,0.05,133.296875,1.4978106212189835,False,1.4978106212189835
E3,SO,13,0.1,133.296875,1.4978106212189835,False,1.4978106212189835
E3,SO,13,0.2,133.296875,1.4978106212189835,False,1.4978106212189835
E3,SO,13,0.5,133.296875,1.4978106212189835,False,1.4978106212189835
E3,SO,13,1.0,133.296875,1.4978106212189835,False,1.4978106212189835
E3,SO,14,0.0,86.734375,1.424536414312042,False,1.424536414312042
E3,SO,14,0.01,86.734375,1.424536414312042,False,1.424536414312042
E3,SO,14,0.02,86.734375,1.424536414312042,False,1.424536414312042
E3,SO,14,0.05,86.734375,1.424536414312042,False,1.424536414312042
E3,SO,14,0.1,86.734375,1.424536414312042,False,1.424536414312042
E3,SO,14,0.2,86.734375,1.424536414312042,False,1.424536414312042
E3,SO,14,0.5,86.734375,1.424536414312042,False,1.424536414312042
E3,SO,14,1.0,86.734375,1.424536414312042,False,1.424536414312042
E3,SO,15,0.0,144.6875,1.0777152814237663,False,1.0777152814237663
E3,SO,15,0.01,144.6875,1.0777152814237663,False,1.0777152814237663
E3,SO,15,0.02,144.6875,1.0777152814237663,False,1.0777152814237663
E3,SO,15,0.05,144.6875,1.0777152814237663,False,1.0777152814237663
E3,SO,15,0.1,144.6875,1.0777152814237663,False,1.0777152814237663
E3,SO,15,0.2,144.6875,1.0777152814237663,False,1.0777152814237663
E3,SO,15,0.5,144.6875,1.0777152814237663,False,1.0777152814237663
E3,SO,15,1.0,144.6875,1.0777152814237663,False,1.0777152814237663
E3,SO,16,0.0,109.515625,1.3737644606081234,False,1.3737644606081234
E3,SO,16,0.01,109.515625,1.3737644606081234,False,1.3737644606081234
E3,SO,16,0.02,109.515625,1.3737644606081234,False,1.3737644606081234
E3,SO,16,0.05,109.515625,1.3737644606081234,False,1.3737644606081234
E3,SO,16,0.1,109.515625,1.3737644606081234,False,1.3737644606081234
E3,SO,16,0.2,109.515625,1.3737644606081234,False,1.3737644606081234
E3,SO,16,0.5,109.515625,1.3737644606081234,False,1.3737644606081234
E3,SO,16,1.0,109.515625,1.3737644606081234,False,1.3737644606081234
E3,SO,17,0.0,121.90625,1.4132372314242998,False,1.4132372314242998
E3,SO,17,0.01,121.90625,1.4132372314242998,False,1.4132372314242998
E3,SO,17,0.02,121.90625,1.4132372314242998,False,1.4132372314242998
E3,SO,17,0.05,121.90625,1.4132372314242998,False,1.4132372314242998
E3,SO,17,0.1,121.90625,1.4132372314242998,False,1.4132372314242998
E3,SO,17,0.2,121.90625,1.4132372314242998,False,1.4132372314242998
E3,SO,17,0.5,121.90625,1.4132372314242998,False,1.4132372314242998
E3,SO,17,1.0,121.90625,1.4132372314242998,False,1.4132372314242998
E3,SO,18,0.0,109.515625,1.474250042250113,False,1.474250042250113
E3,SO,18,0.01,109.515625,1.474250042250113,False,1.474250042250113
E3,SO,18,0.02,109.515625,1.474250042250113,False,1.474250042250113
E3,SO,18,0.05,109.515625,1.474250042250113,False,1.474250042250113
E3,SO,18,0.1,109.515625,1.474250042250113,False,1.474250042250113
E3,SO,18,0.2,109.515625,1.474250042250113,False,1.474250042250113
E3,SO,18,0.5,109.515625,1.474250042250113,False,1.474250042250113
E3,SO,18,1.0,109.515625,1.474250042250113,False,1.474250042250113
E3,SO,19,0.0,133.296875,1.506652679879836,False,1.506652679879836
E3,SO,19,0.01,133.296875,1.506652679879836,False,1.506652679879836
E3,SO,19,0.02,133.296875,1.506652679879836,False,1.506652679879836
E3,SO,19,0.05,133.296875,1.506652679879836,False,1.506652679879836
E3,SO,19,0.1,133.296875,1.506652679879836,False,1.506652679879836
E3,SO,19,0.2,133.296875,1.506652679879836,False,1.506652679879836
E3,SO,19,0.5,133.296875,1.506652679879836,False,1.506652679879836
E3,SO,19,1.0,133.296875,1.506652679879836,False,1.506652679879836
E3,SO,20,0.0,109.515625,1.3814531183213783,False,1.3814531183213783
E3,SO,20,0.01,109.515625,1.3814531183213783,False,1.3814531183213783
E3,SO,20,0.02,109.515625,1.3814531183213783,False,1.3814531183213783
E3,SO,20,0.05,109.515625,1.3814531183213783,False,1.3814531183213783
E3,SO,20,0.1,109.515625,1.3814531183213783,False,1.3814531183213783
E3,SO,20,0.2,109.515625,1.3814531183213783,False,1.3814531183213783
E3,SO,20,0.5,109.515625,1.3814531183213783,False,1.3814531183213783
E3,SO,20,1.0,109.515625,1.3814531183213783,False,1.3814531183213783
E3,SO,21,0.0,144.6875,1.1192204615298393,False,1.1192204615298393
E3,SO,21,0.01,144.6875,1.1192204615298393,False,1.1192204615298393
E3,SO,21,0.02,144.6875,1.1192204615298393,False,1.1192204615298393
E3,SO,21,0.05,144.6875,1.1192204615298393,False,1.1192204615298393
E3,SO,21,0.1,144.6875,1.1192204615298393,False,1.1192204615298393
E3,SO,21,0.2,144.6875,1.1192204615298393,False,1.1192204615298393
E3,SO,21,0.5,144.6875,1.1192204615298393,False,1.1192204615298393
E3,SO,21,1.0,144.6875,1.1192204615298393,False,1.1192204615298393
E3,SO,22,0.0,86.734375,1.4245364143079842,False,1.4245364143079842
E3,SO,22,0.01,86.734375,1.4245364143079842,False,1.4245364143079842
E3,SO,22,0.02,86.734375,1.4245364143079842,False,1.4245364143079842
E3,SO,22,0.05,86.734375,1.4245364143079842,False,1.4245364143079842
E3,SO,22,0.1,86.734375,1.4245364143079842,False,1.4245364143079842
E3,SO,22,0.2,86.734375,1.4245364143079842,False,1.4245364143079842
E3,SO,22,0.5,86.734375,1.4245364143079842,False,1.4245364143079842
E3,SO,22,1.0,86.734375,1.4245364143079842,False,1.4245364143079842
E3,SO,23,0.0,166.46875,0.06295452017153055,False,0.06295452017153055
E3,SO,23,0.01,166.46875,0.06295452017153055,False,0.06295452017153055
E3,SO,23,0.02,166.46875,0.06295452017153055,False,0.06295452017153055
E3,SO,23,0.05,166.46875,0.06295452017153055,False,0.06295452017153055
E3,SO,23,0.1,166.46875,0.06295452017153055,False,0.06295452017153055
E3,SO,23,0.2,166.46875,0.06295452017153055,False,0.06295452017153055
E3,SO,23,0.5,166.46875,0.06295452017153055,False,0.06295452017153055
E3,SO,23,1.0,166.46875,0.06295452017153055,False,0.06295452017153055
E3,SO,24,0.0,133.296875,1.5027628031419384,False,1.5027628031419384
E3,SO,24,0.01,133.296875,1.5027628031419384,False,1.5027628031419384
E3,SO,24,0.02,133.296875,1.5027628031419384,False,1.5027628031419384
E3,SO,24,0.05,133.296875,1.5027628031419384,False,1.5027628031419384
E3,SO,24,0.1,133.296875,1.5027628031419384,False,1.5027628031419384
E3,SO,24,0.2,133.296875,1.5027628031419384,False,1.5027628031419384
E3,SO,24,0.5,133.296875,1.5027628031419384,False,1.5027628031419384
E3,SO,24,1.0,133.296875,1.5027628031419384,False,1.5027628031419384
E3,SO,25,0.0,121.90625,1.3937274818561558,False,1.3937274818561558
E3,SO,25,0.01,121.90625,1.3937274818561558,False,1.3937274818561558
E3,SO,25,0.02,121.90625,1.3937274818561558,False,1.3937274818561558
E3,SO,25,0.05,121.90625,1.3937274818561558,False,1.3937274818561558
E3,SO,25,0.1,121.90625,1.3937274818561558,False,1.3937274818561558
E3,SO,25,0.2,121.90625,1.3937274818561558,False,1.3937274818561558
E3,SO,25,0.5,121.90625,1.3937274818561558,False,1.3937274818561558
E3,SO,25,1.0,121.90625,1.3937274818561558,False,1.3937274818561558
E3,SO,26,0.0,133.296875,1.4325346169094877,False,1.4325346169094877
E3,SO,26,0.01,133.296875,1.4325346169094877,False,1.4325346169094877
E3,SO,26,0.02,133.296875,1.4325346169094877,False,1.4325346169094877
E3,SO,26,0.05,133.296875,1.4325346169094877,False,1.4325346169094877
E3,SO,26,0.1,133.296875,1.4325346169094877,False,1.4325346169094877
E3,SO,26,0.2,133.296875,1.4325346169094877,False,1.4325346169094877
E3,SO,26,0.5,133.296875,1.4325346169094877,False,1.4325346169094877
E3,SO,26,1.0,133.296875,1.4325346169094877,False,1.4325346169094877
E3,SO,27,0.0,133.296875,1.4625786496880029,False,1.4625786496880029
E3,SO,27,0.01,133.296875,1.4625786496880029,False,1.4625786496880029
E3,SO,27,0.02,133.296875,1.4625786496880029,False,1.4625786496880029
E3,SO,27,0.05,133.296875,1.4625786496880029,False,1.4625786496880029
E3,SO,27,0.1,133.296875,1.4625786496880029,False,1.4625786496880029
E3,SO,27,0.2,133.296875,1.4625786496880029,False,1.4625786496880029
E3,SO,27,0.5,133.296875,1.4625786496880029,False,1.4625786496880029
E3,SO,27,1.0,133.296875,1.4625786496880029,False,1.4625786496880029
E3,SO,28,0.0,86.734375,1.5473864518772669,False,1.5473864518772669
E3,SO,28,0.01,86.734375,1.5473864518772669,False,1.5473864518772669
E3,SO,28,0.02,86.734375,1.5473864518772669,False,1.5473864518772669
E3,SO,28,0.05,86.734375,1.5473864518772669,False,1.5473864518772669
E3,SO,28,0.1,86.734375,1.5473864518772669,False,1.5473864518772669
E3,SO,28,0.2,86.734375,1.5473864518772669,False,1.5473864518772669
E3,SO,28,0.5,86.734375,1.5473864518772669,False,1.5473864518772669
E3,SO,28,1.0,86.734375,1.5473864518772669,False,1.5473864518772669
E3,SO,29,0.0,109.515625,,False,
E3,SO,29,0.01,109.515625,,False,
E3,SO,29,0.02,109.515625,,False,
E3,SO,29,0.05,109.515625,,False,
E3,SO,29,0.1,109.515625,,False,
E3,SO,29,0.2,109.515625,,False,
E3,SO,29,0.5,109.515625,,False,
E3,SO,29,1.0,109.515625,,False,
E3,MO-lex,0,0.0,133.296875,1.4201369254348997,False,1.4114130381953272
E3,MO-lex,0,0.01,109.515625,1.4114130381953272,False,1.4114130381953272
E3,MO-lex,0,0.02,109.515625,1.4114130381953272,False,1.4114130381953272
E3,MO-lex,0,0.05,109.515625,1.4114130381953272,False,1.4114130381953272
E3,MO-lex,0,0.1,109.515625,1.4114130381953272,False,1.4114130381953272
E3,MO-lex,0,0.2,109.515625,1.4114130381953272,False,1.4114130381953272
E3,MO-lex,0,0.5,109.515625,1.4114130381953272,False,1.4114130381953272
E3,MO-lex,0,1.0,109.515625,1.4114130381953272,False,1.4114130381953272
E3,MO-lex,1,0.0,109.515625,1.3685669607668864,False,1.3685669607668864
E3,MO-lex,1,0.01,109.515625,1.3685669607668864,False,1.3685669607668864
E3,MO-lex,1,0.02,109.515625,1.3685669607668864,False,1.3685669607668864
E3,MO-lex,1,0.05,109.515625,1.3685669607668864,False,1.3685669607668864
E3,MO-lex,1,0.1,109.515625,1.3685669607668864,False,1.3685669607668864
E3,MO-lex,1,0.2,109.515625,1.3685669607668864,False,1.3685669607668864
E3,MO-lex,1,0.5,86.734375,1.5671959780111402,False,1.3685669607668864
E3,MO-lex,1,1.0,86.734375,1.5671959780111402,False,1.3685669607668864
E3,MO-lex,2,0.0,133.296875,1.2522088427975897,False,1.2522088427975897
E3,MO-lex,2,0.01,109.515625,1.2543238892233024,False,1.2522088427975897
E3,MO-lex,2,0.02,109.515625,1.2543238892233024,False,1.2522088427975897
E3,MO-lex,2,0.05,109.515625,1.2543238892233024,False,1.2522088427975897
E3,MO-lex,2,0.1,109.515625,1.2543238892233024,False,1.2522088427975897
E3,MO-lex,2,0.2,109.515625,1.2543238892233024,False,1.2522088427975897
E3,MO-lex,2,0.5,97.125,1.3156392568057336,False,1.2522088427975897
E3,MO-lex,2,1.0,74.34375,542.023559226671,False,1.2522088427975897
E3,MO-lex,3,0.0,121.90625,1.3937274818636392,False,1.3937274818636392
E3,MO-lex,3,0.01,109.515625,1.4114130377786807,False,1.3937274818636392
E3,MO-lex,3,0.02,109.515625,1.4114130377786807,False,1.3937274818636392
E3,MO-lex,3,0.05,109.515625,1.4114130377786807,False,1.3937274818636392
E3,MO-lex,3,0.1,109.515625,1.4114130377786807,False,1.3937274818636392
E3,MO-lex,3,0.2,109.515625,1.4114130377786807,False,1.3937274818636392
E3,MO-lex,3,0.5,109.515625,1.4114130377786807,False,1.3937274818636392
E3,MO-lex,3,1.0,86.734375,129.20178530217558,False,1.3937274818636392
E3,MO-lex,4,0.0,121.90625,1.3847582396988163,False,1.3847582396988163
E3,MO-lex,4,0.01,109.515625,1.4073547064290304,False,1.3847582396988163
E3,MO-lex,4,0.02,109.515625,1.4073547064290304,False,1.3847582396988163
E3,MO-lex,4,0.05,109.515625,1.4073547064290304,False,1.3847582396988163
E3,MO-lex,4,0.1,109.515625,1.4073547064290304,False,1.3847582396988163
E3,MO-lex,4,0.2,98.125,8.931210244968689,False,1.3847582396988163
E3,MO-lex,4,0.5,86.734375,1.516515060178145,False,1.3847582396988163
E3,MO-lex,4,1.0,86.734375,1.516515060178145,False,1.3847582396988163
E3,MO-lex,5,0.0,121.90625,1.318735813192184,False,1.318735813192184
E3,MO-lex,5,0.01,109.515625,1.339835537085711,False,1.318735813192184
E3,MO-lex,5,0.02,109.515625,1.339835537085711,False,1.318735813192184
E3,MO-lex,5,0.05,109.515625,1.339835537085711,False,1.318735813192184
E3,MO-lex,5,0.1,109.515625,1.339835537085711,False,1.318735813192184
E3,MO-lex,5,0.2,109.515625,1.339835537085711,False,1.318735813192184
E3,MO-lex,5,0.5,97.125,1.843167327177586,False,1.318735813192184
E3,MO-lex,5,1.0,97.125,1.843167327177586,False,1.318735813192184
E3,MO-lex,6,0.0,133.296875,1.503138715081509,False,0.28493316949220443
E3,MO-lex,6,0.01,109.515625,1.4670512654174257,False,0.28493316949220443
E3,MO-lex,6,0.02,109.515625,1.4670512654174257,False,0.28493316949220443
E3,MO-lex,6,0.05,109.515625,1.4670512654174257,False,0.28493316949220443
E3,MO-lex,6,0.1,109.515625,1.4670512654174257,False,0.28493316949220443
E3,MO-lex,6,0.2,109.515625,1.4670512654174257,False,0.28493316949220443
E3,MO-lex,6,0.5,98.125,28.478621995008684,False,0.28493316949220443
E3,MO-lex,6,1.0,98.125,28.478621995008684,False,0.28493316949220443
E3,MO-lex,7,0.0,144.6875,1.1706935881100962,False,0.13970466148600044
E3,MO-lex,7,0.01,144.6875,1.1706935881100962,False,0.13970466148600044
E3,MO-lex,7,0.02,144.6875,1.1706935881100962,False,0.13970466148600044
E3,MO-lex,7,0.05,144.6875,1.1706935881100962,False,0.13970466148600044
E3,MO-lex,7,0.1,144.6875,1.1706935881100962,False,0.13970466148600044
E3,MO-lex,7,0.2,144.6875,1.1706935881100962,False,0.13970466148600044
E3,MO-lex,7,0.5,132.296875,0.24278444474102315,False,0.13970466148600044
E3,MO-lex,7,1.0,121.90625,1.5389084083684266,False,0.13970466148600044
E3,MO-lex,8,0.0,109.515625,1.4670512654674763,False,0.0794053217908047
E3,MO-lex,8,0.01,109.515625,1.4670512654674763,False,0.0794053217908047
E3,MO-lex,8,0.02,109.515625,1.4670512654674763,False,0.0794053217908047
E3,MO-lex,8,0.05,109.515625,1.4670512654674763,False,0.0794053217908047
E3,MO-lex,8,0.1,109.515625,1.4670512654674763,False,0.0794053217908047
E3,MO-lex,8,0.2,109.515625,1.4670512654674763,False,0.0794053217908047
E3,MO-lex,8,0.5,97.125,3.2368738681988116,False,0.0794053217908047
E3,MO-lex,8,1.0,97.125,3.2368738681988116,False,0.0794053217908047
E3,MO-lex,9,0.0,144.6875,1.300967457472379,False,1.299601640550438
E3,MO-lex,9,0.01,109.515625,1.299601640550438,False,1.299601640550438
E3,MO-lex,9,0.02,109.515625,1.299601640550438,False,1.299601640550438
E3,MO-lex,9,0.05,109.515625,1.299601640550438,False,1.299601640550438
E3,MO-lex,9,0.1,109.515625,1.299601640550438,False,1.299601640550438
E3,MO-lex,9,0.2,109.515625,1.299601640550438,False,1.299601640550438
E3,MO-lex,9,0.5,86.734375,1.5085351819679258,False,1.299601640550438
E3,MO-lex,9,1.0,74.34375,272.3494024573,False,1.299601640550438
E3,MO-lex,10,0.0,201.640625,0.5117397039527375,False,0.5000326217763083
E3,MO-lex,10,0.01,190.25,0.5562636241465339,False,0.5000326217763083
E3,MO-lex,10,0.02,166.46875,0.5000326217763083,False,0.5000326217763083
E3,MO-lex,10,0.05,166.46875,0.5000326217763083,False,0.5000326217763083
E3,MO-lex,10,0.1,166.46875,0.5000326217763083,False,0.5000326217763083
E3,MO-lex,10,0.2,166.46875,0.5000326217763083,False,0.5000326217763083
E3,MO-lex,10,0.5,166.46875,0.5000326217763083,False,0.5000326217763083
E3,MO-lex,10,1.0,155.078125,0.5807082531145178,False,0.5000326217763083
E3,MO-lex,11,0.0,190.25,0.15936494644949042,False,0.15936494644949042
E3,MO-lex,11,0.01,190.25,0.15936494644949042,False,0.15936494644949042
E3,MO-lex,11,0.02,190.25,0.15936494644949042,False,0.15936494644949042
E3,MO-lex,11,0.05,155.078125,1.5731477329613914,False,0.15936494644949042
E3,MO-lex,11,0.1,155.078125,1.5731477329613914,False,0.15936494644949042
E3,MO-lex,11,0.2,155.078125,1.5731477329613914,False,0.15936494644949042
E3,MO-lex,11,0.5,155.078125,1.5731477329613914,False,0.15936494644949042
E3,MO-lex,11,1.0,155.078125,1.5731477329613914,False,0.15936494644949042
E3,MO-lex,12,0.0,121.90625,1.413237231933367,False,1.4060373904033643
E3,MO-lex,12,0.01,109.515625,1.4309455630478096,False,1.4060373904033643
E3,MO-lex,12,0.02,109.515625,1.4309455630478096,False,1.4060373904033643
E3,MO-lex,12,0.05,109.515625,1.4309455630478096,False,1.4060373904033643
E3,MO-lex,12,0.1,109.515625,1.4309455630478096,False,1.4060373904033643
E3,MO-lex,12,0.2,109.515625,1.4309455630478096,False,1.4060373904033643
E3,MO-lex,12,0.5,99.125,1.4060373904033643,False,1.4060373904033643
E3,MO-lex,12,1.0,86.734375,136.14141456847426,False,1.4060373904033643
E3,MO-lex,13,0.0,133.296875,1.4978106212189835,False,1.2914595046165889
E3,MO-lex,13,0.01,133.296875,1.4978106212189835,False,1.2914595046165889
E3,MO-lex,13,0.02,133.296875,1.4978106212189835,False,1.2914595046165889
E3,MO-lex,13,0.05,133.296875,1.4978106212189835,False,1.2914595046165889
E3,MO-lex,13,0.1,133.296875,1.4978106212189835,False,1.2914595046165889
E3,MO-lex,13,0.2,121.90625,1.2914595046165889,False,1.2914595046165889
E3,MO-lex,13,0.5,110.515625,1.6036133781762083,False,1.2914595046165889
E3,MO-lex,13,1.0,110.515625,1.6036133781762083,False,1.2914595046165889
E3,MO-lex,14,0.0,86.734375,1.424536414312042,False,0.09154445486372437
E3,MO-lex,14,0.01,86.734375,1.424536414312042,False,0.09154445486372437
E3,MO-lex,14,0.02,86.734375,1.424536414312042,False,0.09154445486372437
E3,MO-lex,14,0.05,86.734375,1.424536414312042,False,0.09154445486372437
E3,MO-lex,14,0.1,86.734375,1.424536414312042,False,0.09154445486372437
E3,MO-lex,14,0.2,86.734375,1.424536414312042,False,0.09154445486372437
E3,MO-lex,14,0.5,86.734375,1.424536414312042,False,0.09154445486372437
E3,MO-lex,14,1.0,86.734375,1.424536414312042,False,0.09154445486372437
E3,MO-lex,15,0.0,144.6875,1.0777152814237663,False,0.35408354494542943
E3,MO-lex,15,0.01,144.6875,1.0777152814237663,False,0.35408354494542943
E3,MO-lex,15,0.02,144.6875,1.0777152814237663,False,0.35408354494542943
E3,MO-lex,15,0.05,144.6875,1.0777152814237663,False,0.35408354494542943
E3,MO-lex,15,0.1,144.6875,1.0777152814237663,False,0.35408354494542943
E3,MO-lex,15,0.2,144.6875,1.0777152814237663,False,0.35408354494542943
E3,MO-lex,15,0.5,132.296875,0.35408354494542943,False,0.35408354494542943
E3,MO-lex,15,1.0,110.515625,1.6003992271570908,False,0.35408354494542943
E3,MO-lex,16,0.0,109.515625,1.3737644606081234,False,1.3737644606081234
E3,MO-lex,16,0.01,109.515625,1.3737644606081234,False,1.3737644606081234
E3,MO-lex,16,0.02,109.515625,1.3737644606081234,False,1.3737644606081234
E3,MO-lex,16,0.05,109.515625,1.3737644606081234,False,1.3737644606081234
E3,MO-lex,16,0.1,109.515625,1.3737644606081234,False,1.3737644606081234
E3,MO-lex,16,0.2,109.515625,1.3737644606081234,False,1.3737644606081234
E3,MO-lex,16,0.5,86.734375,7.704964674494544,False,1.3737644606081234
E3,MO-lex,16,1.0,86.734375,7.704964674494544,False,1.3737644606081234
E3,MO-lex,17,0.0,121.90625,1.4132372314242998,False,1.4132372314242998
E3,MO-lex,17,0.01,109.515625,1.4309455630836678,False,1.4132372314242998
E3,MO-lex,17,0.02,109.515625,1.4309455630836678,False,1.4132372314242998
E3,MO-lex,17,0.05,109.515625,1.4309455630836678,False,1.4132372314242998
E3,MO-lex,17,0.1,109.515625,1.4309455630836678,False,1.4132372314242998
E3,MO-lex,17,0.2,74.34375,7.364572833632151,False,1.4132372314242998
E3,MO-lex,17,0.5,74.34375,7.364572833632151,False,1.4132372314242998
E3,MO-lex,17,1.0,74.34375,7.364572833632151,False,1.4132372314242998
E3,MO-lex,18,0.0,109.515625,1.474250042250113,False,1.474250042250113
E3,MO-lex,18,0.01,109.515625,1.474250042250113,False,1.474250042250113
E3,MO-lex,18,0.02,109.515625,1.474250042250113,False,1.474250042250113
E3,MO-lex,18,0.05,109.515625,1.474250042250113,False,1.474250042250113
E3,MO-lex,18,0.1,109.515625,1.474250042250113,False,1.474250042250113
E3,MO-lex,18,0.2,109.515625,1.474250042250113,False,1.474250042250113
E3,MO-lex,18,0.5,86.734375,1.5789925514511733,False,1.474250042250113
E3,MO-lex,18,1.0,86.734375,1.5789925514511733,False,1.474250042250113
E3,MO-lex,19,0.0,133.296875,1.506652679879836,False,1.4670512654687449
E3,MO-lex,19,0.01,109.515625,1.4670512654687449,False,1.4670512654687449
E3,MO-lex,19,0.02,109.515625,1.4670512654687449,False,1.4670512654687449
E3,MO-lex,19,0.05,109.515625,1.4670512654687449,False,1.4670512654687449
E3,MO-lex,19,0.1,109.515625,1.4670512654687449,False,1.4670512654687449
E3,MO-lex,19,0.2,109.515625,1.4670512654687449,False,1.4670512654687449
E3,MO-lex,19,0.5,74.34375,12.980748539452287,False,1.4670512654687449
E3,MO-lex,19,1.0,74.34375,12.980748539452287,False,1.4670512654687449
E3,MO-lex,20,0.0,109.515625,1.3814531183213783,False,1.3814531183213783
E3,MO-lex,20,0.01,109.515625,1.3814531183213783,False,1.3814531183213783
E3,MO-lex,20,0.02,109.515625,1.3814531183213783,False,1.3814531183213783
E3,MO-lex,20,0.05,109.515625,1.3814531183213783,False,1.3814531183213783
E3,MO-lex,20,0.1,109.515625,1.3814531183213783,False,1.3814531183213783
E3,MO-lex,20,0.2,98.125,15.949521099753676,False,1.3814531183213783
E3,MO-lex,20,0.5,74.34375,12.636048921423928,False,1.3814531183213783
E3,MO-lex,20,1.0,74.34375,12.636048921423928,False,1.3814531183213783
E3,MO-lex,21,0.0,144.6875,1.1192204615298393,False,0.4244785627122026
E3,MO-lex,21,0.01,144.6875,1.1192204615298393,False,0.4244785627122026
E3,MO-lex,21,0.02,144.6875,1.1192204615298393,False,0.4244785627122026
E3,MO-lex,21,0.05,144.6875,1.1192204615298393,False,0.4244785627122026
E3,MO-lex,21,0.1,144.6875,1.1192204615298393,False,0.4244785627122026
E3,MO-lex,21,0.2,144.6875,1.1192204615298393,False,0.4244785627122026
E3,MO-lex,21,0.5,132.296875,0.4244785627122026,False,0.4244785627122026
E3,MO-lex,21,1.0,109.515625,3.8944860360178217,False,0.4244785627122026
E3,MO-lex,22,0.0,86.734375,1.4245364143079842,False,1.2025204217894379
E3,MO-lex,22,0.01,86.734375,1.4245364143079842,False,1.2025204217894379
E3,MO-lex,22,0.02,86.734375,1.4245364143079842,False,1.2025204217894379
E3,MO-lex,22,0.05,86.734375,1.4245364143079842,False,1.2025204217894379
E3,MO-lex,22,0.1,86.734375,1.4245364143079842,False,1.2025204217894379
E3,MO-lex,22,0.2,86.734375,1.4245364143079842,False,1.2025204217894379
E3,MO-lex,22,0.5,86.734375,1.4245364143079842,False,1.2025204217894379
E3,MO-lex,22,1.0,86.734375,1.4245364143079842,False,1.2025204217894379
E3,MO-lex,23,0.0,166.46875,0.06295452017153055,False,0.06295452017153055
E3,MO-lex,23,0.01,142.6875,0.06446755592298278,False,0.06295452017153055
E3,MO-lex,23,0.02,142.6875,0.06446755592298278,False,0.06295452017153055
E3,MO-lex,23,0.05,142.6875,0.06446755592298278,False,0.06295452017153055
E3,MO-lex,23,0.1,142.6875,0.06446755592298278,False,0.06295452017153055
E3,MO-lex,23,0.2,142.6875,0.06446755592298278,False,0.06295452017153055
E3,MO-lex,23,0.5,142.6875,0.06446755592298278,False,0.06295452017153055
E3,MO-lex,23,1.0,142.6875,0.06446755592298278,False,0.06295452017153055
E3,MO-lex,24,0.0,133.296875,1.5027628031419384,False,1.4670512654698473
E3,MO-lex,24,0.01,109.515625,1.4670512654698473,False,1.4670512654698473
E3,MO-lex,24,0.02,109.515625,1.4670512654698473,False,1.4670512654698473
E3,MO-lex,24,0.05,109.515625,1.4670512654698473,False,1.4670512654698473
E3,MO-lex,24,0.1,109.515625,1.4670512654698473,False,1.4670512654698473
E3,MO-lex,24,0.2,109.515625,1.4670512654698473,False,1.4670512654698473
E3,MO-lex,24,0.5,97.125,3.236873868223929,False,1.4670512654698473
E3,MO-lex,24,1.0,97.125,3.236873868223929,False,1.4670512654698473
E3,MO-lex,25,0.0,121.90625,1.3937274818561558,False,0.3413566359705248
E3,MO-lex,25,0.01,109.515625,1.3398355368559265,False,0.3413566359705248
E3,MO-lex,25,0.02,109.515625,1.3398355368559265,False,0.3413566359705248
E3,MO-lex,25,0.05,109.515625,1.3398355368559265,False,0.3413566359705248
E3,MO-lex,25,0.1,109.515625,1.3398355368559265,False,0.3413566359705248
E3,MO-lex,25,0.2,86.734375,6.123957139593107,False,0.3413566359705248
E3,MO-lex,25,0.5,86.734375,6.123957139593107,False,0.3413566359705248
E3,MO-lex,25,1.0,86.734375,6.123957139593107,False,0.3413566359705248
E3,MO-lex,26,0.0,133.296875,1.4325346169094877,False,1.4181047658819748
E3,MO-lex,26,0.01,109.515625,1.4181047658819748,False,1.4181047658819748
E3,MO-lex,26,0.02,109.515625,1.4181047658819748,False,1.4181047658819748
E3,MO-lex,26,0.05,109.515625,1.4181047658819748,False,1.4181047658819748
E3,MO-lex,26,0.1,109.515625,1.4181047658819748,False,1.4181047658819748
E3,MO-lex,26,0.2,109.515625,1.4181047658819748,False,1.4181047658819748
E3,MO-lex,26,0.5,86.734375,1.5474295103009832,False,1.4181047658819748
E3,MO-lex,26,1.0,86.734375,1.5474295103009832,False,1.4181047658819748
E3,MO-lex,27,0.0,133.296875,1.4625786496880029,False,1.4296840167920426
E3,MO-lex,27,0.01,109.515625,1.4296840167920426,False,1.4296840167920426
E3,MO-lex,27,0.02,109.515625,1.4296840167920426,False,1.4296840167920426
E3,MO-lex,27,0.05,109.515625,1.4296840167920426,False,1.4296840167920426
E3,MO-lex,27,0.1,109.515625,1.4296840167920426,False,1.4296840167920426
E3,MO-lex,27,0.2,86.734375,2.514396867771477,False,1.4296840167920426
E3,MO-lex,27,0.5,86.734375,2.514396867771477,False,1.4296840167920426
E3,MO-lex,27,1.0,86.734375,2.514396867771477,False,1.4296840167920426
E3,MO-lex,28,0.0,86.734375,1.5473864518772669,False,1.5473864518772669
E3,MO-lex,28,0.01,86.734375,1.5473864518772669,False,1.5473864518772669
E3,MO-lex,28,0.02,86.734375,1.5473864518772669,False,1.5473864518772669
E3,MO-lex,28,0.05,86.734375,1.5473864518772669,False,1.5473864518772669
E3,MO-lex,28,0.1,86.734375,1.5473864518772669,False,1.5473864518772669
E3,MO-lex,28,0.2,86.734375,1.5473864518772669,False,1.5473864518772669
E3,MO-lex,28,0.5,74.34375,154.27027319608396,False,1.5473864518772669
E3,MO-lex,28,1.0,74.34375,154.27027319608396,False,1.5473864518772669
E3,MO-lex,29,0.0,109.515625,,False,1.4655813557904531
E3,MO-lex,29,0.01,109.515625,,False,1.4655813557904531
E3,MO-lex,29,0.02,109.515625,,False,1.4655813557904531
E3,MO-lex,29,0.05,109.515625,,False,1.4655813557904531
E3,MO-lex,29,0.1,109.515625,,False,1.4655813557904531
E3,MO-lex,29,0.2,109.515625,,False,1.4655813557904531
E3,MO-lex,29,0.5,86.734375,1.4655813557904531,False,1.4655813557904531
E3,MO-lex,29,1.0,86.734375,1.4655813557904531,False,1.4655813557904531
E3,Green,0,0.0,121.90625,1.4449293087591413,False,0.07398624357075696
E3,Green,0,0.01,109.515625,1.4483227715680842,False,0.07398624357075696
E3,Green,0,0.02,109.515625,1.4483227715680842,False,0.07398624357075696
E3,Green,0,0.05,109.515625,1.4483227715680842,False,0.07398624357075696
E3,Green,0,0.1,86.734375,1.5473864518785614,False,0.07398624357075696
E3,Green,0,0.2,86.734375,1.5473864518785614,False,0.07398624357075696
E3,Green,0,0.5,74.34375,75.6045660550486,False,0.07398624357075696
E3,Green,0,1.0,74.34375,75.6045660550486,False,0.07398624357075696
E3,Green,1,0.0,86.734375,2.5143968677737876,False,0.07861862313831593
E3,Green,1,0.01,86.734375,2.5143968677737876,False,0.07861862313831593
E3,Green,1,0.02,86.734375,2.5143968677737876,False,0.07861862313831593
E3,Green,1,0.05,86.734375,2.5143968677737876,False,0.07861862313831593
E3,Green,1,0.1,74.34375,7.364572833595971,False,0.07861862313831593
E3,Green,1,0.2,74.34375,7.364572833595971,False,0.07861862313831593
E3,Green,1,0.5,74.34375,7.364572833595971,False,0.07861862313831593
E3,Green,1,1.0,74.34375,7.364572833595971,False,0.07861862313831593
E3,Green,2,0.0,133.296875,1.4514657613210287,False,0.07861862313831591
E3,Green,2,0.01,109.515625,1.3972351584085652,False,0.07861862313831591
E3,Green,2,0.02,109.515625,1.3972351584085652,False,0.07861862313831591
E3,Green,2,0.05,109.515625,1.3972351584085652,False,0.07861862313831591
E3,Green,2,0.1,109.515625,1.3972351584085652,False,0.07861862313831591
E3,Green,2,0.2,86.734375,1.539546937905184,False,0.07861862313831591
E3,Green,2,0.5,74.34375,35.66205173265783,False,0.07861862313831591
E3,Green,2,1.0,74.34375,35.66205173265783,False,0.07861862313831591
E3,Green,3,0.0,109.515625,1.355559121630551,False,0.07861862313831597
E3,Green,3,0.01,109.515625,1.355559121630551,False,0.07861862313831597
E3,Green,3,0.02,109.515625,1.355559121630551,False,0.07861862313831597
E3,Green,3,0.05,109.515625,1.355559121630551,False,0.07861862313831597
E3,Green,3,0.1,109.515625,1.355559121630551,False,0.07861862313831597
E3,Green,3,0.2,74.34375,7.364572833589215,False,0.07861862313831597
E3,Green,3,0.5,74.34375,7.364572833589215,False,0.07861862313831597
E3,Green,3,1.0,74.34375,7.364572833589215,False,0.07861862313831597
E3,Green,4,0.0,109.515625,1.2781378337196525,False,0.07861862313831591
E3,Green,4,0.01,109.515625,1.2781378337196525,False,0.07861862313831591
E3,Green,4,0.02,109.515625,1.2781378337196525,False,0.07861862313831591
E3,Green,4,0.05,109.515625,1.2781378337196525,False,0.07861862313831591
E3,Green,4,0.1,109.515625,1.2781378337196525,False,0.07861862313831591
E3,Green,4,0.2,109.515625,1.2781378337196525,False,0.07861862313831591
E3,Green,4,0.5,74.34375,9.357567611524042,False,0.07861862313831591
E3,Green,4,1.0,74.34375,9.357567611524042,False,0.07861862313831591
E3,Green,5,0.0,86.734375,1.4449381264175172,False,0.08090957453950626
E3,Green,5,0.01,86.734375,1.4449381264175172,False,0.08090957453950626
E3,Green,5,0.02,86.734375,1.4449381264175172,False,0.08090957453950626
E3,Green,5,0.05,74.34375,2.0154456527544355,False,0.08090957453950626
E3,Green,5,0.1,74.34375,2.0154456527544355,False,0.08090957453950626
E3,Green,5,0.2,74.34375,2.0154456527544355,False,0.08090957453950626
E3,Green,5,0.5,74.34375,2.0154456527544355,False,0.08090957453950626
E3,Green,5,1.0,74.34375,2.0154456527544355,False,0.08090957453950626
E3,Green,6,0.0,109.515625,1.4079220935535615,False,0.07861862313831601
E3,Green,6,0.01,109.515625,1.4079220935535615,False,0.07861862313831601
E3,Green,6,0.02,109.515625,1.4079220935535615,False,0.07861862313831601
E3,Green,6,0.05,109.515625,1.4079220935535615,False,0.07861862313831601
E3,Green,6,0.1,109.515625,1.4079220935535615,False,0.07861862313831601
E3,Green,6,0.2,109.515625,1.4079220935535615,False,0.07861862313831601
E3,Green,6,0.5,74.34375,7.364572833585438,False,0.07861862313831601
E3,Green,6,1.0,74.34375,7.364572833585438,False,0.07861862313831601
E3,Green,7,0.0,133.296875,,False,0.07861862313831593
E3,Green,7,0.01,109.515625,,False,0.07861862313831593
E3,Green,7,0.02,109.515625,,False,0.07861862313831593
E3,Green,7,0.05,109.515625,,False,0.07861862313831593
E3,Green,7,0.1,109.515625,,False,0.07861862313831593
E3,Green,7,0.2,86.734375,1.575593913315672,False,0.07861862313831593
E3,Green,7,0.5,74.34375,70.81141130411316,False,0.07861862313831593
E3,Green,7,1.0,74.34375,70.81141130411316,False,0.07861862313831593
E3,Green,8,0.0,109.515625,1.4309455630682304,False,0.08133334320930882
E3,Green,8,0.01,109.515625,1.4309455630682304,False,0.08133334320930882
E3,Green,8,0.02,109.515625,1.4309455630682304,False,0.08133334320930882
E3,Green,8,0.05,109.515625,1.4309455630682304,False,0.08133334320930882
E3,Green,8,0.1,109.515625,1.4309455630682304,False,0.08133334320930882
E3,Green,8,0.2,74.34375,7.364572833593287,False,0.08133334320930882
E3,Green,8,0.5,74.34375,7.364572833593287,False,0.08133334320930882
E3,Green,8,1.0,74.34375,7.364572833593287,False,0.08133334320930882
E3,Green,9,0.0,109.515625,1.4155761416685462,False,0.07861862313831593
E3,Green,9,0.01,109.515625,1.4155761416685462,False,0.07861862313831593
E3,Green,9,0.02,109.515625,1.4155761416685462,False,0.07861862313831593
E3,Green,9,0.05,109.515625,1.4155761416685462,False,0.07861862313831593
E3,Green,9,0.1,109.515625,1.4155761416685462,False,0.07861862313831593
E3,Green,9,0.2,86.734375,1.4617509145636975,False,0.07861862313831593
E3,Green,9,0.5,74.34375,12.482540171917758,False,0.07861862313831593
E3,Green,9,1.0,74.34375,12.482540171917758,False,0.07861862313831593
E3,Green,10,0.0,109.515625,1.3111305879350437,False,0.08133334320930882
E3,Green,10,0.01,109.515625,1.3111305879350437,False,0.08133334320930882
E3,Green,10,0.02,109.515625,1.3111305879350437,False,0.08133334320930882
E3,Green,10,0.05,109.515625,1.3111305879350437,False,0.08133334320930882
E3,Green,10,0.1,86.734375,2.5143968677743143,False,0.08133334320930882
E3,Green,10,0.2,86.734375,2.5143968677743143,False,0.08133334320930882
E3,Green,10,0.5,74.34375,22.691011322780387,False,0.08133334320930882
E3,Green,10,1.0,74.34375,22.691011322780387,False,0.08133334320930882
E3,Green,11,0.0,109.515625,1.3555591215124962,False,0.07398624357075706
E3,Green,11,0.01,109.515625,1.3555591215124962,False,0.07398624357075706
E3,Green,11,0.02,109.515625,1.3555591215124962,False,0.07398624357075706
E3,Green,11,0.05,109.515625,1.3555591215124962,False,0.07398624357075706
E3,Green,11,0.1,109.515625,1.3555591215124962,False,0.07398624357075706
E3,Green,11,0.2,74.34375,7.364572833578784,False,0.07398624357075706
E3,Green,11,0.5,74.34375,7.364572833578784,False,0.07398624357075706
E3,Green,11,1.0,74.34375,7.364572833578784,False,0.07398624357075706
E3,Green,12,0.0,86.734375,1.5707251889112723,False,0.07861862313831597
E3,Green,12,0.01,86.734375,1.5707251889112723,False,0.07861862313831597
E3,Green,12,0.02,86.734375,1.5707251889112723,False,0.07861862313831597
E3,Green,12,0.05,86.734375,1.5707251889112723,False,0.07861862313831597
E3,Green,12,0.1,86.734375,1.5707251889112723,False,0.07861862313831597
E3,Green,12,0.2,86.734375,1.5707251889112723,False,0.07861862313831597
E3,Green,12,0.5,74.34375,2.5175210638775822,False,0.07861862313831597
E3,Green,12,1.0,74.34375,2.5175210638775822,False,0.07861862313831597
E3,Green,13,0.0,86.734375,1.5473864518783458,False,0.08133334320930845
E3,Green,13,0.01,86.734375,1.5473864518783458,False,0.08133334320930845
E3,Green,13,0.02,86.734375,1.5473864518783458,False,0.08133334320930845
E3,Green,13,0.05,86.734375,1.5473864518783458,False,0.08133334320930845
E3,Green,13,0.1,86.734375,1.5473864518783458,False,0.08133334320930845
E3,Green,13,0.2,74.34375,4.428414968184928,False,0.08133334320930845
E3,Green,13,0.5,74.34375,4.428414968184928,False,0.08133334320930845
E3,Green,13,1.0,74.34375,4.428414968184928,False,0.08133334320930845
E3,Green,14,0.0,109.515625,1.2885927432206232,False,0.0862925494426783
E3,Green,14,0.01,109.515625,1.2885927432206232,False,0.0862925494426783
E3,Green,14,0.02,109.515625,1.2885927432206232,False,0.0862925494426783
E3,Green,14,0.05,109.515625,1.2885927432206232,False,0.0862925494426783
E3,Green,14,0.1,109.515625,1.2885927432206232,False,0.0862925494426783
E3,Green,14,0.2,109.515625,1.2885927432206232,False,0.0862925494426783
E3,Green,14,0.5,86.734375,1.5473864518785805,False,0.0862925494426783
E3,Green,14,1.0,74.34375,70.92665806630947,False,0.0862925494426783
E3,Green,15,0.0,109.515625,1.3203847073776964,False,0.07398624357075707
E3,Green,15,0.01,109.515625,1.3203847073776964,False,0.07398624357075707
E3,Green,15,0.02,109.515625,1.3203847073776964,False,0.07398624357075707
E3,Green,15,0.05,109.515625,1.3203847073776964,False,0.07398624357075707
E3,Green,15,0.1,109.515625,1.3203847073776964,False,0.07398624357075707
E3,Green,15,0.2,74.34375,7.3645728335545675,False,0.07398624357075707
E3,Green,15,0.5,74.34375,7.3645728335545675,False,0.07398624357075707
E3,Green,15,1.0,74.34375,7.3645728335545675,False,0.07398624357075707
E3,Green,16,0.0,156.078125,1.2277844086036842,False,0.07861862313831601
E3,Green,16,0.01,156.078125,1.2277844086036842,False,0.07861862313831601
E3,Green,16,0.02,156.078125,1.2277844086036842,False,0.07861862313831601
E3,Green,16,0.05,109.515625,4.479868586345388,False,0.07861862313831601
E3,Green,16,0.1,109.515625,4.479868586345388,False,0.07861862313831601
E3,Green,16,0.2,86.734375,1.4730121982548625,False,0.07861862313831601
E3,Green,16,0.5,74.34375,1.8162609673670869,False,0.07861862313831601
E3,Green,16,1.0,74.34375,1.8162609673670869,False,0.07861862313831601
E3,Green,17,0.0,109.515625,,False,0.07861862313831593
E3,Green,17,0.01,109.515625,,False,0.07861862313831593
E3,Green,17,0.02,109.515625,,False,0.07861862313831593
E3,Green,17,0.05,86.734375,1.5789925514510132,False,0.07861862313831593
E3,Green,17,0.1,86.734375,1.5789925514510132,False,0.07861862313831593
E3,Green,17,0.2,74.34375,23.250200578926457,False,0.07861862313831593
E3,Green,17,0.5,74.34375,23.250200578926457,False,0.07861862313831593
E3,Green,17,1.0,74.34375,23.250200578926457,False,0.07861862313831593
E3,Green,18,0.0,86.734375,3.1389235208566686,False,0.0813333432093087
E3,Green,18,0.01,86.734375,3.1389235208566686,False,0.0813333432093087
E3,Green,18,0.02,86.734375,3.1389235208566686,False,0.0813333432093087
E3,Green,18,0.05,86.734375,3.1389235208566686,False,0.0813333432093087
E3,Green,18,0.1,74.34375,12.98074853946391,False,0.0813333432093087
E3,Green,18,0.2,74.34375,12.98074853946391,False,0.0813333432093087
E3,Green,18,0.5,74.34375,12.98074853946391,False,0.0813333432093087
E3,Green,18,1.0,74.34375,12.98074853946391,False,0.0813333432093087
E3,Green,19,0.0,109.515625,1.343059593032506,False,0.07861862313831593
E3,Green,19,0.01,109.515625,1.343059593032506,False,0.07861862313831593
E3,Green,19,0.02,109.515625,1.343059593032506,False,0.07861862313831593
E3,Green,19,0.05,109.515625,1.343059593032506,False,0.07861862313831593
E3,Green,19,0.1,109.515625,1.343059593032506,False,0.07861862313831593
E3,Green,19,0.2,86.734375,1.5595553196449146,False,0.07861862313831593
E3,Green,19,0.5,74.34375,3.144326772027981,False,0.07861862313831593
E3,Green,19,1.0,74.34375,3.144326772027981,False,0.07861862313831593
E3,Green,20,0.0,121.90625,1.0839126955847045,False,0.07861862313831591
E3,Green,20,0.01,109.515625,1.138687721862569,False,0.07861862313831591
E3,Green,20,0.02,109.515625,1.138687721862569,False,0.07861862313831591
E3,Green,20,0.05,109.515625,1.138687721862569,False,0.07861862313831591
E3,Green,20,0.1,86.734375,1.4342685195823932,False,0.07861862313831591
E3,Green,20,0.2,74.34375,2.173323500620619,False,0.07861862313831591
E3,Green,20,0.5,74.34375,2.173323500620619,False,0.07861862313831591
E3,Green,20,1.0,74.34375,2.173323500620619,False,0.07861862313831591
E3,Green,21,0.0,109.515625,1.2458680086687117,False,0.07861862313831593
E3,Green,21,0.01,109.515625,1.2458680086687117,False,0.07861862313831593
E3,Green,21,0.02,109.515625,1.2458680086687117,False,0.07861862313831593
E3,Green,21,0.05,109.515625,1.2458680086687117,False,0.07861862313831593
E3,Green,21,0.1,109.515625,1.2458680086687117,False,0.07861862313831593
E3,Green,21,0.2,86.734375,1.547386451876302,False,0.07861862313831593
E3,Green,21,0.5,86.734375,1.547386451876302,False,0.07861862313831593
E3,Green,21,1.0,74.34375,75.60456605503283,False,0.07861862313831593
E3,Green,22,0.0,86.734375,1.5375370250618285,False,0.08629254944267827
E3,Green,22,0.01,86.734375,1.5375370250618285,False,0.08629254944267827
E3,Green,22,0.02,86.734375,1.5375370250618285,False,0.08629254944267827
E3,Green,22,0.05,86.734375,1.5375370250618285,False,0.08629254944267827
E3,Green,22,0.1,86.734375,1.5375370250618285,False,0.08629254944267827
E3,Green,22,0.2,86.734375,1.5375370250618285,False,0.08629254944267827
E3,Green,22,0.5,74.34375,12.48254017187487,False,0.08629254944267827
E3,Green,22,1.0,74.34375,12.48254017187487,False,0.08629254944267827
E3,Green,23,0.0,109.515625,1.3714728850373217,False,0.0813333432093087
E3,Green,23,0.01,109.515625,1.3714728850373217,False,0.0813333432093087
E3,Green,23,0.02,109.515625,1.3714728850373217,False,0.0813333432093087
E3,Green,23,0.05,109.515625,1.3714728850373217,False,0.0813333432093087
E3,Green,23,0.1,109.515625,1.3714728850373217,False,0.0813333432093087
E3,Green,23,0.2,109.515625,1.3714728850373217,False,0.0813333432093087
E3,Green,23,0.5,74.34375,12.636048921382182,False,0.0813333432093087
E3,Green,23,1.0,74.34375,12.636048921382182,False,0.0813333432093087
E3,Green,24,0.0,109.515625,1.1526913252349507,False,0.07861862313831593
E3,Green,24,0.01,109.515625,1.1526913252349507,False,0.07861862313831593
E3,Green,24,0.02,109.515625,1.1526913252349507,False,0.07861862313831593
E3,Green,24,0.05,109.515625,1.1526913252349507,False,0.07861862313831593
E3,Green,24,0.1,109.515625,1.1526913252349507,False,0.07861862313831593
E3,Green,24,0.2,74.34375,7.364572833565354,False,0.07861862313831593
E3,Green,24,0.5,74.34375,7.364572833565354,False,0.07861862313831593
E3,Green,24,1.0,74.34375,7.364572833565354,False,0.07861862313831593
E3,Green,25,0.0,109.515625,1.4778994592087247,False,0.07861862313831597
E3,Green,25,0.01,109.515625,1.4778994592087247,False,0.07861862313831597
E3,Green,25,0.02,109.515625,1.4778994592087247,False,0.07861862313831597
E3,Green,25,0.05,109.515625,1.4778994592087247,False,0.07861862313831597
E3,Green,25,0.1,109.515625,1.4778994592087247,False,0.07861862313831597
E3,Green,25,0.2,86.734375,3.8490863990940056,False,0.07861862313831597
E3,Green,25,0.5,74.34375,2.4810227370210542,False,0.07861862313831597
E3,Green,25,1.0,74.34375,2.4810227370210542,False,0.07861862313831597
E3,Green,26,0.0,133.296875,1.236514933634558,False,0.07861862313831591
E3,Green,26,0.01,109.515625,1.2881936518532247,False,0.07861862313831591
E3,Green,26,0.02,109.515625,1.2881936518532247,False,0.07861862313831591
E3,Green,26,0.05,109.515625,1.2881936518532247,False,0.07861862313831591
E3,Green,26,0.1,109.515625,1.2881936518532247,False,0.07861862313831591
E3,Green,26,0.2,74.34375,7.364572833562802,False,0.07861862313831591
E3,Green,26,0.5,74.34375,7.364572833562802,False,0.07861862313831591
E3,Green,26,1.0,74.34375,7.364572833562802,False,0.07861862313831591
E3,Green,27,0.0,109.515625,1.2031771338611859,False,0.07861862313831593
E3,Green,27,0.01,109.515625,1.2031771338611859,False,0.07861862313831593
E3,Green,27,0.02,109.515625,1.2031771338611859,False,0.07861862313831593
E3,Green,27,0.05,109.515625,1.2031771338611859,False,0.07861862313831593
E3,Green,27,0.1,109.515625,1.2031771338611859,False,0.07861862313831593
E3,Green,27,0.2,86.734375,1.5903470501495443,False,0.07861862313831593
E3,Green,27,0.5,74.34375,4.1373166248667195,False,0.07861862313831593
E3,Green,27,1.0,74.34375,4.1373166248667195,False,0.07861862313831593
E3,Green,28,0.0,86.734375,2.3969439364626797,False,0.07861862313831584
E3,Green,28,0.01,86.734375,2.3969439364626797,False,0.07861862313831584
E3,Green,28,0.02,86.734375,2.3969439364626797,False,0.07861862313831584
E3,Green,28,0.05,86.734375,2.3969439364626797,False,0.07861862313831584
E3,Green,28,0.1,74.34375,2.8987845805663115,False,0.07861862313831584
E3,Green,28,0.2,74.34375,2.8987845805663115,False,0.07861862313831584
E3,Green,28,0.5,74.34375,2.8987845805663115,False,0.07861862313831584
E3,Green,28,1.0,74.34375,2.8987845805663115,False,0.07861862313831584
E3,Green,29,0.0,109.515625,1.384353794924409,False,0.07861862313831597
E3,Green,29,0.01,109.515625,1.384353794924409,False,0.07861862313831597
E3,Green,29,0.02,109.515625,1.384353794924409,False,0.07861862313831597
E3,Green,29,0.05,109.515625,1.384353794924409,False,0.07861862313831597
E3,Green,29,0.1,109.515625,1.384353794924409,False,0.07861862313831597
E3,Green,29,0.2,109.515625,1.384353794924409,False,0.07861862313831597
E3,Green,29,0.5,74.34375,9.995462255563407,False,0.07861862313831597
E3,Green,29,1.0,74.34375,9.995462255563407,False,0.07861862313831597
